4852	youxi	人在海外玩国服总是卡？到底哪种国外游戏加速器真能解决问题？	2026-01-12 15:22:24	%e4%ba%ba%e5%9c%a8%e6%b5%b7%e5%a4%96%e7%8e%a9%e5%9b%bd%e6%9c%8d%e6%80%bb%e6%98%af%e5%8d%a1%ef%bc%9f%e5%88%b0%e5%ba%95%e5%93%aa%e7%a7%8d%e5%9b%bd%e5%a4%96%e6%b8%b8%e6%88%8f%e5%8a%a0%e9%80%9f%e5%99%a8
4850	youxi	人在欧洲玩国服lol延迟太高怎么解决？分享稳定低ping的方法	2026-01-12 15:04:58	%e4%ba%ba%e5%9c%a8%e6%ac%a7%e6%b4%b2%e7%8e%a9%e5%9b%bd%e6%9c%8dlol%e5%bb%b6%e8%bf%9f%e5%a4%aa%e9%ab%98%e6%80%8e%e4%b9%88%e8%a7%a3%e5%86%b3%ef%bc%9f%e5%88%86%e4%ba%ab%e7%a8%b3%e5%ae%9a%e4%bd%8eping
4849	youxi	在海外玩国服总掉线？到底国外打王者用什么加速器才不卡顿	2026-01-12 14:14:37	%e5%9c%a8%e6%b5%b7%e5%a4%96%e7%8e%a9%e5%9b%bd%e6%9c%8d%e6%80%bb%e6%8e%89%e7%ba%bf%ef%bc%9f%e5%88%b0%e5%ba%95%e5%9b%bd%e5%a4%96%e6%89%93%e7%8e%8b%e8%80%85%e7%94%a8%e4%bb%80%e4%b9%88%e5%8a%a0%e9%80%9f
4851	youxi	人在海外心很累，国外玩国内游戏卡到底怎么解决才好用？	2026-01-12 14:11:46	%e4%ba%ba%e5%9c%a8%e6%b5%b7%e5%a4%96%e5%bf%83%e5%be%88%e7%b4%af%ef%bc%8c%e5%9b%bd%e5%a4%96%e7%8e%a9%e5%9b%bd%e5%86%85%e6%b8%b8%e6%88%8f%e5%8d%a1%e5%88%b0%e5%ba%95%e6%80%8e%e4%b9%88%e8%a7%a3%e5%86%b3
4848	youxi	总是卡顿掉线？国外玩国内游戏到底该怎么解决才稳？	2026-01-12 12:52:21	%e6%80%bb%e6%98%af%e5%8d%a1%e9%a1%bf%e6%8e%89%e7%ba%bf%ef%bc%9f%e5%9b%bd%e5%a4%96%e7%8e%a9%e5%9b%bd%e5%86%85%e6%b8%b8%e6%88%8f%e5%88%b0%e5%ba%95%e8%af%a5%e6%80%8e%e4%b9%88%e8%a7%a3%e5%86%b3%e6%89%8d
4853	youxi	国外玩国服lol总是卡顿掉线？海外党究竟该如何解决高延迟烦恼？	2026-01-12 12:33:25	%e5%9b%bd%e5%a4%96%e7%8e%a9%e5%9b%bd%e6%9c%8dlol%e6%80%bb%e6%98%af%e5%8d%a1%e9%a1%bf%e6%8e%89%e7%ba%bf%ef%bc%9f%e6%b5%b7%e5%a4%96%e5%85%9a%e7%a9%b6%e7%ab%9f%e8%af%a5%e5%a6%82%e4%bd%95%e8%a7%a3
4847	youxi	总是遇到海外玩和平精英延迟高？用对方法真的很重要	2026-01-12 11:01:36	%e6%80%bb%e6%98%af%e9%81%87%e5%88%b0%e6%b5%b7%e5%a4%96%e7%8e%a9%e5%92%8c%e5%b9%b3%e7%b2%be%e8%8b%b1%e5%bb%b6%e8%bf%9f%e9%ab%98%ef%bc%9f%e7%94%a8%e5%af%b9%e6%96%b9%e6%b3%95%e7%9c%9f%e7%9a%84%e5%be%88
4839	youxi	人在海外连不上国服？聊聊国外怎么玩网易我的世界才顺畅	2026-01-10 13:42:20	%e4%ba%ba%e5%9c%a8%e6%b5%b7%e5%a4%96%e8%bf%9e%e4%b8%8d%e4%b8%8a%e5%9b%bd%e6%9c%8d%ef%bc%9f%e8%81%8a%e8%81%8a%e5%9b%bd%e5%a4%96%e6%80%8e%e4%b9%88%e7%8e%a9%e7%bd%91%e6%98%93%e6%88%91%e7%9a%84%e4%b8%96
4836	youxi	为什么延迟这么高？国外玩王者荣耀加速器到底该怎么选？	2026-01-10 13:12:06	%e4%b8%ba%e4%bb%80%e4%b9%88%e5%bb%b6%e8%bf%9f%e8%bf%99%e4%b9%88%e9%ab%98%ef%bc%9f%e5%9b%bd%e5%a4%96%e7%8e%a9%e7%8e%8b%e8%80%85%e8%8d%a3%e8%80%80%e5%8a%a0%e9%80%9f%e5%99%a8%e5%88%b0%e5%ba%95%e8%af%a5
4835	youxi	延迟太高心态崩了？欧洲玩国服LOL用什么加速器才稳？	2026-01-10 12:30:53	%e5%bb%b6%e8%bf%9f%e5%a4%aa%e9%ab%98%e5%bf%83%e6%80%81%e5%b4%a9%e4%ba%86%ef%bc%9f%e6%ac%a7%e6%b4%b2%e7%8e%a9%e5%9b%bd%e6%9c%8dlol%e7%94%a8%e4%bb%80%e4%b9%88%e5%8a%a0%e9%80%9f%e5%99%a8%e6%89%8d
4837	youxi	人在美国玩和平精英总是460延迟？分享我是怎么解决卡顿掉线问题的	2026-01-10 10:28:04	%e4%ba%ba%e5%9c%a8%e7%be%8e%e5%9b%bd%e7%8e%a9%e5%92%8c%e5%b9%b3%e7%b2%be%e8%8b%b1%e6%80%bb%e6%98%af460%e5%bb%b6%e8%bf%9f%ef%bc%9f%e5%88%86%e4%ba%ab%e6%88%91%e6%98%af%e6%80%8e%e4%b9%88%e8%a7%a3
4840	youxi	海外党玩LOL：雷神加速器玩国服联盟怎么样, 还是用番茄？	2026-01-10 10:06:27	%e6%b5%b7%e5%a4%96%e5%85%9a%e7%8e%a9lol%ef%bc%9a%e9%9b%b7%e7%a5%9e%e5%8a%a0%e9%80%9f%e5%99%a8%e7%8e%a9%e5%9b%bd%e6%9c%8d%e8%81%94%e7%9b%9f%e6%80%8e%e4%b9%88%e6%a0%b7-%e8%bf%98%e6%98%af%e7%94%a8
4838	youxi	人在海外想打国服？聊聊国外玩王者荣耀用什么加速器才不掉线	2026-01-10 10:02:36	%e4%ba%ba%e5%9c%a8%e6%b5%b7%e5%a4%96%e6%83%b3%e6%89%93%e5%9b%bd%e6%9c%8d%ef%bc%9f%e8%81%8a%e8%81%8a%e5%9b%bd%e5%a4%96%e7%8e%a9%e7%8e%8b%e8%80%85%e8%8d%a3%e8%80%80%e7%94%a8%e4%bb%80%e4%b9%88%e5%8a%a0
4824	youxi	经常掉线太搞心态了，到底美国用什么加速器玩游戏好？	2026-01-09 15:18:51	%e7%bb%8f%e5%b8%b8%e6%8e%89%e7%ba%bf%e5%a4%aa%e6%90%9e%e5%bf%83%e6%80%81%e4%ba%86%ef%bc%8c%e5%88%b0%e5%ba%95%e7%be%8e%e5%9b%bd%e7%94%a8%e4%bb%80%e4%b9%88%e5%8a%a0%e9%80%9f%e5%99%a8%e7%8e%a9%e6%b8%b8
4817	youxi	在大马打排位总是460？解决马来西亚玩王者荣耀很卡的好办法	2026-01-09 15:01:13	%e5%9c%a8%e5%a4%a7%e9%a9%ac%e6%89%93%e6%8e%92%e4%bd%8d%e6%80%bb%e6%98%af460%ef%bc%9f%e8%a7%a3%e5%86%b3%e9%a9%ac%e6%9d%a5%e8%a5%bf%e4%ba%9a%e7%8e%a9%e7%8e%8b%e8%80%85%e8%8d%a3%e8%80%80%e5%be%88
4815	youxi	总是掉线？聊聊哪个海外回国游戏加速器能救你的国服延迟	2026-01-09 14:36:16	%e6%80%bb%e6%98%af%e6%8e%89%e7%ba%bf%ef%bc%9f%e8%81%8a%e8%81%8a%e5%93%aa%e4%b8%aa%e6%b5%b7%e5%a4%96%e5%9b%9e%e5%9b%bd%e6%b8%b8%e6%88%8f%e5%8a%a0%e9%80%9f%e5%99%a8%e8%83%bd%e6%95%91%e4%bd%a0%e7%9a%84
4821	youxi	人在海外想开黑？聊聊到底国外怎么玩国服lol才不卡顿	2026-01-09 14:07:13	%e4%ba%ba%e5%9c%a8%e6%b5%b7%e5%a4%96%e6%83%b3%e5%bc%80%e9%bb%91%ef%bc%9f%e8%81%8a%e8%81%8a%e5%88%b0%e5%ba%95%e5%9b%bd%e5%a4%96%e6%80%8e%e4%b9%88%e7%8e%a9%e5%9b%bd%e6%9c%8dlol%e6%89%8d%e4%b8%8d
4823	jiaocheng	人在国外怎么彻底解除海外限制？聊聊我的解决办法	2026-01-09 13:27:50	%e4%ba%ba%e5%9c%a8%e5%9b%bd%e5%a4%96%e6%80%8e%e4%b9%88%e5%bd%bb%e5%ba%95%e8%a7%a3%e9%99%a4%e6%b5%b7%e5%a4%96%e9%99%90%e5%88%b6%ef%bc%9f%e8%81%8a%e8%81%8a%e6%88%91%e7%9a%84%e8%a7%a3%e5%86%b3%e5%8a%9e
4816	youxi	在美国玩国内游戏加速器怎么选？海外党亲身试用分享与建议	2026-01-09 13:08:15	%e5%9c%a8%e7%be%8e%e5%9b%bd%e7%8e%a9%e5%9b%bd%e5%86%85%e6%b8%b8%e6%88%8f%e5%8a%a0%e9%80%9f%e5%99%a8%e6%80%8e%e4%b9%88%e9%80%89%ef%bc%9f%e6%b5%b7%e5%a4%96%e5%85%9a%e4%ba%b2%e8%ba%ab%e8%af%95%e7%94%a8
4818	youxi	为什么你在马来西亚玩中国游戏很卡？这里有个好办法	2026-01-09 12:45:49	%e4%b8%ba%e4%bb%80%e4%b9%88%e4%bd%a0%e5%9c%a8%e9%a9%ac%e6%9d%a5%e8%a5%bf%e4%ba%9a%e7%8e%a9%e4%b8%ad%e5%9b%bd%e6%b8%b8%e6%88%8f%e5%be%88%e5%8d%a1%ef%bc%9f%e8%bf%99%e9%87%8c%e6%9c%89%e4%b8%aa%e5%a5%bd
4819	youxi	身在海外想回坑国服？究竟哪些加速器能玩网易我的世界？	2026-01-09 12:30:08	%e8%ba%ab%e5%9c%a8%e6%b5%b7%e5%a4%96%e6%83%b3%e5%9b%9e%e5%9d%91%e5%9b%bd%e6%9c%8d%ef%bc%9f%e7%a9%b6%e7%ab%9f%e5%93%aa%e4%ba%9b%e5%8a%a0%e9%80%9f%e5%99%a8%e8%83%bd%e7%8e%a9%e7%bd%91%e6%98%93%e6%88%91
4822	youxi	人在海外想打国服？国外玩手游用什么加速器才靠谱	2026-01-09 11:19:38	%e4%ba%ba%e5%9c%a8%e6%b5%b7%e5%a4%96%e6%83%b3%e6%89%93%e5%9b%bd%e6%9c%8d%ef%bc%9f%e5%9b%bd%e5%a4%96%e7%8e%a9%e6%89%8b%e6%b8%b8%e7%94%a8%e4%bb%80%e4%b9%88%e5%8a%a0%e9%80%9f%e5%99%a8%e6%89%8d%e9%9d%a0
4820	youxi	人在美国玩国服lol打不开甚至一直黑屏？这招也许能帮到你	2026-01-09 10:57:37	%e4%ba%ba%e5%9c%a8%e7%be%8e%e5%9b%bd%e7%8e%a9%e5%9b%bd%e6%9c%8dlol%e6%89%93%e4%b8%8d%e5%bc%80%e7%94%9a%e8%87%b3%e4%b8%80%e7%9b%b4%e9%bb%91%e5%b1%8f%ef%bc%9f%e8%bf%99%e6%8b%9b%e4%b9%9f%e8%ae%b8
4813	youxi	经常掉线怎么办？国外玩国内手游加速器帮你解决网络烦恼	2026-01-06 11:32:46	%e7%bb%8f%e5%b8%b8%e6%8e%89%e7%ba%bf%e6%80%8e%e4%b9%88%e5%8a%9e%ef%bc%9f%e5%9b%bd%e5%a4%96%e7%8e%a9%e5%9b%bd%e5%86%85%e6%89%8b%e6%b8%b8%e5%8a%a0%e9%80%9f%e5%99%a8%e5%b8%ae%e4%bd%a0%e8%a7%a3%e5%86%b3
4812	youxi	人在国外玩王者荣耀总是卡顿掉线？教你一招轻松搞定	2026-01-06 11:32:43	%e4%ba%ba%e5%9c%a8%e5%9b%bd%e5%a4%96%e7%8e%a9%e7%8e%8b%e8%80%85%e8%8d%a3%e8%80%80%e6%80%bb%e6%98%af%e5%8d%a1%e9%a1%bf%e6%8e%89%e7%ba%bf%ef%bc%9f%e6%95%99%e4%bd%a0%e4%b8%80%e6%8b%9b%e8%bd%bb%e6%9d%be
4811	youxi	人在国外网速太卡怎么办？究竟海外玩游戏用什么加速器才不掉线	2026-01-06 11:32:41	%e4%ba%ba%e5%9c%a8%e5%9b%bd%e5%a4%96%e7%bd%91%e9%80%9f%e5%a4%aa%e5%8d%a1%e6%80%8e%e4%b9%88%e5%8a%9e%ef%bc%9f%e7%a9%b6%e7%ab%9f%e6%b5%b7%e5%a4%96%e7%8e%a9%e6%b8%b8%e6%88%8f%e7%94%a8%e4%bb%80%e4%b9%88
4810	youxi	人在国外想打国服？海外玩英雄联盟用什么加速器？	2026-01-06 11:32:39	%e4%ba%ba%e5%9c%a8%e5%9b%bd%e5%a4%96%e6%83%b3%e6%89%93%e5%9b%bd%e6%9c%8d%ef%bc%9f%e6%b5%b7%e5%a4%96%e7%8e%a9%e8%8b%b1%e9%9b%84%e8%81%94%e7%9b%9f%e7%94%a8%e4%bb%80%e4%b9%88%e5%8a%a0%e9%80%9f%e5%99%a8
4809	youxi	人在国外想打游戏？聊聊怎么解决海外玩lol国服延迟高的问题	2026-01-06 11:32:36	%e4%ba%ba%e5%9c%a8%e5%9b%bd%e5%a4%96%e6%83%b3%e6%89%93%e6%b8%b8%e6%88%8f%ef%bc%9f%e8%81%8a%e8%81%8a%e6%80%8e%e4%b9%88%e8%a7%a3%e5%86%b3%e6%b5%b7%e5%a4%96%e7%8e%a9lol%e5%9b%bd%e6%9c%8d%e5%bb%b6
4808	youxi	人在国外想排位却总是460？聊聊怎么解决海外玩王者荣耀的延迟痛点	2026-01-06 11:32:34	%e4%ba%ba%e5%9c%a8%e5%9b%bd%e5%a4%96%e6%83%b3%e6%8e%92%e4%bd%8d%e5%8d%b4%e6%80%bb%e6%98%af460%ef%bc%9f%e8%81%8a%e8%81%8a%e6%80%8e%e4%b9%88%e8%a7%a3%e5%86%b3%e6%b5%b7%e5%a4%96%e7%8e%a9%e7%8e%8b
4807	youxi	人在国外心态崩了？海外打王者用什么加速器能不460？	2026-01-06 11:32:32	%e4%ba%ba%e5%9c%a8%e5%9b%bd%e5%a4%96%e5%bf%83%e6%80%81%e5%b4%a9%e4%ba%86%ef%bc%9f%e6%b5%b7%e5%a4%96%e6%89%93%e7%8e%8b%e8%80%85%e7%94%a8%e4%bb%80%e4%b9%88%e5%8a%a0%e9%80%9f%e5%99%a8%e8%83%bd%e4%b8%8d46
4806	youxi	人在国外延迟太高？聊聊美国玩国服lol到底该怎么解决才流畅	2026-01-06 11:32:29	%e4%ba%ba%e5%9c%a8%e5%9b%bd%e5%a4%96%e5%bb%b6%e8%bf%9f%e5%a4%aa%e9%ab%98%ef%bc%9f%e8%81%8a%e8%81%8a%e7%be%8e%e5%9b%bd%e7%8e%a9%e5%9b%bd%e6%9c%8dlol%e5%88%b0%e5%ba%95%e8%af%a5%e6%80%8e%e4%b9%88
4805	youxi	经常卡顿掉线，到底海外玩国服游戏用什么加速器才管用？	2026-01-05 11:50:15	%e7%bb%8f%e5%b8%b8%e5%8d%a1%e9%a1%bf%e6%8e%89%e7%ba%bf%ef%bc%8c%e5%88%b0%e5%ba%95%e6%b5%b7%e5%a4%96%e7%8e%a9%e5%9b%bd%e6%9c%8d%e6%b8%b8%e6%88%8f%e7%94%a8%e4%bb%80%e4%b9%88%e5%8a%a0%e9%80%9f%e5%99%a8
4804	youxi	聊聊穿梭可以玩游戏吗？国服延迟太高到底该怎么解决？	2026-01-05 11:50:12	%e8%81%8a%e8%81%8a%e7%a9%bf%e6%a2%ad%e5%8f%af%e4%bb%a5%e7%8e%a9%e6%b8%b8%e6%88%8f%e5%90%97%ef%bc%9f%e5%9b%bd%e6%9c%8d%e5%bb%b6%e8%bf%9f%e5%a4%aa%e9%ab%98%e5%88%b0%e5%ba%95%e8%af%a5%e6%80%8e%e4%b9%88
4803	jiaocheng	聊聊让人头疼的国外区域限制：为何连不上国内网络？	2026-01-05 11:50:10	%e8%81%8a%e8%81%8a%e8%ae%a9%e4%ba%ba%e5%a4%b4%e7%96%bc%e7%9a%84%e5%9b%bd%e5%a4%96%e5%8c%ba%e5%9f%9f%e9%99%90%e5%88%b6%ef%bc%9a%e4%b8%ba%e4%bd%95%e8%bf%9e%e4%b8%8d%e4%b8%8a%e5%9b%bd%e5%86%85%e7%bd%91
4802	youxi	留学生亲身体验：到底国外玩中国游戏什么加速器好用？	2026-01-05 11:50:07	%e7%95%99%e5%ad%a6%e7%94%9f%e4%ba%b2%e8%ba%ab%e4%bd%93%e9%aa%8c%ef%bc%9a%e5%88%b0%e5%ba%95%e5%9b%bd%e5%a4%96%e7%8e%a9%e4%b8%ad%e5%9b%bd%e6%b8%b8%e6%88%8f%e4%bb%80%e4%b9%88%e5%8a%a0%e9%80%9f%e5%99%a8
4801	youxi	美国怎么玩国服lol经常掉线？教你如何稳定连接不卡顿	2026-01-05 11:50:05	%e7%be%8e%e5%9b%bd%e6%80%8e%e4%b9%88%e7%8e%a9%e5%9b%bd%e6%9c%8dlol%e7%bb%8f%e5%b8%b8%e6%8e%89%e7%ba%bf%ef%bc%9f%e6%95%99%e4%bd%a0%e5%a6%82%e4%bd%95%e7%a8%b3%e5%ae%9a%e8%bf%9e%e6%8e%a5%e4%b8%8d
4800	youxi	免费海外游戏加速器真能降低延迟吗？解决国服卡顿的经验之谈	2026-01-05 11:50:02	%e5%85%8d%e8%b4%b9%e6%b5%b7%e5%a4%96%e6%b8%b8%e6%88%8f%e5%8a%a0%e9%80%9f%e5%99%a8%e7%9c%9f%e8%83%bd%e9%99%8d%e4%bd%8e%e5%bb%b6%e8%bf%9f%e5%90%97%ef%bc%9f%e8%a7%a3%e5%86%b3%e5%9b%bd%e6%9c%8d%e5%8d%a1
4799	youxi	欧洲玩港台游戏加速器哪个好？海外党亲测告诉你怎么选才稳	2026-01-05 11:50:00	%e6%ac%a7%e6%b4%b2%e7%8e%a9%e6%b8%af%e5%8f%b0%e6%b8%b8%e6%88%8f%e5%8a%a0%e9%80%9f%e5%99%a8%e5%93%aa%e4%b8%aa%e5%a5%bd%ef%bc%9f%e6%b5%b7%e5%a4%96%e5%85%9a%e4%ba%b2%e6%b5%8b%e5%91%8a%e8%af%89%e4%bd%a0
4798	youxi	人在澳洲打王者延迟总是460？聊聊怎么稳定连回国服	2026-01-05 11:49:57	%e4%ba%ba%e5%9c%a8%e6%be%b3%e6%b4%b2%e6%89%93%e7%8e%8b%e8%80%85%e5%bb%b6%e8%bf%9f%e6%80%bb%e6%98%af460%ef%bc%9f%e8%81%8a%e8%81%8a%e6%80%8e%e4%b9%88%e7%a8%b3%e5%ae%9a%e8%bf%9e%e5%9b%9e%e5%9b%bd
4797	jiaocheng	人在澳洲玩国服加速器该怎么挑？我的低延迟心得分享	2026-01-05 11:49:55	%e4%ba%ba%e5%9c%a8%e6%be%b3%e6%b4%b2%e7%8e%a9%e5%9b%bd%e6%9c%8d%e5%8a%a0%e9%80%9f%e5%99%a8%e8%af%a5%e6%80%8e%e4%b9%88%e6%8c%91%ef%bc%9f%e6%88%91%e7%9a%84%e4%bd%8e%e5%bb%b6%e8%bf%9f%e5%bf%83%e5%be%97
4796	youxi	人在澳洲玩王者荣耀用什么加速器？解决延迟的个人心得	2026-01-05 11:49:52	%e4%ba%ba%e5%9c%a8%e6%be%b3%e6%b4%b2%e7%8e%a9%e7%8e%8b%e8%80%85%e8%8d%a3%e8%80%80%e7%94%a8%e4%bb%80%e4%b9%88%e5%8a%a0%e9%80%9f%e5%99%a8%ef%bc%9f%e8%a7%a3%e5%86%b3%e5%bb%b6%e8%bf%9f%e7%9a%84%e4%b8%aa
4795	youxi	人在多伦多玩国服总是卡？解决加拿大王者荣耀延迟的办法	2026-01-05 11:49:50	%e4%ba%ba%e5%9c%a8%e5%a4%9a%e4%bc%a6%e5%a4%9a%e7%8e%a9%e5%9b%bd%e6%9c%8d%e6%80%bb%e6%98%af%e5%8d%a1%ef%bc%9f%e8%a7%a3%e5%86%b3%e5%8a%a0%e6%8b%bf%e5%a4%a7%e7%8e%8b%e8%80%85%e8%8d%a3%e8%80%80%e5%bb%b6
4794	youxi	人在国外很卡？聊聊海外玩国服加速器知乎都在用的那些招数	2026-01-05 11:49:48	%e4%ba%ba%e5%9c%a8%e5%9b%bd%e5%a4%96%e5%be%88%e5%8d%a1%ef%bc%9f%e8%81%8a%e8%81%8a%e6%b5%b7%e5%a4%96%e7%8e%a9%e5%9b%bd%e6%9c%8d%e5%8a%a0%e9%80%9f%e5%99%a8%e7%9f%a5%e4%b9%8e%e9%83%bd%e5%9c%a8%e7%94%a8
4793	youxi	人在国外玩国服老掉线？聊聊怎么搞定海外回国加速器游戏延迟	2026-01-05 11:49:45	%e4%ba%ba%e5%9c%a8%e5%9b%bd%e5%a4%96%e7%8e%a9%e5%9b%bd%e6%9c%8d%e8%80%81%e6%8e%89%e7%ba%bf%ef%bc%9f%e8%81%8a%e8%81%8a%e6%80%8e%e4%b9%88%e6%90%9e%e5%ae%9a%e6%b5%b7%e5%a4%96%e5%9b%9e%e5%9b%bd%e5%8a%a0
4792	youxi	人在国外玩国服总是460？聊聊怎么挑选好用的海外打王者加速器	2026-01-05 11:49:43	%e4%ba%ba%e5%9c%a8%e5%9b%bd%e5%a4%96%e7%8e%a9%e5%9b%bd%e6%9c%8d%e6%80%bb%e6%98%af460%ef%bc%9f%e8%81%8a%e8%81%8a%e6%80%8e%e4%b9%88%e6%8c%91%e9%80%89%e5%a5%bd%e7%94%a8%e7%9a%84%e6%b5%b7%e5%a4%96
4791	yingyin	人在国外追剧总受限？到底海外怎么看爱奇艺才顺畅	2026-01-04 11:01:24	%e4%ba%ba%e5%9c%a8%e5%9b%bd%e5%a4%96%e8%bf%bd%e5%89%a7%e6%80%bb%e5%8f%97%e9%99%90%ef%bc%9f%e5%88%b0%e5%ba%95%e6%b5%b7%e5%a4%96%e6%80%8e%e4%b9%88%e7%9c%8b%e7%88%b1%e5%a5%87%e8%89%ba%e6%89%8d%e9%a1%ba
4790	yingyin	人在海外想看NBA直播？聊聊国外怎么看腾讯体育的解决路子	2026-01-04 11:01:22	%e4%ba%ba%e5%9c%a8%e6%b5%b7%e5%a4%96%e6%83%b3%e7%9c%8bnba%e7%9b%b4%e6%92%ad%ef%bc%9f%e8%81%8a%e8%81%8a%e5%9b%bd%e5%a4%96%e6%80%8e%e4%b9%88%e7%9c%8b%e8%85%be%e8%ae%af%e4%bd%93%e8%82%b2%e7%9a%84
4789	yingyin	人在海外想看剧听歌却受阻？聊聊地区限制怎么办才好	2026-01-04 11:01:20	%e4%ba%ba%e5%9c%a8%e6%b5%b7%e5%a4%96%e6%83%b3%e7%9c%8b%e5%89%a7%e5%90%ac%e6%ad%8c%e5%8d%b4%e5%8f%97%e9%98%bb%ef%bc%9f%e8%81%8a%e8%81%8a%e5%9c%b0%e5%8c%ba%e9%99%90%e5%88%b6%e6%80%8e%e4%b9%88%e5%8a%9e
4788	yingyin	人在海外想看剧玩国服遇到国外地域限制怎么办？	2026-01-04 11:01:17	%e4%ba%ba%e5%9c%a8%e6%b5%b7%e5%a4%96%e6%83%b3%e7%9c%8b%e5%89%a7%e7%8e%a9%e5%9b%bd%e6%9c%8d%e9%81%87%e5%88%b0%e5%9b%bd%e5%a4%96%e5%9c%b0%e5%9f%9f%e9%99%90%e5%88%b6%e6%80%8e%e4%b9%88%e5%8a%9e%ef%bc%9f
4787	yingyin	人在海外怎么解除地区限制？国外怎么看腾讯视频的解决办法	2026-01-04 11:01:15	%e4%ba%ba%e5%9c%a8%e6%b5%b7%e5%a4%96%e6%80%8e%e4%b9%88%e8%a7%a3%e9%99%a4%e5%9c%b0%e5%8c%ba%e9%99%90%e5%88%b6%ef%bc%9f%e5%9b%bd%e5%a4%96%e6%80%8e%e4%b9%88%e7%9c%8b%e8%85%be%e8%ae%af%e8%a7%86%e9%a2%91
4786	yingyin	人在海外怎么解除地区限制？聊聊国外看优酷的有效办法	2026-01-04 11:01:12	%e4%ba%ba%e5%9c%a8%e6%b5%b7%e5%a4%96%e6%80%8e%e4%b9%88%e8%a7%a3%e9%99%a4%e5%9c%b0%e5%8c%ba%e9%99%90%e5%88%b6%ef%bc%9f%e8%81%8a%e8%81%8a%e5%9b%bd%e5%a4%96%e7%9c%8b%e4%bc%98%e9%85%b7%e7%9a%84%e6%9c%89
4785	yingyin	人在国外想追剧？教你轻松搞定海外看爱奇艺的地区版权限制	2025-12-30 13:53:45	%e4%ba%ba%e5%9c%a8%e5%9b%bd%e5%a4%96%e6%83%b3%e8%bf%bd%e5%89%a7%ef%bc%9f%e6%95%99%e4%bd%a0%e8%bd%bb%e6%9d%be%e6%90%9e%e5%ae%9a%e6%b5%b7%e5%a4%96%e7%9c%8b%e7%88%b1%e5%a5%87%e8%89%ba%e7%9a%84%e5%9c%b0
4784	yingyin	人在国外想追剧？聊聊爱奇艺怎么解除地域限制的有效办法	2025-12-30 13:53:43	%e4%ba%ba%e5%9c%a8%e5%9b%bd%e5%a4%96%e6%83%b3%e8%bf%bd%e5%89%a7%ef%bc%9f%e8%81%8a%e8%81%8a%e7%88%b1%e5%a5%87%e8%89%ba%e6%80%8e%e4%b9%88%e8%a7%a3%e9%99%a4%e5%9c%b0%e5%9f%9f%e9%99%90%e5%88%b6%e7%9a%84
4783	yingyin	人在国外想追剧老显示地区限制，到底海外可以看优酷吗？	2025-12-30 13:53:40	%e4%ba%ba%e5%9c%a8%e5%9b%bd%e5%a4%96%e6%83%b3%e8%bf%bd%e5%89%a7%e8%80%81%e6%98%be%e7%a4%ba%e5%9c%b0%e5%8c%ba%e9%99%90%e5%88%b6%ef%bc%8c%e5%88%b0%e5%ba%95%e6%b5%b7%e5%a4%96%e5%8f%af%e4%bb%a5%e7%9c%8b
4782	jiaocheng	人在国外心很累？教你一招快速搞定海外破解地域限的烦恼	2025-12-30 13:53:38	%e4%ba%ba%e5%9c%a8%e5%9b%bd%e5%a4%96%e5%bf%83%e5%be%88%e7%b4%af%ef%bc%9f%e6%95%99%e4%bd%a0%e4%b8%80%e6%8b%9b%e5%bf%ab%e9%80%9f%e6%90%9e%e5%ae%9a%e6%b5%b7%e5%a4%96%e7%a0%b4%e8%a7%a3%e5%9c%b0%e5%9f%9f
4781	jiaocheng	人在国外怎么搞定安卓解除App地区限制？聊聊我的解决办法	2025-12-30 13:53:36	%e4%ba%ba%e5%9c%a8%e5%9b%bd%e5%a4%96%e6%80%8e%e4%b9%88%e6%90%9e%e5%ae%9a%e5%ae%89%e5%8d%93%e8%a7%a3%e9%99%a4app%e5%9c%b0%e5%8c%ba%e9%99%90%e5%88%b6%ef%bc%9f%e8%81%8a%e8%81%8a%e6%88%91%e7%9a%84
4780	yingyin	人在国外总是看不了视频？试试这个解锁海外地域限制app的方法	2025-12-30 13:53:34	%e4%ba%ba%e5%9c%a8%e5%9b%bd%e5%a4%96%e6%80%bb%e6%98%af%e7%9c%8b%e4%b8%8d%e4%ba%86%e8%a7%86%e9%a2%91%ef%bc%9f%e8%af%95%e8%af%95%e8%bf%99%e4%b8%aa%e8%a7%a3%e9%94%81%e6%b5%b7%e5%a4%96%e5%9c%b0%e5%9f%9f
4779	jiaocheng	人在国外总遇版权受限？教你如何免费解除地域限制	2025-12-30 13:53:31	%e4%ba%ba%e5%9c%a8%e5%9b%bd%e5%a4%96%e6%80%bb%e9%81%87%e7%89%88%e6%9d%83%e5%8f%97%e9%99%90%ef%bc%9f%e6%95%99%e4%bd%a0%e5%a6%82%e4%bd%95%e5%85%8d%e8%b4%b9%e8%a7%a3%e9%99%a4%e5%9c%b0%e5%9f%9f%e9%99%90
4778	youxi	人在海外除了找国外好玩的手游，到底怎么解决国服高延迟和视频受限？	2025-12-30 13:53:29	%e4%ba%ba%e5%9c%a8%e6%b5%b7%e5%a4%96%e9%99%a4%e4%ba%86%e6%89%be%e5%9b%bd%e5%a4%96%e5%a5%bd%e7%8e%a9%e7%9a%84%e6%89%8b%e6%b8%b8%ef%bc%8c%e5%88%b0%e5%ba%95%e6%80%8e%e4%b9%88%e8%a7%a3%e5%86%b3%e5%9b%bd
4777	yingyin	人在海外很焦虑：想在美国看腾讯视频却总显示地区限制？	2025-12-30 13:53:27	%e4%ba%ba%e5%9c%a8%e6%b5%b7%e5%a4%96%e5%be%88%e7%84%a6%e8%99%91%ef%bc%9a%e6%83%b3%e5%9c%a8%e7%be%8e%e5%9b%bd%e7%9c%8b%e8%85%be%e8%ae%af%e8%a7%86%e9%a2%91%e5%8d%b4%e6%80%bb%e6%98%be%e7%a4%ba%e5%9c%b0
4776	jiaocheng	人在海外看不了比赛？聊聊怎么搞定烦人的咪咕地區限制	2025-12-30 13:53:25	%e4%ba%ba%e5%9c%a8%e6%b5%b7%e5%a4%96%e7%9c%8b%e4%b8%8d%e4%ba%86%e6%af%94%e8%b5%9b%ef%bc%9f%e8%81%8a%e8%81%8a%e6%80%8e%e4%b9%88%e6%90%9e%e5%ae%9a%e7%83%a6%e4%ba%ba%e7%9a%84%e5%92%aa%e5%92%95%e5%9c%b0
4775	yingyin	人在海外看番总受阻？聊聊我是如何解锁bilibili地区限制的	2025-12-30 13:53:22	%e4%ba%ba%e5%9c%a8%e6%b5%b7%e5%a4%96%e7%9c%8b%e7%95%aa%e6%80%bb%e5%8f%97%e9%98%bb%ef%bc%9f%e8%81%8a%e8%81%8a%e6%88%91%e6%98%af%e5%a6%82%e4%bd%95%e8%a7%a3%e9%94%81bilibili%e5%9c%b0%e5%8c%ba%e9%99%90
4773	jiaocheng	咪咕海外看不了怎么办？教你用简单方法解决地区限制	2025-12-27 17:44:45	%e5%92%aa%e5%92%95%e6%b5%b7%e5%a4%96%e7%9c%8b%e4%b8%8d%e4%ba%86%e6%80%8e%e4%b9%88%e5%8a%9e%ef%bc%9f%e6%95%99%e4%bd%a0%e7%94%a8%e7%ae%80%e5%8d%95%e6%96%b9%e6%b3%95%e8%a7%a3%e5%86%b3%e5%9c%b0%e5%8c%ba
4772	jiaocheng	人在国外如何顺畅使用国内APP？聊聊海外破解地域限制的有效路子	2025-12-27 17:44:43	%e4%ba%ba%e5%9c%a8%e5%9b%bd%e5%a4%96%e5%a6%82%e4%bd%95%e9%a1%ba%e7%95%85%e4%bd%bf%e7%94%a8%e5%9b%bd%e5%86%85app%ef%bc%9f%e8%81%8a%e8%81%8a%e6%b5%b7%e5%a4%96%e7%a0%b4%e8%a7%a3%e5%9c%b0%e5%9f%9f
4771	yingyin	人在国外视频总受限？搞懂海外如何看腾讯其实很简单	2025-12-27 17:44:41	%e4%ba%ba%e5%9c%a8%e5%9b%bd%e5%a4%96%e8%a7%86%e9%a2%91%e6%80%bb%e5%8f%97%e9%99%90%ef%bc%9f%e6%90%9e%e6%87%82%e6%b5%b7%e5%a4%96%e5%a6%82%e4%bd%95%e7%9c%8b%e8%85%be%e8%ae%af%e5%85%b6%e5%ae%9e%e5%be%88
4770	yingyin	人在国外突然发现解除bilibili地区限制失效了该怎么处理？	2025-12-27 17:44:39	%e4%ba%ba%e5%9c%a8%e5%9b%bd%e5%a4%96%e7%aa%81%e7%84%b6%e5%8f%91%e7%8e%b0%e8%a7%a3%e9%99%a4bilibili%e5%9c%b0%e5%8c%ba%e9%99%90%e5%88%b6%e5%a4%b1%e6%95%88%e4%ba%86%e8%af%a5%e6%80%8e%e4%b9%88%e5%a4%84
4769	jiaocheng	人在国外怎么搞定地区限制？海外看国内电视剧的几个办法	2025-12-27 17:44:36	%e4%ba%ba%e5%9c%a8%e5%9b%bd%e5%a4%96%e6%80%8e%e4%b9%88%e6%90%9e%e5%ae%9a%e5%9c%b0%e5%8c%ba%e9%99%90%e5%88%b6%ef%bc%9f%e6%b5%b7%e5%a4%96%e7%9c%8b%e5%9b%bd%e5%86%85%e7%94%b5%e8%a7%86%e5%89%a7%e7%9a%84
4768	yingyin	人在国外怎么看番？解除bilibili地区限制的操作心得	2025-12-27 17:44:34	%e4%ba%ba%e5%9c%a8%e5%9b%bd%e5%a4%96%e6%80%8e%e4%b9%88%e7%9c%8b%e7%95%aa%ef%bc%9f%e8%a7%a3%e9%99%a4bilibili%e5%9c%b0%e5%8c%ba%e9%99%90%e5%88%b6%e7%9a%84%e6%93%8d%e4%bd%9c%e5%bf%83%e5%be%97
4767	jiaocheng	人在国外怎么挑解除地域限制的软件才不踩雷？	2025-12-27 17:44:31	%e4%ba%ba%e5%9c%a8%e5%9b%bd%e5%a4%96%e6%80%8e%e4%b9%88%e6%8c%91%e8%a7%a3%e9%99%a4%e5%9c%b0%e5%9f%9f%e9%99%90%e5%88%b6%e7%9a%84%e8%bd%af%e4%bb%b6%e6%89%8d%e4%b8%8d%e8%b8%a9%e9%9b%b7%ef%bc%9f
4766	yinyue	听不了书怎么办？海外喜马拉雅如何解除地域限制的操作步骤	2025-12-26 16:31:28	%e5%90%ac%e4%b8%8d%e4%ba%86%e4%b9%a6%e6%80%8e%e4%b9%88%e5%8a%9e%ef%bc%9f%e6%b5%b7%e5%a4%96%e5%96%9c%e9%a9%ac%e6%8b%89%e9%9b%85%e5%a6%82%e4%bd%95%e8%a7%a3%e9%99%a4%e5%9c%b0%e5%9f%9f%e9%99%90%e5%88%b6
4765	yingyin	为什么屏幕上总跳出抱歉,您访问的视频版权受限暂无可播源？	2025-12-26 16:31:26	%e4%b8%ba%e4%bb%80%e4%b9%88%e5%b1%8f%e5%b9%95%e4%b8%8a%e6%80%bb%e8%b7%b3%e5%87%ba%e6%8a%b1%e6%ad%89%e6%82%a8%e8%ae%bf%e9%97%ae%e7%9a%84%e8%a7%86%e9%a2%91%e7%89%88%e6%9d%83%e5%8f%97%e9%99%90%e6%9a%82
4764	yingyin	想追剧却受阻？聊聊海外看电视地区限制怎么办才有效	2025-12-26 16:31:23	%e6%83%b3%e8%bf%bd%e5%89%a7%e5%8d%b4%e5%8f%97%e9%98%bb%ef%bc%9f%e8%81%8a%e8%81%8a%e6%b5%b7%e5%a4%96%e7%9c%8b%e7%94%b5%e8%a7%86%e5%9c%b0%e5%8c%ba%e9%99%90%e5%88%b6%e6%80%8e%e4%b9%88%e5%8a%9e%e6%89%8d
4763	jiaocheng	遇到穿梭看不了咪咕这种情况到底该换什么软件？	2025-12-26 16:31:21	%e9%81%87%e5%88%b0%e7%a9%bf%e6%a2%ad%e7%9c%8b%e4%b8%8d%e4%ba%86%e5%92%aa%e5%92%95%e8%bf%99%e7%a7%8d%e6%83%85%e5%86%b5%e5%88%b0%e5%ba%95%e8%af%a5%e6%8d%a2%e4%bb%80%e4%b9%88%e8%bd%af%e4%bb%b6%ef%bc%9f
4762	yingyin	遇到解除b站区域限制非常抱歉提示时，我是怎么一步步搞定的？	2025-12-26 16:31:19	%e9%81%87%e5%88%b0%e8%a7%a3%e9%99%a4b%e7%ab%99%e5%8c%ba%e5%9f%9f%e9%99%90%e5%88%b6%e9%9d%9e%e5%b8%b8%e6%8a%b1%e6%ad%89%e6%8f%90%e7%a4%ba%e6%97%b6%ef%bc%8c%e6%88%91%e6%98%af%e6%80%8e%e4%b9%88%e4%b8%80
4761	jiaocheng	遇到您所在的地区无法观看本片提示到底该怎么解决？	2025-12-26 16:31:16	%e9%81%87%e5%88%b0%e6%82%a8%e6%89%80%e5%9c%a8%e7%9a%84%e5%9c%b0%e5%8c%ba%e6%97%a0%e6%b3%95%e8%a7%82%e7%9c%8b%e6%9c%ac%e7%89%87%e6%8f%90%e7%a4%ba%e5%88%b0%e5%ba%95%e8%af%a5%e6%80%8e%e4%b9%88%e8%a7%a3
4760	yingyin	到了海外追剧老受限？告诉你国外怎么看爱奇艺才顺畅	2025-12-23 10:13:56	%e5%88%b0%e4%ba%86%e6%b5%b7%e5%a4%96%e8%bf%bd%e5%89%a7%e8%80%81%e5%8f%97%e9%99%90%ef%bc%9f%e5%91%8a%e8%af%89%e4%bd%a0%e5%9b%bd%e5%a4%96%e6%80%8e%e4%b9%88%e7%9c%8b%e7%88%b1%e5%a5%87%e8%89%ba%e6%89%8d
4759	yingyin	为什么境外看不了腾讯视频？试试这个简单的解决办法	2025-12-23 10:13:54	%e4%b8%ba%e4%bb%80%e4%b9%88%e5%a2%83%e5%a4%96%e7%9c%8b%e4%b8%8d%e4%ba%86%e8%85%be%e8%ae%af%e8%a7%86%e9%a2%91%ef%bc%9f%e8%af%95%e8%af%95%e8%bf%99%e4%b8%aa%e7%ae%80%e5%8d%95%e7%9a%84%e8%a7%a3%e5%86%b3
4758	yingyin	怎样才能让海外看剧不受地域的限制并且告别加载失败？	2025-12-23 10:13:52	%e6%80%8e%e6%a0%b7%e6%89%8d%e8%83%bd%e8%ae%a9%e6%b5%b7%e5%a4%96%e7%9c%8b%e5%89%a7%e4%b8%8d%e5%8f%97%e5%9c%b0%e5%9f%9f%e7%9a%84%e9%99%90%e5%88%b6%e5%b9%b6%e4%b8%94%e5%91%8a%e5%88%ab%e5%8a%a0%e8%bd%bd
4757	jiaocheng	这种地區限制無法觀看的情况到底怎么搞定？别再被卡住了	2025-12-23 10:13:49	%e8%bf%99%e7%a7%8d%e5%9c%b0%e5%8d%80%e9%99%90%e5%88%b6%e7%84%a1%e6%b3%95%e8%a7%80%e7%9c%8b%e7%9a%84%e6%83%85%e5%86%b5%e5%88%b0%e5%ba%95%e6%80%8e%e4%b9%88%e6%90%9e%e5%ae%9a%ef%bc%9f%e5%88%ab%e5%86%8d
4756	yingyin	追剧党心累：爱奇艺在国外能用吗？试试这个简单办法	2025-12-23 10:13:47	%e8%bf%bd%e5%89%a7%e5%85%9a%e5%bf%83%e7%b4%af%ef%bc%9a%e7%88%b1%e5%a5%87%e8%89%ba%e5%9c%a8%e5%9b%bd%e5%a4%96%e8%83%bd%e7%94%a8%e5%90%97%ef%bc%9f%e8%af%95%e8%af%95%e8%bf%99%e4%b8%aa%e7%ae%80%e5%8d%95
4755	yingyin	总是加载失败？海外微信视频号怎么解除地域限制才管用	2025-12-23 10:13:45	%e6%80%bb%e6%98%af%e5%8a%a0%e8%bd%bd%e5%a4%b1%e8%b4%a5%ef%bc%9f%e6%b5%b7%e5%a4%96%e5%be%ae%e4%bf%a1%e8%a7%86%e9%a2%91%e5%8f%b7%e6%80%8e%e4%b9%88%e8%a7%a3%e9%99%a4%e5%9c%b0%e5%9f%9f%e9%99%90%e5%88%b6
4754	jiaocheng	总是遇到版权受限？聊聊有效的海外地区限制解除方法	2025-12-23 10:13:42	%e6%80%bb%e6%98%af%e9%81%87%e5%88%b0%e7%89%88%e6%9d%83%e5%8f%97%e9%99%90%ef%bc%9f%e8%81%8a%e8%81%8a%e6%9c%89%e6%95%88%e7%9a%84%e6%b5%b7%e5%a4%96%e5%9c%b0%e5%8c%ba%e9%99%90%e5%88%b6%e8%a7%a3%e9%99%a4
4753	yingyin	刚出国想追剧却受限？聊聊爱奇艺在国外可以用吗？	2025-12-22 10:28:42	%e5%88%9a%e5%87%ba%e5%9b%bd%e6%83%b3%e8%bf%bd%e5%89%a7%e5%8d%b4%e5%8f%97%e9%99%90%ef%bc%9f%e8%81%8a%e8%81%8a%e7%88%b1%e5%a5%87%e8%89%ba%e5%9c%a8%e5%9b%bd%e5%a4%96%e5%8f%af%e4%bb%a5%e7%94%a8%e5%90%97
4752	yingyin	刚出国想追剧怎么办？聊聊美国如何看爱奇艺才顺畅	2025-12-22 10:28:40	%e5%88%9a%e5%87%ba%e5%9b%bd%e6%83%b3%e8%bf%bd%e5%89%a7%e6%80%8e%e4%b9%88%e5%8a%9e%ef%bc%9f%e8%81%8a%e8%81%8a%e7%be%8e%e5%9b%bd%e5%a6%82%e4%bd%95%e7%9c%8b%e7%88%b1%e5%a5%87%e8%89%ba%e6%89%8d%e9%a1%ba
4751	yingyin	刚出国追剧总受限？聊聊怎么解决海外看中国电视这个麻烦事	2025-12-22 10:28:38	%e5%88%9a%e5%87%ba%e5%9b%bd%e8%bf%bd%e5%89%a7%e6%80%bb%e5%8f%97%e9%99%90%ef%bc%9f%e8%81%8a%e8%81%8a%e6%80%8e%e4%b9%88%e8%a7%a3%e5%86%b3%e6%b5%b7%e5%a4%96%e7%9c%8b%e4%b8%ad%e5%9b%bd%e7%94%b5%e8%a7%86
4750	yingyin	刚到多伦多发现追剧受阻，究竟加拿大可以看爱奇艺吗？	2025-12-22 10:28:35	%e5%88%9a%e5%88%b0%e5%a4%9a%e4%bc%a6%e5%a4%9a%e5%8f%91%e7%8e%b0%e8%bf%bd%e5%89%a7%e5%8f%97%e9%98%bb%ef%bc%8c%e7%a9%b6%e7%ab%9f%e5%8a%a0%e6%8b%bf%e5%a4%a7%e5%8f%af%e4%bb%a5%e7%9c%8b%e7%88%b1%e5%a5%87
4749	yingyin	海外党怎么搞定解除b站区域限制v8.4.3参数设置？	2025-12-22 10:28:33	%e6%b5%b7%e5%a4%96%e5%85%9a%e6%80%8e%e4%b9%88%e6%90%9e%e5%ae%9a%e8%a7%a3%e9%99%a4b%e7%ab%99%e5%8c%ba%e5%9f%9f%e9%99%90%e5%88%b6v8-4-3%e5%8f%82%e6%95%b0%e8%ae%be%e7%bd%ae%ef%bc%9f
4747	yinyue	地区限制太烦人，究竟如何在国外听喜马拉雅？这里有个简单办法	2025-12-19 11:01:40	%e5%9c%b0%e5%8c%ba%e9%99%90%e5%88%b6%e5%a4%aa%e7%83%a6%e4%ba%ba%ef%bc%8c%e7%a9%b6%e7%ab%9f%e5%a6%82%e4%bd%95%e5%9c%a8%e5%9b%bd%e5%a4%96%e5%90%ac%e5%96%9c%e9%a9%ac%e6%8b%89%e9%9b%85%ef%bc%9f%e8%bf%99
4746	yingyin	刚出国想追剧受限制？到底如何在海外看腾讯才顺畅	2025-12-19 11:01:37	%e5%88%9a%e5%87%ba%e5%9b%bd%e6%83%b3%e8%bf%bd%e5%89%a7%e5%8f%97%e9%99%90%e5%88%b6%ef%bc%9f%e5%88%b0%e5%ba%95%e5%a6%82%e4%bd%95%e5%9c%a8%e6%b5%b7%e5%a4%96%e7%9c%8b%e8%85%be%e8%ae%af%e6%89%8d%e9%a1%ba
4745	yingyin	人在国外想追剧老受限？到底如何在海外看优酷？	2025-12-19 11:01:34	%e4%ba%ba%e5%9c%a8%e5%9b%bd%e5%a4%96%e6%83%b3%e8%bf%bd%e5%89%a7%e8%80%81%e5%8f%97%e9%99%90%ef%bc%9f%e5%88%b0%e5%ba%95%e5%a6%82%e4%bd%95%e5%9c%a8%e6%b5%b7%e5%a4%96%e7%9c%8b%e4%bc%98%e9%85%b7%ef%bc%9f
4744	yingyin	人在国外心累追剧，到底如何在海外看爱奇艺？	2025-12-19 11:01:32	%e4%ba%ba%e5%9c%a8%e5%9b%bd%e5%a4%96%e5%bf%83%e7%b4%af%e8%bf%bd%e5%89%a7%ef%bc%8c%e5%88%b0%e5%ba%95%e5%a6%82%e4%bd%95%e5%9c%a8%e6%b5%b7%e5%a4%96%e7%9c%8b%e7%88%b1%e5%a5%87%e8%89%ba%ef%bc%9f
4743	yingyin	人在国外总遇版权限制？究竟如何看国内视频才能彻底解决	2025-12-19 11:01:29	%e4%ba%ba%e5%9c%a8%e5%9b%bd%e5%a4%96%e6%80%bb%e9%81%87%e7%89%88%e6%9d%83%e9%99%90%e5%88%b6%ef%bc%9f%e7%a9%b6%e7%ab%9f%e5%a6%82%e4%bd%95%e7%9c%8b%e5%9b%bd%e5%86%85%e8%a7%86%e9%a2%91%e6%89%8d%e8%83%bd
4742	yingyin	人在海外追剧太心累？聊聊如何在国外看腾讯的解决办法	2025-12-19 11:01:25	%e4%ba%ba%e5%9c%a8%e6%b5%b7%e5%a4%96%e8%bf%bd%e5%89%a7%e5%a4%aa%e5%bf%83%e7%b4%af%ef%bc%9f%e8%81%8a%e8%81%8a%e5%a6%82%e4%bd%95%e5%9c%a8%e5%9b%bd%e5%a4%96%e7%9c%8b%e8%85%be%e8%ae%af%e7%9a%84%e8%a7%a3
4741	yingyin	人在国外追剧总受限？聊聊腾讯视频海外怎么看才不卡顿	2025-12-18 09:53:56	%e4%ba%ba%e5%9c%a8%e5%9b%bd%e5%a4%96%e8%bf%bd%e5%89%a7%e6%80%bb%e5%8f%97%e9%99%90%ef%bc%9f%e8%81%8a%e8%81%8a%e8%85%be%e8%ae%af%e8%a7%86%e9%a2%91%e6%b5%b7%e5%a4%96%e6%80%8e%e4%b9%88%e7%9c%8b%e6%89%8d
4740	yingyin	人在国外追剧总受阻？腾讯视频地域限制解决其实很简单	2025-12-18 09:53:54	%e4%ba%ba%e5%9c%a8%e5%9b%bd%e5%a4%96%e8%bf%bd%e5%89%a7%e6%80%bb%e5%8f%97%e9%98%bb%ef%bc%9f%e8%85%be%e8%ae%af%e8%a7%86%e9%a2%91%e5%9c%b0%e5%9f%9f%e9%99%90%e5%88%b6%e8%a7%a3%e5%86%b3%e5%85%b6%e5%ae%9e
4739	yingyin	人在国外追剧总显示地区版权？聊聊腾讯视频播放限制怎么办	2025-12-18 09:53:52	%e4%ba%ba%e5%9c%a8%e5%9b%bd%e5%a4%96%e8%bf%bd%e5%89%a7%e6%80%bb%e6%98%be%e7%a4%ba%e5%9c%b0%e5%8c%ba%e7%89%88%e6%9d%83%ef%bc%9f%e8%81%8a%e8%81%8a%e8%85%be%e8%ae%af%e8%a7%86%e9%a2%91%e6%92%ad%e6%94%be
4738	yingyin	腾讯视频vip在国外可以用吗？海外党必须知道的解决办法	2025-12-18 09:53:49	%e8%85%be%e8%ae%af%e8%a7%86%e9%a2%91vip%e5%9c%a8%e5%9b%bd%e5%a4%96%e5%8f%af%e4%bb%a5%e7%94%a8%e5%90%97%ef%bc%9f%e6%b5%b7%e5%a4%96%e5%85%9a%e5%bf%85%e9%a1%bb%e7%9f%a5%e9%81%93%e7%9a%84%e8%a7%a3
4737	yingyin	腾讯视频地域限制怎么解决？人在海外不再头疼的追剧方法	2025-12-18 09:53:47	%e8%85%be%e8%ae%af%e8%a7%86%e9%a2%91%e5%9c%b0%e5%9f%9f%e9%99%90%e5%88%b6%e6%80%8e%e4%b9%88%e8%a7%a3%e5%86%b3%ef%bc%9f%e4%ba%ba%e5%9c%a8%e6%b5%b7%e5%a4%96%e4%b8%8d%e5%86%8d%e5%a4%b4%e7%96%bc%e7%9a%84
4736	yingyin	遇到腾讯视频海外限制，我是怎么一键解锁国内剧集的？	2025-12-18 09:53:45	%e9%81%87%e5%88%b0%e8%85%be%e8%ae%af%e8%a7%86%e9%a2%91%e6%b5%b7%e5%a4%96%e9%99%90%e5%88%b6%ef%bc%8c%e6%88%91%e6%98%af%e6%80%8e%e4%b9%88%e4%b8%80%e9%94%ae%e8%a7%a3%e9%94%81%e5%9b%bd%e5%86%85%e5%89%a7
4735	jiaocheng	海外党必看：解决騰訊你所在的地區無法觀看最简单直接的办法	2025-12-15 10:49:21	%e6%b5%b7%e5%a4%96%e5%85%9a%e5%bf%85%e7%9c%8b%ef%bc%9a%e8%a7%a3%e5%86%b3%e9%a8%b0%e8%a8%8a%e4%bd%a0%e6%89%80%e5%9c%a8%e7%9a%84%e5%9c%b0%e5%8d%80%e7%84%a1%e6%b3%95%e8%a7%80%e7%9c%8b%e6%9c%80%e7%ae%80
4734	yingyin	留学生亲测：腾讯视频在国外遇到地域限制怎么办才能流畅观看？	2025-12-15 10:49:19	%e7%95%99%e5%ad%a6%e7%94%9f%e4%ba%b2%e6%b5%8b%ef%bc%9a%e8%85%be%e8%ae%af%e8%a7%86%e9%a2%91%e5%9c%a8%e5%9b%bd%e5%a4%96%e9%81%87%e5%88%b0%e5%9c%b0%e5%9f%9f%e9%99%90%e5%88%b6%e6%80%8e%e4%b9%88%e5%8a%9e
4733	yingyin	人在国外想追剧，腾讯视频怎么改地区限制才能看？	2025-12-15 10:49:16	%e4%ba%ba%e5%9c%a8%e5%9b%bd%e5%a4%96%e6%83%b3%e8%bf%bd%e5%89%a7%ef%bc%8c%e8%85%be%e8%ae%af%e8%a7%86%e9%a2%91%e6%80%8e%e4%b9%88%e6%94%b9%e5%9c%b0%e5%8c%ba%e9%99%90%e5%88%b6%e6%89%8d%e8%83%bd%e7%9c%8b
4732	yingyin	人在海外遇到騰訊地區限制无法播放视频该怎么解决？	2025-12-15 10:49:14	%e4%ba%ba%e5%9c%a8%e6%b5%b7%e5%a4%96%e9%81%87%e5%88%b0%e9%a8%b0%e8%a8%8a%e5%9c%b0%e5%8d%80%e9%99%90%e5%88%b6%e6%97%a0%e6%b3%95%e6%92%ad%e6%94%be%e8%a7%86%e9%a2%91%e8%af%a5%e6%80%8e%e4%b9%88%e8%a7%a3
4731	jiaocheng	人在海外遇到騰訊視頻地區限制怎么办？我的解决办法分享	2025-12-15 10:49:12	%e4%ba%ba%e5%9c%a8%e6%b5%b7%e5%a4%96%e9%81%87%e5%88%b0%e9%a8%b0%e8%a8%8a%e8%a6%96%e9%a0%bb%e5%9c%b0%e5%8d%80%e9%99%90%e5%88%b6%e6%80%8e%e4%b9%88%e5%8a%9e%ef%bc%9f%e6%88%91%e7%9a%84%e8%a7%a3%e5%86%b3
4730	jiaocheng	騰訊視頻台灣不能看怎么办？教你一招轻松解除地区限制	2025-12-15 10:49:09	%e9%a8%b0%e8%a8%8a%e8%a6%96%e9%a0%bb%e5%8f%b0%e7%81%a3%e4%b8%8d%e8%83%bd%e7%9c%8b%e6%80%8e%e4%b9%88%e5%8a%9e%ef%bc%9f%e6%95%99%e4%bd%a0%e4%b8%80%e6%8b%9b%e8%bd%bb%e6%9d%be%e8%a7%a3%e9%99%a4%e5%9c%b0
4729	youxi	国外玩游戏太卡？试试王者荣耀加速器海外免费的新选择	2025-12-13 14:03:39	%e5%9b%bd%e5%a4%96%e7%8e%a9%e6%b8%b8%e6%88%8f%e5%a4%aa%e5%8d%a1%ef%bc%9f%e8%af%95%e8%af%95%e7%8e%8b%e8%80%85%e8%8d%a3%e8%80%80%e5%8a%a0%e9%80%9f%e5%99%a8%e6%b5%b7%e5%a4%96%e5%85%8d%e8%b4%b9%e7%9a%84
4728	youxi	海外玩国服总掉线？好用的王者荣耀加速器免费尝试与设置心得	2025-12-13 14:03:36	%e6%b5%b7%e5%a4%96%e7%8e%a9%e5%9b%bd%e6%9c%8d%e6%80%bb%e6%8e%89%e7%ba%bf%ef%bc%9f%e5%a5%bd%e7%94%a8%e7%9a%84%e7%8e%8b%e8%80%85%e8%8d%a3%e8%80%80%e5%8a%a0%e9%80%9f%e5%99%a8%e5%85%8d%e8%b4%b9%e5%b0%9d
4727	youxi	人在大马想打国服？聊聊王者荣耀加速器马来西亚怎么挑	2025-12-13 14:03:34	%e4%ba%ba%e5%9c%a8%e5%a4%a7%e9%a9%ac%e6%83%b3%e6%89%93%e5%9b%bd%e6%9c%8d%ef%bc%9f%e8%81%8a%e8%81%8a%e7%8e%8b%e8%80%85%e8%8d%a3%e8%80%80%e5%8a%a0%e9%80%9f%e5%99%a8%e9%a9%ac%e6%9d%a5%e8%a5%bf%e4%ba%9a
4726	youxi	人在国外打团总掉线？到底王者荣耀加速器哪个好	2025-12-13 14:03:31	%e4%ba%ba%e5%9c%a8%e5%9b%bd%e5%a4%96%e6%89%93%e5%9b%a2%e6%80%bb%e6%8e%89%e7%ba%bf%ef%bc%9f%e5%88%b0%e5%ba%95%e7%8e%8b%e8%80%85%e8%8d%a3%e8%80%80%e5%8a%a0%e9%80%9f%e5%99%a8%e5%93%aa%e4%b8%aa%e5%a5%bd
4725	youxi	王者荣耀加速器有用吗？海外党亲测告诉你真相	2025-12-13 14:03:29	%e7%8e%8b%e8%80%85%e8%8d%a3%e8%80%80%e5%8a%a0%e9%80%9f%e5%99%a8%e6%9c%89%e7%94%a8%e5%90%97%ef%bc%9f%e6%b5%b7%e5%a4%96%e5%85%9a%e4%ba%b2%e6%b5%8b%e5%91%8a%e8%af%89%e4%bd%a0%e7%9c%9f%e7%9b%b8
4724	youxi	在美留学生玩国服太卡？王者荣耀加速器美国地区该怎么选	2025-12-13 14:03:27	%e5%9c%a8%e7%be%8e%e7%95%99%e5%ad%a6%e7%94%9f%e7%8e%a9%e5%9b%bd%e6%9c%8d%e5%a4%aa%e5%8d%a1%ef%bc%9f%e7%8e%8b%e8%80%85%e8%8d%a3%e8%80%80%e5%8a%a0%e9%80%9f%e5%99%a8%e7%be%8e%e5%9b%bd%e5%9c%b0%e5%8c%ba
4723	yinyue	刚出国歌单全灰？网易云国外听歌怎么解除限制？这招太好用	2025-12-11 11:20:23	%e5%88%9a%e5%87%ba%e5%9b%bd%e6%ad%8c%e5%8d%95%e5%85%a8%e7%81%b0%ef%bc%9f%e7%bd%91%e6%98%93%e4%ba%91%e5%9b%bd%e5%a4%96%e5%90%ac%e6%ad%8c%e6%80%8e%e4%b9%88%e8%a7%a3%e9%99%a4%e9%99%90%e5%88%b6%ef%bc%9f
4722	yinyue	海外党听歌总变灰？告诉你网易云地区限制怎么解决才靠谱	2025-12-11 11:20:19	%e6%b5%b7%e5%a4%96%e5%85%9a%e5%90%ac%e6%ad%8c%e6%80%bb%e5%8f%98%e7%81%b0%ef%bc%9f%e5%91%8a%e8%af%89%e4%bd%a0%e7%bd%91%e6%98%93%e4%ba%91%e5%9c%b0%e5%8c%ba%e9%99%90%e5%88%b6%e6%80%8e%e4%b9%88%e8%a7%a3
4721	yingyin	人在国外追剧心累，到底为什么爱奇艺不能看？解决办法在这	2025-12-11 11:20:17	%e4%ba%ba%e5%9c%a8%e5%9b%bd%e5%a4%96%e8%bf%bd%e5%89%a7%e5%bf%83%e7%b4%af%ef%bc%8c%e5%88%b0%e5%ba%95%e4%b8%ba%e4%bb%80%e4%b9%88%e7%88%b1%e5%a5%87%e8%89%ba%e4%b8%8d%e8%83%bd%e7%9c%8b%ef%bc%9f%e8%a7%a3
4720	yinyue	人在海外，网易云音乐地区限制怎么办？这里有个超简单的法子	2025-12-11 11:20:15	%e4%ba%ba%e5%9c%a8%e6%b5%b7%e5%a4%96%ef%bc%8c%e7%bd%91%e6%98%93%e4%ba%91%e9%9f%b3%e4%b9%90%e5%9c%b0%e5%8c%ba%e9%99%90%e5%88%b6%e6%80%8e%e4%b9%88%e5%8a%9e%ef%bc%9f%e8%bf%99%e9%87%8c%e6%9c%89%e4%b8%aa
4719	yingyin	身在海外遇到微信视频号地域限制该怎么解决才好？	2025-12-11 11:20:12	%e8%ba%ab%e5%9c%a8%e6%b5%b7%e5%a4%96%e9%81%87%e5%88%b0%e5%be%ae%e4%bf%a1%e8%a7%86%e9%a2%91%e5%8f%b7%e5%9c%b0%e5%9f%9f%e9%99%90%e5%88%b6%e8%af%a5%e6%80%8e%e4%b9%88%e8%a7%a3%e5%86%b3%e6%89%8d%e5%a5%bd
4689	youxi	英国玩国服lol延迟太高没法打？这有个简单的解决办法	2025-12-03 11:16:23	%e8%8b%b1%e5%9b%bd%e7%8e%a9%e5%9b%bd%e6%9c%8dlol%e5%bb%b6%e8%bf%9f%e5%a4%aa%e9%ab%98%e6%b2%a1%e6%b3%95%e6%89%93%ef%bc%9f%e8%bf%99%e6%9c%89%e4%b8%aa%e7%ae%80%e5%8d%95%e7%9a%84%e8%a7%a3%e5%86%b3
4688	youxi	英国玩王者荣耀总是460？教你稳定上分不卡顿	2025-12-03 11:16:22	%e8%8b%b1%e5%9b%bd%e7%8e%a9%e7%8e%8b%e8%80%85%e8%8d%a3%e8%80%80%e6%80%bb%e6%98%af460%ef%bc%9f%e6%95%99%e4%bd%a0%e7%a8%b3%e5%ae%9a%e4%b8%8a%e5%88%86%e4%b8%8d%e5%8d%a1%e9%a1%bf
4687	youxi	在英国玩王者用什么加速器？解决延迟卡顿的办法都在这	2025-12-03 11:16:21	%e5%9c%a8%e8%8b%b1%e5%9b%bd%e7%8e%a9%e7%8e%8b%e8%80%85%e7%94%a8%e4%bb%80%e4%b9%88%e5%8a%a0%e9%80%9f%e5%99%a8%ef%bc%9f%e8%a7%a3%e5%86%b3%e5%bb%b6%e8%bf%9f%e5%8d%a1%e9%a1%bf%e7%9a%84%e5%8a%9e%e6%b3%95-2
4686	youxi	在英国玩王者用什么加速器？解决延迟卡顿的办法都在这	2025-12-03 11:16:17	%e5%9c%a8%e8%8b%b1%e5%9b%bd%e7%8e%a9%e7%8e%8b%e8%80%85%e7%94%a8%e4%bb%80%e4%b9%88%e5%8a%a0%e9%80%9f%e5%99%a8%ef%bc%9f%e8%a7%a3%e5%86%b3%e5%bb%b6%e8%bf%9f%e5%8d%a1%e9%a1%bf%e7%9a%84%e5%8a%9e%e6%b3%95
4684	youxi	人在国外玩国服总是卡，到底用VPN可以玩游戏吗？解决延迟的办法	2025-12-02 10:28:55	%e4%ba%ba%e5%9c%a8%e5%9b%bd%e5%a4%96%e7%8e%a9%e5%9b%bd%e6%9c%8d%e6%80%bb%e6%98%af%e5%8d%a1%ef%bc%8c%e5%88%b0%e5%ba%95%e7%94%a8vpn%e5%8f%af%e4%bb%a5%e7%8e%a9%e6%b8%b8%e6%88%8f%e5%90%97%ef%bc%9f
4683	youxi	人在海外如何搞定英雄联盟国服下载？解决延迟与卡顿的个人心得	2025-12-02 10:28:54	%e4%ba%ba%e5%9c%a8%e6%b5%b7%e5%a4%96%e5%a6%82%e4%bd%95%e6%90%9e%e5%ae%9a%e8%8b%b1%e9%9b%84%e8%81%94%e7%9b%9f%e5%9b%bd%e6%9c%8d%e4%b8%8b%e8%bd%bd%ef%bc%9f%e8%a7%a3%e5%86%b3%e5%bb%b6%e8%bf%9f%e4%b8%8e
4682	youxi	人在海外想玩LOL？哪款英雄联盟国服加速器才真正好用？	2025-12-02 10:28:52	%e4%ba%ba%e5%9c%a8%e6%b5%b7%e5%a4%96%e6%83%b3%e7%8e%a9lol%ef%bc%9f%e5%93%aa%e6%ac%be%e8%8b%b1%e9%9b%84%e8%81%94%e7%9b%9f%e5%9b%bd%e6%9c%8d%e5%8a%a0%e9%80%9f%e5%99%a8%e6%89%8d%e7%9c%9f%e6%ad%a3
4681	youxi	身在海外想打排位？聊聊到底用什么加速器能玩王者荣耀	2025-12-02 10:28:50	%e8%ba%ab%e5%9c%a8%e6%b5%b7%e5%a4%96%e6%83%b3%e6%89%93%e6%8e%92%e4%bd%8d%ef%bc%9f%e8%81%8a%e8%81%8a%e5%88%b0%e5%ba%95%e7%94%a8%e4%bb%80%e4%b9%88%e5%8a%a0%e9%80%9f%e5%99%a8%e8%83%bd%e7%8e%a9%e7%8e%8b
4680	youxi	在海外想玩英雄联盟手游国服？试试这个能解决延迟和访问限制的好办法	2025-12-02 10:28:48	%e5%9c%a8%e6%b5%b7%e5%a4%96%e6%83%b3%e7%8e%a9%e8%8b%b1%e9%9b%84%e8%81%94%e7%9b%9f%e6%89%8b%e6%b8%b8%e5%9b%bd%e6%9c%8d%ef%bc%9f%e8%af%95%e8%af%95%e8%bf%99%e4%b8%aa%e8%83%bd%e8%a7%a3%e5%86%b3%e5%bb%b6
4679	youxi	都在问游戏加速器海外版怎么选？其实还得看具体用途	2025-12-01 11:22:32	%e9%83%bd%e5%9c%a8%e9%97%ae%e6%b8%b8%e6%88%8f%e5%8a%a0%e9%80%9f%e5%99%a8%e6%b5%b7%e5%a4%96%e7%89%88%e6%80%8e%e4%b9%88%e9%80%89%ef%bc%9f%e5%85%b6%e5%ae%9e%e8%bf%98%e5%be%97%e7%9c%8b%e5%85%b7%e4%bd%93
4678	jiaocheng	碰到由于版权限制您所在的地区无法观看该视该怎么处理？	2025-12-01 11:22:31	%e7%a2%b0%e5%88%b0%e7%94%b1%e4%ba%8e%e7%89%88%e6%9d%83%e9%99%90%e5%88%b6%e6%82%a8%e6%89%80%e5%9c%a8%e7%9a%84%e5%9c%b0%e5%8c%ba%e6%97%a0%e6%b3%95%e8%a7%82%e7%9c%8b%e8%af%a5%e8%a7%86%e8%af%a5%e6%80%8e
4677	yingyin	人在国外想追剧？搞定优酷怎么解除地区限制其实很简单	2025-12-01 11:22:29	%e4%ba%ba%e5%9c%a8%e5%9b%bd%e5%a4%96%e6%83%b3%e8%bf%bd%e5%89%a7%ef%bc%9f%e6%90%9e%e5%ae%9a%e4%bc%98%e9%85%b7%e6%80%8e%e4%b9%88%e8%a7%a3%e9%99%a4%e5%9c%b0%e5%8c%ba%e9%99%90%e5%88%b6%e5%85%b6%e5%ae%9e
4676	youxi	玩国服总掉线？聊聊好用的游戏加速器海外版该怎么挑	2025-12-01 11:22:27	%e7%8e%a9%e5%9b%bd%e6%9c%8d%e6%80%bb%e6%8e%89%e7%ba%bf%ef%bc%9f%e8%81%8a%e8%81%8a%e5%a5%bd%e7%94%a8%e7%9a%84%e6%b8%b8%e6%88%8f%e5%8a%a0%e9%80%9f%e5%99%a8%e6%b5%b7%e5%a4%96%e7%89%88%e8%af%a5%e6%80%8e
4675	jiaocheng	总是遇到優酷台灣不能看的问题？试试这个简单的方法解决限制	2025-12-01 11:22:25	%e6%80%bb%e6%98%af%e9%81%87%e5%88%b0%e5%84%aa%e9%85%b7%e5%8f%b0%e7%81%a3%e4%b8%8d%e8%83%bd%e7%9c%8b%e7%9a%84%e9%97%ae%e9%a2%98%ef%bc%9f%e8%af%95%e8%af%95%e8%bf%99%e4%b8%aa%e7%ae%80%e5%8d%95%e7%9a%84
4674	yingyin	到了海外才发现追剧难，究竟在国外怎么看爱奇艺才顺畅？	2025-11-28 10:27:25	%e5%88%b0%e4%ba%86%e6%b5%b7%e5%a4%96%e6%89%8d%e5%8f%91%e7%8e%b0%e8%bf%bd%e5%89%a7%e9%9a%be%ef%bc%8c%e7%a9%b6%e7%ab%9f%e5%9c%a8%e5%9b%bd%e5%a4%96%e6%80%8e%e4%b9%88%e7%9c%8b%e7%88%b1%e5%a5%87%e8%89%ba
4673	yingyin	到了海外才发现追剧难？聊聊在国外怎么看国内电视才顺畅	2025-11-28 10:27:23	%e5%88%b0%e4%ba%86%e6%b5%b7%e5%a4%96%e6%89%8d%e5%8f%91%e7%8e%b0%e8%bf%bd%e5%89%a7%e9%9a%be%ef%bc%9f%e8%81%8a%e8%81%8a%e5%9c%a8%e5%9b%bd%e5%a4%96%e6%80%8e%e4%b9%88%e7%9c%8b%e5%9b%bd%e5%86%85%e7%94%b5
4672	jiaocheng	刚出国发现看不了剧？告诉你在国外怎么看国内的电视剧才顺畅	2025-11-28 10:27:21	%e5%88%9a%e5%87%ba%e5%9b%bd%e5%8f%91%e7%8e%b0%e7%9c%8b%e4%b8%8d%e4%ba%86%e5%89%a7%ef%bc%9f%e5%91%8a%e8%af%89%e4%bd%a0%e5%9c%a8%e5%9b%bd%e5%a4%96%e6%80%8e%e4%b9%88%e7%9c%8b%e5%9b%bd%e5%86%85%e7%9a%84
4671	yingyin	留学生都在问：在国外怎么看哔哩哔哩？真的很难吗？	2025-11-28 10:27:18	%e7%95%99%e5%ad%a6%e7%94%9f%e9%83%bd%e5%9c%a8%e9%97%ae%ef%bc%9a%e5%9c%a8%e5%9b%bd%e5%a4%96%e6%80%8e%e4%b9%88%e7%9c%8b%e5%93%94%e5%93%a9%e5%93%94%e5%93%a9%ef%bc%9f%e7%9c%9f%e7%9a%84%e5%be%88%e9%9a%be
4670	youxi	人在海外很卡？聊聊在国外怎么玩网易我的世界？最稳解决路子	2025-11-27 10:08:41	%e4%ba%ba%e5%9c%a8%e6%b5%b7%e5%a4%96%e5%be%88%e5%8d%a1%ef%bc%9f%e8%81%8a%e8%81%8a%e5%9c%a8%e5%9b%bd%e5%a4%96%e6%80%8e%e4%b9%88%e7%8e%a9%e7%bd%91%e6%98%93%e6%88%91%e7%9a%84%e4%b8%96%e7%95%8c%ef%bc%9f
4669	yingyin	人在国外想追剧怎么办？怎么解除优酷海外限制的具体方法分享	2025-11-27 10:08:39	%e4%ba%ba%e5%9c%a8%e5%9b%bd%e5%a4%96%e6%83%b3%e8%bf%bd%e5%89%a7%e6%80%8e%e4%b9%88%e5%8a%9e%ef%bc%9f%e6%80%8e%e4%b9%88%e8%a7%a3%e9%99%a4%e4%bc%98%e9%85%b7%e6%b5%b7%e5%a4%96%e9%99%90%e5%88%b6%e7%9a%84
4668	yingyin	人在国外看视频受阻？聊聊怎么破解国家地区限制才稳妥	2025-11-27 10:08:37	%e4%ba%ba%e5%9c%a8%e5%9b%bd%e5%a4%96%e7%9c%8b%e8%a7%86%e9%a2%91%e5%8f%97%e9%98%bb%ef%bc%9f%e8%81%8a%e8%81%8a%e6%80%8e%e4%b9%88%e7%a0%b4%e8%a7%a3%e5%9b%bd%e5%ae%b6%e5%9c%b0%e5%8c%ba%e9%99%90%e5%88%b6
4667	yingyin	人在国外看剧总受阻？聊聊在海外爱奇艺解除地区限制的办法	2025-11-27 10:08:36	%e4%ba%ba%e5%9c%a8%e5%9b%bd%e5%a4%96%e7%9c%8b%e5%89%a7%e6%80%bb%e5%8f%97%e9%98%bb%ef%bc%9f%e8%81%8a%e8%81%8a%e5%9c%a8%e6%b5%b7%e5%a4%96%e7%88%b1%e5%a5%87%e8%89%ba%e8%a7%a3%e9%99%a4%e5%9c%b0%e5%8c%ba
4666	jiaocheng	人在国外到底怎么解除地区限制？聊聊我的亲身经历	2025-11-27 10:08:34	%e4%ba%ba%e5%9c%a8%e5%9b%bd%e5%a4%96%e5%88%b0%e5%ba%95%e6%80%8e%e4%b9%88%e8%a7%a3%e9%99%a4%e5%9c%b0%e5%8c%ba%e9%99%90%e5%88%b6%ef%bc%9f%e8%81%8a%e8%81%8a%e6%88%91%e7%9a%84%e4%ba%b2%e8%ba%ab%e7%bb%8f
4665	youxi	人在北美想开黑，到底在美国玩国服LOL卡吗？如何降低延迟？	2025-11-27 10:08:32	%e4%ba%ba%e5%9c%a8%e5%8c%97%e7%be%8e%e6%83%b3%e5%bc%80%e9%bb%91%ef%bc%8c%e5%88%b0%e5%ba%95%e5%9c%a8%e7%be%8e%e5%9b%bd%e7%8e%a9%e5%9b%bd%e6%9c%8dlol%e5%8d%a1%e5%90%97%ef%bc%9f%e5%a6%82%e4%bd%95
4664	youxi	人在北美经常卡顿？在加拿大玩王者荣耀用什么加速器才顺畅	2025-11-27 10:08:30	%e4%ba%ba%e5%9c%a8%e5%8c%97%e7%be%8e%e7%bb%8f%e5%b8%b8%e5%8d%a1%e9%a1%bf%ef%bc%9f%e5%9c%a8%e5%8a%a0%e6%8b%bf%e5%a4%a7%e7%8e%a9%e7%8e%8b%e8%80%85%e8%8d%a3%e8%80%80%e7%94%a8%e4%bb%80%e4%b9%88%e5%8a%a0
4663	yinyue	歌单全变灰？教你在国外怎么用QQ音乐？这招亲测好用	2025-11-27 10:08:28	%e6%ad%8c%e5%8d%95%e5%85%a8%e5%8f%98%e7%81%b0%ef%bc%9f%e6%95%99%e4%bd%a0%e5%9c%a8%e5%9b%bd%e5%a4%96%e6%80%8e%e4%b9%88%e7%94%a8qq%e9%9f%b3%e4%b9%90%ef%bc%9f%e8%bf%99%e6%8b%9b%e4%ba%b2%e6%b5%8b%e5%a5%bd
4662	youxi	刚落地留学想知道在美国可以玩王者荣耀吗？这一篇告诉你答案	2025-11-27 10:08:27	%e5%88%9a%e8%90%bd%e5%9c%b0%e7%95%99%e5%ad%a6%e6%83%b3%e7%9f%a5%e9%81%93%e5%9c%a8%e7%be%8e%e5%9b%bd%e5%8f%af%e4%bb%a5%e7%8e%a9%e7%8e%8b%e8%80%85%e8%8d%a3%e8%80%80%e5%90%97%ef%bc%9f%e8%bf%99%e4%b8%80
4661	jiaocheng	刚到这边各种不习惯？聊聊在美国怎么看中国电视才顺畅	2025-11-27 10:08:25	%e5%88%9a%e5%88%b0%e8%bf%99%e8%be%b9%e5%90%84%e7%a7%8d%e4%b8%8d%e4%b9%a0%e6%83%af%ef%bc%9f%e8%81%8a%e8%81%8a%e5%9c%a8%e7%be%8e%e5%9b%bd%e6%80%8e%e4%b9%88%e7%9c%8b%e4%b8%ad%e5%9b%bd%e7%94%b5%e8%a7%86
4660	youxi	刚到海外想打国服？聊聊在美国怎么玩英雄联盟？的稳妥办法	2025-11-27 10:08:23	%e5%88%9a%e5%88%b0%e6%b5%b7%e5%a4%96%e6%83%b3%e6%89%93%e5%9b%bd%e6%9c%8d%ef%bc%9f%e8%81%8a%e8%81%8a%e5%9c%a8%e7%be%8e%e5%9b%bd%e6%80%8e%e4%b9%88%e7%8e%a9%e8%8b%b1%e9%9b%84%e8%81%94%e7%9b%9f%ef%bc%9f
4659	yingyin	刚出国追剧受阻？聊聊在海外怎么看爱奇艺的几个简单办法	2025-11-27 10:08:21	%e5%88%9a%e5%87%ba%e5%9b%bd%e8%bf%bd%e5%89%a7%e5%8f%97%e9%98%bb%ef%bc%9f%e8%81%8a%e8%81%8a%e5%9c%a8%e6%b5%b7%e5%a4%96%e6%80%8e%e4%b9%88%e7%9c%8b%e7%88%b1%e5%a5%87%e8%89%ba%e7%9a%84%e5%87%a0%e4%b8%aa
4658	jiaocheng	刚出国心态崩了？聊聊在国外怎样解决地区限制这件麻烦事	2025-11-27 10:08:20	%e5%88%9a%e5%87%ba%e5%9b%bd%e5%bf%83%e6%80%81%e5%b4%a9%e4%ba%86%ef%bc%9f%e8%81%8a%e8%81%8a%e5%9c%a8%e5%9b%bd%e5%a4%96%e6%80%8e%e6%a0%b7%e8%a7%a3%e5%86%b3%e5%9c%b0%e5%8c%ba%e9%99%90%e5%88%b6%e8%bf%99
4657	yingyin	刚出国想追剧受阻？到底在国外怎么用爱奇艺？才顺畅	2025-11-27 10:08:18	%e5%88%9a%e5%87%ba%e5%9b%bd%e6%83%b3%e8%bf%bd%e5%89%a7%e5%8f%97%e9%98%bb%ef%bc%9f%e5%88%b0%e5%ba%95%e5%9c%a8%e5%9b%bd%e5%a4%96%e6%80%8e%e4%b9%88%e7%94%a8%e7%88%b1%e5%a5%87%e8%89%ba%ef%bc%9f%e6%89%8d
4656	yingyin	刚出国想知道怎么在国外看腾讯？这几个办法亲测好用	2025-11-27 10:08:16	%e5%88%9a%e5%87%ba%e5%9b%bd%e6%83%b3%e7%9f%a5%e9%81%93%e6%80%8e%e4%b9%88%e5%9c%a8%e5%9b%bd%e5%a4%96%e7%9c%8b%e8%85%be%e8%ae%af%ef%bc%9f%e8%bf%99%e5%87%a0%e4%b8%aa%e5%8a%9e%e6%b3%95%e4%ba%b2%e6%b5%8b
4655	youxi	刚出国想开黑？到底在美国能玩王者吗？手把手教你降延迟	2025-11-27 10:08:14	%e5%88%9a%e5%87%ba%e5%9b%bd%e6%83%b3%e5%bc%80%e9%bb%91%ef%bc%9f%e5%88%b0%e5%ba%95%e5%9c%a8%e7%be%8e%e5%9b%bd%e8%83%bd%e7%8e%a9%e7%8e%8b%e8%80%85%e5%90%97%ef%bc%9f%e6%89%8b%e6%8a%8a%e6%89%8b%e6%95%99
4654	youxi	刚出国留学，想知道大家在海外玩国内游戏用什么加速器？	2025-11-27 10:08:12	%e5%88%9a%e5%87%ba%e5%9b%bd%e7%95%99%e5%ad%a6%ef%bc%8c%e6%83%b3%e7%9f%a5%e9%81%93%e5%a4%a7%e5%ae%b6%e5%9c%a8%e6%b5%b7%e5%a4%96%e7%8e%a9%e5%9b%bd%e5%86%85%e6%b8%b8%e6%88%8f%e7%94%a8%e4%bb%80%e4%b9%88
4653	youxi	刚出国就被延迟劝退？聊聊在国外怎么玩国内的游戏才不卡顿	2025-11-27 10:08:11	%e5%88%9a%e5%87%ba%e5%9b%bd%e5%b0%b1%e8%a2%ab%e5%bb%b6%e8%bf%9f%e5%8a%9d%e9%80%80%ef%bc%9f%e8%81%8a%e8%81%8a%e5%9c%a8%e5%9b%bd%e5%a4%96%e6%80%8e%e4%b9%88%e7%8e%a9%e5%9b%bd%e5%86%85%e7%9a%84%e6%b8%b8
4652	yinyue	刚出国发现歌单变灰？在海外听歌如何解除地域限制看这篇	2025-11-27 10:08:09	%e5%88%9a%e5%87%ba%e5%9b%bd%e5%8f%91%e7%8e%b0%e6%ad%8c%e5%8d%95%e5%8f%98%e7%81%b0%ef%bc%9f%e5%9c%a8%e6%b5%b7%e5%a4%96%e5%90%ac%e6%ad%8c%e5%a6%82%e4%bd%95%e8%a7%a3%e9%99%a4%e5%9c%b0%e5%9f%9f%e9%99%90
4651	yinyue	刚出国发现歌单变灰？聊聊到底在国外怎么听歌才顺畅	2025-11-27 10:08:06	%e5%88%9a%e5%87%ba%e5%9b%bd%e5%8f%91%e7%8e%b0%e6%ad%8c%e5%8d%95%e5%8f%98%e7%81%b0%ef%bc%9f%e8%81%8a%e8%81%8a%e5%88%b0%e5%ba%95%e5%9c%a8%e5%9b%bd%e5%a4%96%e6%80%8e%e4%b9%88%e5%90%ac%e6%ad%8c%e6%89%8d
4650	youxi	到了海外总掉线？聊聊在美国怎么玩王者荣耀才不卡顿	2025-11-27 10:08:04	%e5%88%b0%e4%ba%86%e6%b5%b7%e5%a4%96%e6%80%bb%e6%8e%89%e7%ba%bf%ef%bc%9f%e8%81%8a%e8%81%8a%e5%9c%a8%e7%be%8e%e5%9b%bd%e6%80%8e%e4%b9%88%e7%8e%a9%e7%8e%8b%e8%80%85%e8%8d%a3%e8%80%80%e6%89%8d%e4%b8%8d
4649	yingyin	出了国追剧受限真头大，到底怎么在海外看爱奇艺？	2025-11-27 10:08:01	%e5%87%ba%e4%ba%86%e5%9b%bd%e8%bf%bd%e5%89%a7%e5%8f%97%e9%99%90%e7%9c%9f%e5%a4%b4%e5%a4%a7%ef%bc%8c%e5%88%b0%e5%ba%95%e6%80%8e%e4%b9%88%e5%9c%a8%e6%b5%b7%e5%a4%96%e7%9c%8b%e7%88%b1%e5%a5%87%e8%89%ba
4644	jiaocheng	中国使用的vpn如何解决海外访问难题	2025-10-27 14:51:26	%e4%b8%ad%e5%9b%bd%e4%bd%bf%e7%94%a8%e7%9a%84vpn%e5%a6%82%e4%bd%95%e8%a7%a3%e5%86%b3%e6%b5%b7%e5%a4%96%e8%ae%bf%e9%97%ae%e9%9a%be%e9%a2%98
4643	jiaocheng	中国留学vpn，海外访问国内服务的真实体验与解决之道	2025-10-27 14:51:25	%e4%b8%ad%e5%9b%bd%e7%95%99%e5%ad%a6vpn%ef%bc%8c%e6%b5%b7%e5%a4%96%e8%ae%bf%e9%97%ae%e5%9b%bd%e5%86%85%e6%9c%8d%e5%8a%a1%e7%9a%84%e7%9c%9f%e5%ae%9e%e4%bd%93%e9%aa%8c%e4%b8%8e%e8%a7%a3%e5%86%b3
4642	jiaocheng	中国翻墙到国外遇阻？解锁国内服务没那么难	2025-10-27 14:51:23	%e4%b8%ad%e5%9b%bd%e7%bf%bb%e5%a2%99%e5%88%b0%e5%9b%bd%e5%a4%96%e9%81%87%e9%98%bb%ef%bc%9f%e8%a7%a3%e9%94%81%e5%9b%bd%e5%86%85%e6%9c%8d%e5%8a%a1%e6%b2%a1%e9%82%a3%e4%b9%88%e9%9a%be
4641	jiaocheng	在美国看中文电视有多难？亲测解决办法来了	2025-10-27 14:51:21	%e5%9c%a8%e7%be%8e%e5%9b%bd%e7%9c%8b%e4%b8%ad%e6%96%87%e7%94%b5%e8%a7%86%e6%9c%89%e5%a4%9a%e9%9a%be%ef%bc%9f%e4%ba%b2%e6%b5%8b%e8%a7%a3%e5%86%b3%e5%8a%9e%e6%b3%95%e6%9d%a5%e4%ba%86
4640	jiaocheng	在海外如何完美平台海外注册？这些问题你可能也遇到了	2025-10-27 14:51:20	%e5%9c%a8%e6%b5%b7%e5%a4%96%e5%a6%82%e4%bd%95%e5%ae%8c%e7%be%8e%e5%b9%b3%e5%8f%b0%e6%b5%b7%e5%a4%96%e6%b3%a8%e5%86%8c%ef%bc%9f%e8%bf%99%e4%ba%9b%e9%97%ae%e9%a2%98%e4%bd%a0%e5%8f%af%e8%83%bd%e4%b9%9f
4639	yinyue	在国外怎么用网易云音乐听国内的歌最全解答（亲测有效）	2025-10-27 14:51:18	%e5%9c%a8%e5%9b%bd%e5%a4%96%e6%80%8e%e4%b9%88%e7%94%a8%e7%bd%91%e6%98%93%e4%ba%91%e9%9f%b3%e4%b9%90%e5%90%ac%e5%9b%bd%e5%86%85%e7%9a%84%e6%ad%8c%e6%9c%80%e5%85%a8%e8%a7%a3%e7%ad%94%ef%bc%88%e4%ba%b2
4638	youxi	在国外怎么玩网易我的世界？回国网络解决方案解析	2025-10-27 14:51:17	%e5%9c%a8%e5%9b%bd%e5%a4%96%e6%80%8e%e4%b9%88%e7%8e%a9%e7%bd%91%e6%98%93%e6%88%91%e7%9a%84%e4%b8%96%e7%95%8c%ef%bc%9f%e5%9b%9e%e5%9b%bd%e7%bd%91%e7%bb%9c%e8%a7%a3%e5%86%b3%e6%96%b9%e6%a1%88%e8%a7%a3
4637	youxi	在国外怎么玩国内的游戏怎么办？亲测好用的回国网络解决办法	2025-10-27 14:51:15	%e5%9c%a8%e5%9b%bd%e5%a4%96%e6%80%8e%e4%b9%88%e7%8e%a9%e5%9b%bd%e5%86%85%e7%9a%84%e6%b8%b8%e6%88%8f%e6%80%8e%e4%b9%88%e5%8a%9e%ef%bc%9f%e4%ba%b2%e6%b5%8b%e5%a5%bd%e7%94%a8%e7%9a%84%e5%9b%9e%e5%9b%bd
4636	jiaocheng	在国外怎么上魔兽怀旧服国服？这些限制与解决方法你得知道	2025-10-27 14:51:13	%e5%9c%a8%e5%9b%bd%e5%a4%96%e6%80%8e%e4%b9%88%e4%b8%8a%e9%ad%94%e5%85%bd%e6%80%80%e6%97%a7%e6%9c%8d%e5%9b%bd%e6%9c%8d%ef%bc%9f%e8%bf%99%e4%ba%9b%e9%99%90%e5%88%b6%e4%b8%8e%e8%a7%a3%e5%86%b3%e6%96%b9
4635	yingyin	在国外怎么看国内的网站视频怎么办？亲测有效方法来了	2025-10-27 14:51:12	%e5%9c%a8%e5%9b%bd%e5%a4%96%e6%80%8e%e4%b9%88%e7%9c%8b%e5%9b%bd%e5%86%85%e7%9a%84%e7%bd%91%e7%ab%99%e8%a7%86%e9%a2%91%e6%80%8e%e4%b9%88%e5%8a%9e%ef%bc%9f%e4%ba%b2%e6%b5%8b%e6%9c%89%e6%95%88%e6%96%b9
4634	bangong	在国外怎么登录交管12123？海外党这样做	2025-10-27 14:51:10	%e5%9c%a8%e5%9b%bd%e5%a4%96%e6%80%8e%e4%b9%88%e7%99%bb%e5%bd%95%e4%ba%a4%e7%ae%a112123%ef%bc%9f%e6%b5%b7%e5%a4%96%e5%85%9a%e8%bf%99%e6%a0%b7%e5%81%9a
4633	bangong	在国外用不了12123怎么办？	2025-10-27 14:51:08	%e5%9c%a8%e5%9b%bd%e5%a4%96%e7%94%a8%e4%b8%8d%e4%ba%8612123%e6%80%8e%e4%b9%88%e5%8a%9e%ef%bc%9f
4632	youxi	在国外玩和平精英用什么加速器？这些国内服务都能用	2025-10-27 14:51:07	%e5%9c%a8%e5%9b%bd%e5%a4%96%e7%8e%a9%e5%92%8c%e5%b9%b3%e7%b2%be%e8%8b%b1%e7%94%a8%e4%bb%80%e4%b9%88%e5%8a%a0%e9%80%9f%e5%99%a8%ef%bc%9f%e8%bf%99%e4%ba%9b%e5%9b%bd%e5%86%85%e6%9c%8d%e5%8a%a1%e9%83%bd
4631	jiaocheng	在国外突然无法访问国内网站怎么办？亲测有效方法来了	2025-10-27 14:51:05	%e5%9c%a8%e5%9b%bd%e5%a4%96%e7%aa%81%e7%84%b6%e6%97%a0%e6%b3%95%e8%ae%bf%e9%97%ae%e5%9b%bd%e5%86%85%e7%bd%91%e7%ab%99%e6%80%8e%e4%b9%88%e5%8a%9e%ef%bc%9f%e4%ba%b2%e6%b5%8b%e6%9c%89%e6%95%88%e6%96%b9
4630	yingyin	在国外看腾讯视频，国内APP全方位解锁指南	2025-10-27 14:51:04	%e5%9c%a8%e5%9b%bd%e5%a4%96%e7%9c%8b%e8%85%be%e8%ae%af%e8%a7%86%e9%a2%91%ef%bc%8c%e5%9b%bd%e5%86%85app%e5%85%a8%e6%96%b9%e4%bd%8d%e8%a7%a3%e9%94%81%e6%8c%87%e5%8d%97
4629	tiyu	在国外看CCTV5？解锁国内热门服务的真实体验	2025-10-27 14:51:02	%e5%9c%a8%e5%9b%bd%e5%a4%96%e7%9c%8bcctv5%ef%bc%9f%e8%a7%a3%e9%94%81%e5%9b%bd%e5%86%85%e7%83%ad%e9%97%a8%e6%9c%8d%e5%8a%a1%e7%9a%84%e7%9c%9f%e5%ae%9e%e4%bd%93%e9%aa%8c
4628	jiaocheng	在国外打不开国内的网站怎么办？海外党亲测有效解决法	2025-10-27 14:51:00	%e5%9c%a8%e5%9b%bd%e5%a4%96%e6%89%93%e4%b8%8d%e5%bc%80%e5%9b%bd%e5%86%85%e7%9a%84%e7%bd%91%e7%ab%99%e6%80%8e%e4%b9%88%e5%8a%9e%ef%bc%9f%e6%b5%b7%e5%a4%96%e5%85%9a%e4%ba%b2%e6%b5%8b%e6%9c%89%e6%95%88
4627	bangong	在国外12123登录不了怎么办？海外党看这里	2025-10-27 14:50:59	%e5%9c%a8%e5%9b%bd%e5%a4%9612123%e7%99%bb%e5%bd%95%e4%b8%8d%e4%ba%86%e6%80%8e%e4%b9%88%e5%8a%9e%ef%bc%9f%e6%b5%b7%e5%a4%96%e5%85%9a%e7%9c%8b%e8%bf%99%e9%87%8c
4626	bangong	在国外12123不能用 海外党如何顺畅访问国内网络	2025-10-27 14:50:57	%e5%9c%a8%e5%9b%bd%e5%a4%9612123%e4%b8%8d%e8%83%bd%e7%94%a8-%e6%b5%b7%e5%a4%96%e5%85%9a%e5%a6%82%e4%bd%95%e9%a1%ba%e7%95%85%e8%ae%bf%e9%97%ae%e5%9b%bd%e5%86%85%e7%bd%91%e7%bb%9c
4625	jiaocheng	優酷台灣不能註冊怎么办？海外党回国网络解决方案	2025-10-27 14:50:54	%e5%84%aa%e9%85%b7%e5%8f%b0%e7%81%a3%e4%b8%8d%e8%83%bd%e8%a8%bb%e5%86%8a%e6%80%8e%e4%b9%88%e5%8a%9e%ef%bc%9f%e6%b5%b7%e5%a4%96%e5%85%9a%e5%9b%9e%e5%9b%bd%e7%bd%91%e7%bb%9c%e8%a7%a3%e5%86%b3%e6%96%b9
4623	jiaocheng	怎么在国外听地区限制的歌？回国网络全解析	2025-10-18 11:36:48	%e6%80%8e%e4%b9%88%e5%9c%a8%e5%9b%bd%e5%a4%96%e5%90%ac%e5%9c%b0%e5%8c%ba%e9%99%90%e5%88%b6%e7%9a%84%e6%ad%8c%ef%bc%9f%e5%9b%9e%e5%9b%bd%e7%bd%91%e7%bb%9c%e5%85%a8%e8%a7%a3%e6%9e%90
4622	youxi	在海外怎么玩永劫无间？那些年我们一起绕过的坑	2025-10-18 11:36:46	%e5%9c%a8%e6%b5%b7%e5%a4%96%e6%80%8e%e4%b9%88%e7%8e%a9%e6%b0%b8%e5%8a%ab%e6%97%a0%e9%97%b4%ef%bc%9f%e9%82%a3%e4%ba%9b%e5%b9%b4%e6%88%91%e4%bb%ac%e4%b8%80%e8%b5%b7%e7%bb%95%e8%bf%87%e7%9a%84%e5%9d%91
4621	yinyue	在国外怎么用网易云听歌？这些服务亲测有效	2025-10-18 11:36:44	%e5%9c%a8%e5%9b%bd%e5%a4%96%e6%80%8e%e4%b9%88%e7%94%a8%e7%bd%91%e6%98%93%e4%ba%91%e5%90%ac%e6%ad%8c%ef%bc%9f%e8%bf%99%e4%ba%9b%e6%9c%8d%e5%8a%a1%e4%ba%b2%e6%b5%8b%e6%9c%89%e6%95%88
4620	jiaocheng	在国外怎么玩国服魔兽世界？回国网络解决方案	2025-10-18 11:36:43	%e5%9c%a8%e5%9b%bd%e5%a4%96%e6%80%8e%e4%b9%88%e7%8e%a9%e5%9b%bd%e6%9c%8d%e9%ad%94%e5%85%bd%e4%b8%96%e7%95%8c%ef%bc%9f%e5%9b%9e%e5%9b%bd%e7%bd%91%e7%bb%9c%e8%a7%a3%e5%86%b3%e6%96%b9%e6%a1%88
4619	jiaocheng	在国外怎么使用国内的app，回国网络怎么搞？	2025-10-18 11:36:41	%e5%9c%a8%e5%9b%bd%e5%a4%96%e6%80%8e%e4%b9%88%e4%bd%bf%e7%94%a8%e5%9b%bd%e5%86%85%e7%9a%84app%ef%bc%8c%e5%9b%9e%e5%9b%bd%e7%bd%91%e7%bb%9c%e6%80%8e%e4%b9%88%e6%90%9e%ef%bc%9f
4618	jiaocheng	在国外怎么看国内的网站信息？海外党亲测有效	2025-10-18 11:36:39	%e5%9c%a8%e5%9b%bd%e5%a4%96%e6%80%8e%e4%b9%88%e7%9c%8b%e5%9b%bd%e5%86%85%e7%9a%84%e7%bd%91%e7%ab%99%e4%bf%a1%e6%81%af%ef%bc%9f%e6%b5%b7%e5%a4%96%e5%85%9a%e4%ba%b2%e6%b5%8b%e6%9c%89%e6%95%88
4617	bangong	在国外用不了交管12123怎么办？原因与真实解决经验	2025-10-18 11:36:38	%e5%9c%a8%e5%9b%bd%e5%a4%96%e7%94%a8%e4%b8%8d%e4%ba%86%e4%ba%a4%e7%ae%a112123%e6%80%8e%e4%b9%88%e5%8a%9e%ef%bc%9f%e5%8e%9f%e5%9b%a0%e4%b8%8e%e7%9c%9f%e5%ae%9e%e8%a7%a3%e5%86%b3%e7%bb%8f%e9%aa%8c
4616	jiaocheng	在国外玩国服魔兽世界用什么加速器？海外党访问国内服务体验	2025-10-18 11:36:36	%e5%9c%a8%e5%9b%bd%e5%a4%96%e7%8e%a9%e5%9b%bd%e6%9c%8d%e9%ad%94%e5%85%bd%e4%b8%96%e7%95%8c%e7%94%a8%e4%bb%80%e4%b9%88%e5%8a%a0%e9%80%9f%e5%99%a8%ef%bc%9f%e6%b5%b7%e5%a4%96%e5%85%9a%e8%ae%bf%e9%97%ae
4615	bangong	在国外如何注册12123的那些事儿，以及国内应用访问受限怎么办	2025-10-18 11:36:34	%e5%9c%a8%e5%9b%bd%e5%a4%96%e5%a6%82%e4%bd%95%e6%b3%a8%e5%86%8c12123%e7%9a%84%e9%82%a3%e4%ba%9b%e4%ba%8b%e5%84%bf%ef%bc%8c%e4%bb%a5%e5%8f%8a%e5%9b%bd%e5%86%85%e5%ba%94%e7%94%a8%e8%ae%bf%e9%97%ae
4614	bangong	在国外能用交管12123么？海外党如何顺畅访问国内服务	2025-10-18 11:36:33	%e5%9c%a8%e5%9b%bd%e5%a4%96%e8%83%bd%e7%94%a8%e4%ba%a4%e7%ae%a112123%e4%b9%88%ef%bc%9f%e6%b5%b7%e5%a4%96%e5%85%9a%e5%a6%82%e4%bd%95%e9%a1%ba%e7%95%85%e8%ae%bf%e9%97%ae%e5%9b%bd%e5%86%85%e6%9c%8d
4613	bangong	在国外登录不了国内小程序怎么办：亲测有效的回国网络连接指南	2025-10-18 11:36:31	%e5%9c%a8%e5%9b%bd%e5%a4%96%e7%99%bb%e5%bd%95%e4%b8%8d%e4%ba%86%e5%9b%bd%e5%86%85%e5%b0%8f%e7%a8%8b%e5%ba%8f%e6%80%8e%e4%b9%88%e5%8a%9e%ef%bc%9a%e4%ba%b2%e6%b5%8b%e6%9c%89%e6%95%88%e7%9a%84%e5%9b%9e
4612	jiaocheng	央視頻vpn：海外党如何流畅访问国内受限服务	2025-10-18 11:36:29	%e5%a4%ae%e8%a6%96%e9%a0%bbvpn%ef%bc%9a%e6%b5%b7%e5%a4%96%e5%85%9a%e5%a6%82%e4%bd%95%e6%b5%81%e7%95%85%e8%ae%bf%e9%97%ae%e5%9b%bd%e5%86%85%e5%8f%97%e9%99%90%e6%9c%8d%e5%8a%a1
4611	youxi	我的世界中國版地區無法登入？海外黨回國網絡體驗分享	2025-10-18 11:36:28	%e6%88%91%e7%9a%84%e4%b8%96%e7%95%8c%e4%b8%ad%e5%9c%8b%e7%89%88%e5%9c%b0%e5%8d%80%e7%84%a1%e6%b3%95%e7%99%bb%e5%85%a5%ef%bc%9f%e6%b5%b7%e5%a4%96%e9%bb%a8%e5%9b%9e%e5%9c%8b%e7%b6%b2%e7%b5%a1%e9%ab%94-2
4610	jiaocheng	微信遊戲不能看廣告怎么办？海外党亲测有效回国加速	2025-10-18 11:36:26	%e5%be%ae%e4%bf%a1%e9%81%8a%e6%88%b2%e4%b8%8d%e8%83%bd%e7%9c%8b%e5%bb%a3%e5%91%8a%e6%80%8e%e4%b9%88%e5%8a%9e%ef%bc%9f%e6%b5%b7%e5%a4%96%e5%85%9a%e4%ba%b2%e6%b5%8b%e6%9c%89%e6%95%88%e5%9b%9e%e5%9b%bd
4609	jiaocheng	台灣如何註冊夸克網盤？海外黨回國网络疑难解答	2025-10-18 11:36:24	%e5%8f%b0%e7%81%a3%e5%a6%82%e4%bd%95%e8%a8%bb%e5%86%8a%e5%a4%b8%e5%85%8b%e7%b6%b2%e7%9b%a4%ef%bc%9f%e6%b5%b7%e5%a4%96%e9%bb%a8%e5%9b%9e%e5%9c%8b%e7%bd%91%e7%bb%9c%e7%96%91%e9%9a%be%e8%a7%a3%e7%ad%94
4608	jiaocheng	咪咕海外遇阻？这些国内服务海外无法访问的真实原因与亲测解决办法	2025-10-18 11:36:23	%e5%92%aa%e5%92%95%e6%b5%b7%e5%a4%96%e9%81%87%e9%98%bb%ef%bc%9f%e8%bf%99%e4%ba%9b%e5%9b%bd%e5%86%85%e6%9c%8d%e5%8a%a1%e6%b5%b7%e5%a4%96%e6%97%a0%e6%b3%95%e8%ae%bf%e9%97%ae%e7%9a%84%e7%9c%9f%e5%ae%9e
4607	bangong	交管12123国外网络异常405怎么办？试试这个方法	2025-10-18 11:36:21	%e4%ba%a4%e7%ae%a112123%e5%9b%bd%e5%a4%96%e7%bd%91%e7%bb%9c%e5%bc%82%e5%b8%b8405%e6%80%8e%e4%b9%88%e5%8a%9e%ef%bc%9f%e8%af%95%e8%af%95%e8%bf%99%e4%b8%aa%e6%96%b9%e6%b3%95
4606	jiaocheng	海外访问国内服务，快帆vpn下载是首选？	2025-10-18 11:36:19	%e6%b5%b7%e5%a4%96%e8%ae%bf%e9%97%ae%e5%9b%bd%e5%86%85%e6%9c%8d%e5%8a%a1%ef%bc%8c%e5%bf%ab%e5%b8%86vpn%e4%b8%8b%e8%bd%bd%e6%98%af%e9%a6%96%e9%80%89%ef%bc%9f
4605	yinyue	国外怎么用咪咕音乐？轻松解决访问限制	2025-10-18 11:36:17	%e5%9b%bd%e5%a4%96%e6%80%8e%e4%b9%88%e7%94%a8%e5%92%aa%e5%92%95%e9%9f%b3%e4%b9%90%ef%bc%9f%e8%bd%bb%e6%9d%be%e8%a7%a3%e5%86%b3%e8%ae%bf%e9%97%ae%e9%99%90%e5%88%b6
4604	tiyu	怎么在海外看cctv5？海外党亲测回国网络解决之道	2025-10-17 14:54:37	%e6%80%8e%e4%b9%88%e5%9c%a8%e6%b5%b7%e5%a4%96%e7%9c%8bcctv5%ef%bc%9f%e6%b5%b7%e5%a4%96%e5%85%9a%e4%ba%b2%e6%b5%8b%e5%9b%9e%e5%9b%bd%e7%bd%91%e7%bb%9c%e8%a7%a3%e5%86%b3%e4%b9%8b%e9%81%93
4603	jiaocheng	怎么翻墙到国内才能流畅访问？海外党必看！	2025-10-17 14:54:35	%e6%80%8e%e4%b9%88%e7%bf%bb%e5%a2%99%e5%88%b0%e5%9b%bd%e5%86%85%e6%89%8d%e8%83%bd%e6%b5%81%e7%95%85%e8%ae%bf%e9%97%ae%ef%bc%9f%e6%b5%b7%e5%a4%96%e5%85%9a%e5%bf%85%e7%9c%8b%ef%bc%81
4602	yinyue	在美国能听QQ音乐吗？海外党回国网络问题的亲测分享	2025-10-17 14:54:33	%e5%9c%a8%e7%be%8e%e5%9b%bd%e8%83%bd%e5%90%acqq%e9%9f%b3%e4%b9%90%e5%90%97%ef%bc%9f%e6%b5%b7%e5%a4%96%e5%85%9a%e5%9b%9e%e5%9b%bd%e7%bd%91%e7%bb%9c%e9%97%ae%e9%a2%98%e7%9a%84%e4%ba%b2%e6%b5%8b%e5%88%86
4601	yinyue	在海外如何顺利解除喜马拉雅限制的方法？	2025-10-17 14:54:31	%e5%9c%a8%e6%b5%b7%e5%a4%96%e5%a6%82%e4%bd%95%e9%a1%ba%e5%88%a9%e8%a7%a3%e9%99%a4%e5%96%9c%e9%a9%ac%e6%8b%89%e9%9b%85%e9%99%90%e5%88%b6%e7%9a%84%e6%96%b9%e6%b3%95%ef%bc%9f
4600	bangong	在海外如果使用交管12123怎么办？亲测有效回国网络设置	2025-10-17 14:54:29	%e5%9c%a8%e6%b5%b7%e5%a4%96%e5%a6%82%e6%9e%9c%e4%bd%bf%e7%94%a8%e4%ba%a4%e7%ae%a112123%e6%80%8e%e4%b9%88%e5%8a%9e%ef%bc%9f%e4%ba%b2%e6%b5%8b%e6%9c%89%e6%95%88%e5%9b%9e%e5%9b%bd%e7%bd%91%e7%bb%9c
4599	bangong	在国外怎么注册交管12123？这些麻烦事儿该咋办	2025-10-17 14:54:28	%e5%9c%a8%e5%9b%bd%e5%a4%96%e6%80%8e%e4%b9%88%e6%b3%a8%e5%86%8c%e4%ba%a4%e7%ae%a112123%ef%bc%9f%e8%bf%99%e4%ba%9b%e9%ba%bb%e7%83%a6%e4%ba%8b%e5%84%bf%e8%af%a5%e5%92%8b%e5%8a%9e
4598	jiaocheng	在国外怎么用国内软件？这里有真实的回国网络解决办法	2025-10-17 14:54:26	%e5%9c%a8%e5%9b%bd%e5%a4%96%e6%80%8e%e4%b9%88%e7%94%a8%e5%9b%bd%e5%86%85%e8%bd%af%e4%bb%b6%ef%bc%9f%e8%bf%99%e9%87%8c%e6%9c%89%e7%9c%9f%e5%ae%9e%e7%9a%84%e5%9b%9e%e5%9b%bd%e7%bd%91%e7%bb%9c%e8%a7%a3
4597	jiaocheng	在国外怎么听中国歌曲：亲测有效的回国网络解决方案	2025-10-17 14:54:25	%e5%9c%a8%e5%9b%bd%e5%a4%96%e6%80%8e%e4%b9%88%e5%90%ac%e4%b8%ad%e5%9b%bd%e6%ad%8c%e6%9b%b2%ef%bc%9a%e4%ba%b2%e6%b5%8b%e6%9c%89%e6%95%88%e7%9a%84%e5%9b%9e%e5%9b%bd%e7%bd%91%e7%bb%9c%e8%a7%a3%e5%86%b3
4596	jiaocheng	在国外怎么看国内电视？这些回国网络限制怎么办？	2025-10-17 14:54:23	%e5%9c%a8%e5%9b%bd%e5%a4%96%e6%80%8e%e4%b9%88%e7%9c%8b%e5%9b%bd%e5%86%85%e7%94%b5%e8%a7%86%ef%bc%9f%e8%bf%99%e4%ba%9b%e5%9b%9e%e5%9b%bd%e7%bd%91%e7%bb%9c%e9%99%90%e5%88%b6%e6%80%8e%e4%b9%88%e5%8a%9e
4595	jiaocheng	在国外怎么电脑翻墙回国访问国内服务？	2025-10-17 14:54:21	%e5%9c%a8%e5%9b%bd%e5%a4%96%e6%80%8e%e4%b9%88%e7%94%b5%e8%84%91%e7%bf%bb%e5%a2%99%e5%9b%9e%e5%9b%bd%e8%ae%bf%e9%97%ae%e5%9b%bd%e5%86%85%e6%9c%8d%e5%8a%a1%ef%bc%9f
4594	youxi	在国外玩国服原神 遇阻？这些国内服务也能用	2025-10-17 14:54:20	%e5%9c%a8%e5%9b%bd%e5%a4%96%e7%8e%a9%e5%9b%bd%e6%9c%8d%e5%8e%9f%e7%a5%9e-%e9%81%87%e9%98%bb%ef%bc%9f%e8%bf%99%e4%ba%9b%e5%9b%bd%e5%86%85%e6%9c%8d%e5%8a%a1%e4%b9%9f%e8%83%bd%e7%94%a8
4593	bangong	在国外可以登陆12123吗？海外党回国网络实测分享	2025-10-17 14:54:18	%e5%9c%a8%e5%9b%bd%e5%a4%96%e5%8f%af%e4%bb%a5%e7%99%bb%e9%99%8612123%e5%90%97%ef%bc%9f%e6%b5%b7%e5%a4%96%e5%85%9a%e5%9b%9e%e5%9b%bd%e7%bd%91%e7%bb%9c%e5%ae%9e%e6%b5%8b%e5%88%86%e4%ba%ab
4592	bangong	在国外登录12123的注意事项与常见问题解答	2025-10-17 14:54:17	%e5%9c%a8%e5%9b%bd%e5%a4%96%e7%99%bb%e5%bd%9512123%e7%9a%84%e6%b3%a8%e6%84%8f%e4%ba%8b%e9%a1%b9%e4%b8%8e%e5%b8%b8%e8%a7%81%e9%97%ae%e9%a2%98%e8%a7%a3%e7%ad%94
4591	bangong	在国外12123登不上去怎么办？海外党访问国内受限服务的真实体验与解决之道	2025-10-17 14:54:15	%e5%9c%a8%e5%9b%bd%e5%a4%9612123%e7%99%bb%e4%b8%8d%e4%b8%8a%e5%8e%bb%e6%80%8e%e4%b9%88%e5%8a%9e%ef%bc%9f%e6%b5%b7%e5%a4%96%e5%85%9a%e8%ae%bf%e9%97%ae%e5%9b%bd%e5%86%85%e5%8f%97%e9%99%90%e6%9c%8d
4590	yingyin	优酷台灣怎么解决？海外党亲测回国加速方法	2025-10-17 14:54:13	%e4%bc%98%e9%85%b7%e5%8f%b0%e7%81%a3%e6%80%8e%e4%b9%88%e8%a7%a3%e5%86%b3%ef%bc%9f%e6%b5%b7%e5%a4%96%e5%85%9a%e4%ba%b2%e6%b5%8b%e5%9b%9e%e5%9b%bd%e5%8a%a0%e9%80%9f%e6%96%b9%e6%b3%95
4589	yingyin	优酷地区限制怎么办？海外党亲测有效回国网络解决之道	2025-10-17 14:54:12	%e4%bc%98%e9%85%b7%e5%9c%b0%e5%8c%ba%e9%99%90%e5%88%b6%e6%80%8e%e4%b9%88%e5%8a%9e%ef%bc%9f%e6%b5%b7%e5%a4%96%e5%85%9a%e4%ba%b2%e6%b5%8b%e6%9c%89%e6%95%88%e5%9b%9e%e5%9b%bd%e7%bd%91%e7%bb%9c%e8%a7%a3
4588	jiaocheng	小米電視翻牆：海外黨如何順暢訪問國內服務	2025-10-17 14:54:10	%e5%b0%8f%e7%b1%b3%e9%9b%bb%e8%a6%96%e7%bf%bb%e7%89%86%ef%bc%9a%e6%b5%b7%e5%a4%96%e9%bb%a8%e5%a6%82%e4%bd%95%e9%a0%86%e6%9a%a2%e8%a8%aa%e5%95%8f%e5%9c%8b%e5%85%a7%e6%9c%8d%e5%8b%99
4587	jiaocheng	小红书更改ip，海外党访问国内服务那些事儿	2025-10-17 14:54:09	%e5%b0%8f%e7%ba%a2%e4%b9%a6%e6%9b%b4%e6%94%b9ip%ef%bc%8c%e6%b5%b7%e5%a4%96%e5%85%9a%e8%ae%bf%e9%97%ae%e5%9b%bd%e5%86%85%e6%9c%8d%e5%8a%a1%e9%82%a3%e4%ba%9b%e4%ba%8b%e5%84%bf
4586	yinyue	喜马拉雅怎么解决海外版权问题？海外党回国上网深度解析	2025-10-17 14:54:07	%e5%96%9c%e9%a9%ac%e6%8b%89%e9%9b%85%e6%80%8e%e4%b9%88%e8%a7%a3%e5%86%b3%e6%b5%b7%e5%a4%96%e7%89%88%e6%9d%83%e9%97%ae%e9%a2%98%ef%bc%9f%e6%b5%b7%e5%a4%96%e5%85%9a%e5%9b%9e%e5%9b%bd%e4%b8%8a%e7%bd%91
4585	jiaocheng	我在国外浏览不了国内的网站怎么办？	2025-10-17 14:54:05	%e6%88%91%e5%9c%a8%e5%9b%bd%e5%a4%96%e6%b5%8f%e8%a7%88%e4%b8%8d%e4%ba%86%e5%9b%bd%e5%86%85%e7%9a%84%e7%bd%91%e7%ab%99%e6%80%8e%e4%b9%88%e5%8a%9e%ef%bc%9f
4584	jiaocheng	为什么有些歌在国外不能听？海外党回国网络畅通秘籍	2025-10-17 14:54:04	%e4%b8%ba%e4%bb%80%e4%b9%88%e6%9c%89%e4%ba%9b%e6%ad%8c%e5%9c%a8%e5%9b%bd%e5%a4%96%e4%b8%8d%e8%83%bd%e5%90%ac%ef%bc%9f%e6%b5%b7%e5%a4%96%e5%85%9a%e5%9b%9e%e5%9b%bd%e7%bd%91%e7%bb%9c%e7%95%85%e9%80%9a
4583	jiaocheng	为什么v2ray延迟高？亲测有效的回国网络方法	2025-10-17 14:54:02	%e4%b8%ba%e4%bb%80%e4%b9%88v2ray%e5%bb%b6%e8%bf%9f%e9%ab%98%ef%bc%9f%e4%ba%b2%e6%b5%8b%e6%9c%89%e6%95%88%e7%9a%84%e5%9b%9e%e5%9b%bd%e7%bd%91%e7%bb%9c%e6%96%b9%e6%b3%95
4582	jiaocheng	微信豆海外充值难？海外党访问国内服务全解析	2025-10-17 14:54:00	%e5%be%ae%e4%bf%a1%e8%b1%86%e6%b5%b7%e5%a4%96%e5%85%85%e5%80%bc%e9%9a%be%ef%bc%9f%e6%b5%b7%e5%a4%96%e5%85%9a%e8%ae%bf%e9%97%ae%e5%9b%bd%e5%86%85%e6%9c%8d%e5%8a%a1%e5%85%a8%e8%a7%a3%e6%9e%90
4581	bangong	如何在国外打开12123？亲测有效的回国网络解决之道	2025-10-17 14:53:59	%e5%a6%82%e4%bd%95%e5%9c%a8%e5%9b%bd%e5%a4%96%e6%89%93%e5%bc%8012123%ef%bc%9f%e4%ba%b2%e6%b5%8b%e6%9c%89%e6%95%88%e7%9a%84%e5%9b%9e%e5%9b%bd%e7%bd%91%e7%bb%9c%e8%a7%a3%e5%86%b3%e4%b9%8b%e9%81%93
4580	jiaocheng	全民K歌国外怎么用原唱？海外党亲测有效的方法来了	2025-10-17 14:53:57	%e5%85%a8%e6%b0%91k%e6%ad%8c%e5%9b%bd%e5%a4%96%e6%80%8e%e4%b9%88%e7%94%a8%e5%8e%9f%e5%94%b1%ef%bc%9f%e6%b5%b7%e5%a4%96%e5%85%9a%e4%ba%b2%e6%b5%8b%e6%9c%89%e6%95%88%e7%9a%84%e6%96%b9%e6%b3%95%e6%9d%a5
4579	jiaocheng	夸克盤：海外党访问国内服务卡顿的真实原因与解决之道	2025-10-17 14:53:56	%e5%a4%b8%e5%85%8b%e7%9b%a4%ef%bc%9a%e6%b5%b7%e5%a4%96%e5%85%9a%e8%ae%bf%e9%97%ae%e5%9b%bd%e5%86%85%e6%9c%8d%e5%8a%a1%e5%8d%a1%e9%a1%bf%e7%9a%84%e7%9c%9f%e5%ae%9e%e5%8e%9f%e5%9b%a0%e4%b8%8e%e8%a7%a3
4578	jiaocheng	回国机场搭建那些事儿：让国内服务畅行无阻	2025-10-17 14:53:53	%e5%9b%9e%e5%9b%bd%e6%9c%ba%e5%9c%ba%e6%90%ad%e5%bb%ba%e9%82%a3%e4%ba%9b%e4%ba%8b%e5%84%bf%ef%bc%9a%e8%ae%a9%e5%9b%bd%e5%86%85%e6%9c%8d%e5%8a%a1%e7%95%85%e8%a1%8c%e6%97%a0%e9%98%bb
4577	youxi	国外怎么玩国内的游戏：解除区域限制的真实分享	2025-10-17 14:53:51	%e5%9b%bd%e5%a4%96%e6%80%8e%e4%b9%88%e7%8e%a9%e5%9b%bd%e5%86%85%e7%9a%84%e6%b8%b8%e6%88%8f%ef%bc%9a%e8%a7%a3%e9%99%a4%e5%8c%ba%e5%9f%9f%e9%99%90%e5%88%b6%e7%9a%84%e7%9c%9f%e5%ae%9e%e5%88%86%e4%ba%ab
4576	jiaocheng	国外翻墙到国内：海外党如何顺畅访问国内网络	2025-10-17 14:53:49	%e5%9b%bd%e5%a4%96%e7%bf%bb%e5%a2%99%e5%88%b0%e5%9b%bd%e5%86%85%ef%bc%9a%e6%b5%b7%e5%a4%96%e5%85%9a%e5%a6%82%e4%bd%95%e9%a1%ba%e7%95%85%e8%ae%bf%e9%97%ae%e5%9b%bd%e5%86%85%e7%bd%91%e7%bb%9c
4575	yinyue	怎样在国外听国内音乐最全参考（亲测有效）	2025-10-16 11:02:11	%e6%80%8e%e6%a0%b7%e5%9c%a8%e5%9b%bd%e5%a4%96%e5%90%ac%e5%9b%bd%e5%86%85%e9%9f%b3%e4%b9%90%e6%9c%80%e5%85%a8%e5%8f%82%e8%80%83%ef%bc%88%e4%ba%b2%e6%b5%8b%e6%9c%89%e6%95%88%ef%bc%89
4574	yinyue	怎么在国外能听到QQ音乐？海外党回国网络解析	2025-10-16 11:02:09	%e6%80%8e%e4%b9%88%e5%9c%a8%e5%9b%bd%e5%a4%96%e8%83%bd%e5%90%ac%e5%88%b0qq%e9%9f%b3%e4%b9%90%ef%bc%9f%e6%b5%b7%e5%a4%96%e5%85%9a%e5%9b%9e%e5%9b%bd%e7%bd%91%e7%bb%9c%e8%a7%a3%e6%9e%90
4573	tiyu	在日本怎么看nba？这些国内服务如何顺利访问	2025-10-16 11:02:07	%e5%9c%a8%e6%97%a5%e6%9c%ac%e6%80%8e%e4%b9%88%e7%9c%8bnba%ef%bc%9f%e8%bf%99%e4%ba%9b%e5%9b%bd%e5%86%85%e6%9c%8d%e5%8a%a1%e5%a6%82%e4%bd%95%e9%a1%ba%e5%88%a9%e8%ae%bf%e9%97%ae
4572	jiaocheng	在加拿大看国内电视遇到限制怎么办？亲测有效回国网络解决	2025-10-16 11:02:04	%e5%9c%a8%e5%8a%a0%e6%8b%bf%e5%a4%a7%e7%9c%8b%e5%9b%bd%e5%86%85%e7%94%b5%e8%a7%86%e9%81%87%e5%88%b0%e9%99%90%e5%88%b6%e6%80%8e%e4%b9%88%e5%8a%9e%ef%bc%9f%e4%ba%b2%e6%b5%8b%e6%9c%89%e6%95%88%e5%9b%9e
4571	jiaocheng	在海外如何顺畅访问國內服務：電腦VPN大陸的真實體驗	2025-10-16 11:02:03	%e5%9c%a8%e6%b5%b7%e5%a4%96%e5%a6%82%e4%bd%95%e9%a1%ba%e7%95%85%e8%ae%bf%e9%97%ae%e5%9c%8b%e5%85%a7%e6%9c%8d%e5%8b%99%ef%bc%9a%e9%9b%bb%e8%85%a6vpn%e5%a4%a7%e9%99%b8%e7%9a%84%e7%9c%9f%e5%af%a6
4570	youxi	在国外怎么玩我的世界国服？海外党亲测可用方法	2025-10-16 11:02:00	%e5%9c%a8%e5%9b%bd%e5%a4%96%e6%80%8e%e4%b9%88%e7%8e%a9%e6%88%91%e7%9a%84%e4%b8%96%e7%95%8c%e5%9b%bd%e6%9c%8d%ef%bc%9f%e6%b5%b7%e5%a4%96%e5%85%9a%e4%ba%b2%e6%b5%8b%e5%8f%af%e7%94%a8%e6%96%b9%e6%b3%95
4569	youxi	在国外怎么玩国内的游戏？老用户亲测有效解决办法	2025-10-16 11:01:58	%e5%9c%a8%e5%9b%bd%e5%a4%96%e6%80%8e%e4%b9%88%e7%8e%a9%e5%9b%bd%e5%86%85%e7%9a%84%e6%b8%b8%e6%88%8f%ef%bc%9f%e8%80%81%e7%94%a8%e6%88%b7%e4%ba%b2%e6%b5%8b%e6%9c%89%e6%95%88%e8%a7%a3%e5%86%b3%e5%8a%9e
4568	yinyue	在国外怎么听酷狗音乐最全解答（亲测有效）	2025-10-16 11:01:56	%e5%9c%a8%e5%9b%bd%e5%a4%96%e6%80%8e%e4%b9%88%e5%90%ac%e9%85%b7%e7%8b%97%e9%9f%b3%e4%b9%90%e6%9c%80%e5%85%a8%e8%a7%a3%e7%ad%94%ef%bc%88%e4%ba%b2%e6%b5%8b%e6%9c%89%e6%95%88%ef%bc%89
4567	jiaocheng	在国外怎么进中国网站？解决国内服务访问难题	2025-10-16 11:01:54	%e5%9c%a8%e5%9b%bd%e5%a4%96%e6%80%8e%e4%b9%88%e8%bf%9b%e4%b8%ad%e5%9b%bd%e7%bd%91%e7%ab%99%ef%bc%9f%e8%a7%a3%e5%86%b3%e5%9b%bd%e5%86%85%e6%9c%8d%e5%8a%a1%e8%ae%bf%e9%97%ae%e9%9a%be%e9%a2%98
4566	bangong	在国外怎么登录12123？海外访问国内服务实测分享	2025-10-16 11:01:52	%e5%9c%a8%e5%9b%bd%e5%a4%96%e6%80%8e%e4%b9%88%e7%99%bb%e5%bd%9512123%ef%bc%9f%e6%b5%b7%e5%a4%96%e8%ae%bf%e9%97%ae%e5%9b%bd%e5%86%85%e6%9c%8d%e5%8a%a1%e5%ae%9e%e6%b5%8b%e5%88%86%e4%ba%ab
4565	jiaocheng	在国外为什么打不了微信语音？国内服务访问受限全解析	2025-10-16 11:01:51	%e5%9c%a8%e5%9b%bd%e5%a4%96%e4%b8%ba%e4%bb%80%e4%b9%88%e6%89%93%e4%b8%8d%e4%ba%86%e5%be%ae%e4%bf%a1%e8%af%ad%e9%9f%b3%ef%bc%9f%e5%9b%bd%e5%86%85%e6%9c%8d%e5%8a%a1%e8%ae%bf%e9%97%ae%e5%8f%97%e9%99%90
4564	yinyue	在国外听不了网易云怎么办？海外党看这里	2025-10-16 11:01:49	%e5%9c%a8%e5%9b%bd%e5%a4%96%e5%90%ac%e4%b8%8d%e4%ba%86%e7%bd%91%e6%98%93%e4%ba%91%e6%80%8e%e4%b9%88%e5%8a%9e%ef%bc%9f%e6%b5%b7%e5%a4%96%e5%85%9a%e7%9c%8b%e8%bf%99%e9%87%8c
4563	yingyin	在国外听不了歌怎么办？海外党访问国内音乐视频应用全解析	2025-10-16 11:01:46	%e5%9c%a8%e5%9b%bd%e5%a4%96%e5%90%ac%e4%b8%8d%e4%ba%86%e6%ad%8c%e6%80%8e%e4%b9%88%e5%8a%9e%ef%bc%9f%e6%b5%b7%e5%a4%96%e5%85%9a%e8%ae%bf%e9%97%ae%e5%9b%bd%e5%86%85%e9%9f%b3%e4%b9%90%e8%a7%86%e9%a2%91
4562	bangong	在国外如何登录12123？海外党亲测有效解决办法	2025-10-16 11:01:45	%e5%9c%a8%e5%9b%bd%e5%a4%96%e5%a6%82%e4%bd%95%e7%99%bb%e5%bd%9512123%ef%bc%9f%e6%b5%b7%e5%a4%96%e5%85%9a%e4%ba%b2%e6%b5%8b%e6%9c%89%e6%95%88%e8%a7%a3%e5%86%b3%e5%8a%9e%e6%b3%95
4561	jiaocheng	在国外能正常使用国内软件吗？这些限制与破解办法告诉你	2025-10-16 11:01:42	%e5%9c%a8%e5%9b%bd%e5%a4%96%e8%83%bd%e6%ad%a3%e5%b8%b8%e4%bd%bf%e7%94%a8%e5%9b%bd%e5%86%85%e8%bd%af%e4%bb%b6%e5%90%97%ef%bc%9f%e8%bf%99%e4%ba%9b%e9%99%90%e5%88%b6%e4%b8%8e%e7%a0%b4%e8%a7%a3%e5%8a%9e
4560	jiaocheng	在国外能访问国内网站吗？海外党回国网络痛点与解决之道	2025-10-16 11:01:40	%e5%9c%a8%e5%9b%bd%e5%a4%96%e8%83%bd%e8%ae%bf%e9%97%ae%e5%9b%bd%e5%86%85%e7%bd%91%e7%ab%99%e5%90%97%ef%bc%9f%e6%b5%b7%e5%a4%96%e5%85%9a%e5%9b%9e%e5%9b%bd%e7%bd%91%e7%bb%9c%e7%97%9b%e7%82%b9%e4%b8%8e
4559	youxi	在国外交管12123登录不上怎么办？海外党亲测有效解决方案	2025-10-16 11:01:38	%e5%9c%a8%e5%9b%bd%e5%a4%96%e4%ba%a4%e7%ae%a112123%e7%99%bb%e5%bd%95%e4%b8%8d%e4%b8%8a%e6%80%8e%e4%b9%88%e5%8a%9e%ef%bc%9f%e6%b5%b7%e5%a4%96%e5%85%9a%e4%ba%b2%e6%b5%8b%e6%9c%89%e6%95%88%e8%a7%a3
4558	yinyue	在国外QQ音乐地区限制怎么办？海外党回国畅享音乐网络	2025-10-16 11:01:36	%e5%9c%a8%e5%9b%bd%e5%a4%96qq%e9%9f%b3%e4%b9%90%e5%9c%b0%e5%8c%ba%e9%99%90%e5%88%b6%e6%80%8e%e4%b9%88%e5%8a%9e%ef%bc%9f%e6%b5%b7%e5%a4%96%e5%85%9a%e5%9b%9e%e5%9b%bd%e7%95%85%e4%ba%ab%e9%9f%b3%e4%b9%90
4557	jiaocheng	一亩三分地是什么网站？海外用户回国加速器真实体验	2025-10-16 11:01:33	%e4%b8%80%e4%ba%a9%e4%b8%89%e5%88%86%e5%9c%b0%e6%98%af%e4%bb%80%e4%b9%88%e7%bd%91%e7%ab%99%ef%bc%9f%e6%b5%b7%e5%a4%96%e7%94%a8%e6%88%b7%e5%9b%9e%e5%9b%bd%e5%8a%a0%e9%80%9f%e5%99%a8%e7%9c%9f%e5%ae%9e
4556	jiaocheng	小米手機更改地區是怎么回事？海外用户访问国内服务难题	2025-10-16 11:01:32	%e5%b0%8f%e7%b1%b3%e6%89%8b%e6%a9%9f%e6%9b%b4%e6%94%b9%e5%9c%b0%e5%8d%80%e6%98%af%e6%80%8e%e4%b9%88%e5%9b%9e%e4%ba%8b%ef%bc%9f%e6%b5%b7%e5%a4%96%e7%94%a8%e6%88%b7%e8%ae%bf%e9%97%ae%e5%9b%bd%e5%86%85
4555	jiaocheng	小红书怎么关闭ip地址：海外访问国内受限服务的亲测体验	2025-10-16 11:01:29	%e5%b0%8f%e7%ba%a2%e4%b9%a6%e6%80%8e%e4%b9%88%e5%85%b3%e9%97%adip%e5%9c%b0%e5%9d%80%ef%bc%9a%e6%b5%b7%e5%a4%96%e8%ae%bf%e9%97%ae%e5%9b%bd%e5%86%85%e5%8f%97%e9%99%90%e6%9c%8d%e5%8a%a1%e7%9a%84%e4%ba%b2
4554	jiaocheng	小红书修改ip，海外党访问国内服务总受限？	2025-10-16 11:01:27	%e5%b0%8f%e7%ba%a2%e4%b9%a6%e4%bf%ae%e6%94%b9ip%ef%bc%8c%e6%b5%b7%e5%a4%96%e5%85%9a%e8%ae%bf%e9%97%ae%e5%9b%bd%e5%86%85%e6%9c%8d%e5%8a%a1%e6%80%bb%e5%8f%97%e9%99%90%ef%bc%9f
4553	jiaocheng	喜馬拉雅實名認證难？海外访问国内受限服务这样解决	2025-10-16 11:01:25	%e5%96%9c%e9%a6%ac%e6%8b%89%e9%9b%85%e5%af%a6%e5%90%8d%e8%aa%8d%e8%ad%89%e9%9a%be%ef%bc%9f%e6%b5%b7%e5%a4%96%e8%ae%bf%e9%97%ae%e5%9b%bd%e5%86%85%e5%8f%97%e9%99%90%e6%9c%8d%e5%8a%a1%e8%bf%99%e6%a0%b7
4552	yinyue	喜马拉雅怎么解除限制播放？海外党必看回国方法	2025-10-16 11:01:23	%e5%96%9c%e9%a9%ac%e6%8b%89%e9%9b%85%e6%80%8e%e4%b9%88%e8%a7%a3%e9%99%a4%e9%99%90%e5%88%b6%e6%92%ad%e6%94%be%ef%bc%9f%e6%b5%b7%e5%a4%96%e5%85%9a%e5%bf%85%e7%9c%8b%e5%9b%9e%e5%9b%bd%e6%96%b9%e6%b3%95
4551	yinyue	喜马拉雅国外用不了怎么办？真实回国网络解决心得	2025-10-16 11:01:21	%e5%96%9c%e9%a9%ac%e6%8b%89%e9%9b%85%e5%9b%bd%e5%a4%96%e7%94%a8%e4%b8%8d%e4%ba%86%e6%80%8e%e4%b9%88%e5%8a%9e%ef%bc%9f%e7%9c%9f%e5%ae%9e%e5%9b%9e%e5%9b%bd%e7%bd%91%e7%bb%9c%e8%a7%a3%e5%86%b3%e5%bf%83
4550	yinyue	喜马拉雅地区限制怎么办？海外党亲测回国网络疏通之道	2025-10-16 11:01:19	%e5%96%9c%e9%a9%ac%e6%8b%89%e9%9b%85%e5%9c%b0%e5%8c%ba%e9%99%90%e5%88%b6%e6%80%8e%e4%b9%88%e5%8a%9e%ef%bc%9f%e6%b5%b7%e5%a4%96%e5%85%9a%e4%ba%b2%e6%b5%8b%e5%9b%9e%e5%9b%bd%e7%bd%91%e7%bb%9c%e7%96%8f
4549	youxi	为什么香港玩不了我的世界？海外访问国内服务遇阻原因及真实回国办法	2025-10-16 11:01:16	%e4%b8%ba%e4%bb%80%e4%b9%88%e9%a6%99%e6%b8%af%e7%8e%a9%e4%b8%8d%e4%ba%86%e6%88%91%e7%9a%84%e4%b8%96%e7%95%8c%ef%bc%9f%e6%b5%b7%e5%a4%96%e8%ae%bf%e9%97%ae%e5%9b%bd%e5%86%85%e6%9c%8d%e5%8a%a1%e9%81%87
4548	jiaocheng	为什么出国后微信不能打电话了？海外访问国内服务怎么办？	2025-10-16 11:01:15	%e4%b8%ba%e4%bb%80%e4%b9%88%e5%87%ba%e5%9b%bd%e5%90%8e%e5%be%ae%e4%bf%a1%e4%b8%8d%e8%83%bd%e6%89%93%e7%94%b5%e8%af%9d%e4%ba%86%ef%bc%9f%e6%b5%b7%e5%a4%96%e8%ae%bf%e9%97%ae%e5%9b%bd%e5%86%85%e6%9c%8d
4547	jiaocheng	微信小遊戲無法看廣告怎么办？海外用户亲测有效解锁方案	2025-10-16 11:01:12	%e5%be%ae%e4%bf%a1%e5%b0%8f%e9%81%8a%e6%88%b2%e7%84%a1%e6%b3%95%e7%9c%8b%e5%bb%a3%e5%91%8a%e6%80%8e%e4%b9%88%e5%8a%9e%ef%bc%9f%e6%b5%b7%e5%a4%96%e7%94%a8%e6%88%b7%e4%ba%b2%e6%b5%8b%e6%9c%89%e6%95%88
4546	jiaocheng	微信豆充值链接，海外用户如何顺利访问？	2025-10-16 11:01:09	%e5%be%ae%e4%bf%a1%e8%b1%86%e5%85%85%e5%80%bc%e9%93%be%e6%8e%a5%ef%bc%8c%e6%b5%b7%e5%a4%96%e7%94%a8%e6%88%b7%e5%a6%82%e4%bd%95%e9%a1%ba%e5%88%a9%e8%ae%bf%e9%97%ae%ef%bc%9f
4545	jiaocheng	天籁k歌因版權原因？海外用户回国加速，这样解决最实用	2025-10-16 11:01:07	%e5%a4%a9%e7%b1%81k%e6%ad%8c%e5%9b%a0%e7%89%88%e6%ac%8a%e5%8e%9f%e5%9b%a0%ef%bc%9f%e6%b5%b7%e5%a4%96%e7%94%a8%e6%88%b7%e5%9b%9e%e5%9b%bd%e5%8a%a0%e9%80%9f%ef%bc%8c%e8%bf%99%e6%a0%b7%e8%a7%a3%e5%86%b3
4544	jiaocheng	台湾人怎么用全民K歌？海外访问常见问题与解决之道	2025-10-16 11:01:05	%e5%8f%b0%e6%b9%be%e4%ba%ba%e6%80%8e%e4%b9%88%e7%94%a8%e5%85%a8%e6%b0%91k%e6%ad%8c%ef%bc%9f%e6%b5%b7%e5%a4%96%e8%ae%bf%e9%97%ae%e5%b8%b8%e8%a7%81%e9%97%ae%e9%a2%98%e4%b8%8e%e8%a7%a3%e5%86%b3%e4%b9%8b
4543	jiaocheng	如何快速访问中国国内的网站网址，海外党亲测有效！	2025-10-16 11:01:02	%e5%a6%82%e4%bd%95%e5%bf%ab%e9%80%9f%e8%ae%bf%e9%97%ae%e4%b8%ad%e5%9b%bd%e5%9b%bd%e5%86%85%e7%9a%84%e7%bd%91%e7%ab%99%e7%bd%91%e5%9d%80%ef%bc%8c%e6%b5%b7%e5%a4%96%e5%85%9a%e4%ba%b2%e6%b5%8b%e6%9c%89
4542	jiaocheng	人在海外，韩剧tv 访问受限？这些国内服务也一样受影响	2025-10-16 11:01:01	%e4%ba%ba%e5%9c%a8%e6%b5%b7%e5%a4%96%ef%bc%8c%e9%9f%a9%e5%89%a7tv-%e8%ae%bf%e9%97%ae%e5%8f%97%e9%99%90%ef%bc%9f%e8%bf%99%e4%ba%9b%e5%9b%bd%e5%86%85%e6%9c%8d%e5%8a%a1%e4%b9%9f%e4%b8%80%e6%a0%b7
4541	bangong	人在国外登陆不了12123账号怎么办？亲测有效的方法来了	2025-10-16 11:00:58	%e4%ba%ba%e5%9c%a8%e5%9b%bd%e5%a4%96%e7%99%bb%e9%99%86%e4%b8%8d%e4%ba%8612123%e8%b4%a6%e5%8f%b7%e6%80%8e%e4%b9%88%e5%8a%9e%ef%bc%9f%e4%ba%b2%e6%b5%8b%e6%9c%89%e6%95%88%e7%9a%84%e6%96%b9%e6%b3%95
4540	jiaocheng	全民k歌所在地區無法提供服務怎么办？海外党亲测回国网络解读	2025-10-16 11:00:56	%e5%85%a8%e6%b0%91k%e6%ad%8c%e6%89%80%e5%9c%a8%e5%9c%b0%e5%8d%80%e7%84%a1%e6%b3%95%e6%8f%90%e4%be%9b%e6%9c%8d%e5%8b%99%e6%80%8e%e4%b9%88%e5%8a%9e%ef%bc%9f%e6%b5%b7%e5%a4%96%e5%85%9a%e4%ba%b2%e6%b5%8b
4539	yingyin	您所在的地区，暂不支持播放该视频？海外党回国网络解决方案	2025-10-16 11:00:55	%e6%82%a8%e6%89%80%e5%9c%a8%e7%9a%84%e5%9c%b0%e5%8c%ba%ef%bc%8c%e6%9a%82%e4%b8%8d%e6%94%af%e6%8c%81%e6%92%ad%e6%94%be%e8%af%a5%e8%a7%86%e9%a2%91%ef%bc%9f%e6%b5%b7%e5%a4%96%e5%85%9a%e5%9b%9e%e5%9b%bd
4538	jiaocheng	快帆云怎么样，海外党访问国内受限服务的烦恼与解决	2025-10-16 11:00:52	%e5%bf%ab%e5%b8%86%e4%ba%91%e6%80%8e%e4%b9%88%e6%a0%b7%ef%bc%8c%e6%b5%b7%e5%a4%96%e5%85%9a%e8%ae%bf%e9%97%ae%e5%9b%bd%e5%86%85%e5%8f%97%e9%99%90%e6%9c%8d%e5%8a%a1%e7%9a%84%e7%83%a6%e6%81%bc%e4%b8%8e
4537	bangong	交管12123在国外不能登录吗？海外党回国网络亲测有效	2025-10-16 11:00:51	%e4%ba%a4%e7%ae%a112123%e5%9c%a8%e5%9b%bd%e5%a4%96%e4%b8%8d%e8%83%bd%e7%99%bb%e5%bd%95%e5%90%97%ef%bc%9f%e6%b5%b7%e5%a4%96%e5%85%9a%e5%9b%9e%e5%9b%bd%e7%bd%91%e7%bb%9c%e4%ba%b2%e6%b5%8b%e6%9c%89
4536	jiaocheng	回国vpn破解版apk：海外党访问国内服务的那些事	2025-10-16 11:00:48	%e5%9b%9e%e5%9b%bdvpn%e7%a0%b4%e8%a7%a3%e7%89%88apk%ef%bc%9a%e6%b5%b7%e5%a4%96%e5%85%9a%e8%ae%bf%e9%97%ae%e5%9b%bd%e5%86%85%e6%9c%8d%e5%8a%a1%e7%9a%84%e9%82%a3%e4%ba%9b%e4%ba%8b
4535	jiaocheng	国外怎么免费听国内的歌，亲测有效的方法来了	2025-10-16 11:00:46	%e5%9b%bd%e5%a4%96%e6%80%8e%e4%b9%88%e5%85%8d%e8%b4%b9%e5%90%ac%e5%9b%bd%e5%86%85%e7%9a%84%e6%ad%8c%ef%bc%8c%e4%ba%b2%e6%b5%8b%e6%9c%89%e6%95%88%e7%9a%84%e6%96%b9%e6%b3%95%e6%9d%a5%e4%ba%86
4534	duanju	大陸抖音不能看直播，海外党如何顺利解锁？	2025-10-16 11:00:44	%e5%a4%a7%e9%99%b8%e6%8a%96%e9%9f%b3%e4%b8%8d%e8%83%bd%e7%9c%8b%e7%9b%b4%e6%92%ad%ef%bc%8c%e6%b5%b7%e5%a4%96%e5%85%9a%e5%a6%82%e4%bd%95%e9%a1%ba%e5%88%a9%e8%a7%a3%e9%94%81%ef%bc%9f
4532	youxi	我的世界中國版地區無法登入？海外黨回國網絡體驗分享	2025-10-15 13:45:35	%e6%88%91%e7%9a%84%e4%b8%96%e7%95%8c%e4%b8%ad%e5%9c%8b%e7%89%88%e5%9c%b0%e5%8d%80%e7%84%a1%e6%b3%95%e7%99%bb%e5%85%a5%ef%bc%9f%e6%b5%b7%e5%a4%96%e9%bb%a8%e5%9b%9e%e5%9c%8b%e7%b6%b2%e7%b5%a1%e9%ab%94
4531	jiaocheng	为什么在国外打不开国内网站？海外党亲测有效解决办法	2025-10-15 13:45:33	%e4%b8%ba%e4%bb%80%e4%b9%88%e5%9c%a8%e5%9b%bd%e5%a4%96%e6%89%93%e4%b8%8d%e5%bc%80%e5%9b%bd%e5%86%85%e7%bd%91%e7%ab%99%ef%bc%9f%e6%b5%b7%e5%a4%96%e5%85%9a%e4%ba%b2%e6%b5%8b%e6%9c%89%e6%95%88%e8%a7%a3
4530	bangong	为什么12123在国外登录不了？这几个回国加速器或许能帮上忙	2025-10-15 13:45:32	%e4%b8%ba%e4%bb%80%e4%b9%8812123%e5%9c%a8%e5%9b%bd%e5%a4%96%e7%99%bb%e5%bd%95%e4%b8%8d%e4%ba%86%ef%bc%9f%e8%bf%99%e5%87%a0%e4%b8%aa%e5%9b%9e%e5%9b%bd%e5%8a%a0%e9%80%9f%e5%99%a8%e6%88%96%e8%ae%b8
4529	jiaocheng	受区域限制，无法使用cici 的海外困扰与真实解决之道	2025-10-15 13:45:30	%e5%8f%97%e5%8c%ba%e5%9f%9f%e9%99%90%e5%88%b6%ef%bc%8c%e6%97%a0%e6%b3%95%e4%bd%bf%e7%94%a8cici-%e7%9a%84%e6%b5%b7%e5%a4%96%e5%9b%b0%e6%89%b0%e4%b8%8e%e7%9c%9f%e5%ae%9e%e8%a7%a3%e5%86%b3%e4%b9%8b
4528	yinyue	如何在国外听喜马拉雅？海外党亲测有效回国网络解决方案	2025-10-15 13:45:28	%e5%a6%82%e4%bd%95%e5%9c%a8%e5%9b%bd%e5%a4%96%e5%90%ac%e5%96%9c%e9%a9%ac%e6%8b%89%e9%9b%85%ef%bc%9f%e6%b5%b7%e5%a4%96%e5%85%9a%e4%ba%b2%e6%b5%8b%e6%9c%89%e6%95%88%e5%9b%9e%e5%9b%bd%e7%bd%91%e7%bb%9c
4527	jiaocheng	人在海外，怎么听国内的歌？回国网络全解析	2025-10-15 13:45:27	%e4%ba%ba%e5%9c%a8%e6%b5%b7%e5%a4%96%ef%bc%8c%e6%80%8e%e4%b9%88%e5%90%ac%e5%9b%bd%e5%86%85%e7%9a%84%e6%ad%8c%ef%bc%9f%e5%9b%9e%e5%9b%bd%e7%bd%91%e7%bb%9c%e5%85%a8%e8%a7%a3%e6%9e%90
4526	jiaocheng	人在海外，国内翻墙难？解锁访问限制的经验之谈	2025-10-15 13:45:25	%e4%ba%ba%e5%9c%a8%e6%b5%b7%e5%a4%96%ef%bc%8c%e5%9b%bd%e5%86%85%e7%bf%bb%e5%a2%99%e9%9a%be%ef%bc%9f%e8%a7%a3%e9%94%81%e8%ae%bf%e9%97%ae%e9%99%90%e5%88%b6%e7%9a%84%e7%bb%8f%e9%aa%8c%e4%b9%8b%e8%b0%88
4525	jiaocheng	全民K歌在国外唱歌没有原音怎么办？回国网络这样解决	2025-10-15 13:45:23	%e5%85%a8%e6%b0%91k%e6%ad%8c%e5%9c%a8%e5%9b%bd%e5%a4%96%e5%94%b1%e6%ad%8c%e6%b2%a1%e6%9c%89%e5%8e%9f%e9%9f%b3%e6%80%8e%e4%b9%88%e5%8a%9e%ef%bc%9f%e5%9b%9e%e5%9b%bd%e7%bd%91%e7%bb%9c%e8%bf%99%e6%a0%b7
4524	yingyin	您所在的地区暂不支持播放该视频cctv怎么办？	2025-10-15 13:45:22	%e6%82%a8%e6%89%80%e5%9c%a8%e7%9a%84%e5%9c%b0%e5%8c%ba%e6%9a%82%e4%b8%8d%e6%94%af%e6%8c%81%e6%92%ad%e6%94%be%e8%af%a5%e8%a7%86%e9%a2%91cctv%e6%80%8e%e4%b9%88%e5%8a%9e%ef%bc%9f
4523	yinyue	咪咕音乐海外限制怎么办？解锁中国精彩的亲测办法	2025-10-15 13:45:20	%e5%92%aa%e5%92%95%e9%9f%b3%e4%b9%90%e6%b5%b7%e5%a4%96%e9%99%90%e5%88%b6%e6%80%8e%e4%b9%88%e5%8a%9e%ef%bc%9f%e8%a7%a3%e9%94%81%e4%b8%ad%e5%9b%bd%e7%b2%be%e5%bd%a9%e7%9a%84%e4%ba%b2%e6%b5%8b%e5%8a%9e
4522	jiaocheng	懶人聽書地區限制怎么办？海外党亲测有效回国网络方案	2025-10-15 13:45:19	%e6%87%b6%e4%ba%ba%e8%81%bd%e6%9b%b8%e5%9c%b0%e5%8d%80%e9%99%90%e5%88%b6%e6%80%8e%e4%b9%88%e5%8a%9e%ef%bc%9f%e6%b5%b7%e5%a4%96%e5%85%9a%e4%ba%b2%e6%b5%8b%e6%9c%89%e6%95%88%e5%9b%9e%e5%9b%bd%e7%bd%91
4521	yingyin	夸克下載台灣怎么用？海外党回国看视频的真实体验	2025-10-15 13:45:17	%e5%a4%b8%e5%85%8b%e4%b8%8b%e8%bc%89%e5%8f%b0%e7%81%a3%e6%80%8e%e4%b9%88%e7%94%a8%ef%bc%9f%e6%b5%b7%e5%a4%96%e5%85%9a%e5%9b%9e%e5%9b%bd%e7%9c%8b%e8%a7%86%e9%a2%91%e7%9a%84%e7%9c%9f%e5%ae%9e%e4%bd%93
4520	jiaocheng	夸克网盘海外怎么连？国内服务流畅访问	2025-10-15 13:45:15	%e5%a4%b8%e5%85%8b%e7%bd%91%e7%9b%98%e6%b5%b7%e5%a4%96%e6%80%8e%e4%b9%88%e8%bf%9e%ef%bc%9f%e5%9b%bd%e5%86%85%e6%9c%8d%e5%8a%a1%e6%b5%81%e7%95%85%e8%ae%bf%e9%97%ae
4519	jiaocheng	境外访问国内网站用什么软件看，海外党亲测有效	2025-10-15 13:45:14	%e5%a2%83%e5%a4%96%e8%ae%bf%e9%97%ae%e5%9b%bd%e5%86%85%e7%bd%91%e7%ab%99%e7%94%a8%e4%bb%80%e4%b9%88%e8%bd%af%e4%bb%b6%e7%9c%8b%ef%bc%8c%e6%b5%b7%e5%a4%96%e5%85%9a%e4%ba%b2%e6%b5%8b%e6%9c%89%e6%95%88
4518	bangong	交管12123在国外不能注册什么情况？亲测有效解决方案	2025-10-15 13:45:12	%e4%ba%a4%e7%ae%a112123%e5%9c%a8%e5%9b%bd%e5%a4%96%e4%b8%8d%e8%83%bd%e6%b3%a8%e5%86%8c%e4%bb%80%e4%b9%88%e6%83%85%e5%86%b5%ef%bc%9f%e4%ba%b2%e6%b5%8b%e6%9c%89%e6%95%88%e8%a7%a3%e5%86%b3%e6%96%b9
4517	jiaocheng	回国vpnchrome：海外党访问国内服务解锁秘籍	2025-10-15 13:45:10	%e5%9b%9e%e5%9b%bdvpnchrome%ef%bc%9a%e6%b5%b7%e5%a4%96%e5%85%9a%e8%ae%bf%e9%97%ae%e5%9b%bd%e5%86%85%e6%9c%8d%e5%8a%a1%e8%a7%a3%e9%94%81%e7%a7%98%e7%b1%8d
4516	jiaocheng	华人电视app在海外如何顺畅访问？亲测有效办法	2025-10-15 13:45:09	%e5%8d%8e%e4%ba%ba%e7%94%b5%e8%a7%86app%e5%9c%a8%e6%b5%b7%e5%a4%96%e5%a6%82%e4%bd%95%e9%a1%ba%e7%95%85%e8%ae%bf%e9%97%ae%ef%bc%9f%e4%ba%b2%e6%b5%8b%e6%9c%89%e6%95%88%e5%8a%9e%e6%b3%95
4515	youxi	国外怎么玩和平精英不卡？海外党回国网络秘籍	2025-10-15 13:45:07	%e5%9b%bd%e5%a4%96%e6%80%8e%e4%b9%88%e7%8e%a9%e5%92%8c%e5%b9%b3%e7%b2%be%e8%8b%b1%e4%b8%8d%e5%8d%a1%ef%bc%9f%e6%b5%b7%e5%a4%96%e5%85%9a%e5%9b%9e%e5%9b%bd%e7%bd%91%e7%bb%9c%e7%a7%98%e7%b1%8d
4514	bangong	国外怎么登录12123？海外访问国内服务的朋友们看过来	2025-10-15 13:45:06	%e5%9b%bd%e5%a4%96%e6%80%8e%e4%b9%88%e7%99%bb%e5%bd%9512123%ef%bc%9f%e6%b5%b7%e5%a4%96%e8%ae%bf%e9%97%ae%e5%9b%bd%e5%86%85%e6%9c%8d%e5%8a%a1%e7%9a%84%e6%9c%8b%e5%8f%8b%e4%bb%ac%e7%9c%8b%e8%bf%87
4513	jiaocheng	国外翻墙回国内VPN怎么用？海外党亲测好用	2025-10-15 13:45:04	%e5%9b%bd%e5%a4%96%e7%bf%bb%e5%a2%99%e5%9b%9e%e5%9b%bd%e5%86%85vpn%e6%80%8e%e4%b9%88%e7%94%a8%ef%bc%9f%e6%b5%b7%e5%a4%96%e5%85%9a%e4%ba%b2%e6%b5%8b%e5%a5%bd%e7%94%a8
4512	jiaocheng	qq音樂台灣付費：海外用户如何无障碍畅听	2025-10-15 13:45:02	qq%e9%9f%b3%e6%a8%82%e5%8f%b0%e7%81%a3%e4%bb%98%e8%b2%bb%ef%bc%9a%e6%b5%b7%e5%a4%96%e7%94%a8%e6%88%b7%e5%a6%82%e4%bd%95%e6%97%a0%e9%9a%9c%e7%a2%8d%e7%95%85%e5%90%ac
4511	yinyue	在国外听歌限制怎么办？海外党必看回国网络解决之道	2025-10-14 14:30:18	%e5%9c%a8%e5%9b%bd%e5%a4%96%e5%90%ac%e6%ad%8c%e9%99%90%e5%88%b6%e6%80%8e%e4%b9%88%e5%8a%9e%ef%bc%9f%e6%b5%b7%e5%a4%96%e5%85%9a%e5%bf%85%e7%9c%8b%e5%9b%9e%e5%9b%bd%e7%bd%91%e7%bb%9c%e8%a7%a3%e5%86%b3
4510	jiaocheng	在国外如何访问国内的网站？海外党亲测有效解答	2025-10-14 14:30:16	%e5%9c%a8%e5%9b%bd%e5%a4%96%e5%a6%82%e4%bd%95%e8%ae%bf%e9%97%ae%e5%9b%bd%e5%86%85%e7%9a%84%e7%bd%91%e7%ab%99%ef%bc%9f%e6%b5%b7%e5%a4%96%e5%85%9a%e4%ba%b2%e6%b5%8b%e6%9c%89%e6%95%88%e8%a7%a3%e7%ad%94
4509	bangong	在国外登录不了微信小程序怎么办？一文说清原因和解决办法	2025-10-14 14:30:13	%e5%9c%a8%e5%9b%bd%e5%a4%96%e7%99%bb%e5%bd%95%e4%b8%8d%e4%ba%86%e5%be%ae%e4%bf%a1%e5%b0%8f%e7%a8%8b%e5%ba%8f%e6%80%8e%e4%b9%88%e5%8a%9e%ef%bc%9f%e4%b8%80%e6%96%87%e8%af%b4%e6%b8%85%e5%8e%9f%e5%9b%a0
4508	bangong	在国外登不上交管12123怎么办？亲测有效的回国网络解决方案	2025-10-14 14:30:11	%e5%9c%a8%e5%9b%bd%e5%a4%96%e7%99%bb%e4%b8%8d%e4%b8%8a%e4%ba%a4%e7%ae%a112123%e6%80%8e%e4%b9%88%e5%8a%9e%ef%bc%9f%e4%ba%b2%e6%b5%8b%e6%9c%89%e6%95%88%e7%9a%84%e5%9b%9e%e5%9b%bd%e7%bd%91%e7%bb%9c
4507	jiaocheng	在国外不能访问国内的网站怎么办？亲测有效的回国网络方法	2025-10-14 14:30:09	%e5%9c%a8%e5%9b%bd%e5%a4%96%e4%b8%8d%e8%83%bd%e8%ae%bf%e9%97%ae%e5%9b%bd%e5%86%85%e7%9a%84%e7%bd%91%e7%ab%99%e6%80%8e%e4%b9%88%e5%8a%9e%ef%bc%9f%e4%ba%b2%e6%b5%8b%e6%9c%89%e6%95%88%e7%9a%84%e5%9b%9e
4506	youxi	原神亚服玩腻了？解锁国内服务才是重点	2025-10-14 14:30:07	%e5%8e%9f%e7%a5%9e%e4%ba%9a%e6%9c%8d%e7%8e%a9%e8%85%bb%e4%ba%86%ef%bc%9f%e8%a7%a3%e9%94%81%e5%9b%bd%e5%86%85%e6%9c%8d%e5%8a%a1%e6%89%8d%e6%98%af%e9%87%8d%e7%82%b9
4505	tiyu	央视直播海外：海外党如何畅享国内精彩？	2025-10-14 14:30:05	%e5%a4%ae%e8%a7%86%e7%9b%b4%e6%92%ad%e6%b5%b7%e5%a4%96%ef%bc%9a%e6%b5%b7%e5%a4%96%e5%85%9a%e5%a6%82%e4%bd%95%e7%95%85%e4%ba%ab%e5%9b%bd%e5%86%85%e7%b2%be%e5%bd%a9%ef%bc%9f
4504	jiaocheng	小米账号无法更改地区？海外用户解锁国内服务全解析	2025-10-14 14:30:03	%e5%b0%8f%e7%b1%b3%e8%b4%a6%e5%8f%b7%e6%97%a0%e6%b3%95%e6%9b%b4%e6%94%b9%e5%9c%b0%e5%8c%ba%ef%bc%9f%e6%b5%b7%e5%a4%96%e7%94%a8%e6%88%b7%e8%a7%a3%e9%94%81%e5%9b%bd%e5%86%85%e6%9c%8d%e5%8a%a1%e5%85%a8
4503	jiaocheng	小米摄像头地区限制怎么办？海外党回国网络解法	2025-10-14 14:30:01	%e5%b0%8f%e7%b1%b3%e6%91%84%e5%83%8f%e5%a4%b4%e5%9c%b0%e5%8c%ba%e9%99%90%e5%88%b6%e6%80%8e%e4%b9%88%e5%8a%9e%ef%bc%9f%e6%b5%b7%e5%a4%96%e5%85%9a%e5%9b%9e%e5%9b%bd%e7%bd%91%e7%bb%9c%e8%a7%a3%e6%b3%95
4502	jiaocheng	小米地區設定困扰海外党？回国网络这样调！	2025-10-14 14:29:59	%e5%b0%8f%e7%b1%b3%e5%9c%b0%e5%8d%80%e8%a8%ad%e5%ae%9a%e5%9b%b0%e6%89%b0%e6%b5%b7%e5%a4%96%e5%85%9a%ef%bc%9f%e5%9b%9e%e5%9b%bd%e7%bd%91%e7%bb%9c%e8%bf%99%e6%a0%b7%e8%b0%83%ef%bc%81
4501	jiaocheng	小红书你所在的地区暂不支持怎么办？海外党回国网络亲测解决	2025-10-14 14:29:57	%e5%b0%8f%e7%ba%a2%e4%b9%a6%e4%bd%a0%e6%89%80%e5%9c%a8%e7%9a%84%e5%9c%b0%e5%8c%ba%e6%9a%82%e4%b8%8d%e6%94%af%e6%8c%81%e6%80%8e%e4%b9%88%e5%8a%9e%ef%bc%9f%e6%b5%b7%e5%a4%96%e5%85%9a%e5%9b%9e%e5%9b%bd
4500	jiaocheng	喜馬拉雅fm台灣的海外烦恼，回国网络这样解	2025-10-14 14:29:55	%e5%96%9c%e9%a6%ac%e6%8b%89%e9%9b%85fm%e5%8f%b0%e7%81%a3%e7%9a%84%e6%b5%b7%e5%a4%96%e7%83%a6%e6%81%bc%ef%bc%8c%e5%9b%9e%e5%9b%bd%e7%bd%91%e7%bb%9c%e8%bf%99%e6%a0%b7%e8%a7%a3
4499	yinyue	喜马拉雅地区限制怎么解除，海外访问国内服务实测分享	2025-10-14 14:29:53	%e5%96%9c%e9%a9%ac%e6%8b%89%e9%9b%85%e5%9c%b0%e5%8c%ba%e9%99%90%e5%88%b6%e6%80%8e%e4%b9%88%e8%a7%a3%e9%99%a4%ef%bc%8c%e6%b5%b7%e5%a4%96%e8%ae%bf%e9%97%ae%e5%9b%bd%e5%86%85%e6%9c%8d%e5%8a%a1%e5%ae%9e
4498	jiaocheng	我在海外，如何解决西游vpn访问受限？	2025-10-14 14:29:51	%e6%88%91%e5%9c%a8%e6%b5%b7%e5%a4%96%ef%bc%8c%e5%a6%82%e4%bd%95%e8%a7%a3%e5%86%b3%e8%a5%bf%e6%b8%b8vpn%e8%ae%bf%e9%97%ae%e5%8f%97%e9%99%90%ef%bc%9f
4497	youxi	我的世界在国外可以玩吗？亲测有效的国内网络解决方案	2025-10-14 14:29:49	%e6%88%91%e7%9a%84%e4%b8%96%e7%95%8c%e5%9c%a8%e5%9b%bd%e5%a4%96%e5%8f%af%e4%bb%a5%e7%8e%a9%e5%90%97%ef%bc%9f%e4%ba%b2%e6%b5%8b%e6%9c%89%e6%95%88%e7%9a%84%e5%9b%bd%e5%86%85%e7%bd%91%e7%bb%9c%e8%a7%a3
4496	duanju	为什么大陆抖音看不了直播？海外党亲测解决方法	2025-10-14 14:29:47	%e4%b8%ba%e4%bb%80%e4%b9%88%e5%a4%a7%e9%99%86%e6%8a%96%e9%9f%b3%e7%9c%8b%e4%b8%8d%e4%ba%86%e7%9b%b4%e6%92%ad%ef%bc%9f%e6%b5%b7%e5%a4%96%e5%85%9a%e4%ba%b2%e6%b5%8b%e8%a7%a3%e5%86%b3%e6%96%b9%e6%b3%95
4495	jiaocheng	为什么yy語音台灣不能註冊？海外党访问受限的真实原因与回国方法	2025-10-14 14:29:45	%e4%b8%ba%e4%bb%80%e4%b9%88yy%e8%aa%9e%e9%9f%b3%e5%8f%b0%e7%81%a3%e4%b8%8d%e8%83%bd%e8%a8%bb%e5%86%8a%ef%bc%9f%e6%b5%b7%e5%a4%96%e5%85%9a%e8%ae%bf%e9%97%ae%e5%8f%97%e9%99%90%e7%9a%84%e7%9c%9f%e5%ae%9e
4494	duanju	微信直播那些事儿，海外党如何顺畅访问国内精彩内容	2025-10-14 14:29:43	%e5%be%ae%e4%bf%a1%e7%9b%b4%e6%92%ad%e9%82%a3%e4%ba%9b%e4%ba%8b%e5%84%bf%ef%bc%8c%e6%b5%b7%e5%a4%96%e5%85%9a%e5%a6%82%e4%bd%95%e9%a1%ba%e7%95%85%e8%ae%bf%e9%97%ae%e5%9b%bd%e5%86%85%e7%b2%be%e5%bd%a9
4493	duanju	微信如何直播怎么办？海外访问国内服务全攻略	2025-10-14 14:29:41	%e5%be%ae%e4%bf%a1%e5%a6%82%e4%bd%95%e7%9b%b4%e6%92%ad%e6%80%8e%e4%b9%88%e5%8a%9e%ef%bc%9f%e6%b5%b7%e5%a4%96%e8%ae%bf%e9%97%ae%e5%9b%bd%e5%86%85%e6%9c%8d%e5%8a%a1%e5%85%a8%e6%94%bb%e7%95%a5
4492	jiaocheng	同花顺海外版遇阻？海外访问国内服务难题破解	2025-10-14 14:29:39	%e5%90%8c%e8%8a%b1%e9%a1%ba%e6%b5%b7%e5%a4%96%e7%89%88%e9%81%87%e9%98%bb%ef%bc%9f%e6%b5%b7%e5%a4%96%e8%ae%bf%e9%97%ae%e5%9b%bd%e5%86%85%e6%9c%8d%e5%8a%a1%e9%9a%be%e9%a2%98%e7%a0%b4%e8%a7%a3
4491	jiaocheng	台灣qq音樂怎么办？海外用户访问国内服务详解	2025-10-14 14:29:37	%e5%8f%b0%e7%81%a3qq%e9%9f%b3%e6%a8%82%e6%80%8e%e4%b9%88%e5%8a%9e%ef%bc%9f%e6%b5%b7%e5%a4%96%e7%94%a8%e6%88%b7%e8%ae%bf%e9%97%ae%e5%9b%bd%e5%86%85%e6%9c%8d%e5%8a%a1%e8%af%a6%e8%a7%a3
4490	jiaocheng	人在海外，中国IP加速器怎么用？	2025-10-14 14:29:36	%e4%ba%ba%e5%9c%a8%e6%b5%b7%e5%a4%96%ef%bc%8c%e4%b8%ad%e5%9b%bdip%e5%8a%a0%e9%80%9f%e5%99%a8%e6%80%8e%e4%b9%88%e7%94%a8%ef%bc%9f
4489	jiaocheng	人在海外，免费解除地域限制的那些事儿	2025-10-14 14:29:34	%e4%ba%ba%e5%9c%a8%e6%b5%b7%e5%a4%96%ef%bc%8c%e5%85%8d%e8%b4%b9%e8%a7%a3%e9%99%a4%e5%9c%b0%e5%9f%9f%e9%99%90%e5%88%b6%e7%9a%84%e9%82%a3%e4%ba%9b%e4%ba%8b%e5%84%bf
4488	jiaocheng	人在国外打不开国内网站怎么办？回国网络问题全解析	2025-10-14 14:29:32	%e4%ba%ba%e5%9c%a8%e5%9b%bd%e5%a4%96%e6%89%93%e4%b8%8d%e5%bc%80%e5%9b%bd%e5%86%85%e7%bd%91%e7%ab%99%e6%80%8e%e4%b9%88%e5%8a%9e%ef%bc%9f%e5%9b%9e%e5%9b%bd%e7%bd%91%e7%bb%9c%e9%97%ae%e9%a2%98%e5%85%a8
4487	jiaocheng	全民K歌海外怎么开原唱？国外党亲测有效解法	2025-10-14 14:29:30	%e5%85%a8%e6%b0%91k%e6%ad%8c%e6%b5%b7%e5%a4%96%e6%80%8e%e4%b9%88%e5%bc%80%e5%8e%9f%e5%94%b1%ef%bc%9f%e5%9b%bd%e5%a4%96%e5%85%9a%e4%ba%b2%e6%b5%8b%e6%9c%89%e6%95%88%e8%a7%a3%e6%b3%95
4486	jiaocheng	全民k歌電腦版登入困扰？海外党回国网络解决之道	2025-10-14 14:29:28	%e5%85%a8%e6%b0%91k%e6%ad%8c%e9%9b%bb%e8%85%a6%e7%89%88%e7%99%bb%e5%85%a5%e5%9b%b0%e6%89%b0%ef%bc%9f%e6%b5%b7%e5%a4%96%e5%85%9a%e5%9b%9e%e5%9b%bd%e7%bd%91%e7%bb%9c%e8%a7%a3%e5%86%b3%e4%b9%8b%e9%81%93
4485	jiaocheng	您所在的地区访问受限怎么办？海外党回国网络实测分享	2025-10-14 14:29:26	%e6%82%a8%e6%89%80%e5%9c%a8%e7%9a%84%e5%9c%b0%e5%8c%ba%e8%ae%bf%e9%97%ae%e5%8f%97%e9%99%90%e6%80%8e%e4%b9%88%e5%8a%9e%ef%bc%9f%e6%b5%b7%e5%a4%96%e5%85%9a%e5%9b%9e%e5%9b%bd%e7%bd%91%e7%bb%9c%e5%ae%9e
4484	jiaocheng	免费国内节点：海外党畅享国内服务的真实体验	2025-10-14 14:29:24	%e5%85%8d%e8%b4%b9%e5%9b%bd%e5%86%85%e8%8a%82%e7%82%b9%ef%bc%9a%e6%b5%b7%e5%a4%96%e5%85%9a%e7%95%85%e4%ba%ab%e5%9b%bd%e5%86%85%e6%9c%8d%e5%8a%a1%e7%9a%84%e7%9c%9f%e5%ae%9e%e4%bd%93%e9%aa%8c
4483	yinyue	懒人听书在国外怎么听？亲测有效回国网络优化方法	2025-10-14 14:29:22	%e6%87%92%e4%ba%ba%e5%90%ac%e4%b9%a6%e5%9c%a8%e5%9b%bd%e5%a4%96%e6%80%8e%e4%b9%88%e5%90%ac%ef%bc%9f%e4%ba%b2%e6%b5%8b%e6%9c%89%e6%95%88%e5%9b%9e%e5%9b%bd%e7%bd%91%e7%bb%9c%e4%bc%98%e5%8c%96%e6%96%b9
4482	jiaocheng	夸克網盤台灣手機怎么才能顺畅访问？	2025-10-14 14:29:20	%e5%a4%b8%e5%85%8b%e7%b6%b2%e7%9b%a4%e5%8f%b0%e7%81%a3%e6%89%8b%e6%a9%9f%e6%80%8e%e4%b9%88%e6%89%8d%e8%83%bd%e9%a1%ba%e7%95%85%e8%ae%bf%e9%97%ae%ef%bc%9f
4481	bangong	交管12123国外网络异常怎么办？真实回国加速方案	2025-10-14 14:29:18	%e4%ba%a4%e7%ae%a112123%e5%9b%bd%e5%a4%96%e7%bd%91%e7%bb%9c%e5%bc%82%e5%b8%b8%e6%80%8e%e4%b9%88%e5%8a%9e%ef%bc%9f%e7%9c%9f%e5%ae%9e%e5%9b%9e%e5%9b%bd%e5%8a%a0%e9%80%9f%e6%96%b9%e6%a1%88
4480	bangong	交管12123 海外无法访问？这里有解决办法	2025-10-14 14:29:16	%e4%ba%a4%e7%ae%a112123-%e6%b5%b7%e5%a4%96%e6%97%a0%e6%b3%95%e8%ae%bf%e9%97%ae%ef%bc%9f%e8%bf%99%e9%87%8c%e6%9c%89%e8%a7%a3%e5%86%b3%e5%8a%9e%e6%b3%95
4479	youxi	国外怎么玩中国游戏的软件？海外党亲测回国网络解决方案	2025-10-14 14:29:14	%e5%9b%bd%e5%a4%96%e6%80%8e%e4%b9%88%e7%8e%a9%e4%b8%ad%e5%9b%bd%e6%b8%b8%e6%88%8f%e7%9a%84%e8%bd%af%e4%bb%b6%ef%bc%9f%e6%b5%b7%e5%a4%96%e5%85%9a%e4%ba%b2%e6%b5%8b%e5%9b%9e%e5%9b%bd%e7%bd%91%e7%bb%9c
4478	jiaocheng	国外微信加速器：海外党如何畅享国内网络	2025-10-14 14:29:11	%e5%9b%bd%e5%a4%96%e5%be%ae%e4%bf%a1%e5%8a%a0%e9%80%9f%e5%99%a8%ef%bc%9a%e6%b5%b7%e5%a4%96%e5%85%9a%e5%a6%82%e4%bd%95%e7%95%85%e4%ba%ab%e5%9b%bd%e5%86%85%e7%bd%91%e7%bb%9c
4477	jiaocheng	国外听国内歌曲的方法怎么办？亲测有效经验分享	2025-10-14 14:29:09	%e5%9b%bd%e5%a4%96%e5%90%ac%e5%9b%bd%e5%86%85%e6%ad%8c%e6%9b%b2%e7%9a%84%e6%96%b9%e6%b3%95%e6%80%8e%e4%b9%88%e5%8a%9e%ef%bc%9f%e4%ba%b2%e6%b5%8b%e6%9c%89%e6%95%88%e7%bb%8f%e9%aa%8c%e5%88%86%e4%ba%ab
4476	yinyue	国外如何听国内音乐软件：海外党真实解封指南	2025-10-14 14:29:06	%e5%9b%bd%e5%a4%96%e5%a6%82%e4%bd%95%e5%90%ac%e5%9b%bd%e5%86%85%e9%9f%b3%e4%b9%90%e8%bd%af%e4%bb%b6%ef%bc%9a%e6%b5%b7%e5%a4%96%e5%85%9a%e7%9c%9f%e5%ae%9e%e8%a7%a3%e5%b0%81%e6%8c%87%e5%8d%97
4475	jiaocheng	国外翻回国内：海外访问国内受限服务怎么办？	2025-10-14 14:29:04	%e5%9b%bd%e5%a4%96%e7%bf%bb%e5%9b%9e%e5%9b%bd%e5%86%85%ef%bc%9a%e6%b5%b7%e5%a4%96%e8%ae%bf%e9%97%ae%e5%9b%bd%e5%86%85%e5%8f%97%e9%99%90%e6%9c%8d%e5%8a%a1%e6%80%8e%e4%b9%88%e5%8a%9e%ef%bc%9f
4474	jiaocheng	穿梭mac回国，海外访问国内服务无忧	2025-10-14 14:29:01	%e7%a9%bf%e6%a2%admac%e5%9b%9e%e5%9b%bd%ef%bc%8c%e6%b5%b7%e5%a4%96%e8%ae%bf%e9%97%ae%e5%9b%bd%e5%86%85%e6%9c%8d%e5%8a%a1%e6%97%a0%e5%bf%a7
4473	yingyin	哔哩哔哩地区限制怎么破？海外党回国网络亲测分享	2025-10-14 14:28:59	%e5%93%94%e5%93%a9%e5%93%94%e5%93%a9%e5%9c%b0%e5%8c%ba%e9%99%90%e5%88%b6%e6%80%8e%e4%b9%88%e7%a0%b4%ef%bc%9f%e6%b5%b7%e5%a4%96%e5%85%9a%e5%9b%9e%e5%9b%bd%e7%bd%91%e7%bb%9c%e4%ba%b2%e6%b5%8b%e5%88%86
4472	tiyu	cctv5live海外怎么办？解决国内服务访问难题	2025-10-14 14:28:56	cctv5live%e6%b5%b7%e5%a4%96%e6%80%8e%e4%b9%88%e5%8a%9e%ef%bc%9f%e8%a7%a3%e5%86%b3%e5%9b%bd%e5%86%85%e6%9c%8d%e5%8a%a1%e8%ae%bf%e9%97%ae%e9%9a%be%e9%a2%98
4471	yinyue	网易云音乐海外破解版apk：海外党如何顺畅访问国内应用？	2025-10-13 14:02:44	%e7%bd%91%e6%98%93%e4%ba%91%e9%9f%b3%e4%b9%90%e6%b5%b7%e5%a4%96%e7%a0%b4%e8%a7%a3%e7%89%88apk%ef%bc%9a%e6%b5%b7%e5%a4%96%e5%85%9a%e5%a6%82%e4%bd%95%e9%a1%ba%e7%95%85%e8%ae%bf%e9%97%ae%e5%9b%bd
4470	jiaocheng	全民K歌海外限制原因与亲测回国加速方法	2025-10-13 14:02:42	%e5%85%a8%e6%b0%91k%e6%ad%8c%e6%b5%b7%e5%a4%96%e9%99%90%e5%88%b6%e5%8e%9f%e5%9b%a0%e4%b8%8e%e4%ba%b2%e6%b5%8b%e5%9b%9e%e5%9b%bd%e5%8a%a0%e9%80%9f%e6%96%b9%e6%b3%95
4469	jiaocheng	全民k歌海外版怎么用？这些回国网络难题的解决办法	2025-10-13 14:02:41	%e5%85%a8%e6%b0%91k%e6%ad%8c%e6%b5%b7%e5%a4%96%e7%89%88%e6%80%8e%e4%b9%88%e7%94%a8%ef%bc%9f%e8%bf%99%e4%ba%9b%e5%9b%9e%e5%9b%bd%e7%bd%91%e7%bb%9c%e9%9a%be%e9%a2%98%e7%9a%84%e8%a7%a3%e5%86%b3%e5%8a%9e
4468	jiaocheng	全民k歌mac卡顿是怎么回事？回国网络 제대로 해결!	2025-10-13 14:02:39	%e5%85%a8%e6%b0%91k%e6%ad%8cmac%e5%8d%a1%e9%a1%bf%e6%98%af%e6%80%8e%e4%b9%88%e5%9b%9e%e4%ba%8b%ef%bc%9f%e5%9b%9e%e5%9b%bd%e7%bd%91%e7%bb%9c-%ec%a0%9c%eb%8c%80%eb%a1%9c-%ed%95%b4%ea%b2%b0
4467	yingyin	您所在的地区，暂不支持播放该视频cctv怎么办？原因与亲测有效回国网络解决办法	2025-10-13 14:02:37	%e6%82%a8%e6%89%80%e5%9c%a8%e7%9a%84%e5%9c%b0%e5%8c%ba%ef%bc%8c%e6%9a%82%e4%b8%8d%e6%94%af%e6%8c%81%e6%92%ad%e6%94%be%e8%af%a5%e8%a7%86%e9%a2%91cctv%e6%80%8e%e4%b9%88%e5%8a%9e%ef%bc%9f%e5%8e%9f
4466	jiaocheng	夸克網盤台灣註冊：海外用户访问国内受限服务的普遍挑战与应对	2025-10-13 14:02:36	%e5%a4%b8%e5%85%8b%e7%b6%b2%e7%9b%a4%e5%8f%b0%e7%81%a3%e8%a8%bb%e5%86%8a%ef%bc%9a%e6%b5%b7%e5%a4%96%e7%94%a8%e6%88%b7%e8%ae%bf%e9%97%ae%e5%9b%bd%e5%86%85%e5%8f%97%e9%99%90%e6%9c%8d%e5%8a%a1%e7%9a%84
4465	jiaocheng	夸克网盘海外能用吗？解决访问限制的亲测办法	2025-10-13 14:02:34	%e5%a4%b8%e5%85%8b%e7%bd%91%e7%9b%98%e6%b5%b7%e5%a4%96%e8%83%bd%e7%94%a8%e5%90%97%ef%bc%9f%e8%a7%a3%e5%86%b3%e8%ae%bf%e9%97%ae%e9%99%90%e5%88%b6%e7%9a%84%e4%ba%b2%e6%b5%8b%e5%8a%9e%e6%b3%95
4464	yinyue	可以在外国听歌的音乐软件，海外党回国网络这样搞	2025-10-13 14:02:32	%e5%8f%af%e4%bb%a5%e5%9c%a8%e5%a4%96%e5%9b%bd%e5%90%ac%e6%ad%8c%e7%9a%84%e9%9f%b3%e4%b9%90%e8%bd%af%e4%bb%b6%ef%bc%8c%e6%b5%b7%e5%a4%96%e5%85%9a%e5%9b%9e%e5%9b%bd%e7%bd%91%e7%bb%9c%e8%bf%99%e6%a0%b7
4463	jiaocheng	境外访问国内网站用什么软件好，海外党回国路在何方？	2025-10-13 14:02:31	%e5%a2%83%e5%a4%96%e8%ae%bf%e9%97%ae%e5%9b%bd%e5%86%85%e7%bd%91%e7%ab%99%e7%94%a8%e4%bb%80%e4%b9%88%e8%bd%af%e4%bb%b6%e5%a5%bd%ef%bc%8c%e6%b5%b7%e5%a4%96%e5%85%9a%e5%9b%9e%e5%9b%bd%e8%b7%af%e5%9c%a8
4462	bangong	交管12123在国外可以用吗？这些国内服务如何轻松访问	2025-10-13 14:02:29	%e4%ba%a4%e7%ae%a112123%e5%9c%a8%e5%9b%bd%e5%a4%96%e5%8f%af%e4%bb%a5%e7%94%a8%e5%90%97%ef%bc%9f%e8%bf%99%e4%ba%9b%e5%9b%bd%e5%86%85%e6%9c%8d%e5%8a%a1%e5%a6%82%e4%bd%95%e8%bd%bb%e6%9d%be%e8%ae%bf
4461	bangong	交管12123在国外登录不了怎么办？	2025-10-13 14:02:26	%e4%ba%a4%e7%ae%a112123%e5%9c%a8%e5%9b%bd%e5%a4%96%e7%99%bb%e5%bd%95%e4%b8%8d%e4%ba%86%e6%80%8e%e4%b9%88%e5%8a%9e%ef%bc%9f
4460	bangong	交管12123国外注册不了？这些国内服务也一样！	2025-10-13 14:02:25	%e4%ba%a4%e7%ae%a112123%e5%9b%bd%e5%a4%96%e6%b3%a8%e5%86%8c%e4%b8%8d%e4%ba%86%ef%bc%9f%e8%bf%99%e4%ba%9b%e5%9b%bd%e5%86%85%e6%9c%8d%e5%8a%a1%e4%b9%9f%e4%b8%80%e6%a0%b7%ef%bc%81
4459	jiaocheng	回国翻墙怎么办？海外党访问国内服务实测分享	2025-10-13 14:02:22	%e5%9b%9e%e5%9b%bd%e7%bf%bb%e5%a2%99%e6%80%8e%e4%b9%88%e5%8a%9e%ef%bc%9f%e6%b5%b7%e5%a4%96%e5%85%9a%e8%ae%bf%e9%97%ae%e5%9b%bd%e5%86%85%e6%9c%8d%e5%8a%a1%e5%ae%9e%e6%b5%8b%e5%88%86%e4%ba%ab
4458	jiaocheng	回国VPN机场：海外党访问国内服务的亲测心得	2025-10-13 14:02:20	%e5%9b%9e%e5%9b%bdvpn%e6%9c%ba%e5%9c%ba%ef%bc%9a%e6%b5%b7%e5%a4%96%e5%85%9a%e8%ae%bf%e9%97%ae%e5%9b%bd%e5%86%85%e6%9c%8d%e5%8a%a1%e7%9a%84%e4%ba%b2%e6%b5%8b%e5%bf%83%e5%be%97
4457	jiaocheng	华为海外客服电话：海外党访问国内服务难题解析	2025-10-13 14:02:19	%e5%8d%8e%e4%b8%ba%e6%b5%b7%e5%a4%96%e5%ae%a2%e6%9c%8d%e7%94%b5%e8%af%9d%ef%bc%9a%e6%b5%b7%e5%a4%96%e5%85%9a%e8%ae%bf%e9%97%ae%e5%9b%bd%e5%86%85%e6%9c%8d%e5%8a%a1%e9%9a%be%e9%a2%98%e8%a7%a3%e6%9e%90
4456	jiaocheng	国外注册QQ与海外访问国内服务的那些事	2025-10-13 14:02:17	%e5%9b%bd%e5%a4%96%e6%b3%a8%e5%86%8cqq%e4%b8%8e%e6%b5%b7%e5%a4%96%e8%ae%bf%e9%97%ae%e5%9b%bd%e5%86%85%e6%9c%8d%e5%8a%a1%e7%9a%84%e9%82%a3%e4%ba%9b%e4%ba%8b
4455	youxi	国外怎么玩王者荣耀？回国网络问题全解析	2025-10-13 14:02:14	%e5%9b%bd%e5%a4%96%e6%80%8e%e4%b9%88%e7%8e%a9%e7%8e%8b%e8%80%85%e8%8d%a3%e8%80%80%ef%bc%9f%e5%9b%9e%e5%9b%bd%e7%bd%91%e7%bb%9c%e9%97%ae%e9%a2%98%e5%85%a8%e8%a7%a3%e6%9e%90
4454	youxi	国外怎么玩国服英雄联盟怎么办？亲测解决之道	2025-10-13 14:02:12	%e5%9b%bd%e5%a4%96%e6%80%8e%e4%b9%88%e7%8e%a9%e5%9b%bd%e6%9c%8d%e8%8b%b1%e9%9b%84%e8%81%94%e7%9b%9f%e6%80%8e%e4%b9%88%e5%8a%9e%ef%bc%9f%e4%ba%b2%e6%b5%8b%e8%a7%a3%e5%86%b3%e4%b9%8b%e9%81%93
4453	jiaocheng	国外怎么翻回国内？海外党访问国内服务的那些事儿	2025-10-13 14:02:10	%e5%9b%bd%e5%a4%96%e6%80%8e%e4%b9%88%e7%bf%bb%e5%9b%9e%e5%9b%bd%e5%86%85%ef%bc%9f%e6%b5%b7%e5%a4%96%e5%85%9a%e8%ae%bf%e9%97%ae%e5%9b%bd%e5%86%85%e6%9c%8d%e5%8a%a1%e7%9a%84%e9%82%a3%e4%ba%9b%e4%ba%8b
4452	jiaocheng	国外上国内网站要梯子吗？亲测有效访问国内网络	2025-10-13 14:02:08	%e5%9b%bd%e5%a4%96%e4%b8%8a%e5%9b%bd%e5%86%85%e7%bd%91%e7%ab%99%e8%a6%81%e6%a2%af%e5%ad%90%e5%90%97%ef%bc%9f%e4%ba%b2%e6%b5%8b%e6%9c%89%e6%95%88%e8%ae%bf%e9%97%ae%e5%9b%bd%e5%86%85%e7%bd%91%e7%bb%9c
4451	youxi	国外如何玩国服王者？海外访问受限的真实解法	2025-10-13 14:02:05	%e5%9b%bd%e5%a4%96%e5%a6%82%e4%bd%95%e7%8e%a9%e5%9b%bd%e6%9c%8d%e7%8e%8b%e8%80%85%ef%bc%9f%e6%b5%b7%e5%a4%96%e8%ae%bf%e9%97%ae%e5%8f%97%e9%99%90%e7%9a%84%e7%9c%9f%e5%ae%9e%e8%a7%a3%e6%b3%95
4450	yingyin	国外看电影的网站，我在海外怎么办？	2025-10-13 14:02:03	%e5%9b%bd%e5%a4%96%e7%9c%8b%e7%94%b5%e5%bd%b1%e7%9a%84%e7%bd%91%e7%ab%99%ef%bc%8c%e6%88%91%e5%9c%a8%e6%b5%b7%e5%a4%96%e6%80%8e%e4%b9%88%e5%8a%9e%ef%bc%9f
4449	jiaocheng	国内翻墙国外：海外党轻松访问国内受限服务	2025-10-13 14:02:01	%e5%9b%bd%e5%86%85%e7%bf%bb%e5%a2%99%e5%9b%bd%e5%a4%96%ef%bc%9a%e6%b5%b7%e5%a4%96%e5%85%9a%e8%bd%bb%e6%9d%be%e8%ae%bf%e9%97%ae%e5%9b%bd%e5%86%85%e5%8f%97%e9%99%90%e6%9c%8d%e5%8a%a1
4448	yinyue	QQ音乐在日本用不了怎么办？亲测有效的回国网络解决之道	2025-10-13 14:01:59	qq%e9%9f%b3%e4%b9%90%e5%9c%a8%e6%97%a5%e6%9c%ac%e7%94%a8%e4%b8%8d%e4%ba%86%e6%80%8e%e4%b9%88%e5%8a%9e%ef%bc%9f%e4%ba%b2%e6%b5%8b%e6%9c%89%e6%95%88%e7%9a%84%e5%9b%9e%e5%9b%bd%e7%bd%91%e7%bb%9c%e8%a7%a3
4447	yingyin	B站直播看不了？海外党回国网络难题亲测破解	2025-10-13 14:01:56	b%e7%ab%99%e7%9b%b4%e6%92%ad%e7%9c%8b%e4%b8%8d%e4%ba%86%ef%bc%9f%e6%b5%b7%e5%a4%96%e5%85%9a%e5%9b%9e%e5%9b%bd%e7%bd%91%e7%bb%9c%e9%9a%be%e9%a2%98%e4%ba%b2%e6%b5%8b%e7%a0%b4%e8%a7%a3
4446	jiaocheng	全民k歌地區限制ios：海外游子回国网络解封之道	2025-10-11 14:25:16	%e5%85%a8%e6%b0%91k%e6%ad%8c%e5%9c%b0%e5%8d%80%e9%99%90%e5%88%b6ios%ef%bc%9a%e6%b5%b7%e5%a4%96%e6%b8%b8%e5%ad%90%e5%9b%9e%e5%9b%bd%e7%bd%91%e7%bb%9c%e8%a7%a3%e5%b0%81%e4%b9%8b%e9%81%93
4445	jiaocheng	全民k歌vpn难用？海外党访问国内服务的三种常见问题及解决	2025-10-11 14:25:14	%e5%85%a8%e6%b0%91k%e6%ad%8cvpn%e9%9a%be%e7%94%a8%ef%bc%9f%e6%b5%b7%e5%a4%96%e5%85%9a%e8%ae%bf%e9%97%ae%e5%9b%bd%e5%86%85%e6%9c%8d%e5%8a%a1%e7%9a%84%e4%b8%89%e7%a7%8d%e5%b8%b8%e8%a7%81%e9%97%ae
4444	jiaocheng	夸克台灣下載卡顿？海外用户访问国内服务的烦恼与亲测解法	2025-10-11 14:25:12	%e5%a4%b8%e5%85%8b%e5%8f%b0%e7%81%a3%e4%b8%8b%e8%bc%89%e5%8d%a1%e9%a1%bf%ef%bc%9f%e6%b5%b7%e5%a4%96%e7%94%a8%e6%88%b7%e8%ae%bf%e9%97%ae%e5%9b%bd%e5%86%85%e6%9c%8d%e5%8a%a1%e7%9a%84%e7%83%a6%e6%81%bc
4443	bangong	交管12123在国外怎么登陆不上？亲测有效的解决方法	2025-10-11 14:25:10	%e4%ba%a4%e7%ae%a112123%e5%9c%a8%e5%9b%bd%e5%a4%96%e6%80%8e%e4%b9%88%e7%99%bb%e9%99%86%e4%b8%8d%e4%b8%8a%ef%bc%9f%e4%ba%b2%e6%b5%8b%e6%9c%89%e6%95%88%e7%9a%84%e8%a7%a3%e5%86%b3%e6%96%b9%e6%b3%95
4442	bangong	交管12123香港註冊 遇到障碍？回国网络难题亲测解决	2025-10-11 14:25:09	%e4%ba%a4%e7%ae%a112123%e9%a6%99%e6%b8%af%e8%a8%bb%e5%86%8a-%e9%81%87%e5%88%b0%e9%9a%9c%e7%a2%8d%ef%bc%9f%e5%9b%9e%e5%9b%bd%e7%bd%91%e7%bb%9c%e9%9a%be%e9%a2%98%e4%ba%b2%e6%b5%8b%e8%a7%a3%e5%86%b3
4441	bangong	交管12123国外下载不了？这些国内服务海外访问受限原因与亲测解决办法	2025-10-11 14:25:07	%e4%ba%a4%e7%ae%a112123%e5%9b%bd%e5%a4%96%e4%b8%8b%e8%bd%bd%e4%b8%8d%e4%ba%86%ef%bc%9f%e8%bf%99%e4%ba%9b%e5%9b%bd%e5%86%85%e6%9c%8d%e5%8a%a1%e6%b5%b7%e5%a4%96%e8%ae%bf%e9%97%ae%e5%8f%97%e9%99%90
4440	bangong	交管12123国外登录难？一文搞懂限制原因与回国网络加速	2025-10-11 14:25:05	%e4%ba%a4%e7%ae%a112123%e5%9b%bd%e5%a4%96%e7%99%bb%e5%bd%95%e9%9a%be%ef%bc%9f%e4%b8%80%e6%96%87%e6%90%9e%e6%87%82%e9%99%90%e5%88%b6%e5%8e%9f%e5%9b%a0%e4%b8%8e%e5%9b%9e%e5%9b%bd%e7%bd%91%e7%bb%9c
4439	jiaocheng	回中国的 VPN，海外党如何顺畅访问国内服务？	2025-10-11 14:25:03	%e5%9b%9e%e4%b8%ad%e5%9b%bd%e7%9a%84-vpn%ef%bc%8c%e6%b5%b7%e5%a4%96%e5%85%9a%e5%a6%82%e4%bd%95%e9%a1%ba%e7%95%85%e8%ae%bf%e9%97%ae%e5%9b%bd%e5%86%85%e6%9c%8d%e5%8a%a1%ef%bc%9f
4438	jiaocheng	回国加速器推荐，海外党访问国内应用怎么办？	2025-10-11 14:25:01	%e5%9b%9e%e5%9b%bd%e5%8a%a0%e9%80%9f%e5%99%a8%e6%8e%a8%e8%8d%90%ef%bc%8c%e6%b5%b7%e5%a4%96%e5%85%9a%e8%ae%bf%e9%97%ae%e5%9b%bd%e5%86%85%e5%ba%94%e7%94%a8%e6%80%8e%e4%b9%88%e5%8a%9e%ef%bc%9f
4437	jiaocheng	华为怎么翻墙？海外用户访问国内服务实测指南	2025-10-11 14:24:59	%e5%8d%8e%e4%b8%ba%e6%80%8e%e4%b9%88%e7%bf%bb%e5%a2%99%ef%bc%9f%e6%b5%b7%e5%a4%96%e7%94%a8%e6%88%b7%e8%ae%bf%e9%97%ae%e5%9b%bd%e5%86%85%e6%9c%8d%e5%8a%a1%e5%ae%9e%e6%b5%8b%e6%8c%87%e5%8d%97
4436	jiaocheng	华为手机国外使用？这些国内服务卡在哪儿了？	2025-10-11 14:24:57	%e5%8d%8e%e4%b8%ba%e6%89%8b%e6%9c%ba%e5%9b%bd%e5%a4%96%e4%bd%bf%e7%94%a8%ef%bc%9f%e8%bf%99%e4%ba%9b%e5%9b%bd%e5%86%85%e6%9c%8d%e5%8a%a1%e5%8d%a1%e5%9c%a8%e5%93%aa%e5%84%bf%e4%ba%86%ef%bc%9f
4435	youxi	国外怎么玩中国游戏网站，回国加速器帮你解决	2025-10-11 14:24:55	%e5%9b%bd%e5%a4%96%e6%80%8e%e4%b9%88%e7%8e%a9%e4%b8%ad%e5%9b%bd%e6%b8%b8%e6%88%8f%e7%bd%91%e7%ab%99%ef%bc%8c%e5%9b%9e%e5%9b%bd%e5%8a%a0%e9%80%9f%e5%99%a8%e5%b8%ae%e4%bd%a0%e8%a7%a3%e5%86%b3
4434	youxi	国外怎么玩国内游戏，这些服务怎么才能正常用？	2025-10-11 14:24:53	%e5%9b%bd%e5%a4%96%e6%80%8e%e4%b9%88%e7%8e%a9%e5%9b%bd%e5%86%85%e6%b8%b8%e6%88%8f%ef%bc%8c%e8%bf%99%e4%ba%9b%e6%9c%8d%e5%8a%a1%e6%80%8e%e4%b9%88%e6%89%8d%e8%83%bd%e6%ad%a3%e5%b8%b8%e7%94%a8%ef%bc%9f
4433	jiaocheng	国外怎么听国内的歌？海外党亲测有效回国网络解决方案	2025-10-11 14:24:51	%e5%9b%bd%e5%a4%96%e6%80%8e%e4%b9%88%e5%90%ac%e5%9b%bd%e5%86%85%e7%9a%84%e6%ad%8c%ef%bc%9f%e6%b5%b7%e5%a4%96%e5%85%9a%e4%ba%b2%e6%b5%8b%e6%9c%89%e6%95%88%e5%9b%9e%e5%9b%bd%e7%bd%91%e7%bb%9c%e8%a7%a3
4432	yingyin	国外用什么看电影？解决海外党访问国内服务的烦恼	2025-10-11 14:24:49	%e5%9b%bd%e5%a4%96%e7%94%a8%e4%bb%80%e4%b9%88%e7%9c%8b%e7%94%b5%e5%bd%b1%ef%bc%9f%e8%a7%a3%e5%86%b3%e6%b5%b7%e5%a4%96%e5%85%9a%e8%ae%bf%e9%97%ae%e5%9b%bd%e5%86%85%e6%9c%8d%e5%8a%a1%e7%9a%84%e7%83%a6
4431	youxi	国外玩国内游戏要挂梯子吗？海外党访问国内服务怎么办	2025-10-11 14:24:48	%e5%9b%bd%e5%a4%96%e7%8e%a9%e5%9b%bd%e5%86%85%e6%b8%b8%e6%88%8f%e8%a6%81%e6%8c%82%e6%a2%af%e5%ad%90%e5%90%97%ef%bc%9f%e6%b5%b7%e5%a4%96%e5%85%9a%e8%ae%bf%e9%97%ae%e5%9b%bd%e5%86%85%e6%9c%8d%e5%8a%a1
4430	youxi	国外玩国内手游很卡怎么办：海外党访问国内服务全攻略	2025-10-11 14:24:46	%e5%9b%bd%e5%a4%96%e7%8e%a9%e5%9b%bd%e5%86%85%e6%89%8b%e6%b8%b8%e5%be%88%e5%8d%a1%e6%80%8e%e4%b9%88%e5%8a%9e%ef%bc%9a%e6%b5%b7%e5%a4%96%e5%85%9a%e8%ae%bf%e9%97%ae%e5%9b%bd%e5%86%85%e6%9c%8d%e5%8a%a1
4429	yingyin	国外视频平台，海外党怎么顺畅访问？	2025-10-11 14:24:44	%e5%9b%bd%e5%a4%96%e8%a7%86%e9%a2%91%e5%b9%b3%e5%8f%b0%ef%bc%8c%e6%b5%b7%e5%a4%96%e5%85%9a%e6%80%8e%e4%b9%88%e9%a1%ba%e7%95%85%e8%ae%bf%e9%97%ae%ef%bc%9f
4428	jiaocheng	国外上不了国内网站怎么办？真实回国网络解决之道	2025-10-11 14:24:42	%e5%9b%bd%e5%a4%96%e4%b8%8a%e4%b8%8d%e4%ba%86%e5%9b%bd%e5%86%85%e7%bd%91%e7%ab%99%e6%80%8e%e4%b9%88%e5%8a%9e%ef%bc%9f%e7%9c%9f%e5%ae%9e%e5%9b%9e%e5%9b%bd%e7%bd%91%e7%bb%9c%e8%a7%a3%e5%86%b3%e4%b9%8b
4427	jiaocheng	国外如何玩国服碧蓝航线：海外党畅享国内精彩世界的那些事儿	2025-10-11 14:24:41	%e5%9b%bd%e5%a4%96%e5%a6%82%e4%bd%95%e7%8e%a9%e5%9b%bd%e6%9c%8d%e7%a2%a7%e8%93%9d%e8%88%aa%e7%ba%bf%ef%bc%9a%e6%b5%b7%e5%a4%96%e5%85%9a%e7%95%85%e4%ba%ab%e5%9b%bd%e5%86%85%e7%b2%be%e5%bd%a9%e4%b8%96
4426	yinyue	国外QQ音乐怎么听国内的歌：海外访问国内服务的真实体验	2025-10-11 14:24:39	%e5%9b%bd%e5%a4%96qq%e9%9f%b3%e4%b9%90%e6%80%8e%e4%b9%88%e5%90%ac%e5%9b%bd%e5%86%85%e7%9a%84%e6%ad%8c%ef%bc%9a%e6%b5%b7%e5%a4%96%e8%ae%bf%e9%97%ae%e5%9b%bd%e5%86%85%e6%9c%8d%e5%8a%a1%e7%9a%84%e7%9c%9f
4425	youxi	国外12123登录不上？海外访问国内服务这样解决	2025-10-11 14:24:36	%e5%9b%bd%e5%a4%9612123%e7%99%bb%e5%bd%95%e4%b8%8d%e4%b8%8a%ef%bc%9f%e6%b5%b7%e5%a4%96%e8%ae%bf%e9%97%ae%e5%9b%bd%e5%86%85%e6%9c%8d%e5%8a%a1%e8%bf%99%e6%a0%b7%e8%a7%a3%e5%86%b3
4424	duanju	抖音本區域未開放？海外党如何顺畅访问国内应用	2025-10-11 14:24:34	%e6%8a%96%e9%9f%b3%e6%9c%ac%e5%8d%80%e5%9f%9f%e6%9c%aa%e9%96%8b%e6%94%be%ef%bc%9f%e6%b5%b7%e5%a4%96%e5%85%9a%e5%a6%82%e4%bd%95%e9%a1%ba%e7%95%85%e8%ae%bf%e9%97%ae%e5%9b%bd%e5%86%85%e5%ba%94%e7%94%a8
4423	jiaocheng	yy語音香港：海外用户访问国内服务的那些事儿	2025-10-11 14:24:31	yy%e8%aa%9e%e9%9f%b3%e9%a6%99%e6%b8%af%ef%bc%9a%e6%b5%b7%e5%a4%96%e7%94%a8%e6%88%b7%e8%ae%bf%e9%97%ae%e5%9b%bd%e5%86%85%e6%9c%8d%e5%8a%a1%e7%9a%84%e9%82%a3%e4%ba%9b%e4%ba%8b%e5%84%bf
4422	yinyue	QQ音乐国外使用教程：海外党解锁音乐的那些事	2025-10-11 14:24:29	qq%e9%9f%b3%e4%b9%90%e5%9b%bd%e5%a4%96%e4%bd%bf%e7%94%a8%e6%95%99%e7%a8%8b%ef%bc%9a%e6%b5%b7%e5%a4%96%e5%85%9a%e8%a7%a3%e9%94%81%e9%9f%b3%e4%b9%90%e7%9a%84%e9%82%a3%e4%ba%9b%e4%ba%8b
4421	bangong	12123境外登录不了怎么办？海外党亲测有效解决之道	2025-10-11 14:24:27	12123%e5%a2%83%e5%a4%96%e7%99%bb%e5%bd%95%e4%b8%8d%e4%ba%86%e6%80%8e%e4%b9%88%e5%8a%9e%ef%bc%9f%e6%b5%b7%e5%a4%96%e5%85%9a%e4%ba%b2%e6%b5%8b%e6%9c%89%e6%95%88%e8%a7%a3%e5%86%b3%e4%b9%8b%e9%81%93
4420	yinyue	怎么在海外听音乐怎么办？亲测有效方法来了	2025-10-10 10:00:27	%e6%80%8e%e4%b9%88%e5%9c%a8%e6%b5%b7%e5%a4%96%e5%90%ac%e9%9f%b3%e4%b9%90%e6%80%8e%e4%b9%88%e5%8a%9e%ef%bc%9f%e4%ba%b2%e6%b5%8b%e6%9c%89%e6%95%88%e6%96%b9%e6%b3%95%e6%9d%a5%e4%ba%86
4419	jiaocheng	怎么翻墙回国内畅享网络（海外党必看）	2025-10-10 10:00:26	%e6%80%8e%e4%b9%88%e7%bf%bb%e5%a2%99%e5%9b%9e%e5%9b%bd%e5%86%85%e7%95%85%e4%ba%ab%e7%bd%91%e7%bb%9c%ef%bc%88%e6%b5%b7%e5%a4%96%e5%85%9a%e5%bf%85%e7%9c%8b%ef%bc%89
4418	yinyue	在日本怎么听国内音乐怎么办？亲测有效的方法来了	2025-10-10 10:00:24	%e5%9c%a8%e6%97%a5%e6%9c%ac%e6%80%8e%e4%b9%88%e5%90%ac%e5%9b%bd%e5%86%85%e9%9f%b3%e4%b9%90%e6%80%8e%e4%b9%88%e5%8a%9e%ef%bc%9f%e4%ba%b2%e6%b5%8b%e6%9c%89%e6%95%88%e7%9a%84%e6%96%b9%e6%b3%95%e6%9d%a5
4417	jiaocheng	在海外怎么快速访问中国网站呢？这份回国加速器体验分享给你	2025-10-10 10:00:22	%e5%9c%a8%e6%b5%b7%e5%a4%96%e6%80%8e%e4%b9%88%e5%bf%ab%e9%80%9f%e8%ae%bf%e9%97%ae%e4%b8%ad%e5%9b%bd%e7%bd%91%e7%ab%99%e5%91%a2%ef%bc%9f%e8%bf%99%e4%bb%bd%e5%9b%9e%e5%9b%bd%e5%8a%a0%e9%80%9f%e5%99%a8
4416	jiaocheng	在海外如何顺利騰訊視頻下載？原因与实测解决	2025-10-10 10:00:21	%e5%9c%a8%e6%b5%b7%e5%a4%96%e5%a6%82%e4%bd%95%e9%a1%ba%e5%88%a9%e9%a8%b0%e8%a8%8a%e8%a6%96%e9%a0%bb%e4%b8%8b%e8%bc%89%ef%bc%9f%e5%8e%9f%e5%9b%a0%e4%b8%8e%e5%ae%9e%e6%b5%8b%e8%a7%a3%e5%86%b3
4415	bangong	在海外如果使用交管12123会怎么样？深度解析与实用回国网络方法	2025-10-10 10:00:19	%e5%9c%a8%e6%b5%b7%e5%a4%96%e5%a6%82%e6%9e%9c%e4%bd%bf%e7%94%a8%e4%ba%a4%e7%ae%a112123%e4%bc%9a%e6%80%8e%e4%b9%88%e6%a0%b7%ef%bc%9f%e6%b7%b1%e5%ba%a6%e8%a7%a3%e6%9e%90%e4%b8%8e%e5%ae%9e%e7%94%a8
4414	youxi	在国外怎么玩和平精英？海外党亲测有效方法	2025-10-10 10:00:17	%e5%9c%a8%e5%9b%bd%e5%a4%96%e6%80%8e%e4%b9%88%e7%8e%a9%e5%92%8c%e5%b9%b3%e7%b2%be%e8%8b%b1%ef%bc%9f%e6%b5%b7%e5%a4%96%e5%85%9a%e4%ba%b2%e6%b5%8b%e6%9c%89%e6%95%88%e6%96%b9%e6%b3%95
4413	yinyue	在国外怎么听网易云？亲测有效的回国网络分享	2025-10-10 10:00:16	%e5%9c%a8%e5%9b%bd%e5%a4%96%e6%80%8e%e4%b9%88%e5%90%ac%e7%bd%91%e6%98%93%e4%ba%91%ef%bc%9f%e4%ba%b2%e6%b5%8b%e6%9c%89%e6%95%88%e7%9a%84%e5%9b%9e%e5%9b%bd%e7%bd%91%e7%bb%9c%e5%88%86%e4%ba%ab
4412	bangong	在国外怎么使用国内的小程序软件？这些问题你遇到过吗？	2025-10-10 10:00:14	%e5%9c%a8%e5%9b%bd%e5%a4%96%e6%80%8e%e4%b9%88%e4%bd%bf%e7%94%a8%e5%9b%bd%e5%86%85%e7%9a%84%e5%b0%8f%e7%a8%8b%e5%ba%8f%e8%bd%af%e4%bb%b6%ef%bc%9f%e8%bf%99%e4%ba%9b%e9%97%ae%e9%a2%98%e4%bd%a0%e9%81%87
4411	jiaocheng	在国外怎么看国内的网站？解决方法来了	2025-10-10 10:00:12	%e5%9c%a8%e5%9b%bd%e5%a4%96%e6%80%8e%e4%b9%88%e7%9c%8b%e5%9b%bd%e5%86%85%e7%9a%84%e7%bd%91%e7%ab%99%ef%bc%9f%e8%a7%a3%e5%86%b3%e6%96%b9%e6%b3%95%e6%9d%a5%e4%ba%86
4410	jiaocheng	在国外怎么打开国内app？亲测有效的回国网络解决方案	2025-10-10 10:00:11	%e5%9c%a8%e5%9b%bd%e5%a4%96%e6%80%8e%e4%b9%88%e6%89%93%e5%bc%80%e5%9b%bd%e5%86%85app%ef%bc%9f%e4%ba%b2%e6%b5%8b%e6%9c%89%e6%95%88%e7%9a%84%e5%9b%9e%e5%9b%bd%e7%bd%91%e7%bb%9c%e8%a7%a3%e5%86%b3
4409	bangong	在国外用12123换证怎么解决？亲测有效的方法	2025-10-10 10:00:09	%e5%9c%a8%e5%9b%bd%e5%a4%96%e7%94%a812123%e6%8d%a2%e8%af%81%e6%80%8e%e4%b9%88%e8%a7%a3%e5%86%b3%ef%bc%9f%e4%ba%b2%e6%b5%8b%e6%9c%89%e6%95%88%e7%9a%84%e6%96%b9%e6%b3%95
4408	yinyue	在国外听歌有地区限制怎么办？亲测有效回国网络方法	2025-10-10 10:00:07	%e5%9c%a8%e5%9b%bd%e5%a4%96%e5%90%ac%e6%ad%8c%e6%9c%89%e5%9c%b0%e5%8c%ba%e9%99%90%e5%88%b6%e6%80%8e%e4%b9%88%e5%8a%9e%ef%bc%9f%e4%ba%b2%e6%b5%8b%e6%9c%89%e6%95%88%e5%9b%9e%e5%9b%bd%e7%bd%91%e7%bb%9c
4407	jiaocheng	在国外如何浏览国内网站：那些年我们一起遇到的“打不开”	2025-10-10 10:00:05	%e5%9c%a8%e5%9b%bd%e5%a4%96%e5%a6%82%e4%bd%95%e6%b5%8f%e8%a7%88%e5%9b%bd%e5%86%85%e7%bd%91%e7%ab%99%ef%bc%9a%e9%82%a3%e4%ba%9b%e5%b9%b4%e6%88%91%e4%bb%ac%e4%b8%80%e8%b5%b7%e9%81%87%e5%88%b0%e7%9a%84
4406	yinyue	在国外能用酷狗音乐吗？海外访问国内服务限制与亲测有效的解决之道	2025-10-10 10:00:04	%e5%9c%a8%e5%9b%bd%e5%a4%96%e8%83%bd%e7%94%a8%e9%85%b7%e7%8b%97%e9%9f%b3%e4%b9%90%e5%90%97%ef%bc%9f%e6%b5%b7%e5%a4%96%e8%ae%bf%e9%97%ae%e5%9b%bd%e5%86%85%e6%9c%8d%e5%8a%a1%e9%99%90%e5%88%b6%e4%b8%8e
4405	yinyue	在国外可以听歌的软件怎么办？亲测有效回国网络解决之道	2025-10-10 10:00:02	%e5%9c%a8%e5%9b%bd%e5%a4%96%e5%8f%af%e4%bb%a5%e5%90%ac%e6%ad%8c%e7%9a%84%e8%bd%af%e4%bb%b6%e6%80%8e%e4%b9%88%e5%8a%9e%ef%bc%9f%e4%ba%b2%e6%b5%8b%e6%9c%89%e6%95%88%e5%9b%9e%e5%9b%bd%e7%bd%91%e7%bb%9c
4404	bangong	在国外交管12123app登不上？海外党回国网络常见难题解答	2025-10-10 10:00:01	%e5%9c%a8%e5%9b%bd%e5%a4%96%e4%ba%a4%e7%ae%a112123app%e7%99%bb%e4%b8%8d%e4%b8%8a%ef%bc%9f%e6%b5%b7%e5%a4%96%e5%85%9a%e5%9b%9e%e5%9b%bd%e7%bd%91%e7%bb%9c%e5%b8%b8%e8%a7%81%e9%9a%be%e9%a2%98%e8%a7%a3
4403	jiaocheng	在国外翻墙回国内访问受限服务全解析	2025-10-10 09:59:59	%e5%9c%a8%e5%9b%bd%e5%a4%96%e7%bf%bb%e5%a2%99%e5%9b%9e%e5%9b%bd%e5%86%85%e8%ae%bf%e9%97%ae%e5%8f%97%e9%99%90%e6%9c%8d%e5%8a%a1%e5%85%a8%e8%a7%a3%e6%9e%90
4402	yinyue	在国外的听QQ音乐方法该怎么办？亲测有效的方法分享	2025-10-10 09:59:58	%e5%9c%a8%e5%9b%bd%e5%a4%96%e7%9a%84%e5%90%acqq%e9%9f%b3%e4%b9%90%e6%96%b9%e6%b3%95%e8%af%a5%e6%80%8e%e4%b9%88%e5%8a%9e%ef%bc%9f%e4%ba%b2%e6%b5%8b%e6%9c%89%e6%95%88%e7%9a%84%e6%96%b9%e6%b3%95%e5%88%86
4401	jiaocheng	在国外打不开国内软件怎么办？海外党亲测有效	2025-10-10 09:59:56	%e5%9c%a8%e5%9b%bd%e5%a4%96%e6%89%93%e4%b8%8d%e5%bc%80%e5%9b%bd%e5%86%85%e8%bd%af%e4%bb%b6%e6%80%8e%e4%b9%88%e5%8a%9e%ef%bc%9f%e6%b5%b7%e5%a4%96%e5%85%9a%e4%ba%b2%e6%b5%8b%e6%9c%89%e6%95%88
4400	jiaocheng	在国外不能访问国内的网站怎么办？亲测有效的解决之道	2025-10-10 09:59:55	%e5%9c%a8%e5%9b%bd%e5%a4%96%e4%b8%8d%e8%83%bd%e8%ae%bf%e9%97%ae%e5%9b%bd%e5%86%85%e7%9a%84%e7%bd%91%e7%ab%99%e6%80%8e%e4%b9%88%e5%8a%9e%ef%bc%9f%e4%ba%b2%e6%b5%8b%e6%9c%89%e6%95%88%e7%9a%84%e8%a7%a3
4399	bangong	在国外不能登录交管12123？这些国内服务同样受限，亲测有效解决办法来了	2025-10-10 09:59:53	%e5%9c%a8%e5%9b%bd%e5%a4%96%e4%b8%8d%e8%83%bd%e7%99%bb%e5%bd%95%e4%ba%a4%e7%ae%a112123%ef%bc%9f%e8%bf%99%e4%ba%9b%e5%9b%bd%e5%86%85%e6%9c%8d%e5%8a%a1%e5%90%8c%e6%a0%b7%e5%8f%97%e9%99%90%ef%bc%8c
4398	yinyue	在国外QQ音乐版权限制怎么办？海外用户访问国内服务实测分享	2025-10-10 09:59:51	%e5%9c%a8%e5%9b%bd%e5%a4%96qq%e9%9f%b3%e4%b9%90%e7%89%88%e6%9d%83%e9%99%90%e5%88%b6%e6%80%8e%e4%b9%88%e5%8a%9e%ef%bc%9f%e6%b5%b7%e5%a4%96%e7%94%a8%e6%88%b7%e8%ae%bf%e9%97%ae%e5%9b%bd%e5%86%85%e6%9c%8d
4397	jiaocheng	在国内可以访问一亩三分地吗？海外党回国网络畅享之道	2025-10-10 09:59:50	%e5%9c%a8%e5%9b%bd%e5%86%85%e5%8f%af%e4%bb%a5%e8%ae%bf%e9%97%ae%e4%b8%80%e4%ba%a9%e4%b8%89%e5%88%86%e5%9c%b0%e5%90%97%ef%bc%9f%e6%b5%b7%e5%a4%96%e5%85%9a%e5%9b%9e%e5%9b%bd%e7%bd%91%e7%bb%9c%e7%95%85
4396	yingyin	优酷海外版叫什么？人在海外如何畅享国内精彩内容	2025-10-10 09:59:48	%e4%bc%98%e9%85%b7%e6%b5%b7%e5%a4%96%e7%89%88%e5%8f%ab%e4%bb%80%e4%b9%88%ef%bc%9f%e4%ba%ba%e5%9c%a8%e6%b5%b7%e5%a4%96%e5%a6%82%e4%bd%95%e7%95%85%e4%ba%ab%e5%9b%bd%e5%86%85%e7%b2%be%e5%bd%a9%e5%86%85
4395	jiaocheng	永劫無間伺服器選擇：海外黨回國網路疑難解	2025-10-10 09:59:47	%e6%b0%b8%e5%8a%ab%e7%84%a1%e9%96%93%e4%bc%ba%e6%9c%8d%e5%99%a8%e9%81%b8%e6%93%87%ef%bc%9a%e6%b5%b7%e5%a4%96%e9%bb%a8%e5%9b%9e%e5%9c%8b%e7%b6%b2%e8%b7%af%e7%96%91%e9%9b%a3%e8%a7%a3
4394	jiaocheng	小米电视翻墙：海外用户畅享国内精彩的必要之道	2025-10-10 09:59:45	%e5%b0%8f%e7%b1%b3%e7%94%b5%e8%a7%86%e7%bf%bb%e5%a2%99%ef%bc%9a%e6%b5%b7%e5%a4%96%e7%94%a8%e6%88%b7%e7%95%85%e4%ba%ab%e5%9b%bd%e5%86%85%e7%b2%be%e5%bd%a9%e7%9a%84%e5%bf%85%e8%a6%81%e4%b9%8b%e9%81%93
4393	jiaocheng	小紅書該功能尚未在你所在地區開放？回国网络问题全解析	2025-10-10 09:59:43	%e5%b0%8f%e7%b4%85%e6%9b%b8%e8%a9%b2%e5%8a%9f%e8%83%bd%e5%b0%9a%e6%9c%aa%e5%9c%a8%e4%bd%a0%e6%89%80%e5%9c%a8%e5%9c%b0%e5%8d%80%e9%96%8b%e6%94%be%ef%bc%9f%e5%9b%9e%e5%9b%bd%e7%bd%91%e7%bb%9c%e9%97%ae
4392	yinyue	喜马拉雅海外怎么办？亲测有效的回国网络解决方案	2025-10-10 09:59:42	%e5%96%9c%e9%a9%ac%e6%8b%89%e9%9b%85%e6%b5%b7%e5%a4%96%e6%80%8e%e4%b9%88%e5%8a%9e%ef%bc%9f%e4%ba%b2%e6%b5%8b%e6%9c%89%e6%95%88%e7%9a%84%e5%9b%9e%e5%9b%bd%e7%bd%91%e7%bb%9c%e8%a7%a3%e5%86%b3%e6%96%b9
4391	yinyue	喜马拉雅国外怎么听？解决国内服务访问难题	2025-10-10 09:59:40	%e5%96%9c%e9%a9%ac%e6%8b%89%e9%9b%85%e5%9b%bd%e5%a4%96%e6%80%8e%e4%b9%88%e5%90%ac%ef%bc%9f%e8%a7%a3%e5%86%b3%e5%9b%bd%e5%86%85%e6%9c%8d%e5%8a%a1%e8%ae%bf%e9%97%ae%e9%9a%be%e9%a2%98
4390	yinyue	喜马拉雅该地区无法播放怎么办？亲测有效解决办法	2025-10-10 09:59:39	%e5%96%9c%e9%a9%ac%e6%8b%89%e9%9b%85%e8%af%a5%e5%9c%b0%e5%8c%ba%e6%97%a0%e6%b3%95%e6%92%ad%e6%94%be%e6%80%8e%e4%b9%88%e5%8a%9e%ef%bc%9f%e4%ba%b2%e6%b5%8b%e6%9c%89%e6%95%88%e8%a7%a3%e5%86%b3%e5%8a%9e
4389	yinyue	喜马拉雅app无法下载怎么办？海外党亲测有效的方法	2025-10-10 09:59:37	%e5%96%9c%e9%a9%ac%e6%8b%89%e9%9b%85app%e6%97%a0%e6%b3%95%e4%b8%8b%e8%bd%bd%e6%80%8e%e4%b9%88%e5%8a%9e%ef%bc%9f%e6%b5%b7%e5%a4%96%e5%85%9a%e4%ba%b2%e6%b5%8b%e6%9c%89%e6%95%88%e7%9a%84%e6%96%b9
4388	jiaocheng	为什么有的歌在国外听不了？海外党这样解决	2025-10-10 09:59:35	%e4%b8%ba%e4%bb%80%e4%b9%88%e6%9c%89%e7%9a%84%e6%ad%8c%e5%9c%a8%e5%9b%bd%e5%a4%96%e5%90%ac%e4%b8%8d%e4%ba%86%ef%bc%9f%e6%b5%b7%e5%a4%96%e5%85%9a%e8%bf%99%e6%a0%b7%e8%a7%a3%e5%86%b3
4387	jiaocheng	国内网站在国外如何快速打开网页？回国网络畅通秘籍	2025-10-10 09:59:33	%e5%9b%bd%e5%86%85%e7%bd%91%e7%ab%99%e5%9c%a8%e5%9b%bd%e5%a4%96%e5%a6%82%e4%bd%95%e5%bf%ab%e9%80%9f%e6%89%93%e5%bc%80%e7%bd%91%e9%a1%b5%ef%bc%9f%e5%9b%9e%e5%9b%bd%e7%bd%91%e7%bb%9c%e7%95%85%e9%80%9a
4386	youxi	vpnlol，海外党访问国内受限服务有哪些不便？	2025-10-10 09:59:31	vpnlol%ef%bc%8c%e6%b5%b7%e5%a4%96%e5%85%9a%e8%ae%bf%e9%97%ae%e5%9b%bd%e5%86%85%e5%8f%97%e9%99%90%e6%9c%8d%e5%8a%a1%e6%9c%89%e5%93%aa%e4%ba%9b%e4%b8%8d%e4%be%bf%ef%bc%9f
4385	tiyu	cctv5海外直播怎么办？原因与亲测有效的解决之道	2025-10-10 09:59:29	cctv5%e6%b5%b7%e5%a4%96%e7%9b%b4%e6%92%ad%e6%80%8e%e4%b9%88%e5%8a%9e%ef%bc%9f%e5%8e%9f%e5%9b%a0%e4%b8%8e%e4%ba%b2%e6%b5%8b%e6%9c%89%e6%95%88%e7%9a%84%e8%a7%a3%e5%86%b3%e4%b9%8b%e9%81%93
4384	bangong	境外如何登录交管12123？这些问题真实存在，我来分享下经验	2025-10-09 10:42:38	%e5%a2%83%e5%a4%96%e5%a6%82%e4%bd%95%e7%99%bb%e5%bd%95%e4%ba%a4%e7%ae%a112123%ef%bc%9f%e8%bf%99%e4%ba%9b%e9%97%ae%e9%a2%98%e7%9c%9f%e5%ae%9e%e5%ad%98%e5%9c%a8%ef%bc%8c%e6%88%91%e6%9d%a5%e5%88%86
4383	youxi	交管12123在国外怎么登录不上？原因与解决之道	2025-10-09 10:42:36	%e4%ba%a4%e7%ae%a112123%e5%9c%a8%e5%9b%bd%e5%a4%96%e6%80%8e%e4%b9%88%e7%99%bb%e5%bd%95%e4%b8%8d%e4%b8%8a%ef%bc%9f%e5%8e%9f%e5%9b%a0%e4%b8%8e%e8%a7%a3%e5%86%b3%e4%b9%8b%e9%81%93
4382	bangong	交管12123在国外可以登录吗？这些服务限制怎么破	2025-10-09 10:42:34	%e4%ba%a4%e7%ae%a112123%e5%9c%a8%e5%9b%bd%e5%a4%96%e5%8f%af%e4%bb%a5%e7%99%bb%e5%bd%95%e5%90%97%ef%bc%9f%e8%bf%99%e4%ba%9b%e6%9c%8d%e5%8a%a1%e9%99%90%e5%88%b6%e6%80%8e%e4%b9%88%e7%a0%b4
4381	bangong	交管12123在国外不能登录什么情况？揭秘与解决之道	2025-10-09 10:42:33	%e4%ba%a4%e7%ae%a112123%e5%9c%a8%e5%9b%bd%e5%a4%96%e4%b8%8d%e8%83%bd%e7%99%bb%e5%bd%95%e4%bb%80%e4%b9%88%e6%83%85%e5%86%b5%ef%bc%9f%e6%8f%ad%e7%a7%98%e4%b8%8e%e8%a7%a3%e5%86%b3%e4%b9%8b%e9%81%93
4380	bangong	交管123在国外能登录吗？海外党回国网络畅享之道	2025-10-09 10:42:31	%e4%ba%a4%e7%ae%a1123%e5%9c%a8%e5%9b%bd%e5%a4%96%e8%83%bd%e7%99%bb%e5%bd%95%e5%90%97%ef%bc%9f%e6%b5%b7%e5%a4%96%e5%85%9a%e5%9b%9e%e5%9b%bd%e7%bd%91%e7%bb%9c%e7%95%85%e4%ba%ab%e4%b9%8b%e9%81%93
4379	jiaocheng	回国最好用的vpn 怎么选？海外党亲测有效	2025-10-09 10:42:29	%e5%9b%9e%e5%9b%bd%e6%9c%80%e5%a5%bd%e7%94%a8%e7%9a%84vpn-%e6%80%8e%e4%b9%88%e9%80%89%ef%bc%9f%e6%b5%b7%e5%a4%96%e5%85%9a%e4%ba%b2%e6%b5%8b%e6%9c%89%e6%95%88
4378	jiaocheng	回国机场节点：海外党访问国内服务，就这样解决	2025-10-09 10:42:27	%e5%9b%9e%e5%9b%bd%e6%9c%ba%e5%9c%ba%e8%8a%82%e7%82%b9%ef%bc%9a%e6%b5%b7%e5%a4%96%e5%85%9a%e8%ae%bf%e9%97%ae%e5%9b%bd%e5%86%85%e6%9c%8d%e5%8a%a1%ef%bc%8c%e5%b0%b1%e8%bf%99%e6%a0%b7%e8%a7%a3%e5%86%b3
4377	jiaocheng	回国ssr：海外党畅享国内服务的实用方法	2025-10-09 10:42:26	%e5%9b%9e%e5%9b%bdssr%ef%bc%9a%e6%b5%b7%e5%a4%96%e5%85%9a%e7%95%85%e4%ba%ab%e5%9b%bd%e5%86%85%e6%9c%8d%e5%8a%a1%e7%9a%84%e5%ae%9e%e7%94%a8%e6%96%b9%e6%b3%95
4376	jiaocheng	华为翻墙：海外党访问国内服务的那些事儿	2025-10-09 10:42:24	%e5%8d%8e%e4%b8%ba%e7%bf%bb%e5%a2%99%ef%bc%9a%e6%b5%b7%e5%a4%96%e5%85%9a%e8%ae%bf%e9%97%ae%e5%9b%bd%e5%86%85%e6%9c%8d%e5%8a%a1%e7%9a%84%e9%82%a3%e4%ba%9b%e4%ba%8b%e5%84%bf
4375	jiaocheng	海外怎么玩全明星街球派对？回国网络难题一次解决	2025-10-09 10:42:22	%e6%b5%b7%e5%a4%96%e6%80%8e%e4%b9%88%e7%8e%a9%e5%85%a8%e6%98%8e%e6%98%9f%e8%a1%97%e7%90%83%e6%b4%be%e5%af%b9%ef%bc%9f%e5%9b%9e%e5%9b%bd%e7%bd%91%e7%bb%9c%e9%9a%be%e9%a2%98%e4%b8%80%e6%ac%a1%e8%a7%a3-2
4374	jiaocheng	国外怎么注册qq？海外党访问国内限制与解决之道	2025-10-09 10:42:21	%e5%9b%bd%e5%a4%96%e6%80%8e%e4%b9%88%e6%b3%a8%e5%86%8cqq%ef%bc%9f%e6%b5%b7%e5%a4%96%e5%85%9a%e8%ae%bf%e9%97%ae%e5%9b%bd%e5%86%85%e9%99%90%e5%88%b6%e4%b8%8e%e8%a7%a3%e5%86%b3%e4%b9%8b%e9%81%93
4373	youxi	国外怎么玩国服原神？那些限制与归途	2025-10-09 10:42:19	%e5%9b%bd%e5%a4%96%e6%80%8e%e4%b9%88%e7%8e%a9%e5%9b%bd%e6%9c%8d%e5%8e%9f%e7%a5%9e%ef%bc%9f%e9%82%a3%e4%ba%9b%e9%99%90%e5%88%b6%e4%b8%8e%e5%bd%92%e9%80%94
4372	jiaocheng	国外怎么玩国服？海外党亲测回国网络解决方案	2025-10-09 10:42:17	%e5%9b%bd%e5%a4%96%e6%80%8e%e4%b9%88%e7%8e%a9%e5%9b%bd%e6%9c%8d%ef%bc%9f%e6%b5%b7%e5%a4%96%e5%85%9a%e4%ba%b2%e6%b5%8b%e5%9b%9e%e5%9b%bd%e7%bd%91%e7%bb%9c%e8%a7%a3%e5%86%b3%e6%96%b9%e6%a1%88
4371	yinyue	国外怎么听歌软件？海外党亲测有效解决方法	2025-10-09 10:42:16	%e5%9b%bd%e5%a4%96%e6%80%8e%e4%b9%88%e5%90%ac%e6%ad%8c%e8%bd%af%e4%bb%b6%ef%bc%9f%e6%b5%b7%e5%a4%96%e5%85%9a%e4%ba%b2%e6%b5%8b%e6%9c%89%e6%95%88%e8%a7%a3%e5%86%b3%e6%96%b9%e6%b3%95
4370	jiaocheng	国外怎么使用国内软件，海外党回国加速必看！	2025-10-09 10:42:14	%e5%9b%bd%e5%a4%96%e6%80%8e%e4%b9%88%e4%bd%bf%e7%94%a8%e5%9b%bd%e5%86%85%e8%bd%af%e4%bb%b6%ef%bc%8c%e6%b5%b7%e5%a4%96%e5%85%9a%e5%9b%9e%e5%9b%bd%e5%8a%a0%e9%80%9f%e5%bf%85%e7%9c%8b%ef%bc%81
4369	yingyin	国外怎么看腾讯视频？亲测有效的回国网络解决办法	2025-10-09 10:42:12	%e5%9b%bd%e5%a4%96%e6%80%8e%e4%b9%88%e7%9c%8b%e8%85%be%e8%ae%af%e8%a7%86%e9%a2%91%ef%bc%9f%e4%ba%b2%e6%b5%8b%e6%9c%89%e6%95%88%e7%9a%84%e5%9b%9e%e5%9b%bd%e7%bd%91%e7%bb%9c%e8%a7%a3%e5%86%b3%e5%8a%9e
4368	yinyue	国外用网易云听歌方法最全解决方案（亲测有效）	2025-10-09 10:42:10	%e5%9b%bd%e5%a4%96%e7%94%a8%e7%bd%91%e6%98%93%e4%ba%91%e5%90%ac%e6%ad%8c%e6%96%b9%e6%b3%95%e6%9c%80%e5%85%a8%e8%a7%a3%e5%86%b3%e6%96%b9%e6%a1%88%ef%bc%88%e4%ba%b2%e6%b5%8b%e6%9c%89%e6%95%88%ef%bc%89
4367	youxi	国外玩国内游戏卡怎么办：海外党访问国内服务全解	2025-10-09 10:42:09	%e5%9b%bd%e5%a4%96%e7%8e%a9%e5%9b%bd%e5%86%85%e6%b8%b8%e6%88%8f%e5%8d%a1%e6%80%8e%e4%b9%88%e5%8a%9e%ef%bc%9a%e6%b5%b7%e5%a4%96%e5%85%9a%e8%ae%bf%e9%97%ae%e5%9b%bd%e5%86%85%e6%9c%8d%e5%8a%a1%e5%85%a8
4366	youxi	国外玩国内手游延迟高怎么办？亲测有效回国加速方案	2025-10-09 10:42:07	%e5%9b%bd%e5%a4%96%e7%8e%a9%e5%9b%bd%e5%86%85%e6%89%8b%e6%b8%b8%e5%bb%b6%e8%bf%9f%e9%ab%98%e6%80%8e%e4%b9%88%e5%8a%9e%ef%bc%9f%e4%ba%b2%e6%b5%8b%e6%9c%89%e6%95%88%e5%9b%9e%e5%9b%bd%e5%8a%a0%e9%80%9f
4365	yinyue	国外听国内音乐用什么软件？海外党亲测有效的方法	2025-10-09 10:42:05	%e5%9b%bd%e5%a4%96%e5%90%ac%e5%9b%bd%e5%86%85%e9%9f%b3%e4%b9%90%e7%94%a8%e4%bb%80%e4%b9%88%e8%bd%af%e4%bb%b6%ef%bc%9f%e6%b5%b7%e5%a4%96%e5%85%9a%e4%ba%b2%e6%b5%8b%e6%9c%89%e6%95%88%e7%9a%84%e6%96%b9
4364	youxi	国外如何玩王者荣耀？解决国内服务访问限制	2025-10-09 10:42:03	%e5%9b%bd%e5%a4%96%e5%a6%82%e4%bd%95%e7%8e%a9%e7%8e%8b%e8%80%85%e8%8d%a3%e8%80%80%ef%bc%9f%e8%a7%a3%e5%86%b3%e5%9b%bd%e5%86%85%e6%9c%8d%e5%8a%a1%e8%ae%bf%e9%97%ae%e9%99%90%e5%88%b6
4363	youxi	国外如何玩国服原神手游？海外党回国网络适配方法	2025-10-09 10:42:02	%e5%9b%bd%e5%a4%96%e5%a6%82%e4%bd%95%e7%8e%a9%e5%9b%bd%e6%9c%8d%e5%8e%9f%e7%a5%9e%e6%89%8b%e6%b8%b8%ef%bc%9f%e6%b5%b7%e5%a4%96%e5%85%9a%e5%9b%9e%e5%9b%bd%e7%bd%91%e7%bb%9c%e9%80%82%e9%85%8d%e6%96%b9
4362	yinyue	国外如何使用QQ音乐？这些服务都打不开怎么办？	2025-10-09 10:42:00	%e5%9b%bd%e5%a4%96%e5%a6%82%e4%bd%95%e4%bd%bf%e7%94%a8qq%e9%9f%b3%e4%b9%90%ef%bc%9f%e8%bf%99%e4%ba%9b%e6%9c%8d%e5%8a%a1%e9%83%bd%e6%89%93%e4%b8%8d%e5%bc%80%e6%80%8e%e4%b9%88%e5%8a%9e%ef%bc%9f
4361	yinyue	国外可以用酷我音乐吗？海外党访问国内网络实测	2025-10-09 10:41:58	%e5%9b%bd%e5%a4%96%e5%8f%af%e4%bb%a5%e7%94%a8%e9%85%b7%e6%88%91%e9%9f%b3%e4%b9%90%e5%90%97%ef%bc%9f%e6%b5%b7%e5%a4%96%e5%85%9a%e8%ae%bf%e9%97%ae%e5%9b%bd%e5%86%85%e7%bd%91%e7%bb%9c%e5%ae%9e%e6%b5%8b
4360	duanju	国外看国内抖音：那些绕不开的区域限制与亲测回国网络方法	2025-10-09 10:41:56	%e5%9b%bd%e5%a4%96%e7%9c%8b%e5%9b%bd%e5%86%85%e6%8a%96%e9%9f%b3%ef%bc%9a%e9%82%a3%e4%ba%9b%e7%bb%95%e4%b8%8d%e5%bc%80%e7%9a%84%e5%8c%ba%e5%9f%9f%e9%99%90%e5%88%b6%e4%b8%8e%e4%ba%b2%e6%b5%8b%e5%9b%9e
4359	bangong	国外登录交管12123怎么登录？实测有效回国网络办法	2025-10-09 10:41:55	%e5%9b%bd%e5%a4%96%e7%99%bb%e5%bd%95%e4%ba%a4%e7%ae%a112123%e6%80%8e%e4%b9%88%e7%99%bb%e5%bd%95%ef%bc%9f%e5%ae%9e%e6%b5%8b%e6%9c%89%e6%95%88%e5%9b%9e%e5%9b%bd%e7%bd%91%e7%bb%9c%e5%8a%9e%e6%b3%95
4358	jiaocheng	关于全民k歌台灣下載，海外用户常遇到的那些事	2025-10-09 10:41:53	%e5%85%b3%e4%ba%8e%e5%85%a8%e6%b0%91k%e6%ad%8c%e5%8f%b0%e7%81%a3%e4%b8%8b%e8%bc%89%ef%bc%8c%e6%b5%b7%e5%a4%96%e7%94%a8%e6%88%b7%e5%b8%b8%e9%81%87%e5%88%b0%e7%9a%84%e9%82%a3%e4%ba%9b%e4%ba%8b
4357	duanju	当前直播间在本区域未开放？海外党如何顺利回国访问	2025-10-09 10:41:51	%e5%bd%93%e5%89%8d%e7%9b%b4%e6%92%ad%e9%97%b4%e5%9c%a8%e6%9c%ac%e5%8c%ba%e5%9f%9f%e6%9c%aa%e5%bc%80%e6%94%be%ef%bc%9f%e6%b5%b7%e5%a4%96%e5%85%9a%e5%a6%82%e4%bd%95%e9%a1%ba%e5%88%a9%e5%9b%9e%e5%9b%bd
4356	duanju	大陸抖音直播看不了怎么办？海外党亲测有效的方法	2025-10-09 10:41:49	%e5%a4%a7%e9%99%b8%e6%8a%96%e9%9f%b3%e7%9b%b4%e6%92%ad%e7%9c%8b%e4%b8%8d%e4%ba%86%e6%80%8e%e4%b9%88%e5%8a%9e%ef%bc%9f%e6%b5%b7%e5%a4%96%e5%85%9a%e4%ba%b2%e6%b5%8b%e6%9c%89%e6%95%88%e7%9a%84%e6%96%b9
4355	jiaocheng	从国外正常访问国内网站的插件有哪些？亲测有效解决办法	2025-10-09 10:41:48	%e4%bb%8e%e5%9b%bd%e5%a4%96%e6%ad%a3%e5%b8%b8%e8%ae%bf%e9%97%ae%e5%9b%bd%e5%86%85%e7%bd%91%e7%ab%99%e7%9a%84%e6%8f%92%e4%bb%b6%e6%9c%89%e5%93%aa%e4%ba%9b%ef%bc%9f%e4%ba%b2%e6%b5%8b%e6%9c%89%e6%95%88
4354	jiaocheng	yy語音台灣不能說話？海外用戶回國加速器實測解析	2025-10-09 10:41:46	yy%e8%aa%9e%e9%9f%b3%e5%8f%b0%e7%81%a3%e4%b8%8d%e8%83%bd%e8%aa%aa%e8%a9%b1%ef%bc%9f%e6%b5%b7%e5%a4%96%e7%94%a8%e6%88%b6%e5%9b%9e%e5%9c%8b%e5%8a%a0%e9%80%9f%e5%99%a8%e5%af%a6%e6%b8%ac%e8%a7%a3%e6%9e%90
4353	yinyue	QQ音乐海外限制怎么办？亲测有效的回国网络解决方法	2025-10-09 10:41:44	qq%e9%9f%b3%e4%b9%90%e6%b5%b7%e5%a4%96%e9%99%90%e5%88%b6%e6%80%8e%e4%b9%88%e5%8a%9e%ef%bc%9f%e4%ba%b2%e6%b5%8b%e6%9c%89%e6%95%88%e7%9a%84%e5%9b%9e%e5%9b%bd%e7%bd%91%e7%bb%9c%e8%a7%a3%e5%86%b3%e6%96%b9
4352	tiyu	cctv5m3u8为何卡顿？海外党回国网络实测	2025-10-09 10:41:43	cctv5m3u8%e4%b8%ba%e4%bd%95%e5%8d%a1%e9%a1%bf%ef%bc%9f%e6%b5%b7%e5%a4%96%e5%85%9a%e5%9b%9e%e5%9b%bd%e7%bd%91%e7%bb%9c%e5%ae%9e%e6%b5%8b
4350	jiaocheng	蝦米音樂破解香港？海外党解锁国内服务那些事儿	2025-09-30 11:49:36	%e8%9d%a6%e7%b1%b3%e9%9f%b3%e6%a8%82%e7%a0%b4%e8%a7%a3%e9%a6%99%e6%b8%af%ef%bc%9f%e6%b5%b7%e5%a4%96%e5%85%9a%e8%a7%a3%e9%94%81%e5%9b%bd%e5%86%85%e6%9c%8d%e5%8a%a1%e9%82%a3%e4%ba%9b%e4%ba%8b%e5%84%bf
4349	duanju	为什么抖音看不了直播？海外党回国网络实测分享	2025-09-30 11:49:34	%e4%b8%ba%e4%bb%80%e4%b9%88%e6%8a%96%e9%9f%b3%e7%9c%8b%e4%b8%8d%e4%ba%86%e7%9b%b4%e6%92%ad%ef%bc%9f%e6%b5%b7%e5%a4%96%e5%85%9a%e5%9b%9e%e5%9b%bd%e7%bd%91%e7%bb%9c%e5%ae%9e%e6%b5%8b%e5%88%86%e4%ba%ab
4348	yinyue	网易云vpn：海外访问国内服务的心得分享	2025-09-30 11:49:32	%e7%bd%91%e6%98%93%e4%ba%91vpn%ef%bc%9a%e6%b5%b7%e5%a4%96%e8%ae%bf%e9%97%ae%e5%9b%bd%e5%86%85%e6%9c%8d%e5%8a%a1%e7%9a%84%e5%bf%83%e5%be%97%e5%88%86%e4%ba%ab
4347	yingyin	台灣看bilibili 不再是夢：親測有效回國網絡解決方案	2025-09-30 11:49:31	%e5%8f%b0%e7%81%a3%e7%9c%8bbilibili-%e4%b8%8d%e5%86%8d%e6%98%af%e5%a4%a2%ef%bc%9a%e8%a6%aa%e6%b8%ac%e6%9c%89%e6%95%88%e5%9b%9e%e5%9c%8b%e7%b6%b2%e7%b5%a1%e8%a7%a3%e6%b1%ba%e6%96%b9%e6%a1%88
4346	jiaocheng	如何从美国访问中国的网站最全指南（亲测有效）	2025-09-30 11:49:29	%e5%a6%82%e4%bd%95%e4%bb%8e%e7%be%8e%e5%9b%bd%e8%ae%bf%e9%97%ae%e4%b8%ad%e5%9b%bd%e7%9a%84%e7%bd%91%e7%ab%99%e6%9c%80%e5%85%a8%e6%8c%87%e5%8d%97%ef%bc%88%e4%ba%b2%e6%b5%8b%e6%9c%89%e6%95%88%ef%bc%89
4345	jiaocheng	您所在区域暂无此内容版权(如设置vpn请关闭后重试)怎么办？原因及回国网络解锁法	2025-09-30 11:49:27	%e6%82%a8%e6%89%80%e5%9c%a8%e5%8c%ba%e5%9f%9f%e6%9a%82%e6%97%a0%e6%ad%a4%e5%86%85%e5%ae%b9%e7%89%88%e6%9d%83%e5%a6%82%e8%ae%be%e7%bd%aevpn%e8%af%b7%e5%85%b3%e9%97%ad%e5%90%8e%e9%87%8d%e8%af%95-3
4344	jiaocheng	咪咕台灣註冊：海外访问国内服务受限的那些事儿	2025-09-30 11:49:25	%e5%92%aa%e5%92%95%e5%8f%b0%e7%81%a3%e8%a8%bb%e5%86%8a%ef%bc%9a%e6%b5%b7%e5%a4%96%e8%ae%bf%e9%97%ae%e5%9b%bd%e5%86%85%e6%9c%8d%e5%8a%a1%e5%8f%97%e9%99%90%e7%9a%84%e9%82%a3%e4%ba%9b%e4%ba%8b%e5%84%bf
4343	jiaocheng	快帆破解pc：海外访问国内受限服务的真实困境与解决之道	2025-09-30 11:49:24	%e5%bf%ab%e5%b8%86%e7%a0%b4%e8%a7%a3pc%ef%bc%9a%e6%b5%b7%e5%a4%96%e8%ae%bf%e9%97%ae%e5%9b%bd%e5%86%85%e5%8f%97%e9%99%90%e6%9c%8d%e5%8a%a1%e7%9a%84%e7%9c%9f%e5%ae%9e%e5%9b%b0%e5%a2%83%e4%b8%8e%e8%a7%a3
4342	jiaocheng	夸克网盘海外注册难？海外党访问国内服务问题全解析	2025-09-30 11:49:22	%e5%a4%b8%e5%85%8b%e7%bd%91%e7%9b%98%e6%b5%b7%e5%a4%96%e6%b3%a8%e5%86%8c%e9%9a%be%ef%bc%9f%e6%b5%b7%e5%a4%96%e5%85%9a%e8%ae%bf%e9%97%ae%e5%9b%bd%e5%86%85%e6%9c%8d%e5%8a%a1%e9%97%ae%e9%a2%98%e5%85%a8
4341	bangong	境外不能登录12123？海外党访问国内服务全解	2025-09-30 11:49:20	%e5%a2%83%e5%a4%96%e4%b8%8d%e8%83%bd%e7%99%bb%e5%bd%9512123%ef%bc%9f%e6%b5%b7%e5%a4%96%e5%85%9a%e8%ae%bf%e9%97%ae%e5%9b%bd%e5%86%85%e6%9c%8d%e5%8a%a1%e5%85%a8%e8%a7%a3
4340	bangong	交管12123在国外可以使用吗？原因与亲测有效回国网络方法	2025-09-30 11:49:19	%e4%ba%a4%e7%ae%a112123%e5%9c%a8%e5%9b%bd%e5%a4%96%e5%8f%af%e4%bb%a5%e4%bd%bf%e7%94%a8%e5%90%97%ef%bc%9f%e5%8e%9f%e5%9b%a0%e4%b8%8e%e4%ba%b2%e6%b5%8b%e6%9c%89%e6%95%88%e5%9b%9e%e5%9b%bd%e7%bd%91
4339	bangong	交管12123認證失敗，海外访问国内服务难的真实原因与应对	2025-09-30 11:49:17	%e4%ba%a4%e7%ae%a112123%e8%aa%8d%e8%ad%89%e5%a4%b1%e6%95%97%ef%bc%8c%e6%b5%b7%e5%a4%96%e8%ae%bf%e9%97%ae%e5%9b%bd%e5%86%85%e6%9c%8d%e5%8a%a1%e9%9a%be%e7%9a%84%e7%9c%9f%e5%ae%9e%e5%8e%9f%e5%9b%a0
4338	jiaocheng	国外玩国服用什么加速器最全解决方案（亲测有效）	2025-09-30 11:49:15	%e5%9b%bd%e5%a4%96%e7%8e%a9%e5%9b%bd%e6%9c%8d%e7%94%a8%e4%bb%80%e4%b9%88%e5%8a%a0%e9%80%9f%e5%99%a8%e6%9c%80%e5%85%a8%e8%a7%a3%e5%86%b3%e6%96%b9%e6%a1%88%ef%bc%88%e4%ba%b2%e6%b5%8b%e6%9c%89%e6%95%88
4337	yinyue	国外听歌软件受限？海外党回国加速器亲测有效	2025-09-30 11:49:14	%e5%9b%bd%e5%a4%96%e5%90%ac%e6%ad%8c%e8%bd%af%e4%bb%b6%e5%8f%97%e9%99%90%ef%bc%9f%e6%b5%b7%e5%a4%96%e5%85%9a%e5%9b%9e%e5%9b%bd%e5%8a%a0%e9%80%9f%e5%99%a8%e4%ba%b2%e6%b5%8b%e6%9c%89%e6%95%88
4336	youxi	国外如何玩国内的游戏：亲测有效回国网络解决方案	2025-09-30 11:49:12	%e5%9b%bd%e5%a4%96%e5%a6%82%e4%bd%95%e7%8e%a9%e5%9b%bd%e5%86%85%e7%9a%84%e6%b8%b8%e6%88%8f%ef%bc%9a%e4%ba%b2%e6%b5%8b%e6%9c%89%e6%95%88%e5%9b%9e%e5%9b%bd%e7%bd%91%e7%bb%9c%e8%a7%a3%e5%86%b3%e6%96%b9
4335	youxi	国外如何玩国服游戏？海外党亲测有效回国方法	2025-09-30 11:49:10	%e5%9b%bd%e5%a4%96%e5%a6%82%e4%bd%95%e7%8e%a9%e5%9b%bd%e6%9c%8d%e6%b8%b8%e6%88%8f%ef%bc%9f%e6%b5%b7%e5%a4%96%e5%85%9a%e4%ba%b2%e6%b5%8b%e6%9c%89%e6%95%88%e5%9b%9e%e5%9b%bd%e6%96%b9%e6%b3%95
4334	yingyin	国外如何听国内音乐视频，这样做就能轻松解决	2025-09-30 11:49:09	%e5%9b%bd%e5%a4%96%e5%a6%82%e4%bd%95%e5%90%ac%e5%9b%bd%e5%86%85%e9%9f%b3%e4%b9%90%e8%a7%86%e9%a2%91%ef%bc%8c%e8%bf%99%e6%a0%b7%e5%81%9a%e5%b0%b1%e8%83%bd%e8%bd%bb%e6%9d%be%e8%a7%a3%e5%86%b3
4333	youxi	国外能玩国服原神吗？海外访问国内服务的不易与解决之道	2025-09-30 11:49:07	%e5%9b%bd%e5%a4%96%e8%83%bd%e7%8e%a9%e5%9b%bd%e6%9c%8d%e5%8e%9f%e7%a5%9e%e5%90%97%ef%bc%9f%e6%b5%b7%e5%a4%96%e8%ae%bf%e9%97%ae%e5%9b%bd%e5%86%85%e6%9c%8d%e5%8a%a1%e7%9a%84%e4%b8%8d%e6%98%93%e4%b8%8e
4332	yinyue	国外能听网易云音乐吗？海外畅享国内音娱的真实体验	2025-09-30 11:49:05	%e5%9b%bd%e5%a4%96%e8%83%bd%e5%90%ac%e7%bd%91%e6%98%93%e4%ba%91%e9%9f%b3%e4%b9%90%e5%90%97%ef%bc%9f%e6%b5%b7%e5%a4%96%e7%95%85%e4%ba%ab%e5%9b%bd%e5%86%85%e9%9f%b3%e5%a8%b1%e7%9a%84%e7%9c%9f%e5%ae%9e
4331	jiaocheng	国外访问国内网站是否需要梯子？海外党亲测回国网络解决方案	2025-09-30 11:49:03	%e5%9b%bd%e5%a4%96%e8%ae%bf%e9%97%ae%e5%9b%bd%e5%86%85%e7%bd%91%e7%ab%99%e6%98%af%e5%90%a6%e9%9c%80%e8%a6%81%e6%a2%af%e5%ad%90%ef%bc%9f%e6%b5%b7%e5%a4%96%e5%85%9a%e4%ba%b2%e6%b5%8b%e5%9b%9e%e5%9b%bd
4330	bangong	国外12123登录失败？海外党亲测好用的回国加速器	2025-09-30 11:49:02	%e5%9b%bd%e5%a4%9612123%e7%99%bb%e5%bd%95%e5%a4%b1%e8%b4%a5%ef%bc%9f%e6%b5%b7%e5%a4%96%e5%85%9a%e4%ba%b2%e6%b5%8b%e5%a5%bd%e7%94%a8%e7%9a%84%e5%9b%9e%e5%9b%bd%e5%8a%a0%e9%80%9f%e5%99%a8
4329	duanju	抖音海外无法直播怎么办？亲测有效回国网络解决之道	2025-09-30 11:49:00	%e6%8a%96%e9%9f%b3%e6%b5%b7%e5%a4%96%e6%97%a0%e6%b3%95%e7%9b%b4%e6%92%ad%e6%80%8e%e4%b9%88%e5%8a%9e%ef%bc%9f%e4%ba%b2%e6%b5%8b%e6%9c%89%e6%95%88%e5%9b%9e%e5%9b%bd%e7%bd%91%e7%bb%9c%e8%a7%a3%e5%86%b3
4328	jiaocheng	从国外正常访问国内网站的插件叫什么？海外党亲测有效方法来了	2025-09-30 11:48:58	%e4%bb%8e%e5%9b%bd%e5%a4%96%e6%ad%a3%e5%b8%b8%e8%ae%bf%e9%97%ae%e5%9b%bd%e5%86%85%e7%bd%91%e7%ab%99%e7%9a%84%e6%8f%92%e4%bb%b6%e5%8f%ab%e4%bb%80%e4%b9%88%ef%bc%9f%e6%b5%b7%e5%a4%96%e5%85%9a%e4%ba%b2
4327	yinyue	唱吧海外：回国加速器帮你畅享音乐与生活	2025-09-30 11:48:57	%e5%94%b1%e5%90%a7%e6%b5%b7%e5%a4%96%ef%bc%9a%e5%9b%9e%e5%9b%bd%e5%8a%a0%e9%80%9f%e5%99%a8%e5%b8%ae%e4%bd%a0%e7%95%85%e4%ba%ab%e9%9f%b3%e4%b9%90%e4%b8%8e%e7%94%9f%e6%b4%bb
4326	jiaocheng	shadowrocket回国节点怎么用？海外党访问国内服务实测	2025-09-30 11:48:55	shadowrocket%e5%9b%9e%e5%9b%bd%e8%8a%82%e7%82%b9%e6%80%8e%e4%b9%88%e7%94%a8%ef%bc%9f%e6%b5%b7%e5%a4%96%e5%85%9a%e8%ae%bf%e9%97%ae%e5%9b%bd%e5%86%85%e6%9c%8d%e5%8a%a1%e5%ae%9e%e6%b5%8b
4325	yinyue	QQ音乐在海外能听吗？海外党回家听歌必备	2025-09-30 11:48:53	qq%e9%9f%b3%e4%b9%90%e5%9c%a8%e6%b5%b7%e5%a4%96%e8%83%bd%e5%90%ac%e5%90%97%ef%bc%9f%e6%b5%b7%e5%a4%96%e5%85%9a%e5%9b%9e%e5%ae%b6%e5%90%ac%e6%ad%8c%e5%bf%85%e5%a4%87
4324	yingyin	qq音乐付费音乐包没了是怎么回事？海外党也能顺利听歌看剧	2025-09-30 11:48:52	qq%e9%9f%b3%e4%b9%90%e4%bb%98%e8%b4%b9%e9%9f%b3%e4%b9%90%e5%8c%85%e6%b2%a1%e4%ba%86%e6%98%af%e6%80%8e%e4%b9%88%e5%9b%9e%e4%ba%8b%ef%bc%9f%e6%b5%b7%e5%a4%96%e5%85%9a%e4%b9%9f%e8%83%bd%e9%a1%ba%e5%88%a9
4323	bangong	12123在国外无法使用怎么办？亲测有效解决办法	2025-09-30 11:48:49	12123%e5%9c%a8%e5%9b%bd%e5%a4%96%e6%97%a0%e6%b3%95%e4%bd%bf%e7%94%a8%e6%80%8e%e4%b9%88%e5%8a%9e%ef%bc%9f%e4%ba%b2%e6%b5%8b%e6%9c%89%e6%95%88%e8%a7%a3%e5%86%b3%e5%8a%9e%e6%b3%95
4322	jiaocheng	網易雲音樂地區限制怎么破？海外党福音来了	2025-09-29 18:00:33	%e7%b6%b2%e6%98%93%e9%9b%b2%e9%9f%b3%e6%a8%82%e5%9c%b0%e5%8d%80%e9%99%90%e5%88%b6%e6%80%8e%e4%b9%88%e7%a0%b4%ef%bc%9f%e6%b5%b7%e5%a4%96%e5%85%9a%e7%a6%8f%e9%9f%b3%e6%9d%a5%e4%ba%86
4321	yinyue	网易云国外听歌怎么解除限制，海外访问国内服务的那些事	2025-09-29 18:00:32	%e7%bd%91%e6%98%93%e4%ba%91%e5%9b%bd%e5%a4%96%e5%90%ac%e6%ad%8c%e6%80%8e%e4%b9%88%e8%a7%a3%e9%99%a4%e9%99%90%e5%88%b6%ef%bc%8c%e6%b5%b7%e5%a4%96%e8%ae%bf%e9%97%ae%e5%9b%bd%e5%86%85%e6%9c%8d%e5%8a%a1
4320	jiaocheng	全民k歌台灣版：海外用户访问与解锁的真实分享	2025-09-29 18:00:30	%e5%85%a8%e6%b0%91k%e6%ad%8c%e5%8f%b0%e7%81%a3%e7%89%88%ef%bc%9a%e6%b5%b7%e5%a4%96%e7%94%a8%e6%88%b7%e8%ae%bf%e9%97%ae%e4%b8%8e%e8%a7%a3%e9%94%81%e7%9a%84%e7%9c%9f%e5%ae%9e%e5%88%86%e4%ba%ab
4319	jiaocheng	全民k歌海外也能嗨唱，这些访问限制怎么破？	2025-09-29 18:00:28	%e5%85%a8%e6%b0%91k%e6%ad%8c%e6%b5%b7%e5%a4%96%e4%b9%9f%e8%83%bd%e5%97%a8%e5%94%b1%ef%bc%8c%e8%bf%99%e4%ba%9b%e8%ae%bf%e9%97%ae%e9%99%90%e5%88%b6%e6%80%8e%e4%b9%88%e7%a0%b4%ef%bc%9f
4318	jiaocheng	全民k歌海外版下载遇到限制？海外党回国网络这样破局	2025-09-29 18:00:27	%e5%85%a8%e6%b0%91k%e6%ad%8c%e6%b5%b7%e5%a4%96%e7%89%88%e4%b8%8b%e8%bd%bd%e9%81%87%e5%88%b0%e9%99%90%e5%88%b6%ef%bc%9f%e6%b5%b7%e5%a4%96%e5%85%9a%e5%9b%9e%e5%9b%bd%e7%bd%91%e7%bb%9c%e8%bf%99%e6%a0%b7
4317	jiaocheng	全民k歌登入困难？海外党看这里	2025-09-29 18:00:25	%e5%85%a8%e6%b0%91k%e6%ad%8c%e7%99%bb%e5%85%a5%e5%9b%b0%e9%9a%be%ef%bc%9f%e6%b5%b7%e5%a4%96%e5%85%9a%e7%9c%8b%e8%bf%99%e9%87%8c
4316	jiaocheng	您所在区域暂无此内容版权怎么办？海外党回国网络全攻略	2025-09-29 18:00:23	%e6%82%a8%e6%89%80%e5%9c%a8%e5%8c%ba%e5%9f%9f%e6%9a%82%e6%97%a0%e6%ad%a4%e5%86%85%e5%ae%b9%e7%89%88%e6%9d%83%e6%80%8e%e4%b9%88%e5%8a%9e%ef%bc%9f%e6%b5%b7%e5%a4%96%e5%85%9a%e5%9b%9e%e5%9b%bd%e7%bd%91
4315	yinyue	懒人听书海外：那些在国外“听不了”的烦恼与解决之道	2025-09-29 18:00:21	%e6%87%92%e4%ba%ba%e5%90%ac%e4%b9%a6%e6%b5%b7%e5%a4%96%ef%bc%9a%e9%82%a3%e4%ba%9b%e5%9c%a8%e5%9b%bd%e5%a4%96%e5%90%ac%e4%b8%8d%e4%ba%86%e7%9a%84%e7%83%a6%e6%81%bc%e4%b8%8e%e8%a7%a3
4314	jiaocheng	快帆好用吗？海外访问国内服务受限的真实体验与解决之道	2025-09-29 18:00:20	%e5%bf%ab%e5%b8%86%e5%a5%bd%e7%94%a8%e5%90%97%ef%bc%9f%e6%b5%b7%e5%a4%96%e8%ae%bf%e9%97%ae%e5%9b%bd%e5%86%85%e6%9c%8d%e5%8a%a1%e5%8f%97%e9%99%90%e7%9a%84%e7%9c%9f%e5%ae%9e%e4%bd%93%e9%aa%8c%e4%b8%8e
4313	jiaocheng	夸克網盤台灣用戶註冊：海外黨如何順暢訪問國內服務	2025-09-29 18:00:18	%e5%a4%b8%e5%85%8b%e7%b6%b2%e7%9b%a4%e5%8f%b0%e7%81%a3%e7%94%a8%e6%88%b6%e8%a8%bb%e5%86%8a%ef%bc%9a%e6%b5%b7%e5%a4%96%e9%bb%a8%e5%a6%82%e4%bd%95%e9%a0%86%e6%9a%a2%e8%a8%aa%e5%95%8f%e5%9c%8b%e5%85%a7
4312	jiaocheng	夸克網盤app台灣受限？海外黨回國網絡實測分享	2025-09-29 18:00:16	%e5%a4%b8%e5%85%8b%e7%b6%b2%e7%9b%a4app%e5%8f%b0%e7%81%a3%e5%8f%97%e9%99%90%ef%bc%9f%e6%b5%b7%e5%a4%96%e9%bb%a8%e5%9b%9e%e5%9c%8b%e7%b6%b2%e7%b5%a1%e5%af%a6%e6%b8%ac%e5%88%86%e4%ba%ab
4311	jiaocheng	境外听不了中国歌怎么办？海外党亲测有效回国网络方法	2025-09-29 18:00:15	%e5%a2%83%e5%a4%96%e5%90%ac%e4%b8%8d%e4%ba%86%e4%b8%ad%e5%9b%bd%e6%ad%8c%e6%80%8e%e4%b9%88%e5%8a%9e%ef%bc%9f%e6%b5%b7%e5%a4%96%e5%85%9a%e4%ba%b2%e6%b5%8b%e6%9c%89%e6%95%88%e5%9b%9e%e5%9b%bd%e7%bd%91
4310	jiaocheng	境外访问国内网站用什么软件最全详解（亲测有效）	2025-09-29 18:00:13	%e5%a2%83%e5%a4%96%e8%ae%bf%e9%97%ae%e5%9b%bd%e5%86%85%e7%bd%91%e7%ab%99%e7%94%a8%e4%bb%80%e4%b9%88%e8%bd%af%e4%bb%b6%e6%9c%80%e5%85%a8%e8%af%a6%e8%a7%a3%ef%bc%88%e4%ba%b2%e6%b5%8b%e6%9c%89%e6%95%88
4309	bangong	交管12123在境外可以登录吗？海外党回国网络问题全解析	2025-09-29 18:00:11	%e4%ba%a4%e7%ae%a112123%e5%9c%a8%e5%a2%83%e5%a4%96%e5%8f%af%e4%bb%a5%e7%99%bb%e5%bd%95%e5%90%97%ef%bc%9f%e6%b5%b7%e5%a4%96%e5%85%9a%e5%9b%9e%e5%9b%bd%e7%bd%91%e7%bb%9c%e9%97%ae%e9%a2%98%e5%85%a8
4308	bangong	交管12123在国外打不开怎么办？超详细回国网络解读	2025-09-29 18:00:10	%e4%ba%a4%e7%ae%a112123%e5%9c%a8%e5%9b%bd%e5%a4%96%e6%89%93%e4%b8%8d%e5%bc%80%e6%80%8e%e4%b9%88%e5%8a%9e%ef%bc%9f%e8%b6%85%e8%af%a6%e7%bb%86%e5%9b%9e%e5%9b%bd%e7%bd%91%e7%bb%9c%e8%a7%a3%e8%af%bb
4307	bangong	交管12123网络拥堵国外？海外党回国网络解锁之道	2025-09-29 18:00:08	%e4%ba%a4%e7%ae%a112123%e7%bd%91%e7%bb%9c%e6%8b%a5%e5%a0%b5%e5%9b%bd%e5%a4%96%ef%bc%9f%e6%b5%b7%e5%a4%96%e5%85%9a%e5%9b%9e%e5%9b%bd%e7%bd%91%e7%bb%9c%e8%a7%a3%e9%94%81%e4%b9%8b%e9%81%93
4306	bangong	交管12123国外无法登陆怎么办？找回国内网络体验	2025-09-29 18:00:06	%e4%ba%a4%e7%ae%a112123%e5%9b%bd%e5%a4%96%e6%97%a0%e6%b3%95%e7%99%bb%e9%99%86%e6%80%8e%e4%b9%88%e5%8a%9e%ef%bc%9f%e6%89%be%e5%9b%9e%e5%9b%bd%e5%86%85%e7%bd%91%e7%bb%9c%e4%bd%93%e9%aa%8c
4305	bangong	交管12123国外能用吗？深度解析海外访问受限及亲测解决之道	2025-09-29 18:00:04	%e4%ba%a4%e7%ae%a112123%e5%9b%bd%e5%a4%96%e8%83%bd%e7%94%a8%e5%90%97%ef%bc%9f%e6%b7%b1%e5%ba%a6%e8%a7%a3%e6%9e%90%e6%b5%b7%e5%a4%96%e8%ae%bf%e9%97%ae%e5%8f%97%e9%99%90%e5%8f%8a%e4%ba%b2%e6%b5%8b
4304	bangong	交管12123国外登录不了怎么办？海外党亲测有效解决办法	2025-09-29 18:00:02	%e4%ba%a4%e7%ae%a112123%e5%9b%bd%e5%a4%96%e7%99%bb%e5%bd%95%e4%b8%8d%e4%ba%86%e6%80%8e%e4%b9%88%e5%8a%9e%ef%bc%9f%e6%b5%b7%e5%a4%96%e5%85%9a%e4%ba%b2%e6%b5%8b%e6%9c%89%e6%95%88%e8%a7%a3%e5%86%b3
4303	bangong	交管12123app国外访问受限怎么办？解决办法来了	2025-09-29 18:00:00	%e4%ba%a4%e7%ae%a112123app%e5%9b%bd%e5%a4%96%e8%ae%bf%e9%97%ae%e5%8f%97%e9%99%90%e6%80%8e%e4%b9%88%e5%8a%9e%ef%bc%9f%e8%a7%a3%e5%86%b3%e5%8a%9e%e6%b3%95%e6%9d%a5%e4%ba%86
4302	jiaocheng	回国用vpn怎么解决海外访问限制？	2025-09-29 17:59:59	%e5%9b%9e%e5%9b%bd%e7%94%a8vpn%e6%80%8e%e4%b9%88%e8%a7%a3%e5%86%b3%e6%b5%b7%e5%a4%96%e8%ae%bf%e9%97%ae%e9%99%90%e5%88%b6%ef%bc%9f
4301	jiaocheng	回国机场vpn：海外党畅游国内网络的必备之选	2025-09-29 17:59:57	%e5%9b%9e%e5%9b%bd%e6%9c%ba%e5%9c%bavpn%ef%bc%9a%e6%b5%b7%e5%a4%96%e5%85%9a%e7%95%85%e6%b8%b8%e5%9b%bd%e5%86%85%e7%bd%91%e7%bb%9c%e7%9a%84%e5%bf%85%e5%a4%87%e4%b9%8b%e9%80%89
4300	jiaocheng	回国vpn节点，海外党访问国内服务的顺畅之选	2025-09-29 17:59:55	%e5%9b%9e%e5%9b%bdvpn%e8%8a%82%e7%82%b9%ef%bc%8c%e6%b5%b7%e5%a4%96%e5%85%9a%e8%ae%bf%e9%97%ae%e5%9b%bd%e5%86%85%e6%9c%8d%e5%8a%a1%e7%9a%84%e9%a1%ba%e7%95%85%e4%b9%8b%e9%80%89
4299	jiaocheng	回国von太难了？亲测有效的国内服务解锁心得	2025-09-29 17:59:53	%e5%9b%9e%e5%9b%bdvon%e5%a4%aa%e9%9a%be%e4%ba%86%ef%bc%9f%e4%ba%b2%e6%b5%8b%e6%9c%89%e6%95%88%e7%9a%84%e5%9b%bd%e5%86%85%e6%9c%8d%e5%8a%a1%e8%a7%a3%e9%94%81%e5%bf%83%e5%be%97
4298	jiaocheng	华为手机怎么翻墙？海外党访问国内服务全解析	2025-09-29 17:59:52	%e5%8d%8e%e4%b8%ba%e6%89%8b%e6%9c%ba%e6%80%8e%e4%b9%88%e7%bf%bb%e5%a2%99%ef%bc%9f%e6%b5%b7%e5%a4%96%e5%85%9a%e8%ae%bf%e9%97%ae%e5%9b%bd%e5%86%85%e6%9c%8d%e5%8a%a1%e5%85%a8%e8%a7%a3%e6%9e%90
4297	yingyin	华为手机可以用VPN吗？海外党回国看视频听歌的真实体验	2025-09-29 17:59:50	%e5%8d%8e%e4%b8%ba%e6%89%8b%e6%9c%ba%e5%8f%af%e4%bb%a5%e7%94%a8vpn%e5%90%97%ef%bc%9f%e6%b5%b7%e5%a4%96%e5%85%9a%e5%9b%9e%e5%9b%bd%e7%9c%8b%e8%a7%86%e9%a2%91%e5%90%ac%e6%ad%8c%e7%9a%84%e7%9c%9f
4296	jiaocheng	华为手机翻墙：海外党如何畅享国内热门服务	2025-09-29 17:59:47	%e5%8d%8e%e4%b8%ba%e6%89%8b%e6%9c%ba%e7%bf%bb%e5%a2%99%ef%bc%9a%e6%b5%b7%e5%a4%96%e5%85%9a%e5%a6%82%e4%bd%95%e7%95%85%e4%ba%ab%e5%9b%bd%e5%86%85%e7%83%ad%e9%97%a8%e6%9c%8d%e5%8a%a1
4295	jiaocheng	华为可以翻墙吗？海外访问国内服务的畅通之道	2025-09-29 17:59:46	%e5%8d%8e%e4%b8%ba%e5%8f%af%e4%bb%a5%e7%bf%bb%e5%a2%99%e5%90%97%ef%bc%9f%e6%b5%b7%e5%a4%96%e8%ae%bf%e9%97%ae%e5%9b%bd%e5%86%85%e6%9c%8d%e5%8a%a1%e7%9a%84%e7%95%85%e9%80%9a%e4%b9%8b%e9%81%93
4294	yingyin	华为VPN不能用怎么办？海外党回国看视频听歌实测	2025-09-29 17:59:44	%e5%8d%8e%e4%b8%bavpn%e4%b8%8d%e8%83%bd%e7%94%a8%e6%80%8e%e4%b9%88%e5%8a%9e%ef%bc%9f%e6%b5%b7%e5%a4%96%e5%85%9a%e5%9b%9e%e5%9b%bd%e7%9c%8b%e8%a7%86%e9%a2%91%e5%90%ac%e6%ad%8c%e5%ae%9e%e6%b5%8b
4293	youxi	国外怎么玩网易我的世界？海外党访问国内服务那点事儿	2025-09-29 17:59:42	%e5%9b%bd%e5%a4%96%e6%80%8e%e4%b9%88%e7%8e%a9%e7%bd%91%e6%98%93%e6%88%91%e7%9a%84%e4%b8%96%e7%95%8c%ef%bc%9f%e6%b5%b7%e5%a4%96%e5%85%9a%e8%ae%bf%e9%97%ae%e5%9b%bd%e5%86%85%e6%9c%8d%e5%8a%a1%e9%82%a3
4292	jiaocheng	国外怎么玩魔兽世界国服 畅享国内网络无障碍	2025-09-29 17:59:40	%e5%9b%bd%e5%a4%96%e6%80%8e%e4%b9%88%e7%8e%a9%e9%ad%94%e5%85%bd%e4%b8%96%e7%95%8c%e5%9b%bd%e6%9c%8d-%e7%95%85%e4%ba%ab%e5%9b%bd%e5%86%85%e7%bd%91%e7%bb%9c%e6%97%a0%e9%9a%9c%e7%a2%8d
4291	youxi	国外怎么玩国内手游？海外党专属的无忧上网体验	2025-09-29 17:59:39	%e5%9b%bd%e5%a4%96%e6%80%8e%e4%b9%88%e7%8e%a9%e5%9b%bd%e5%86%85%e6%89%8b%e6%b8%b8%ef%bc%9f%e6%b5%b7%e5%a4%96%e5%85%9a%e4%b8%93%e5%b1%9e%e7%9a%84%e6%97%a0%e5%bf%a7%e4%b8%8a%e7%bd%91%e4%bd%93%e9%aa%8c
4290	youxi	国外怎么玩国内的手游？这些限制与破解法要知道	2025-09-29 17:59:37	%e5%9b%bd%e5%a4%96%e6%80%8e%e4%b9%88%e7%8e%a9%e5%9b%bd%e5%86%85%e7%9a%84%e6%89%8b%e6%b8%b8%ef%bc%9f%e8%bf%99%e4%ba%9b%e9%99%90%e5%88%b6%e4%b8%8e%e7%a0%b4%e8%a7%a3%e6%b3%95%e8%a6%81%e7%9f%a5%e9%81%93
4289	youxi	国外怎么玩国服永劫无间？海外党亲测回国网络详解	2025-09-29 17:59:34	%e5%9b%bd%e5%a4%96%e6%80%8e%e4%b9%88%e7%8e%a9%e5%9b%bd%e6%9c%8d%e6%b0%b8%e5%8a%ab%e6%97%a0%e9%97%b4%ef%bc%9f%e6%b5%b7%e5%a4%96%e5%85%9a%e4%ba%b2%e6%b5%8b%e5%9b%9e%e5%9b%bd%e7%bd%91%e7%bb%9c%e8%af%a6
4288	jiaocheng	国外怎么听国内歌曲？海外党亲测有效解决方法	2025-09-29 17:59:32	%e5%9b%bd%e5%a4%96%e6%80%8e%e4%b9%88%e5%90%ac%e5%9b%bd%e5%86%85%e6%ad%8c%e6%9b%b2%ef%bc%9f%e6%b5%b7%e5%a4%96%e5%85%9a%e4%ba%b2%e6%b5%8b%e6%9c%89%e6%95%88%e8%a7%a3%e5%86%b3%e6%96%b9%e6%b3%95
4287	yinyue	qq音乐海外破解版安卓与国内服务访问难题	2025-09-29 17:59:29	qq%e9%9f%b3%e4%b9%90%e6%b5%b7%e5%a4%96%e7%a0%b4%e8%a7%a3%e7%89%88%e5%ae%89%e5%8d%93%e4%b8%8e%e5%9b%bd%e5%86%85%e6%9c%8d%e5%8a%a1%e8%ae%bf%e9%97%ae%e9%9a%be%e9%a2%98
4286	jiaocheng	支持微信支付的VPN，海外访问国内服务无障碍（亲测有效）	2025-09-28 14:07:30	%e6%94%af%e6%8c%81%e5%be%ae%e4%bf%a1%e6%94%af%e4%bb%98%e7%9a%84vpn%ef%bc%8c%e6%b5%b7%e5%a4%96%e8%ae%bf%e9%97%ae%e5%9b%bd%e5%86%85%e6%9c%8d%e5%8a%a1%e6%97%a0%e9%9a%9c%e7%a2%8d%ef%bc%88%e4%ba%b2
4285	yinyue	网易云怎么改地区？海外党访问国内服务全攻略	2025-09-28 14:07:29	%e7%bd%91%e6%98%93%e4%ba%91%e6%80%8e%e4%b9%88%e6%94%b9%e5%9c%b0%e5%8c%ba%ef%bc%9f%e6%b5%b7%e5%a4%96%e5%85%9a%e8%ae%bf%e9%97%ae%e5%9b%bd%e5%86%85%e6%9c%8d%e5%8a%a1%e5%85%a8%e6%94%bb%e7%95%a5
4284	yinyue	网易云黑胶VIP海外能听吗？这是多数海外党的心声	2025-09-28 14:07:27	%e7%bd%91%e6%98%93%e4%ba%91%e9%bb%91%e8%83%b6vip%e6%b5%b7%e5%a4%96%e8%83%bd%e5%90%ac%e5%90%97%ef%bc%9f%e8%bf%99%e6%98%af%e5%a4%9a%e6%95%b0%e6%b5%b7%e5%a4%96%e5%85%9a%e7%9a%84%e5%bf%83%e5%a3%b0-2
4283	jiaocheng	騰訊app台灣不能看怎么办？海外回国网络亲测分享	2025-09-28 14:07:25	%e9%a8%b0%e8%a8%8aapp%e5%8f%b0%e7%81%a3%e4%b8%8d%e8%83%bd%e7%9c%8b%e6%80%8e%e4%b9%88%e5%8a%9e%ef%bc%9f%e6%b5%b7%e5%a4%96%e5%9b%9e%e5%9b%bd%e7%bd%91%e7%bb%9c%e4%ba%b2%e6%b5%8b%e5%88%86%e4%ba%ab-2
4282	jiaocheng	海外看中文电视：轻松解决访问限制，畅享国内精彩	2025-09-28 14:07:23	%e6%b5%b7%e5%a4%96%e7%9c%8b%e4%b8%ad%e6%96%87%e7%94%b5%e8%a7%86%ef%bc%9a%e8%bd%bb%e6%9d%be%e8%a7%a3%e5%86%b3%e8%ae%bf%e9%97%ae%e9%99%90%e5%88%b6%ef%bc%8c%e7%95%85%e4%ba%ab%e5%9b%bd%e5%86%85%e7%b2%be-2
4281	youxi	国外玩永劫无间国服卡吗？海外访问国内服务难题解析	2025-09-28 14:07:22	%e5%9b%bd%e5%a4%96%e7%8e%a9%e6%b0%b8%e5%8a%ab%e6%97%a0%e9%97%b4%e5%9b%bd%e6%9c%8d%e5%8d%a1%e5%90%97%ef%bc%9f%e6%b5%b7%e5%a4%96%e8%ae%bf%e9%97%ae%e5%9b%bd%e5%86%85%e6%9c%8d%e5%8a%a1%e9%9a%be%e9%a2%98
4280	youxi	国外玩国内游戏为什么那么卡？海外党亲测有效解决办法	2025-09-28 14:07:20	%e5%9b%bd%e5%a4%96%e7%8e%a9%e5%9b%bd%e5%86%85%e6%b8%b8%e6%88%8f%e4%b8%ba%e4%bb%80%e4%b9%88%e9%82%a3%e4%b9%88%e5%8d%a1%ef%bc%9f%e6%b5%b7%e5%a4%96%e5%85%9a%e4%ba%b2%e6%b5%8b%e6%9c%89%e6%95%88%e8%a7%a3
4279	youxi	国外玩国内游戏：轻松解锁海量精彩内容	2025-09-28 14:07:18	%e5%9b%bd%e5%a4%96%e7%8e%a9%e5%9b%bd%e5%86%85%e6%b8%b8%e6%88%8f%ef%bc%9a%e8%bd%bb%e6%9d%be%e8%a7%a3%e9%94%81%e6%b5%b7%e9%87%8f%e7%b2%be%e5%bd%a9%e5%86%85%e5%ae%b9
4278	youxi	国外玩国内手游加速器怎么办？实用回国网络经验分享	2025-09-28 14:07:17	%e5%9b%bd%e5%a4%96%e7%8e%a9%e5%9b%bd%e5%86%85%e6%89%8b%e6%b8%b8%e5%8a%a0%e9%80%9f%e5%99%a8%e6%80%8e%e4%b9%88%e5%8a%9e%ef%bc%9f%e5%ae%9e%e7%94%a8%e5%9b%9e%e5%9b%bd%e7%bd%91%e7%bb%9c%e7%bb%8f%e9%aa%8c
4277	yinyue	国外听网易云免费加速器：海外党也能畅听音乐	2025-09-28 14:07:15	%e5%9b%bd%e5%a4%96%e5%90%ac%e7%bd%91%e6%98%93%e4%ba%91%e5%85%8d%e8%b4%b9%e5%8a%a0%e9%80%9f%e5%99%a8%ef%bc%9a%e6%b5%b7%e5%a4%96%e5%85%9a%e4%b9%9f%e8%83%bd%e7%95%85%e5%90%ac%e9%9f%b3%e4%b9%90
4276	yinyue	国外听歌怎么解除限制：海外党访问国内服务全攻略	2025-09-28 14:07:13	%e5%9b%bd%e5%a4%96%e5%90%ac%e6%ad%8c%e6%80%8e%e4%b9%88%e8%a7%a3%e9%99%a4%e9%99%90%e5%88%b6%ef%bc%9a%e6%b5%b7%e5%a4%96%e5%85%9a%e8%ae%bf%e9%97%ae%e5%9b%bd%e5%86%85%e6%9c%8d%e5%8a%a1%e5%85%a8%e6%94%bb
4275	jiaocheng	国外听不了酷狗怎么办？解析限制与回国加速器妙招	2025-09-28 14:07:11	%e5%9b%bd%e5%a4%96%e5%90%ac%e4%b8%8d%e4%ba%86%e9%85%b7%e7%8b%97%e6%80%8e%e4%b9%88%e5%8a%9e%ef%bc%9f%e8%a7%a3%e6%9e%90%e9%99%90%e5%88%b6%e4%b8%8e%e5%9b%9e%e5%9b%bd%e5%8a%a0%e9%80%9f%e5%99%a8%e5%a6%99
4274	youxi	国外如何玩完美世界游戏视频？国内服务受限的解决之道	2025-09-28 14:07:10	%e5%9b%bd%e5%a4%96%e5%a6%82%e4%bd%95%e7%8e%a9%e5%ae%8c%e7%be%8e%e4%b8%96%e7%95%8c%e6%b8%b8%e6%88%8f%e8%a7%86%e9%a2%91%ef%bc%9f%e5%9b%bd%e5%86%85%e6%9c%8d%e5%8a%a1%e5%8f%97%e9%99%90%e7%9a%84%e8%a7%a3
4273	jiaocheng	国外如何玩国服魔兽常见问题及有效解决之道	2025-09-28 14:07:08	%e5%9b%bd%e5%a4%96%e5%a6%82%e4%bd%95%e7%8e%a9%e5%9b%bd%e6%9c%8d%e9%ad%94%e5%85%bd%e5%b8%b8%e8%a7%81%e9%97%ae%e9%a2%98%e5%8f%8a%e6%9c%89%e6%95%88%e8%a7%a3%e5%86%b3%e4%b9%8b%e9%81%93
4272	yinyue	国外如何听喜马拉雅的音频？真实回国网络加速器体验分享	2025-09-28 14:07:06	%e5%9b%bd%e5%a4%96%e5%a6%82%e4%bd%95%e5%90%ac%e5%96%9c%e9%a9%ac%e6%8b%89%e9%9b%85%e7%9a%84%e9%9f%b3%e9%a2%91%ef%bc%9f%e7%9c%9f%e5%ae%9e%e5%9b%9e%e5%9b%bd%e7%bd%91%e7%bb%9c%e5%8a%a0%e9%80%9f%e5%99%a8
4271	jiaocheng	国外如何访问国内网站怎么办？亲测有效方法来了	2025-09-28 14:07:05	%e5%9b%bd%e5%a4%96%e5%a6%82%e4%bd%95%e8%ae%bf%e9%97%ae%e5%9b%bd%e5%86%85%e7%bd%91%e7%ab%99%e6%80%8e%e4%b9%88%e5%8a%9e%ef%bc%9f%e4%ba%b2%e6%b5%8b%e6%9c%89%e6%95%88%e6%96%b9%e6%b3%95%e6%9d%a5%e4%ba%86
4270	jiaocheng	国外能访问国内网站吗？海外党回国加速亲身体验	2025-09-28 14:07:03	%e5%9b%bd%e5%a4%96%e8%83%bd%e8%ae%bf%e9%97%ae%e5%9b%bd%e5%86%85%e7%bd%91%e7%ab%99%e5%90%97%ef%bc%9f%e6%b5%b7%e5%a4%96%e5%85%9a%e5%9b%9e%e5%9b%bd%e5%8a%a0%e9%80%9f%e4%ba%b2%e8%ba%ab%e4%bd%93%e9%aa%8c
4269	jiaocheng	国外可以浏览中国网站吗？海外访问国内受限服务解决方法	2025-09-28 14:07:01	%e5%9b%bd%e5%a4%96%e5%8f%af%e4%bb%a5%e6%b5%8f%e8%a7%88%e4%b8%ad%e5%9b%bd%e7%bd%91%e7%ab%99%e5%90%97%ef%bc%9f%e6%b5%b7%e5%a4%96%e8%ae%bf%e9%97%ae%e5%9b%bd%e5%86%85%e5%8f%97%e9%99%90%e6%9c%8d%e5%8a%a1
4268	jiaocheng	国外好用的app海外访问怎么破？	2025-09-28 14:06:59	%e5%9b%bd%e5%a4%96%e5%a5%bd%e7%94%a8%e7%9a%84app%e6%b5%b7%e5%a4%96%e8%ae%bf%e9%97%ae%e6%80%8e%e4%b9%88%e7%a0%b4%ef%bc%9f
4267	yingyin	国外翻墙回国看中国网络视频的那些事儿	2025-09-28 14:06:58	%e5%9b%bd%e5%a4%96%e7%bf%bb%e5%a2%99%e5%9b%9e%e5%9b%bd%e7%9c%8b%e4%b8%ad%e5%9b%bd%e7%bd%91%e7%bb%9c%e8%a7%86%e9%a2%91%e7%9a%84%e9%82%a3%e4%ba%9b%e4%ba%8b%e5%84%bf
4266	jiaocheng	国外打不开国内手机里的app怎么办？	2025-09-28 14:06:55	%e5%9b%bd%e5%a4%96%e6%89%93%e4%b8%8d%e5%bc%80%e5%9b%bd%e5%86%85%e6%89%8b%e6%9c%ba%e9%87%8c%e7%9a%84app%e6%80%8e%e4%b9%88%e5%8a%9e%ef%bc%9f
4265	bangong	国外打不开12123？海外党这样顺利访问国内服务	2025-09-28 14:06:54	%e5%9b%bd%e5%a4%96%e6%89%93%e4%b8%8d%e5%bc%8012123%ef%bc%9f%e6%b5%b7%e5%a4%96%e5%85%9a%e8%bf%99%e6%a0%b7%e9%a1%ba%e5%88%a9%e8%ae%bf%e9%97%ae%e5%9b%bd%e5%86%85%e6%9c%8d%e5%8a%a1
4264	bangong	国外12123登不上是什么原因？海外党回国加速解决方案	2025-09-28 14:06:52	%e5%9b%bd%e5%a4%9612123%e7%99%bb%e4%b8%8d%e4%b8%8a%e6%98%af%e4%bb%80%e4%b9%88%e5%8e%9f%e5%9b%a0%ef%bc%9f%e6%b5%b7%e5%a4%96%e5%85%9a%e5%9b%9e%e5%9b%bd%e5%8a%a0%e9%80%9f%e8%a7%a3%e5%86%b3%e6%96%b9
4263	jiaocheng	国际版qq注册：海外用户畅享国内服务的那些事	2025-09-28 14:06:50	%e5%9b%bd%e9%99%85%e7%89%88qq%e6%b3%a8%e5%86%8c%ef%bc%9a%e6%b5%b7%e5%a4%96%e7%94%a8%e6%88%b7%e7%95%85%e4%ba%ab%e5%9b%bd%e5%86%85%e6%9c%8d%e5%8a%a1%e7%9a%84%e9%82%a3%e4%ba%9b%e4%ba%8b
4262	duanju	抖音直播間在本區域未開放？海外黨回國網絡體驗全解析	2025-09-28 14:06:49	%e6%8a%96%e9%9f%b3%e7%9b%b4%e6%92%ad%e9%96%93%e5%9c%a8%e6%9c%ac%e5%8d%80%e5%9f%9f%e6%9c%aa%e9%96%8b%e6%94%be%ef%bc%9f%e6%b5%b7%e5%a4%96%e9%bb%a8%e5%9b%9e%e5%9c%8b%e7%b6%b2%e7%b5%a1%e9%ab%94%e9%a9%97
4261	duanju	抖音所在地区无法直播怎么办？海外党亲测有效解决方案	2025-09-28 14:06:47	%e6%8a%96%e9%9f%b3%e6%89%80%e5%9c%a8%e5%9c%b0%e5%8c%ba%e6%97%a0%e6%b3%95%e7%9b%b4%e6%92%ad%e6%80%8e%e4%b9%88%e5%8a%9e%ef%bc%9f%e6%b5%b7%e5%a4%96%e5%85%9a%e4%ba%b2%e6%b5%8b%e6%9c%89%e6%95%88%e8%a7%a3
4260	duanju	抖音海外直播权限解决方法：海外党访问国内服务难题	2025-09-28 14:06:45	%e6%8a%96%e9%9f%b3%e6%b5%b7%e5%a4%96%e7%9b%b4%e6%92%ad%e6%9d%83%e9%99%90%e8%a7%a3%e5%86%b3%e6%96%b9%e6%b3%95%ef%bc%9a%e6%b5%b7%e5%a4%96%e5%85%9a%e8%ae%bf%e9%97%ae%e5%9b%bd%e5%86%85%e6%9c%8d%e5%8a%a1
4259	duanju	抖音當前直播間在本區域未開放怎么办？亲测有效的回国网络解决方案	2025-09-28 14:06:41	%e6%8a%96%e9%9f%b3%e7%95%b6%e5%89%8d%e7%9b%b4%e6%92%ad%e9%96%93%e5%9c%a8%e6%9c%ac%e5%8d%80%e5%9f%9f%e6%9c%aa%e9%96%8b%e6%94%be%e6%80%8e%e4%b9%88%e5%8a%9e%ef%bc%9f%e4%ba%b2%e6%b5%8b%e6%9c%89%e6%95%88
4258	jiaocheng	唱吧台灣註冊卡顿？海外用户解锁国内服务妙招	2025-09-28 14:06:39	%e5%94%b1%e5%90%a7%e5%8f%b0%e7%81%a3%e8%a8%bb%e5%86%8a%e5%8d%a1%e9%a1%bf%ef%bc%9f%e6%b5%b7%e5%a4%96%e7%94%a8%e6%88%b7%e8%a7%a3%e9%94%81%e5%9b%bd%e5%86%85%e6%9c%8d%e5%8a%a1%e5%a6%99%e6%8b%9b
4257	jiaocheng	愛奇藝美國受限？海外黨回國上網的真實解法	2025-09-28 14:06:37	%e6%84%9b%e5%a5%87%e8%97%9d%e7%be%8e%e5%9c%8b%e5%8f%97%e9%99%90%ef%bc%9f%e6%b5%b7%e5%a4%96%e9%bb%a8%e5%9b%9e%e5%9c%8b%e4%b8%8a%e7%b6%b2%e7%9a%84%e7%9c%9f%e5%af%a6%e8%a7%a3%e6%b3%95
4256	jiaocheng	yy語音台灣海外访问受限怎么办？	2025-09-28 14:06:35	yy%e8%aa%9e%e9%9f%b3%e5%8f%b0%e7%81%a3%e6%b5%b7%e5%a4%96%e8%ae%bf%e9%97%ae%e5%8f%97%e9%99%90%e6%80%8e%e4%b9%88%e5%8a%9e%ef%bc%9f
4255	tiyu	vpncctv5 怎么办？海外访问国内服务实测分享	2025-09-28 14:06:33	vpncctv5-%e6%80%8e%e4%b9%88%e5%8a%9e%ef%bc%9f%e6%b5%b7%e5%a4%96%e8%ae%bf%e9%97%ae%e5%9b%bd%e5%86%85%e6%9c%8d%e5%8a%a1%e5%ae%9e%e6%b5%8b%e5%88%86%e4%ba%ab
4254	jiaocheng	qq註冊2024 用户海外访问受限的那些事	2025-09-28 14:06:30	qq%e8%a8%bb%e5%86%8a2024-%e7%94%a8%e6%88%b7%e6%b5%b7%e5%a4%96%e8%ae%bf%e9%97%ae%e5%8f%97%e9%99%90%e7%9a%84%e9%82%a3%e4%ba%9b%e4%ba%8b
4253	yinyue	QQ音乐在美国还能使用吗？海外党访问国内音乐的现实情况	2025-09-28 14:06:29	qq%e9%9f%b3%e4%b9%90%e5%9c%a8%e7%be%8e%e5%9b%bd%e8%bf%98%e8%83%bd%e4%bd%bf%e7%94%a8%e5%90%97%ef%bc%9f%e6%b5%b7%e5%a4%96%e5%85%9a%e8%ae%bf%e9%97%ae%e5%9b%bd%e5%86%85%e9%9f%b3%e4%b9%90%e7%9a%84%e7%8e%b0
4252	yinyue	QQ音乐切为国内版本：海外用户如何畅享音乐与各项服务	2025-09-28 14:06:26	qq%e9%9f%b3%e4%b9%90%e5%88%87%e4%b8%ba%e5%9b%bd%e5%86%85%e7%89%88%e6%9c%ac%ef%bc%9a%e6%b5%b7%e5%a4%96%e7%94%a8%e6%88%b7%e5%a6%82%e4%bd%95%e7%95%85%e4%ba%ab%e9%9f%b3%e4%b9%90%e4%b8%8e%e5%90%84%e9%a1%b9
4251	jiaocheng	golinkvpn 遇到难题？海外访问国内服务解锁指南	2025-09-28 14:06:24	golinkvpn-%e9%81%87%e5%88%b0%e9%9a%be%e9%a2%98%ef%bc%9f%e6%b5%b7%e5%a4%96%e8%ae%bf%e9%97%ae%e5%9b%bd%e5%86%85%e6%9c%8d%e5%8a%a1%e8%a7%a3%e9%94%81%e6%8c%87%e5%8d%97
4250	tiyu	CCTV5海外直播入口是怎么回事？解决办法来了	2025-09-28 14:06:22	cctv5%e6%b5%b7%e5%a4%96%e7%9b%b4%e6%92%ad%e5%85%a5%e5%8f%a3%e6%98%af%e6%80%8e%e4%b9%88%e5%9b%9e%e4%ba%8b%ef%bc%9f%e8%a7%a3%e5%86%b3%e5%8a%9e%e6%b3%95%e6%9d%a5%e4%ba%86
4249	jiaocheng	西瓜視頻香港怎么解决？海外党亲测可用回国网络	2025-09-24 14:05:10	%e8%a5%bf%e7%93%9c%e8%a6%96%e9%a0%bb%e9%a6%99%e6%b8%af%e6%80%8e%e4%b9%88%e8%a7%a3%e5%86%b3%ef%bc%9f%e6%b5%b7%e5%a4%96%e5%85%9a%e4%ba%b2%e6%b5%8b%e5%8f%af%e7%94%a8%e5%9b%9e%e5%9b%bd%e7%bd%91%e7%bb%9c
4248	yinyue	網易雲音樂版權問題：海外用户如何畅享国内音乐与服务	2025-09-24 14:05:08	%e7%b6%b2%e6%98%93%e9%9b%b2%e9%9f%b3%e6%a8%82%e7%89%88%e6%ac%8a%e5%95%8f%e9%a1%8c%ef%bc%9a%e6%b5%b7%e5%a4%96%e7%94%a8%e6%88%b7%e5%a6%82%e4%bd%95%e7%95%85%e4%ba%ab%e5%9b%bd%e5%86%85%e9%9f%b3%e4%b9%90
4247	yinyue	网易云音乐突破区域限制：海外党回国网络困境与对策	2025-09-24 14:05:06	%e7%bd%91%e6%98%93%e4%ba%91%e9%9f%b3%e4%b9%90%e7%aa%81%e7%a0%b4%e5%8c%ba%e5%9f%9f%e9%99%90%e5%88%b6%ef%bc%9a%e6%b5%b7%e5%a4%96%e5%85%9a%e5%9b%9e%e5%9b%bd%e7%bd%91%e7%bb%9c%e5%9b%b0%e5%a2%83%e4%b8%8e
4246	yinyue	网易云音乐海外github：解决访问国内服务的烦恼	2025-09-24 14:05:05	%e7%bd%91%e6%98%93%e4%ba%91%e9%9f%b3%e4%b9%90%e6%b5%b7%e5%a4%96github%ef%bc%9a%e8%a7%a3%e5%86%b3%e8%ae%bf%e9%97%ae%e5%9b%bd%e5%86%85%e6%9c%8d%e5%8a%a1%e7%9a%84%e7%83%a6%e6%81%bc
4245	yinyue	网易云海外破解：海外访问国内受限服务的真实体验与解法	2025-09-24 14:05:03	%e7%bd%91%e6%98%93%e4%ba%91%e6%b5%b7%e5%a4%96%e7%a0%b4%e8%a7%a3%ef%bc%9a%e6%b5%b7%e5%a4%96%e8%ae%bf%e9%97%ae%e5%9b%bd%e5%86%85%e5%8f%97%e9%99%90%e6%9c%8d%e5%8a%a1%e7%9a%84%e7%9c%9f%e5%ae%9e%e4%bd%93
4244	jiaocheng	国外怎么用全民K歌？海外党访问国内服务难题及对策	2025-09-24 14:05:02	%e5%9b%bd%e5%a4%96%e6%80%8e%e4%b9%88%e7%94%a8%e5%85%a8%e6%b0%91k%e6%ad%8c%ef%bc%9f%e6%b5%b7%e5%a4%96%e5%85%9a%e8%ae%bf%e9%97%ae%e5%9b%bd%e5%86%85%e6%9c%8d%e5%8a%a1%e9%9a%be%e9%a2%98%e5%8f%8a%e5%af%b9
4243	youxi	国外怎么玩中国手游？海外党访问国内服务全解	2025-09-24 14:04:57	%e5%9b%bd%e5%a4%96%e6%80%8e%e4%b9%88%e7%8e%a9%e4%b8%ad%e5%9b%bd%e6%89%8b%e6%b8%b8%ef%bc%9f%e6%b5%b7%e5%a4%96%e5%85%9a%e8%ae%bf%e9%97%ae%e5%9b%bd%e5%86%85%e6%9c%8d%e5%8a%a1%e5%85%a8%e8%a7%a3
4242	youxi	国外怎么玩永劫无间国服？解锁海外访问限制的亲测办法	2025-09-24 14:04:55	%e5%9b%bd%e5%a4%96%e6%80%8e%e4%b9%88%e7%8e%a9%e6%b0%b8%e5%8a%ab%e6%97%a0%e9%97%b4%e5%9b%bd%e6%9c%8d%ef%bc%9f%e8%a7%a3%e9%94%81%e6%b5%b7%e5%a4%96%e8%ae%bf%e9%97%ae%e9%99%90%e5%88%b6%e7%9a%84%e4%ba%b2
4241	bangong	国外无法登录12123？这些国内服务你也能轻松访问	2025-09-24 14:04:54	%e5%9b%bd%e5%a4%96%e6%97%a0%e6%b3%95%e7%99%bb%e5%bd%9512123%ef%bc%9f%e8%bf%99%e4%ba%9b%e5%9b%bd%e5%86%85%e6%9c%8d%e5%8a%a1%e4%bd%a0%e4%b9%9f%e8%83%bd%e8%bd%bb%e6%9d%be%e8%ae%bf%e9%97%ae
4240	youxi	国外玩国内游戏延迟高怎么办？海外党亲测有效解决办法	2025-09-24 14:04:52	%e5%9b%bd%e5%a4%96%e7%8e%a9%e5%9b%bd%e5%86%85%e6%b8%b8%e6%88%8f%e5%bb%b6%e8%bf%9f%e9%ab%98%e6%80%8e%e4%b9%88%e5%8a%9e%ef%bc%9f%e6%b5%b7%e5%a4%96%e5%85%9a%e4%ba%b2%e6%b5%8b%e6%9c%89%e6%95%88%e8%a7%a3
4239	jiaocheng	国外听不到国内的歌怎么办？海外党福音来了	2025-09-24 14:04:51	%e5%9b%bd%e5%a4%96%e5%90%ac%e4%b8%8d%e5%88%b0%e5%9b%bd%e5%86%85%e7%9a%84%e6%ad%8c%e6%80%8e%e4%b9%88%e5%8a%9e%ef%bc%9f%e6%b5%b7%e5%a4%96%e5%85%9a%e7%a6%8f%e9%9f%b3%e6%9d%a5%e4%ba%86
4238	youxi	国外如何玩国内我的世界？解锁限制从这里开始	2025-09-24 14:04:49	%e5%9b%bd%e5%a4%96%e5%a6%82%e4%bd%95%e7%8e%a9%e5%9b%bd%e5%86%85%e6%88%91%e7%9a%84%e4%b8%96%e7%95%8c%ef%bc%9f%e8%a7%a3%e9%94%81%e9%99%90%e5%88%b6%e4%bb%8e%e8%bf%99%e9%87%8c%e5%bc%80%e5%a7%8b
4237	youxi	国外如何玩国服王者荣耀最全解答（亲测有效）	2025-09-24 14:04:47	%e5%9b%bd%e5%a4%96%e5%a6%82%e4%bd%95%e7%8e%a9%e5%9b%bd%e6%9c%8d%e7%8e%8b%e8%80%85%e8%8d%a3%e8%80%80%e6%9c%80%e5%85%a8%e8%a7%a3%e7%ad%94%ef%bc%88%e4%ba%b2%e6%b5%8b%e6%9c%89%e6%95%88%ef%bc%89
4236	jiaocheng	国外如何玩国服？那些服务海外用不了的原因与解决之道	2025-09-24 14:04:46	%e5%9b%bd%e5%a4%96%e5%a6%82%e4%bd%95%e7%8e%a9%e5%9b%bd%e6%9c%8d%ef%bc%9f%e9%82%a3%e4%ba%9b%e6%9c%8d%e5%8a%a1%e6%b5%b7%e5%a4%96%e7%94%a8%e4%b8%8d%e4%ba%86%e7%9a%84%e5%8e%9f%e5%9b%a0%e4%b8%8e%e8%a7%a3
4235	youxi	国外能玩永劫无间吗？海外党回国网络体验分享	2025-09-24 14:04:44	%e5%9b%bd%e5%a4%96%e8%83%bd%e7%8e%a9%e6%b0%b8%e5%8a%ab%e6%97%a0%e9%97%b4%e5%90%97%ef%bc%9f%e6%b5%b7%e5%a4%96%e5%85%9a%e5%9b%9e%e5%9b%bd%e7%bd%91%e7%bb%9c%e4%bd%93%e9%aa%8c%e5%88%86%e4%ba%ab
4234	yingyin	国外看电影用什么app？海外党回国网络解决方案	2025-09-24 14:04:43	%e5%9b%bd%e5%a4%96%e7%9c%8b%e7%94%b5%e5%bd%b1%e7%94%a8%e4%bb%80%e4%b9%88app%ef%bc%9f%e6%b5%b7%e5%a4%96%e5%85%9a%e5%9b%9e%e5%9b%bd%e7%bd%91%e7%bb%9c%e8%a7%a3%e5%86%b3%e6%96%b9%e6%a1%88
4233	jiaocheng	国外访问国内网站很慢怎么解决？这些体验你一定懂	2025-09-24 14:04:41	%e5%9b%bd%e5%a4%96%e8%ae%bf%e9%97%ae%e5%9b%bd%e5%86%85%e7%bd%91%e7%ab%99%e5%be%88%e6%85%a2%e6%80%8e%e4%b9%88%e8%a7%a3%e5%86%b3%ef%bc%9f%e8%bf%99%e4%ba%9b%e4%bd%93%e9%aa%8c%e4%bd%a0%e4%b8%80%e5%ae%9a
4232	bangong	国外登录不了交管12123怎么办？原因与亲测有效回国网络解决办法	2025-09-24 14:04:39	%e5%9b%bd%e5%a4%96%e7%99%bb%e5%bd%95%e4%b8%8d%e4%ba%86%e4%ba%a4%e7%ae%a112123%e6%80%8e%e4%b9%88%e5%8a%9e%ef%bc%9f%e5%8e%9f%e5%9b%a0%e4%b8%8e%e4%ba%b2%e6%b5%8b%e6%9c%89%e6%95%88%e5%9b%9e%e5%9b%bd
4231	jiaocheng	国外打不开国内的app怎么办？海外党亲测有效的方法	2025-09-24 14:04:38	%e5%9b%bd%e5%a4%96%e6%89%93%e4%b8%8d%e5%bc%80%e5%9b%bd%e5%86%85%e7%9a%84app%e6%80%8e%e4%b9%88%e5%8a%9e%ef%bc%9f%e6%b5%b7%e5%a4%96%e5%85%9a%e4%ba%b2%e6%b5%8b%e6%9c%89%e6%95%88%e7%9a%84%e6%96%b9
4230	jiaocheng	国外ip如何顺畅访问国内服务？海外党亲测有效方法	2025-09-24 14:04:35	%e5%9b%bd%e5%a4%96ip%e5%a6%82%e4%bd%95%e9%a1%ba%e7%95%85%e8%ae%bf%e9%97%ae%e5%9b%bd%e5%86%85%e6%9c%8d%e5%8a%a1%ef%bc%9f%e6%b5%b7%e5%a4%96%e5%85%9a%e4%ba%b2%e6%b5%8b%e6%9c%89%e6%95%88%e6%96%b9%e6%b3%95
4229	jiaocheng	归雁加速器：解决海外访问国内受限服务的真实体验	2025-09-24 14:04:32	%e5%bd%92%e9%9b%81%e5%8a%a0%e9%80%9f%e5%99%a8%ef%bc%9a%e8%a7%a3%e5%86%b3%e6%b5%b7%e5%a4%96%e8%ae%bf%e9%97%ae%e5%9b%bd%e5%86%85%e5%8f%97%e9%99%90%e6%9c%8d%e5%8a%a1%e7%9a%84%e7%9c%9f%e5%ae%9e%e4%bd%93
4228	jiaocheng	quickfox好用吗，海外访问国内服务的实际体验	2025-09-24 14:04:31	quickfox%e5%a5%bd%e7%94%a8%e5%90%97%ef%bc%8c%e6%b5%b7%e5%a4%96%e8%ae%bf%e9%97%ae%e5%9b%bd%e5%86%85%e6%9c%8d%e5%8a%a1%e7%9a%84%e5%ae%9e%e9%99%85%e4%bd%93%e9%aa%8c
4227	jiaocheng	qq邮箱怎么用？海外党访问国内受限服务的真实经历与解决	2025-09-24 14:04:28	qq%e9%82%ae%e7%ae%b1%e6%80%8e%e4%b9%88%e7%94%a8%ef%bc%9f%e6%b5%b7%e5%a4%96%e5%85%9a%e8%ae%bf%e9%97%ae%e5%9b%bd%e5%86%85%e5%8f%97%e9%99%90%e6%9c%8d%e5%8a%a1%e7%9a%84%e7%9c%9f%e5%ae%9e%e7%bb%8f%e5%8e%86
4226	jiaocheng	qq音樂香港地區解決：海外党访问国内服务的那些事儿	2025-09-24 14:04:26	qq%e9%9f%b3%e6%a8%82%e9%a6%99%e6%b8%af%e5%9c%b0%e5%8d%80%e8%a7%a3%e6%b1%ba%ef%bc%9a%e6%b5%b7%e5%a4%96%e5%85%9a%e8%ae%bf%e9%97%ae%e5%9b%bd%e5%86%85%e6%9c%8d%e5%8a%a1%e7%9a%84%e9%82%a3%e4%ba%9b%e4%ba%8b
4225	yinyue	QQ音乐台湾也受限？海外用户亲测回国网络解决之道	2025-09-24 14:04:24	qq%e9%9f%b3%e4%b9%90%e5%8f%b0%e6%b9%be%e4%b9%9f%e5%8f%97%e9%99%90%ef%bc%9f%e6%b5%b7%e5%a4%96%e7%94%a8%e6%88%b7%e4%ba%b2%e6%b5%8b%e5%9b%9e%e5%9b%bd%e7%bd%91%e7%bb%9c%e8%a7%a3%e5%86%b3%e4%b9%8b%e9%81%93
4224	jiaocheng	OpenWRT 无法访问国内服务？海外党这样解决！	2025-09-24 14:04:21	openwrt-%e6%97%a0%e6%b3%95%e8%ae%bf%e9%97%ae%e5%9b%bd%e5%86%85%e6%9c%8d%e5%8a%a1%ef%bc%9f%e6%b5%b7%e5%a4%96%e5%85%9a%e8%bf%99%e6%a0%b7%e8%a7%a3%e5%86%b3%ef%bc%81
4223	bangong	12123在境外不能登陆怎么办？原因与亲测回国方法	2025-09-24 14:04:19	12123%e5%9c%a8%e5%a2%83%e5%a4%96%e4%b8%8d%e8%83%bd%e7%99%bb%e9%99%86%e6%80%8e%e4%b9%88%e5%8a%9e%ef%bc%9f%e5%8e%9f%e5%9b%a0%e4%b8%8e%e4%ba%b2%e6%b5%8b%e5%9b%9e%e5%9b%bd%e6%96%b9%e6%b3%95
4222	bangong	12123交管网在国外登录不了,老出服务繁忙怎么回事？原因与解决方法	2025-09-24 14:04:17	12123%e4%ba%a4%e7%ae%a1%e7%bd%91%e5%9c%a8%e5%9b%bd%e5%a4%96%e7%99%bb%e5%bd%95%e4%b8%8d%e4%ba%86%e8%80%81%e5%87%ba%e6%9c%8d%e5%8a%a1%e7%b9%81%e5%bf%99%e6%80%8e%e4%b9%88%e5%9b%9e%e4%ba%8b%ef%bc%9f
4220	jiaocheng	雲視聽台灣：海外朋友回国访问的那些事	2025-09-19 11:09:09	%e9%9b%b2%e8%a6%96%e8%81%bd%e5%8f%b0%e7%81%a3%ef%bc%9a%e6%b5%b7%e5%a4%96%e6%9c%8b%e5%8f%8b%e5%9b%9e%e5%9b%bd%e8%ae%bf%e9%97%ae%e7%9a%84%e9%82%a3%e4%ba%9b%e4%ba%8b
4219	yinyue	香港网易云地区限制怎么办？海外党访问国内服务经验谈	2025-09-19 11:09:07	%e9%a6%99%e6%b8%af%e7%bd%91%e6%98%93%e4%ba%91%e5%9c%b0%e5%8c%ba%e9%99%90%e5%88%b6%e6%80%8e%e4%b9%88%e5%8a%9e%ef%bc%9f%e6%b5%b7%e5%a4%96%e5%85%9a%e8%ae%bf%e9%97%ae%e5%9b%bd%e5%86%85%e6%9c%8d%e5%8a%a1
4218	tiyu	香港cctv5：海外党访问国内服务的那些事儿	2025-09-19 11:09:05	%e9%a6%99%e6%b8%afcctv5%ef%bc%9a%e6%b5%b7%e5%a4%96%e5%85%9a%e8%ae%bf%e9%97%ae%e5%9b%bd%e5%86%85%e6%9c%8d%e5%8a%a1%e7%9a%84%e9%82%a3%e4%ba%9b%e4%ba%8b%e5%84%bf
4217	jiaocheng	為什麼優酷台灣不能看？海外黨回國看劇音頻這樣做	2025-09-19 11:09:03	%e7%82%ba%e4%bb%80%e9%ba%bc%e5%84%aa%e9%85%b7%e5%8f%b0%e7%81%a3%e4%b8%8d%e8%83%bd%e7%9c%8b%ef%bc%9f%e6%b5%b7%e5%a4%96%e9%bb%a8%e5%9b%9e%e5%9c%8b%e7%9c%8b%e5%8a%87%e9%9f%b3%e9%a0%bb%e9%80%99%e6%a8%a3
4216	yinyue	网易云在国外怎么听歌最全解答（亲测有效）	2025-09-19 11:09:00	%e7%bd%91%e6%98%93%e4%ba%91%e5%9c%a8%e5%9b%bd%e5%a4%96%e6%80%8e%e4%b9%88%e5%90%ac%e6%ad%8c%e6%9c%80%e5%85%a8%e8%a7%a3%e7%ad%94%ef%bc%88%e4%ba%b2%e6%b5%8b%e6%9c%89%e6%95%88%ef%bc%89
4215	yinyue	网易云音乐海外卡顿？国内服务访问难题，这些情况很常见	2025-09-19 11:08:59	%e7%bd%91%e6%98%93%e4%ba%91%e9%9f%b3%e4%b9%90%e6%b5%b7%e5%a4%96%e5%8d%a1%e9%a1%bf%ef%bc%9f%e5%9b%bd%e5%86%85%e6%9c%8d%e5%8a%a1%e8%ae%bf%e9%97%ae%e9%9a%be%e9%a2%98%ef%bc%8c%e8%bf%99%e4%ba%9b%e6%83%85
4214	yinyue	网易云国外听歌怎么解除限制？海外党亲测有效方法来了	2025-09-19 11:08:56	%e7%bd%91%e6%98%93%e4%ba%91%e5%9b%bd%e5%a4%96%e5%90%ac%e6%ad%8c%e6%80%8e%e4%b9%88%e8%a7%a3%e9%99%a4%e9%99%90%e5%88%b6%ef%bc%9f%e6%b5%b7%e5%a4%96%e5%85%9a%e4%ba%b2%e6%b5%8b%e6%9c%89%e6%95%88%e6%96%b9
4213	jiaocheng	身在海外，如何顺畅使用国内IP加速器？	2025-09-19 11:08:55	%e8%ba%ab%e5%9c%a8%e6%b5%b7%e5%a4%96%ef%bc%8c%e5%a6%82%e4%bd%95%e9%a1%ba%e7%95%85%e4%bd%bf%e7%94%a8%e5%9b%bd%e5%86%85ip%e5%8a%a0%e9%80%9f%e5%99%a8%ef%bc%9f
4212	jiaocheng	美国翻墙回国怎么解决国内访问问题？	2025-09-19 11:08:52	%e7%be%8e%e5%9b%bd%e7%bf%bb%e5%a2%99%e5%9b%9e%e5%9b%bd%e6%80%8e%e4%b9%88%e8%a7%a3%e5%86%b3%e5%9b%bd%e5%86%85%e8%ae%bf%e9%97%ae%e9%97%ae%e9%a2%98%ef%bc%9f
4211	yinyue	海外用什么听国内音乐？亲测有效的回国网络解决方案	2025-09-19 11:08:50	%e6%b5%b7%e5%a4%96%e7%94%a8%e4%bb%80%e4%b9%88%e5%90%ac%e5%9b%bd%e5%86%85%e9%9f%b3%e4%b9%90%ef%bc%9f%e4%ba%b2%e6%b5%8b%e6%9c%89%e6%95%88%e7%9a%84%e5%9b%9e%e5%9b%bd%e7%bd%91%e7%bb%9c%e8%a7%a3%e5%86%b3
4210	duanju	海外访问国内服务：抖音vpn的真相与实用回国网络	2025-09-19 11:08:48	%e6%b5%b7%e5%a4%96%e8%ae%bf%e9%97%ae%e5%9b%bd%e5%86%85%e6%9c%8d%e5%8a%a1%ef%bc%9a%e6%8a%96%e9%9f%b3vpn%e7%9a%84%e7%9c%9f%e7%9b%b8%e4%b8%8e%e5%ae%9e%e7%94%a8%e5%9b%9e%e5%9b%bd%e7%bd%91%e7%bb%9c
4209	jiaocheng	国外访问国内网站是否需要梯子访问？亲测回国网络解决方案来了	2025-09-19 11:08:46	%e5%9b%bd%e5%a4%96%e8%ae%bf%e9%97%ae%e5%9b%bd%e5%86%85%e7%bd%91%e7%ab%99%e6%98%af%e5%90%a6%e9%9c%80%e8%a6%81%e6%a2%af%e5%ad%90%e8%ae%bf%e9%97%ae%ef%bc%9f%e4%ba%b2%e6%b5%8b%e5%9b%9e%e5%9b%bd%e7%bd%91
4208	jiaocheng	国外访问国内dns遇到障碍？亲测有效的回国网络解决之道	2025-09-19 11:08:44	%e5%9b%bd%e5%a4%96%e8%ae%bf%e9%97%ae%e5%9b%bd%e5%86%85dns%e9%81%87%e5%88%b0%e9%9a%9c%e7%a2%8d%ef%bc%9f%e4%ba%b2%e6%b5%8b%e6%9c%89%e6%95%88%e7%9a%84%e5%9b%9e%e5%9b%bd%e7%bd%91%e7%bb%9c%e8%a7%a3
4207	jiaocheng	国外翻墙回国怎么办？解锁国内服务不再难	2025-09-19 11:08:42	%e5%9b%bd%e5%a4%96%e7%bf%bb%e5%a2%99%e5%9b%9e%e5%9b%bd%e6%80%8e%e4%b9%88%e5%8a%9e%ef%bc%9f%e8%a7%a3%e9%94%81%e5%9b%bd%e5%86%85%e6%9c%8d%e5%8a%a1%e4%b8%8d%e5%86%8d%e9%9a%be
4206	bangong	国外登录不了国内小程序怎么办？海外党亲测解决之道	2025-09-19 11:08:40	%e5%9b%bd%e5%a4%96%e7%99%bb%e5%bd%95%e4%b8%8d%e4%ba%86%e5%9b%bd%e5%86%85%e5%b0%8f%e7%a8%8b%e5%ba%8f%e6%80%8e%e4%b9%88%e5%8a%9e%ef%bc%9f%e6%b5%b7%e5%a4%96%e5%85%9a%e4%ba%b2%e6%b5%8b%e8%a7%a3%e5%86%b3
4205	jiaocheng	国内网站在国外如何快速打开？海外党访问国内服务卡顿原因及解决	2025-09-19 11:08:38	%e5%9b%bd%e5%86%85%e7%bd%91%e7%ab%99%e5%9c%a8%e5%9b%bd%e5%a4%96%e5%a6%82%e4%bd%95%e5%bf%ab%e9%80%9f%e6%89%93%e5%bc%80%ef%bc%9f%e6%b5%b7%e5%a4%96%e5%85%9a%e8%ae%bf%e9%97%ae%e5%9b%bd%e5%86%85%e6%9c%8d
4204	jiaocheng	国际qq注册后，海外访问国内服务遇阻的那些事儿	2025-09-19 11:08:36	%e5%9b%bd%e9%99%85qq%e6%b3%a8%e5%86%8c%e5%90%8e%ef%bc%8c%e6%b5%b7%e5%a4%96%e8%ae%bf%e9%97%ae%e5%9b%bd%e5%86%85%e6%9c%8d%e5%8a%a1%e9%81%87%e9%98%bb%e7%9a%84%e9%82%a3%e4%ba%9b%e4%ba%8b%e5%84%bf
4203	duanju	抖音中国版下载安装apple？海外用户这样轻松解决	2025-09-19 11:08:34	%e6%8a%96%e9%9f%b3%e4%b8%ad%e5%9b%bd%e7%89%88%e4%b8%8b%e8%bd%bd%e5%ae%89%e8%a3%85apple%ef%bc%9f%e6%b5%b7%e5%a4%96%e7%94%a8%e6%88%b7%e8%bf%99%e6%a0%b7%e8%bd%bb%e6%9d%be%e8%a7%a3%e5%86%b3
4202	duanju	抖音海外直播卡顿？一招解决国内应用访问难题	2025-09-19 11:08:32	%e6%8a%96%e9%9f%b3%e6%b5%b7%e5%a4%96%e7%9b%b4%e6%92%ad%e5%8d%a1%e9%a1%bf%ef%bc%9f%e4%b8%80%e6%8b%9b%e8%a7%a3%e5%86%b3%e5%9b%bd%e5%86%85%e5%ba%94%e7%94%a8%e8%ae%bf%e9%97%ae%e9%9a%be%e9%a2%98
4201	duanju	抖音当前直播间在本区域未开放？海外党回国网络那些事儿	2025-09-19 11:08:28	%e6%8a%96%e9%9f%b3%e5%bd%93%e5%89%8d%e7%9b%b4%e6%92%ad%e9%97%b4%e5%9c%a8%e6%9c%ac%e5%8c%ba%e5%9f%9f%e6%9c%aa%e5%bc%80%e6%94%be%ef%bc%9f%e6%b5%b7%e5%a4%96%e5%85%9a%e5%9b%9e%e5%9b%bd%e7%bd%91%e7%bb%9c
4200	jiaocheng	从国外翻墙回国内的那些事儿：服务受限怎么办？	2025-09-19 11:08:26	%e4%bb%8e%e5%9b%bd%e5%a4%96%e7%bf%bb%e5%a2%99%e5%9b%9e%e5%9b%bd%e5%86%85%e7%9a%84%e9%82%a3%e4%ba%9b%e4%ba%8b%e5%84%bf%ef%bc%9a%e6%9c%8d%e5%8a%a1%e5%8f%97%e9%99%90%e6%80%8e%e4%b9%88%e5%8a%9e%ef%bc%9f
4199	jiaocheng	出国后国内软件能用吗？海外党访问国内服务全解析	2025-09-19 11:08:24	%e5%87%ba%e5%9b%bd%e5%90%8e%e5%9b%bd%e5%86%85%e8%bd%af%e4%bb%b6%e8%83%bd%e7%94%a8%e5%90%97%ef%bc%9f%e6%b5%b7%e5%a4%96%e5%85%9a%e8%ae%bf%e9%97%ae%e5%9b%bd%e5%86%85%e6%9c%8d%e5%8a%a1%e5%85%a8%e8%a7%a3
4198	yingyin	抱歉，您访问的视频版权受限暂无可播源怎么办？海外党亲测有效攻略	2025-09-19 11:08:21	%e6%8a%b1%e6%ad%89%ef%bc%8c%e6%82%a8%e8%ae%bf%e9%97%ae%e7%9a%84%e8%a7%86%e9%a2%91%e7%89%88%e6%9d%83%e5%8f%97%e9%99%90%e6%9a%82%e6%97%a0%e5%8f%af%e6%92%ad%e6%ba%90%e6%80%8e%e4%b9%88%e5%8a%9e%ef%bc%9f
4197	jiaocheng	yy語音台灣註冊：海外用户回国网络常见疑难解答	2025-09-19 11:08:20	yy%e8%aa%9e%e9%9f%b3%e5%8f%b0%e7%81%a3%e8%a8%bb%e5%86%8a%ef%bc%9a%e6%b5%b7%e5%a4%96%e7%94%a8%e6%88%b7%e5%9b%9e%e5%9b%bd%e7%bd%91%e7%bb%9c%e5%b8%b8%e8%a7%81%e7%96%91%e9%9a%be%e8%a7%a3%e7%ad%94
4196	jiaocheng	VPN无法访问国内网站？海外党回国网络实测分享	2025-09-19 11:08:17	vpn%e6%97%a0%e6%b3%95%e8%ae%bf%e9%97%ae%e5%9b%bd%e5%86%85%e7%bd%91%e7%ab%99%ef%bc%9f%e6%b5%b7%e5%a4%96%e5%85%9a%e5%9b%9e%e5%9b%bd%e7%bd%91%e7%bb%9c%e5%ae%9e%e6%b5%8b%e5%88%86%e4%ba%ab
4195	jiaocheng	tt語音台灣遇上難題？海外黨的真實回國網絡解鎖	2025-09-19 11:08:16	tt%e8%aa%9e%e9%9f%b3%e5%8f%b0%e7%81%a3%e9%81%87%e4%b8%8a%e9%9b%a3%e9%a1%8c%ef%bc%9f%e6%b5%b7%e5%a4%96%e9%bb%a8%e7%9a%84%e7%9c%9f%e5%af%a6%e5%9b%9e%e5%9c%8b%e7%b6%b2%e7%b5%a1%e8%a7%a3%e9%8e%96
4194	yinyue	QQ音乐怎么改地区？海外党访问国内受限服务全攻略	2025-09-19 11:08:13	qq%e9%9f%b3%e4%b9%90%e6%80%8e%e4%b9%88%e6%94%b9%e5%9c%b0%e5%8c%ba%ef%bc%9f%e6%b5%b7%e5%a4%96%e5%85%9a%e8%ae%bf%e9%97%ae%e5%9b%bd%e5%86%85%e5%8f%97%e9%99%90%e6%9c%8d%e5%8a%a1%e5%85%a8%e6%94%bb%e7%95%a5
4193	jiaocheng	QQ海外手机验证：当国内服务遇上“水土不服”	2025-09-19 11:08:11	qq%e6%b5%b7%e5%a4%96%e6%89%8b%e6%9c%ba%e9%aa%8c%e8%af%81%ef%bc%9a%e5%bd%93%e5%9b%bd%e5%86%85%e6%9c%8d%e5%8a%a1%e9%81%87%e4%b8%8a%e6%b0%b4%e5%9c%9f%e4%b8%8d%e6%9c%8d
4192	tiyu	cctv5海外直播源，海外党如何顺畅观看？	2025-09-19 11:08:09	cctv5%e6%b5%b7%e5%a4%96%e7%9b%b4%e6%92%ad%e6%ba%90%ef%bc%8c%e6%b5%b7%e5%a4%96%e5%85%9a%e5%a6%82%e4%bd%95%e9%a1%ba%e7%95%85%e8%a7%82%e7%9c%8b%ef%bc%9f
4191	tiyu	cctv5+香港卡顿怎么办？海外用户回国加速器这样用	2025-09-19 11:08:07	cctv5%e9%a6%99%e6%b8%af%e5%8d%a1%e9%a1%bf%e6%80%8e%e4%b9%88%e5%8a%9e%ef%bc%9f%e6%b5%b7%e5%a4%96%e7%94%a8%e6%88%b7%e5%9b%9e%e5%9b%bd%e5%8a%a0%e9%80%9f%e5%99%a8%e8%bf%99%e6%a0%b7%e7%94%a8
4190	yingyin	b站地區限制手機怎么办？海外党亲测有效回国方法	2025-09-19 11:08:05	b%e7%ab%99%e5%9c%b0%e5%8d%80%e9%99%90%e5%88%b6%e6%89%8b%e6%a9%9f%e6%80%8e%e4%b9%88%e5%8a%9e%ef%bc%9f%e6%b5%b7%e5%a4%96%e5%85%9a%e4%ba%b2%e6%b5%8b%e6%9c%89%e6%95%88%e5%9b%9e%e5%9b%bd%e6%96%b9%e6%b3%95
4189	bangong	12123在国外能登录吗？这些服务海外受限原因及应对	2025-09-19 11:08:03	12123%e5%9c%a8%e5%9b%bd%e5%a4%96%e8%83%bd%e7%99%bb%e5%bd%95%e5%90%97%ef%bc%9f%e8%bf%99%e4%ba%9b%e6%9c%8d%e5%8a%a1%e6%b5%b7%e5%a4%96%e5%8f%97%e9%99%90%e5%8e%9f%e5%9b%a0%e5%8f%8a%e5%ba%94%e5%af%b9
4188	bangong	12123国外登不了？ 海外访问国内服务全方位解读	2025-09-19 11:08:01	12123%e5%9b%bd%e5%a4%96%e7%99%bb%e4%b8%8d%e4%ba%86%ef%bc%9f-%e6%b5%b7%e5%a4%96%e8%ae%bf%e9%97%ae%e5%9b%bd%e5%86%85%e6%9c%8d%e5%8a%a1%e5%85%a8%e6%96%b9%e4%bd%8d%e8%a7%a3%e8%af%bb
4187	duanju	直播平台抖音直播港独怎么办？海外党亲测有效回国网络解决方案	2025-09-16 10:01:30	%e7%9b%b4%e6%92%ad%e5%b9%b3%e5%8f%b0%e6%8a%96%e9%9f%b3%e7%9b%b4%e6%92%ad%e6%b8%af%e7%8b%ac%e6%80%8e%e4%b9%88%e5%8a%9e%ef%bc%9f%e6%b5%b7%e5%a4%96%e5%85%9a%e4%ba%b2%e6%b5%8b%e6%9c%89%e6%95%88%e5%9b%9e
4186	jiaocheng	雲視聽小電視破解难？海外访问国内服务就这样解决	2025-09-16 10:01:28	%e9%9b%b2%e8%a6%96%e8%81%bd%e5%b0%8f%e9%9b%bb%e8%a6%96%e7%a0%b4%e8%a7%a3%e9%9a%be%ef%bc%9f%e6%b5%b7%e5%a4%96%e8%ae%bf%e9%97%ae%e5%9b%bd%e5%86%85%e6%9c%8d%e5%8a%a1%e5%b0%b1%e8%bf%99%e6%a0%b7%e8%a7%a3
4185	jiaocheng	由于版权限制您所在的地区无法观看该视怎么办？海外党亲测有效方法	2025-09-16 10:01:26	%e7%94%b1%e4%ba%8e%e7%89%88%e6%9d%83%e9%99%90%e5%88%b6%e6%82%a8%e6%89%80%e5%9c%a8%e7%9a%84%e5%9c%b0%e5%8c%ba%e6%97%a0%e6%b3%95%e8%a7%82%e7%9c%8b%e8%af%a5%e8%a7%86%e6%80%8e%e4%b9%88%e5%8a%9e%ef%bc%9f
4184	jiaocheng	永劫無間國服VPN：海外党如何畅享国内服务	2025-09-16 10:01:25	%e6%b0%b8%e5%8a%ab%e7%84%a1%e9%96%93%e5%9c%8b%e6%9c%8dvpn%ef%bc%9a%e6%b5%b7%e5%a4%96%e5%85%9a%e5%a6%82%e4%bd%95%e7%95%85%e4%ba%ab%e5%9b%bd%e5%86%85%e6%9c%8d%e5%8a%a1
4183	jiaocheng	永劫無間伺服器访问受限？海外党亲测有效解决法	2025-09-16 10:01:23	%e6%b0%b8%e5%8a%ab%e7%84%a1%e9%96%93%e4%bc%ba%e6%9c%8d%e5%99%a8%e8%ae%bf%e9%97%ae%e5%8f%97%e9%99%90%ef%bc%9f%e6%b5%b7%e5%a4%96%e5%85%9a%e4%ba%b2%e6%b5%8b%e6%9c%89%e6%95%88%e8%a7%a3%e5%86%b3%e6%b3%95
4182	yinyue	音乐app海外怎么办？回国网络不绕路	2025-09-16 10:01:21	%e9%9f%b3%e4%b9%90app%e6%b5%b7%e5%a4%96%e6%80%8e%e4%b9%88%e5%8a%9e%ef%bc%9f%e5%9b%9e%e5%9b%bd%e7%bd%91%e7%bb%9c%e4%b8%8d%e7%bb%95%e8%b7%af
4181	tiyu	香港如何看cctv5？海外党回国网络全解	2025-09-16 10:01:20	%e9%a6%99%e6%b8%af%e5%a6%82%e4%bd%95%e7%9c%8bcctv5%ef%bc%9f%e6%b5%b7%e5%a4%96%e5%85%9a%e5%9b%9e%e5%9b%bd%e7%bd%91%e7%bb%9c%e5%85%a8%e8%a7%a3
4180	jiaocheng	香港翻墙回内地有哪些好用的方法？	2025-09-16 10:01:18	%e9%a6%99%e6%b8%af%e7%bf%bb%e5%a2%99%e5%9b%9e%e5%86%85%e5%9c%b0%e6%9c%89%e5%93%aa%e4%ba%9b%e5%a5%bd%e7%94%a8%e7%9a%84%e6%96%b9%e6%b3%95%ef%bc%9f
4179	duanju	香港抖音看不到直播怎么回事？海外回国网络加速解读	2025-09-16 10:01:17	%e9%a6%99%e6%b8%af%e6%8a%96%e9%9f%b3%e7%9c%8b%e4%b8%8d%e5%88%b0%e7%9b%b4%e6%92%ad%e6%80%8e%e4%b9%88%e5%9b%9e%e4%ba%8b%ef%bc%9f%e6%b5%b7%e5%a4%96%e5%9b%9e%e5%9b%bd%e7%bd%91%e7%bb%9c%e5%8a%a0%e9%80%9f
4178	jiaocheng	西瓜視频香港遇到访问问题？亲测有效的回国网络解决之道	2025-09-16 10:01:15	%e8%a5%bf%e7%93%9c%e8%a6%96%e9%a2%91%e9%a6%99%e6%b8%af%e9%81%87%e5%88%b0%e8%ae%bf%e9%97%ae%e9%97%ae%e9%a2%98%ef%bc%9f%e4%ba%b2%e6%b5%8b%e6%9c%89%e6%95%88%e7%9a%84%e5%9b%9e%e5%9b%bd%e7%bd%91%e7%bb%9c
4177	duanju	為什麼陸抖看不了直播？海外用戶的真實困境與解決方法	2025-09-16 10:01:14	%e7%82%ba%e4%bb%80%e9%ba%bc%e9%99%b8%e6%8a%96%e7%9c%8b%e4%b8%8d%e4%ba%86%e7%9b%b4%e6%92%ad%ef%bc%9f%e6%b5%b7%e5%a4%96%e7%94%a8%e6%88%b6%e7%9a%84%e7%9c%9f%e5%af%a6%e5%9b%b0%e5%a2%83%e8%88%87%e8%a7%a3
4176	yinyue	网易云在海外能听吗？解锁国内音乐与服务的新思路	2025-09-16 10:01:12	%e7%bd%91%e6%98%93%e4%ba%91%e5%9c%a8%e6%b5%b7%e5%a4%96%e8%83%bd%e5%90%ac%e5%90%97%ef%bc%9f%e8%a7%a3%e9%94%81%e5%9b%bd%e5%86%85%e9%9f%b3%e4%b9%90%e4%b8%8e%e6%9c%8d%e5%8a%a1%e7%9a%84%e6%96%b0%e6%80%9d
4175	yinyue	网易云音乐在国外怎么下，这些国内服务也能用	2025-09-16 10:01:10	%e7%bd%91%e6%98%93%e4%ba%91%e9%9f%b3%e4%b9%90%e5%9c%a8%e5%9b%bd%e5%a4%96%e6%80%8e%e4%b9%88%e4%b8%8b%ef%bc%8c%e8%bf%99%e4%ba%9b%e5%9b%bd%e5%86%85%e6%9c%8d%e5%8a%a1%e4%b9%9f%e8%83%bd%e7%94%a8
4174	yinyue	网易云音乐海外下载ios，这些国内应用为何打不开？	2025-09-16 10:01:09	%e7%bd%91%e6%98%93%e4%ba%91%e9%9f%b3%e4%b9%90%e6%b5%b7%e5%a4%96%e4%b8%8b%e8%bd%bdios%ef%bc%8c%e8%bf%99%e4%ba%9b%e5%9b%bd%e5%86%85%e5%ba%94%e7%94%a8%e4%b8%ba%e4%bd%95%e6%89%93%e4%b8%8d%e5%bc%80
4173	yinyue	网易云音乐国外访问为何受限？真实解决方法	2025-09-16 10:01:07	%e7%bd%91%e6%98%93%e4%ba%91%e9%9f%b3%e4%b9%90%e5%9b%bd%e5%a4%96%e8%ae%bf%e9%97%ae%e4%b8%ba%e4%bd%95%e5%8f%97%e9%99%90%ef%bc%9f%e7%9c%9f%e5%ae%9e%e8%a7%a3%e5%86%b3%e6%96%b9%e6%b3%95
4172	yinyue	网易云音乐地区限制怎么办？海外党亲测有效的方法	2025-09-16 10:01:06	%e7%bd%91%e6%98%93%e4%ba%91%e9%9f%b3%e4%b9%90%e5%9c%b0%e5%8c%ba%e9%99%90%e5%88%b6%e6%80%8e%e4%b9%88%e5%8a%9e%ef%bc%9f%e6%b5%b7%e5%a4%96%e5%85%9a%e4%ba%b2%e6%b5%8b%e6%9c%89%e6%95%88%e7%9a%84%e6%96%b9
4171	yinyue	网易云海外怎么办？亲测有效的国内访问方法	2025-09-16 10:01:04	%e7%bd%91%e6%98%93%e4%ba%91%e6%b5%b7%e5%a4%96%e6%80%8e%e4%b9%88%e5%8a%9e%ef%bc%9f%e4%ba%b2%e6%b5%8b%e6%9c%89%e6%95%88%e7%9a%84%e5%9b%bd%e5%86%85%e8%ae%bf%e9%97%ae%e6%96%b9%e6%b3%95
4170	yinyue	网易云国外怎么办？海外访问国内服务的真实体验	2025-09-16 10:01:02	%e7%bd%91%e6%98%93%e4%ba%91%e5%9b%bd%e5%a4%96%e6%80%8e%e4%b9%88%e5%8a%9e%ef%bc%9f%e6%b5%b7%e5%a4%96%e8%ae%bf%e9%97%ae%e5%9b%bd%e5%86%85%e6%9c%8d%e5%8a%a1%e7%9a%84%e7%9c%9f%e5%ae%9e%e4%bd%93%e9%aa%8c-2
4169	youxi	网易我的世界地区限制怎么办？亲测有效的回国网络解决之道	2025-09-16 10:01:00	%e7%bd%91%e6%98%93%e6%88%91%e7%9a%84%e4%b8%96%e7%95%8c%e5%9c%b0%e5%8c%ba%e9%99%90%e5%88%b6%e6%80%8e%e4%b9%88%e5%8a%9e%ef%bc%9f%e4%ba%b2%e6%b5%8b%e6%9c%89%e6%95%88%e7%9a%84%e5%9b%9e%e5%9b%bd%e7%bd%91
4168	youxi	王者荣耀非中国大陆如何定位ios？海外党亲测回国网络解法	2025-09-16 10:00:57	%e7%8e%8b%e8%80%85%e8%8d%a3%e8%80%80%e9%9d%9e%e4%b8%ad%e5%9b%bd%e5%a4%a7%e9%99%86%e5%a6%82%e4%bd%95%e5%ae%9a%e4%bd%8dios%ef%bc%9f%e6%b5%b7%e5%a4%96%e5%85%9a%e4%ba%b2%e6%b5%8b%e5%9b%9e%e5%9b%bd-2
4167	jiaocheng	騰訊台灣不能看ptt？海外用户回国网络痛点与亲测缓解之道	2025-09-16 10:00:56	%e9%a8%b0%e8%a8%8a%e5%8f%b0%e7%81%a3%e4%b8%8d%e8%83%bd%e7%9c%8bptt%ef%bc%9f%e6%b5%b7%e5%a4%96%e7%94%a8%e6%88%b7%e5%9b%9e%e5%9b%bd%e7%bd%91%e7%bb%9c%e7%97%9b%e7%82%b9%e4%b8%8e%e4%ba%b2%e6%b5%8b
4166	jiaocheng	騰訊你所在的地區無法觀看怎么办？海外党亲测有效方法	2025-09-16 10:00:54	%e9%a8%b0%e8%a8%8a%e4%bd%a0%e6%89%80%e5%9c%a8%e7%9a%84%e5%9c%b0%e5%8d%80%e7%84%a1%e6%b3%95%e8%a7%80%e7%9c%8b%e6%80%8e%e4%b9%88%e5%8a%9e%ef%bc%9f%e6%b5%b7%e5%a4%96%e5%85%9a%e4%ba%b2%e6%b5%8b%e6%9c%89
4165	yingyin	腾讯视频海外怎么看最全解答（亲测有效）	2025-09-16 10:00:52	%e8%85%be%e8%ae%af%e8%a7%86%e9%a2%91%e6%b5%b7%e5%a4%96%e6%80%8e%e4%b9%88%e7%9c%8b%e6%9c%80%e5%85%a8%e8%a7%a3%e7%ad%94%ef%bc%88%e4%ba%b2%e6%b5%8b%e6%9c%89%e6%95%88%ef%bc%89
4164	jiaocheng	身在海外，如何顺畅看国内电视？	2025-09-16 10:00:50	%e8%ba%ab%e5%9c%a8%e6%b5%b7%e5%a4%96%ef%bc%8c%e5%a6%82%e4%bd%95%e9%a1%ba%e7%95%85%e7%9c%8b%e5%9b%bd%e5%86%85%e7%94%b5%e8%a7%86%ef%bc%9f
4163	jiaocheng	那些年，我们一起番茄回国	2025-09-16 10:00:48	%e9%82%a3%e4%ba%9b%e5%b9%b4%ef%bc%8c%e6%88%91%e4%bb%ac%e4%b8%80%e8%b5%b7%e7%95%aa%e8%8c%84%e5%9b%9e%e5%9b%bd
4162	yinyue	酷我音乐ios破解版2024无法使用？海外回国网络解法	2025-09-16 10:00:46	%e9%85%b7%e6%88%91%e9%9f%b3%e4%b9%90ios%e7%a0%b4%e8%a7%a3%e7%89%882024%e6%97%a0%e6%b3%95%e4%bd%bf%e7%94%a8%ef%bc%9f%e6%b5%b7%e5%a4%96%e5%9b%9e%e5%9b%bd%e7%bd%91%e7%bb%9c%e8%a7%a3%e6%b3%95
4161	jiaocheng	鸿蒙怎么翻墙回国，海外访问国内服务畅通无阻	2025-09-16 10:00:44	%e9%b8%bf%e8%92%99%e6%80%8e%e4%b9%88%e7%bf%bb%e5%a2%99%e5%9b%9e%e5%9b%bd%ef%bc%8c%e6%b5%b7%e5%a4%96%e8%ae%bf%e9%97%ae%e5%9b%bd%e5%86%85%e6%9c%8d%e5%8a%a1%e7%95%85%e9%80%9a%e6%97%a0%e9%98%bb
4160	yinyue	海外怎么听QQ音乐？回国网络那些事儿	2025-09-16 10:00:42	%e6%b5%b7%e5%a4%96%e6%80%8e%e4%b9%88%e5%90%acqq%e9%9f%b3%e4%b9%90%ef%bc%9f%e5%9b%9e%e5%9b%bd%e7%bd%91%e7%bb%9c%e9%82%a3%e4%ba%9b%e4%ba%8b%e5%84%bf
4159	jiaocheng	海外用户怎样解除酷狗版权限制？亲测有效方法来了	2025-09-16 10:00:39	%e6%b5%b7%e5%a4%96%e7%94%a8%e6%88%b7%e6%80%8e%e6%a0%b7%e8%a7%a3%e9%99%a4%e9%85%b7%e7%8b%97%e7%89%88%e6%9d%83%e9%99%90%e5%88%b6%ef%bc%9f%e4%ba%b2%e6%b5%8b%e6%9c%89%e6%95%88%e6%96%b9%e6%b3%95%e6%9d%a5
4158	jiaocheng	海外用户如何听国内歌曲？这些方法你一定要知道	2025-09-16 10:00:35	%e6%b5%b7%e5%a4%96%e7%94%a8%e6%88%b7%e5%a6%82%e4%bd%95%e5%90%ac%e5%9b%bd%e5%86%85%e6%ad%8c%e6%9b%b2%ef%bc%9f%e8%bf%99%e4%ba%9b%e6%96%b9%e6%b3%95%e4%bd%a0%e4%b8%80%e5%ae%9a%e8%a6%81%e7%9f%a5%e9%81%93
4157	duanju	海外用户访问 yy直播海外版 的困扰与解法	2025-09-16 10:00:33	%e6%b5%b7%e5%a4%96%e7%94%a8%e6%88%b7%e8%ae%bf%e9%97%ae-yy%e7%9b%b4%e6%92%ad%e6%b5%b7%e5%a4%96%e7%89%88-%e7%9a%84%e5%9b%b0%e6%89%b0%e4%b8%8e%e8%a7%a3%e6%b3%95
4156	jiaocheng	海外如何顺畅访问国内服务？回中國vpn的实用解读	2025-09-16 10:00:31	%e6%b5%b7%e5%a4%96%e5%a6%82%e4%bd%95%e9%a1%ba%e7%95%85%e8%ae%bf%e9%97%ae%e5%9b%bd%e5%86%85%e6%9c%8d%e5%8a%a1%ef%bc%9f%e5%9b%9e%e4%b8%ad%e5%9c%8bvpn%e7%9a%84%e5%ae%9e%e7%94%a8%e8%a7%a3%e8%af%bb
4155	jiaocheng	海外访问国内网站的限制，别再为此烦恼了	2025-09-16 10:00:30	%e6%b5%b7%e5%a4%96%e8%ae%bf%e9%97%ae%e5%9b%bd%e5%86%85%e7%bd%91%e7%ab%99%e7%9a%84%e9%99%90%e5%88%b6%ef%bc%8c%e5%88%ab%e5%86%8d%e4%b8%ba%e6%ad%a4%e7%83%a6%e6%81%bc%e4%ba%86
4154	tiyu	cctv5直播youtube遇阻？海外访问国内服务实测经验	2025-09-16 10:00:27	cctv5%e7%9b%b4%e6%92%adyoutube%e9%81%87%e9%98%bb%ef%bc%9f%e6%b5%b7%e5%a4%96%e8%ae%bf%e9%97%ae%e5%9b%bd%e5%86%85%e6%9c%8d%e5%8a%a1%e5%ae%9e%e6%b5%8b%e7%bb%8f%e9%aa%8c
4153	tiyu	cctv5iptv：海外用户访问国内受限服务的真实困扰与解决之道	2025-09-16 10:00:25	cctv5iptv%ef%bc%9a%e6%b5%b7%e5%a4%96%e7%94%a8%e6%88%b7%e8%ae%bf%e9%97%ae%e5%9b%bd%e5%86%85%e5%8f%97%e9%99%90%e6%9c%8d%e5%8a%a1%e7%9a%84%e7%9c%9f%e5%ae%9e%e5%9b%b0%e6%89%b0%e4%b8%8e%e8%a7%a3%e5%86%b3
4152	yingyin	b站卡ptt怎么办？海外回国网络优化之道	2025-09-16 10:00:24	b%e7%ab%99%e5%8d%a1ptt%e6%80%8e%e4%b9%88%e5%8a%9e%ef%bc%9f%e6%b5%b7%e5%a4%96%e5%9b%9e%e5%9b%bd%e7%bd%91%e7%bb%9c%e4%bc%98%e5%8c%96%e4%b9%8b%e9%81%93
4151	bangong	12123在境外不能登录怎么办？那些年海外党回国卡的那些坑	2025-09-16 10:00:20	12123%e5%9c%a8%e5%a2%83%e5%a4%96%e4%b8%8d%e8%83%bd%e7%99%bb%e5%bd%95%e6%80%8e%e4%b9%88%e5%8a%9e%ef%bc%9f%e9%82%a3%e4%ba%9b%e5%b9%b4%e6%b5%b7%e5%a4%96%e5%85%9a%e5%9b%9e%e5%9b%bd%e5%8d%a1%e7%9a%84
4150	bangong	知网海外访问为何受限？回国加速器亲测有效 - 副本	2025-09-13 11:45:53	%e7%9f%a5%e7%bd%91%e6%b5%b7%e5%a4%96%e8%ae%bf%e9%97%ae%e4%b8%ba%e4%bd%95%e5%8f%97%e9%99%90%ef%bc%9f%e5%9b%9e%e5%9b%bd%e5%8a%a0%e9%80%9f%e5%99%a8%e4%ba%b2%e6%b5%8b%e6%9c%89%e6%95%88-%e5%89%af
4149	yinyue	网易云在国外怎么消除地域限制？海外党必看解决方案 - 副本	2025-09-13 11:45:50	%e7%bd%91%e6%98%93%e4%ba%91%e5%9c%a8%e5%9b%bd%e5%a4%96%e6%80%8e%e4%b9%88%e6%b6%88%e9%99%a4%e5%9c%b0%e5%9f%9f%e9%99%90%e5%88%b6%ef%bc%9f%e6%b5%b7%e5%a4%96%e5%85%9a%e5%bf%85%e7%9c%8b%e8%a7%a3%e5%86%b3
4148	yinyue	网易云音乐googleplay哪个区？海外党亲测好用解锁方案 - 副本	2025-09-13 11:45:48	%e7%bd%91%e6%98%93%e4%ba%91%e9%9f%b3%e4%b9%90googleplay%e5%93%aa%e4%b8%aa%e5%8c%ba%ef%bc%9f%e6%b5%b7%e5%a4%96%e5%85%9a%e4%ba%b2%e6%b5%8b%e5%a5%bd%e7%94%a8%e8%a7%a3%e9%94%81%e6%96%b9%e6%a1%88
4147	yinyue	网易云加速器是怎么回事？海外党回国网络全解析 - 副本	2025-09-13 11:45:46	%e7%bd%91%e6%98%93%e4%ba%91%e5%8a%a0%e9%80%9f%e5%99%a8%e6%98%af%e6%80%8e%e4%b9%88%e5%9b%9e%e4%ba%8b%ef%bc%9f%e6%b5%b7%e5%a4%96%e5%85%9a%e5%9b%9e%e5%9b%bd%e7%bd%91%e7%bb%9c%e5%85%a8%e8%a7%a3%e6%9e%90
4146	yinyue	网易云黑胶VIP海外能听吗？这是多数海外党的心声 - 副本	2025-09-13 11:45:45	%e7%bd%91%e6%98%93%e4%ba%91%e9%bb%91%e8%83%b6vip%e6%b5%b7%e5%a4%96%e8%83%bd%e5%90%ac%e5%90%97%ef%bc%9f%e8%bf%99%e6%98%af%e5%a4%9a%e6%95%b0%e6%b5%b7%e5%a4%96%e5%85%9a%e7%9a%84%e5%bf%83%e5%a3%b0
4145	yinyue	网易云海外限制怎么办？亲测有效的解决之道 - 副本	2025-09-13 11:45:42	%e7%bd%91%e6%98%93%e4%ba%91%e6%b5%b7%e5%a4%96%e9%99%90%e5%88%b6%e6%80%8e%e4%b9%88%e5%8a%9e%ef%bc%9f%e4%ba%b2%e6%b5%8b%e6%9c%89%e6%95%88%e7%9a%84%e8%a7%a3%e5%86%b3%e4%b9%8b%e9%81%93-%e5%89%af
4144	yinyue	网易云国外怎么办？海外访问国内服务的真实体验 - 副本	2025-09-13 11:45:40	%e7%bd%91%e6%98%93%e4%ba%91%e5%9b%bd%e5%a4%96%e6%80%8e%e4%b9%88%e5%8a%9e%ef%bc%9f%e6%b5%b7%e5%a4%96%e8%ae%bf%e9%97%ae%e5%9b%bd%e5%86%85%e6%9c%8d%e5%8a%a1%e7%9a%84%e7%9c%9f%e5%ae%9e%e4%bd%93%e9%aa%8c
4143	youxi	王者荣耀非中国大陆如何定位ios？海外党亲测回国网络解法 - 副本	2025-09-13 11:45:39	%e7%8e%8b%e8%80%85%e8%8d%a3%e8%80%80%e9%9d%9e%e4%b8%ad%e5%9b%bd%e5%a4%a7%e9%99%86%e5%a6%82%e4%bd%95%e5%ae%9a%e4%bd%8dios%ef%bc%9f%e6%b5%b7%e5%a4%96%e5%85%9a%e4%ba%b2%e6%b5%8b%e5%9b%9e%e5%9b%bd
4142	jiaocheng	騰訊視頻海外受限？这几种回国网络解决方案亲测有效 - 副本	2025-09-13 11:45:37	%e9%a8%b0%e8%a8%8a%e8%a6%96%e9%a0%bb%e6%b5%b7%e5%a4%96%e5%8f%97%e9%99%90%ef%bc%9f%e8%bf%99%e5%87%a0%e7%a7%8d%e5%9b%9e%e5%9b%bd%e7%bd%91%e7%bb%9c%e8%a7%a3%e5%86%b3%e6%96%b9%e6%a1%88%e4%ba%b2%e6%b5%8b
4141	jiaocheng	騰訊app台灣不能看怎么办？海外回国网络亲测分享 - 副本	2025-09-13 11:45:36	%e9%a8%b0%e8%a8%8aapp%e5%8f%b0%e7%81%a3%e4%b8%8d%e8%83%bd%e7%9c%8b%e6%80%8e%e4%b9%88%e5%8a%9e%ef%bc%9f%e6%b5%b7%e5%a4%96%e5%9b%9e%e5%9b%bd%e7%bd%91%e7%bb%9c%e4%ba%b2%e6%b5%8b%e5%88%86%e4%ba%ab
4140	jiaocheng	那些年，我们一起番茄回国 - 副本	2025-09-13 11:45:33	%e9%82%a3%e4%ba%9b%e5%b9%b4%ef%bc%8c%e6%88%91%e4%bb%ac%e4%b8%80%e8%b5%b7%e7%95%aa%e8%8c%84%e5%9b%9e%e5%9b%bd-%e5%89%af%e6%9c%ac
4139	jiaocheng	路由器翻墙回国：海外党访问国内服务的切实体验 - 副本	2025-09-13 11:45:32	%e8%b7%af%e7%94%b1%e5%99%a8%e7%bf%bb%e5%a2%99%e5%9b%9e%e5%9b%bd%ef%bc%9a%e6%b5%b7%e5%a4%96%e5%85%9a%e8%ae%bf%e9%97%ae%e5%9b%bd%e5%86%85%e6%9c%8d%e5%8a%a1%e7%9a%84%e5%88%87%e5%ae%9e%e4%bd%93%e9%aa%8c
4138	yinyue	酷我音乐在海外怎么用？解析限制与实用回国网络解决之道 - 副本	2025-09-13 11:45:29	%e9%85%b7%e6%88%91%e9%9f%b3%e4%b9%90%e5%9c%a8%e6%b5%b7%e5%a4%96%e6%80%8e%e4%b9%88%e7%94%a8%ef%bc%9f%e8%a7%a3%e6%9e%90%e9%99%90%e5%88%b6%e4%b8%8e%e5%ae%9e%e7%94%a8%e5%9b%9e%e5%9b%bd%e7%bd%91%e7%bb%9c
4137	jiaocheng	火炬之光在国外怎么玩？亲测有效解决访问难题 - 副本	2025-09-13 11:45:28	%e7%81%ab%e7%82%ac%e4%b9%8b%e5%85%89%e5%9c%a8%e5%9b%bd%e5%a4%96%e6%80%8e%e4%b9%88%e7%8e%a9%ef%bc%9f%e4%ba%b2%e6%b5%8b%e6%9c%89%e6%95%88%e8%a7%a3%e5%86%b3%e8%ae%bf%e9%97%ae%e9%9a%be%e9%a2%98
4136	jiaocheng	華為音樂地區限制的烦恼与回国网络解法 - 副本	2025-09-13 11:45:25	%e8%8f%af%e7%82%ba%e9%9f%b3%e6%a8%82%e5%9c%b0%e5%8d%80%e9%99%90%e5%88%b6%e7%9a%84%e7%83%a6%e6%81%bc%e4%b8%8e%e5%9b%9e%e5%9b%bd%e7%bd%91%e7%bb%9c%e8%a7%a3%e6%b3%95-%e5%89%af%e6%9c%ac
4135	jiaocheng	海外怎么玩全明星街球派对？回国网络难题一次解决 - 副本	2025-09-13 11:45:24	%e6%b5%b7%e5%a4%96%e6%80%8e%e4%b9%88%e7%8e%a9%e5%85%a8%e6%98%8e%e6%98%9f%e8%a1%97%e7%90%83%e6%b4%be%e5%af%b9%ef%bc%9f%e5%9b%9e%e5%9b%bd%e7%bd%91%e7%bb%9c%e9%9a%be%e9%a2%98%e4%b8%80%e6%ac%a1%e8%a7%a3
4134	yingyin	海外怎么看腾讯视频？这几类国内服务解锁全攻略 - 副本	2025-09-13 11:45:21	%e6%b5%b7%e5%a4%96%e6%80%8e%e4%b9%88%e7%9c%8b%e8%85%be%e8%ae%af%e8%a7%86%e9%a2%91%ef%bc%9f%e8%bf%99%e5%87%a0%e7%b1%bb%e5%9b%bd%e5%86%85%e6%9c%8d%e5%8a%a1%e8%a7%a3%e9%94%81%e5%85%a8%e6%94%bb%e7%95%a5
4133	yingyin	海外用户为什么需要 bilibili镜像网站？解锁国内受限服务 - 副本	2025-09-13 11:45:19	%e6%b5%b7%e5%a4%96%e7%94%a8%e6%88%b7%e4%b8%ba%e4%bb%80%e4%b9%88%e9%9c%80%e8%a6%81-bilibili%e9%95%9c%e5%83%8f%e7%bd%91%e7%ab%99%ef%bc%9f%e8%a7%a3%e9%94%81%e5%9b%bd%e5%86%85%e5%8f%97%e9%99%90%e6%9c%8d
4132	duanju	海外用户访问 yy直播海外版 的困扰与解法 - 副本	2025-09-13 11:45:17	%e6%b5%b7%e5%a4%96%e7%94%a8%e6%88%b7%e8%ae%bf%e9%97%ae-yy%e7%9b%b4%e6%92%ad%e6%b5%b7%e5%a4%96%e7%89%88-%e7%9a%84%e5%9b%b0%e6%89%b0%e4%b8%8e%e8%a7%a3%e6%b3%95-%e5%89%af%e6%9c%ac
4131	jiaocheng	海外生活vpn：轻松访问国内受限服务 - 副本	2025-09-13 11:45:15	%e6%b5%b7%e5%a4%96%e7%94%9f%e6%b4%bbvpn%ef%bc%9a%e8%bd%bb%e6%9d%be%e8%ae%bf%e9%97%ae%e5%9b%bd%e5%86%85%e5%8f%97%e9%99%90%e6%9c%8d%e5%8a%a1-%e5%89%af%e6%9c%ac
4130	jiaocheng	海外看中文电视：轻松解决访问限制，畅享国内精彩 - 副本	2025-09-13 11:45:13	%e6%b5%b7%e5%a4%96%e7%9c%8b%e4%b8%ad%e6%96%87%e7%94%b5%e8%a7%86%ef%bc%9a%e8%bd%bb%e6%9d%be%e8%a7%a3%e5%86%b3%e8%ae%bf%e9%97%ae%e9%99%90%e5%88%b6%ef%bc%8c%e7%95%85%e4%ba%ab%e5%9b%bd%e5%86%85%e7%b2%be
4129	jiaocheng	qq国外注册与国内服务访问难题，老司机的回国加速经验	2025-09-13 11:45:11	qq%e5%9b%bd%e5%a4%96%e6%b3%a8%e5%86%8c%e4%b8%8e%e5%9b%bd%e5%86%85%e6%9c%8d%e5%8a%a1%e8%ae%bf%e9%97%ae%e9%9a%be%e9%a2%98%ef%bc%8c%e8%80%81%e5%8f%b8%e6%9c%ba%e7%9a%84%e5%9b%9e%e5%9b%bd%e5%8a%a0%e9%80%9f
4128	jiaocheng	OpenWrt访问国内慢怎么办？海外党亲测有效回国网络解决之道	2025-09-13 11:45:08	openwrt%e8%ae%bf%e9%97%ae%e5%9b%bd%e5%86%85%e6%85%a2%e6%80%8e%e4%b9%88%e5%8a%9e%ef%bc%9f%e6%b5%b7%e5%a4%96%e5%85%9a%e4%ba%b2%e6%b5%8b%e6%9c%89%e6%95%88%e5%9b%9e%e5%9b%bd%e7%bd%91%e7%bb%9c%e8%a7%a3
4127	jiaocheng	iqiyivideoplatform港独：海外用户回国访问受限服务的真实体验与解决之道	2025-09-13 11:45:07	iqiyivideoplatform%e6%b8%af%e7%8b%ac%ef%bc%9a%e6%b5%b7%e5%a4%96%e7%94%a8%e6%88%b7%e5%9b%9e%e5%9b%bd%e8%ae%bf%e9%97%ae%e5%8f%97%e9%99%90%e6%9c%8d%e5%8a%a1%e7%9a%84%e7%9c%9f%e5%ae%9e%e4%bd%93%e9%aa%8c
4126	jiaocheng	iPhone 台灣下載網易雲：海外地區的痛點與實測解決法 - 副本	2025-09-13 11:45:05	iphone-%e5%8f%b0%e7%81%a3%e4%b8%8b%e8%bc%89%e7%b6%b2%e6%98%93%e9%9b%b2%ef%bc%9a%e6%b5%b7%e5%a4%96%e5%9c%b0%e5%8d%80%e7%9a%84%e7%97%9b%e9%bb%9e%e8%88%87%e5%af%a6%e6%b8%ac%e8%a7%a3%e6%b1%ba%e6%b3%95
4125	duanju	cctv直播海外怎么办？亲测有效的回国网络解法 - 副本	2025-09-13 11:45:04	cctv%e7%9b%b4%e6%92%ad%e6%b5%b7%e5%a4%96%e6%80%8e%e4%b9%88%e5%8a%9e%ef%bc%9f%e4%ba%b2%e6%b5%8b%e6%9c%89%e6%95%88%e7%9a%84%e5%9b%9e%e5%9b%bd%e7%bd%91%e7%bb%9c%e8%a7%a3%e6%b3%95-%e5%89%af%e6%9c%ac
4124	tiyu	cctv5海外直播源，海外党如何顺畅观看？ - 副本	2025-09-13 11:45:02	cctv5%e6%b5%b7%e5%a4%96%e7%9b%b4%e6%92%ad%e6%ba%90%ef%bc%8c%e6%b5%b7%e5%a4%96%e5%85%9a%e5%a6%82%e4%bd%95%e9%a1%ba%e7%95%85%e8%a7%82%e7%9c%8b%ef%bc%9f-%e5%89%af%e6%9c%ac
4123	tiyu	cctv5live海外怎么办？解决国内服务访问难题 - 副本	2025-09-13 11:45:00	cctv5live%e6%b5%b7%e5%a4%96%e6%80%8e%e4%b9%88%e5%8a%9e%ef%bc%9f%e8%a7%a3%e5%86%b3%e5%9b%bd%e5%86%85%e6%9c%8d%e5%8a%a1%e8%ae%bf%e9%97%ae%e9%9a%be%e9%a2%98-%e5%89%af%e6%9c%ac
4121	jiaocheng	騰訊台灣不能看？海外用户访问国内受限服务的真实体验与解决之道	2025-09-12 10:04:49	%e9%a8%b0%e8%a8%8a%e5%8f%b0%e7%81%a3%e4%b8%8d%e8%83%bd%e7%9c%8b%ef%bc%9f%e6%b5%b7%e5%a4%96%e7%94%a8%e6%88%b7%e8%ae%bf%e9%97%ae%e5%9b%bd%e5%86%85%e5%8f%97%e9%99%90%e6%9c%8d%e5%8a%a1%e7%9a%84%e7%9c%9f
4120	jiaocheng	騰訊視頻地區限制怎么办？海外党亲测有效回国网络	2025-09-12 10:04:48	%e9%a8%b0%e8%a8%8a%e8%a6%96%e9%a0%bb%e5%9c%b0%e5%8d%80%e9%99%90%e5%88%b6%e6%80%8e%e4%b9%88%e5%8a%9e%ef%bc%9f%e6%b5%b7%e5%a4%96%e5%85%9a%e4%ba%b2%e6%b5%8b%e6%9c%89%e6%95%88%e5%9b%9e%e5%9b%bd%e7%bd%91
4119	jiaocheng	騰訊vpn 遇到海外访问限制？亲测有效解决办法	2025-09-12 10:04:46	%e9%a8%b0%e8%a8%8avpn-%e9%81%87%e5%88%b0%e6%b5%b7%e5%a4%96%e8%ae%bf%e9%97%ae%e9%99%90%e5%88%b6%ef%bc%9f%e4%ba%b2%e6%b5%8b%e6%9c%89%e6%95%88%e8%a7%a3%e5%86%b3%e5%8a%9e%e6%b3%95
4118	yingyin	腾讯视频您所在区域暂无此内容版权（如设置vpn请关闭后重试）？海外党回国看剧听歌的真实体验	2025-09-12 10:04:44	%e8%85%be%e8%ae%af%e8%a7%86%e9%a2%91%e6%82%a8%e6%89%80%e5%9c%a8%e5%8c%ba%e5%9f%9f%e6%9a%82%e6%97%a0%e6%ad%a4%e5%86%85%e5%ae%b9%e7%89%88%e6%9d%83%ef%bc%88%e5%a6%82%e8%ae%be%e7%bd%aevpn%e8%af%b7
4117	yingyin	腾讯视频vpn：海外党回国网络解锁指南	2025-09-12 10:04:43	%e8%85%be%e8%ae%af%e8%a7%86%e9%a2%91vpn%ef%bc%9a%e6%b5%b7%e5%a4%96%e5%85%9a%e5%9b%9e%e5%9b%bd%e7%bd%91%e7%bb%9c%e8%a7%a3%e9%94%81%e6%8c%87%e5%8d%97
4116	jiaocheng	身在海外怎么访问国内的国外看片网站？	2025-09-12 10:04:41	%e8%ba%ab%e5%9c%a8%e6%b5%b7%e5%a4%96%e6%80%8e%e4%b9%88%e8%ae%bf%e9%97%ae%e5%9b%bd%e5%86%85%e7%9a%84%e5%9b%bd%e5%a4%96%e7%9c%8b%e7%89%87%e7%bd%91%e7%ab%99%ef%bc%9f
4115	duanju	身在海外，如何顺畅访问抖音註冊台灣及国内热门服务？	2025-09-12 10:04:39	%e8%ba%ab%e5%9c%a8%e6%b5%b7%e5%a4%96%ef%bc%8c%e5%a6%82%e4%bd%95%e9%a1%ba%e7%95%85%e8%ae%bf%e9%97%ae%e6%8a%96%e9%9f%b3%e8%a8%bb%e5%86%8a%e5%8f%b0%e7%81%a3%e5%8f%8a%e5%9b%bd%e5%86%85%e7%83%ad%e9%97%a8
4114	jiaocheng	马来西亚翻墙：海外党访问国内服务畅行无阻	2025-09-12 10:04:38	%e9%a9%ac%e6%9d%a5%e8%a5%bf%e4%ba%9a%e7%bf%bb%e5%a2%99%ef%bc%9a%e6%b5%b7%e5%a4%96%e5%85%9a%e8%ae%bf%e9%97%ae%e5%9b%bd%e5%86%85%e6%9c%8d%e5%8a%a1%e7%95%85%e8%a1%8c%e6%97%a0%e9%98%bb
4113	duanju	陸抖直播不能看？海外访问国内应用受限原因与真实回国网络解法	2025-09-12 10:04:36	%e9%99%b8%e6%8a%96%e7%9b%b4%e6%92%ad%e4%b8%8d%e8%83%bd%e7%9c%8b%ef%bc%9f%e6%b5%b7%e5%a4%96%e8%ae%bf%e9%97%ae%e5%9b%bd%e5%86%85%e5%ba%94%e7%94%a8%e5%8f%97%e9%99%90%e5%8e%9f%e5%9b%a0%e4%b8%8e%e7%9c%9f
4112	duanju	陸抖不能看直播？海外党回国网络那些事儿	2025-09-12 10:04:34	%e9%99%b8%e6%8a%96%e4%b8%8d%e8%83%bd%e7%9c%8b%e7%9b%b4%e6%92%ad%ef%bc%9f%e6%b5%b7%e5%a4%96%e5%85%9a%e5%9b%9e%e5%9b%bd%e7%bd%91%e7%bb%9c%e9%82%a3%e4%ba%9b%e4%ba%8b%e5%84%bf
4111	jiaocheng	酷我音樂電腦版破解地區限制的烦恼与切实解决之道	2025-09-12 10:04:33	%e9%85%b7%e6%88%91%e9%9f%b3%e6%a8%82%e9%9b%bb%e8%85%a6%e7%89%88%e7%a0%b4%e8%a7%a3%e5%9c%b0%e5%8d%80%e9%99%90%e5%88%b6%e7%9a%84%e7%83%a6%e6%81%bc%e4%b8%8e%e5%88%87%e5%ae%9e%e8%a7%a3%e5%86%b3%e4%b9%8b
4110	yinyue	酷我音乐在国外怎么听歌？亲测有效解决办法来了	2025-09-12 10:04:31	%e9%85%b7%e6%88%91%e9%9f%b3%e4%b9%90%e5%9c%a8%e5%9b%bd%e5%a4%96%e6%80%8e%e4%b9%88%e5%90%ac%e6%ad%8c%ef%bc%9f%e4%ba%b2%e6%b5%8b%e6%9c%89%e6%95%88%e8%a7%a3%e5%86%b3%e5%8a%9e%e6%b3%95%e6%9d%a5%e4%ba%86
4109	yinyue	酷我音乐国外听不好的歌怎么办？这篇亲测有效	2025-09-12 10:04:29	%e9%85%b7%e6%88%91%e9%9f%b3%e4%b9%90%e5%9b%bd%e5%a4%96%e5%90%ac%e4%b8%8d%e5%a5%bd%e7%9a%84%e6%ad%8c%e6%80%8e%e4%b9%88%e5%8a%9e%ef%bc%9f%e8%bf%99%e7%af%87%e4%ba%b2%e6%b5%8b%e6%9c%89%e6%95%88
4108	yinyue	酷我音乐地区限制如何破解，海外朋友的烦恼怎么解？	2025-09-12 10:04:28	%e9%85%b7%e6%88%91%e9%9f%b3%e4%b9%90%e5%9c%b0%e5%8c%ba%e9%99%90%e5%88%b6%e5%a6%82%e4%bd%95%e7%a0%b4%e8%a7%a3%ef%bc%8c%e6%b5%b7%e5%a4%96%e6%9c%8b%e5%8f%8b%e7%9a%84%e7%83%a6%e6%81%bc%e6%80%8e%e4%b9%88
4107	yinyue	酷狗会员在国外可以听歌吗？身在海外的你也能畅享音乐	2025-09-12 10:04:26	%e9%85%b7%e7%8b%97%e4%bc%9a%e5%91%98%e5%9c%a8%e5%9b%bd%e5%a4%96%e5%8f%af%e4%bb%a5%e5%90%ac%e6%ad%8c%e5%90%97%ef%bc%9f%e8%ba%ab%e5%9c%a8%e6%b5%b7%e5%a4%96%e7%9a%84%e4%bd%a0%e4%b9%9f%e8%83%bd%e7%95%85
4106	yingyin	解除b站區域限制ptt，海外党访问国内服务的那些事	2025-09-12 10:04:25	%e8%a7%a3%e9%99%a4b%e7%ab%99%e5%8d%80%e5%9f%9f%e9%99%90%e5%88%b6ptt%ef%bc%8c%e6%b5%b7%e5%a4%96%e5%85%9a%e8%ae%bf%e9%97%ae%e5%9b%bd%e5%86%85%e6%9c%8d%e5%8a%a1%e7%9a%84%e9%82%a3%e4%ba%9b%e4%ba%8b
4105	jiaocheng	鸿蒙shadowsocks：海外党回国畅享国内服务的那些事	2025-09-12 10:04:23	%e9%b8%bf%e8%92%99shadowsocks%ef%bc%9a%e6%b5%b7%e5%a4%96%e5%85%9a%e5%9b%9e%e5%9b%bd%e7%95%85%e4%ba%ab%e5%9b%bd%e5%86%85%e6%9c%8d%e5%8a%a1%e7%9a%84%e9%82%a3%e4%ba%9b%e4%ba%8b
4104	tiyu	海外直播cctv5怎么办？亲测有效的回国网络解决之道	2025-09-12 10:04:21	%e6%b5%b7%e5%a4%96%e7%9b%b4%e6%92%adcctv5%e6%80%8e%e4%b9%88%e5%8a%9e%ef%bc%9f%e4%ba%b2%e6%b5%8b%e6%9c%89%e6%95%88%e7%9a%84%e5%9b%9e%e5%9b%bd%e7%bd%91%e7%bb%9c%e8%a7%a3%e5%86%b3%e4%b9%8b%e9%81%93
4103	duanju	海外用户如何顺利抖音中国版下载安装ios与访问国内应用	2025-09-12 10:04:18	%e6%b5%b7%e5%a4%96%e7%94%a8%e6%88%b7%e5%a6%82%e4%bd%95%e9%a1%ba%e5%88%a9%e6%8a%96%e9%9f%b3%e4%b8%ad%e5%9b%bd%e7%89%88%e4%b8%8b%e8%bd%bd%e5%ae%89%e8%a3%85ios%e4%b8%8e%e8%ae%bf%e9%97%ae%e5%9b%bd
4102	yinyue	海外用户如何顺畅喜马拉雅听？那些年我们遇到的“信号”难题	2025-09-12 10:04:17	%e6%b5%b7%e5%a4%96%e7%94%a8%e6%88%b7%e5%a6%82%e4%bd%95%e9%a1%ba%e7%95%85%e5%96%9c%e9%a9%ac%e6%8b%89%e9%9b%85%e5%90%ac%ef%bc%9f%e9%82%a3%e4%ba%9b%e5%b9%b4%e6%88%91%e4%bb%ac%e9%81%87%e5%88%b0%e7%9a%84
4101	jiaocheng	海外用户访问中国的vpn：畅享国内网络服务的实用方法	2025-09-12 10:04:15	%e6%b5%b7%e5%a4%96%e7%94%a8%e6%88%b7%e8%ae%bf%e9%97%ae%e4%b8%ad%e5%9b%bd%e7%9a%84vpn%ef%bc%9a%e7%95%85%e4%ba%ab%e5%9b%bd%e5%86%85%e7%bd%91%e7%bb%9c%e6%9c%8d%e5%8a%a1%e7%9a%84%e5%ae%9e%e7%94%a8
4100	youxi	海外微信豆充值：国服游戏与国内影音的畅快体验	2025-09-12 10:04:13	%e6%b5%b7%e5%a4%96%e5%be%ae%e4%bf%a1%e8%b1%86%e5%85%85%e5%80%bc%ef%bc%9a%e5%9b%bd%e6%9c%8d%e6%b8%b8%e6%88%8f%e4%b8%8e%e5%9b%bd%e5%86%85%e5%bd%b1%e9%9f%b3%e7%9a%84%e7%95%85%e5%bf%ab%e4%bd%93%e9%aa%8c
4099	youxi	海外如何玩国服原神？困扰与解决之道	2025-09-12 10:04:12	%e6%b5%b7%e5%a4%96%e5%a6%82%e4%bd%95%e7%8e%a9%e5%9b%bd%e6%9c%8d%e5%8e%9f%e7%a5%9e%ef%bc%9f%e5%9b%b0%e6%89%b0%e4%b8%8e%e8%a7%a3%e5%86%b3%e4%b9%8b%e9%81%93
4098	yinyue	海外能听豆瓣音乐的软件？回国网络难题逐个数	2025-09-12 10:04:10	%e6%b5%b7%e5%a4%96%e8%83%bd%e5%90%ac%e8%b1%86%e7%93%a3%e9%9f%b3%e4%b9%90%e7%9a%84%e8%bd%af%e4%bb%b6%ef%bc%9f%e5%9b%9e%e5%9b%bd%e7%bd%91%e7%bb%9c%e9%9a%be%e9%a2%98%e9%80%90%e4%b8%aa%e6%95%b0
4097	jiaocheng	海外访问中国服务受限？聊聊墙知乎与回国网络那些事	2025-09-12 10:04:08	%e6%b5%b7%e5%a4%96%e8%ae%bf%e9%97%ae%e4%b8%ad%e5%9b%bd%e6%9c%8d%e5%8a%a1%e5%8f%97%e9%99%90%ef%bc%9f%e8%81%8a%e8%81%8a%e5%a2%99%e7%9f%a5%e4%b9%8e%e4%b8%8e%e5%9b%9e%e5%9b%bd%e7%bd%91%e7%bb%9c%e9%82%a3
4096	jiaocheng	连回国内的vpn，海外党怎么才能顺畅访问国内网络？	2025-09-11 18:40:02	%e8%bf%9e%e5%9b%9e%e5%9b%bd%e5%86%85%e7%9a%84vpn%ef%bc%8c%e6%b5%b7%e5%a4%96%e5%85%9a%e6%80%8e%e4%b9%88%e6%89%8d%e8%83%bd%e9%a1%ba%e7%95%85%e8%ae%bf%e9%97%ae%e5%9b%bd%e5%86%85%e7%bd%91%e7%bb%9c
4095	jiaocheng	酷我音樂海外怎么办？亲测有效的回国网络解决之道	2025-09-11 18:40:00	%e9%85%b7%e6%88%91%e9%9f%b3%e6%a8%82%e6%b5%b7%e5%a4%96%e6%80%8e%e4%b9%88%e5%8a%9e%ef%bc%9f%e4%ba%b2%e6%b5%8b%e6%9c%89%e6%95%88%e7%9a%84%e5%9b%9e%e5%9b%bd%e7%bd%91%e7%bb%9c%e8%a7%a3%e5%86%b3%e4%b9%8b
4094	yinyue	酷我音乐国外怎么用？海外访问受限的那些事儿	2025-09-11 18:39:59	%e9%85%b7%e6%88%91%e9%9f%b3%e4%b9%90%e5%9b%bd%e5%a4%96%e6%80%8e%e4%b9%88%e7%94%a8%ef%bc%9f%e6%b5%b7%e5%a4%96%e8%ae%bf%e9%97%ae%e5%8f%97%e9%99%90%e7%9a%84%e9%82%a3%e4%ba%9b%e4%ba%8b%e5%84%bf
4093	yinyue	解除酷我音乐海外限制，海外党如何顺畅访问国内服务？	2025-09-11 18:39:57	%e8%a7%a3%e9%99%a4%e9%85%b7%e6%88%91%e9%9f%b3%e4%b9%90%e6%b5%b7%e5%a4%96%e9%99%90%e5%88%b6%ef%bc%8c%e6%b5%b7%e5%a4%96%e5%85%9a%e5%a6%82%e4%bd%95%e9%a1%ba%e7%95%85%e8%ae%bf%e9%97%ae%e5%9b%bd%e5%86%85
4092	jiaocheng	火炬之光在国外怎么玩的？亲测有效回国网络方案	2025-09-11 18:39:56	%e7%81%ab%e7%82%ac%e4%b9%8b%e5%85%89%e5%9c%a8%e5%9b%bd%e5%a4%96%e6%80%8e%e4%b9%88%e7%8e%a9%e7%9a%84%ef%bc%9f%e4%ba%b2%e6%b5%8b%e6%9c%89%e6%95%88%e5%9b%9e%e5%9b%bd%e7%bd%91%e7%bb%9c%e6%96%b9%e6%a1%88
4091	jiaocheng	海外专用代理ip：解锁国内精彩的那些事儿	2025-09-11 18:39:54	%e6%b5%b7%e5%a4%96%e4%b8%93%e7%94%a8%e4%bb%a3%e7%90%86ip%ef%bc%9a%e8%a7%a3%e9%94%81%e5%9b%bd%e5%86%85%e7%b2%be%e5%bd%a9%e7%9a%84%e9%82%a3%e4%ba%9b%e4%ba%8b%e5%84%bf
4090	duanju	海外直播vpn：如何畅享国内精彩服务	2025-09-11 18:39:52	%e6%b5%b7%e5%a4%96%e7%9b%b4%e6%92%advpn%ef%bc%9a%e5%a6%82%e4%bd%95%e7%95%85%e4%ba%ab%e5%9b%bd%e5%86%85%e7%b2%be%e5%bd%a9%e6%9c%8d%e5%8a%a1
4089	youxi	海外怎么玩王者荣耀不卡？原因与回国网络解决之道	2025-09-11 18:39:51	%e6%b5%b7%e5%a4%96%e6%80%8e%e4%b9%88%e7%8e%a9%e7%8e%8b%e8%80%85%e8%8d%a3%e8%80%80%e4%b8%8d%e5%8d%a1%ef%bc%9f%e5%8e%9f%e5%9b%a0%e4%b8%8e%e5%9b%9e%e5%9b%bd%e7%bd%91%e7%bb%9c%e8%a7%a3%e5%86%b3%e4%b9%8b
4088	jiaocheng	海外怎么玩国服？解锁国内精彩，亲测有效的方法来了	2025-09-11 18:39:49	%e6%b5%b7%e5%a4%96%e6%80%8e%e4%b9%88%e7%8e%a9%e5%9b%bd%e6%9c%8d%ef%bc%9f%e8%a7%a3%e9%94%81%e5%9b%bd%e5%86%85%e7%b2%be%e5%bd%a9%ef%bc%8c%e4%ba%b2%e6%b5%8b%e6%9c%89%e6%95%88%e7%9a%84%e6%96%b9%e6%b3%95
4087	yinyue	海外用户怎么用QQ音乐？亲测可行的解锁方式	2025-09-11 18:39:47	%e6%b5%b7%e5%a4%96%e7%94%a8%e6%88%b7%e6%80%8e%e4%b9%88%e7%94%a8qq%e9%9f%b3%e4%b9%90%ef%bc%9f%e4%ba%b2%e6%b5%8b%e5%8f%af%e8%a1%8c%e7%9a%84%e8%a7%a3%e9%94%81%e6%96%b9%e5%bc%8f
4086	jiaocheng	海外用户遭遇夸克登入困境？原因与亲测回国网络解决之道	2025-09-11 18:39:46	%e6%b5%b7%e5%a4%96%e7%94%a8%e6%88%b7%e9%81%ad%e9%81%87%e5%a4%b8%e5%85%8b%e7%99%bb%e5%85%a5%e5%9b%b0%e5%a2%83%ef%bc%9f%e5%8e%9f%e5%9b%a0%e4%b8%8e%e4%ba%b2%e6%b5%8b%e5%9b%9e%e5%9b%bd%e7%bd%91%e7%bb%9c
4085	jiaocheng	海外用户如何找到国内能用的vpn？访问国内服务全攻略	2025-09-11 18:39:44	%e6%b5%b7%e5%a4%96%e7%94%a8%e6%88%b7%e5%a6%82%e4%bd%95%e6%89%be%e5%88%b0%e5%9b%bd%e5%86%85%e8%83%bd%e7%94%a8%e7%9a%84vpn%ef%bc%9f%e8%ae%bf%e9%97%ae%e5%9b%bd%e5%86%85%e6%9c%8d%e5%8a%a1%e5%85%a8
4084	jiaocheng	海外用户如何顺利回内地vpn，访问国内受限服务	2025-09-11 18:39:43	%e6%b5%b7%e5%a4%96%e7%94%a8%e6%88%b7%e5%a6%82%e4%bd%95%e9%a1%ba%e5%88%a9%e5%9b%9e%e5%86%85%e5%9c%b0vpn%ef%bc%8c%e8%ae%bf%e9%97%ae%e5%9b%bd%e5%86%85%e5%8f%97%e9%99%90%e6%9c%8d%e5%8a%a1
4083	jiaocheng	海外用户回國vpn推薦：畅享国内网络生活	2025-09-11 18:39:41	%e6%b5%b7%e5%a4%96%e7%94%a8%e6%88%b7%e5%9b%9e%e5%9c%8bvpn%e6%8e%a8%e8%96%a6%ef%bc%9a%e7%95%85%e4%ba%ab%e5%9b%bd%e5%86%85%e7%bd%91%e7%bb%9c%e7%94%9f%e6%b4%bb
4082	jiaocheng	海外用户访问愛奇藝大陸版，这些限制怎么破？	2025-09-11 18:39:39	%e6%b5%b7%e5%a4%96%e7%94%a8%e6%88%b7%e8%ae%bf%e9%97%ae%e6%84%9b%e5%a5%87%e8%97%9d%e5%a4%a7%e9%99%b8%e7%89%88%ef%bc%8c%e8%bf%99%e4%ba%9b%e9%99%90%e5%88%b6%e6%80%8e%e4%b9%88%e7%a0%b4%ef%bc%9f
4081	tiyu	海外用户访问 CCTV5LIVE 的那些事儿	2025-09-11 18:39:38	%e6%b5%b7%e5%a4%96%e7%94%a8%e6%88%b7%e8%ae%bf%e9%97%ae-cctv5live-%e7%9a%84%e9%82%a3%e4%ba%9b%e4%ba%8b%e5%84%bf
4080	jiaocheng	海外用户uu加速器翻墙原因与亲测有效回国方法	2025-09-11 18:39:36	%e6%b5%b7%e5%a4%96%e7%94%a8%e6%88%b7uu%e5%8a%a0%e9%80%9f%e5%99%a8%e7%bf%bb%e5%a2%99%e5%8e%9f%e5%9b%a0%e4%b8%8e%e4%ba%b2%e6%b5%8b%e6%9c%89%e6%95%88%e5%9b%9e%e5%9b%bd%e6%96%b9%e6%b3%95
4079	bangong	海外微信小程序加速器免费怎么办？亲测解决国内服务访问难题	2025-09-11 18:39:34	%e6%b5%b7%e5%a4%96%e5%be%ae%e4%bf%a1%e5%b0%8f%e7%a8%8b%e5%ba%8f%e5%8a%a0%e9%80%9f%e5%99%a8%e5%85%8d%e8%b4%b9%e6%80%8e%e4%b9%88%e5%8a%9e%ef%bc%9f%e4%ba%b2%e6%b5%8b%e8%a7%a3%e5%86%b3%e5%9b%bd%e5%86%85
4078	youxi	海外玩永劫无间国服怎么不卡？原因及靠谱回国方法	2025-09-11 18:39:33	%e6%b5%b7%e5%a4%96%e7%8e%a9%e6%b0%b8%e5%8a%ab%e6%97%a0%e9%97%b4%e5%9b%bd%e6%9c%8d%e6%80%8e%e4%b9%88%e4%b8%8d%e5%8d%a1%ef%bc%9f%e5%8e%9f%e5%9b%a0%e5%8f%8a%e9%9d%a0%e8%b0%b1%e5%9b%9e%e5%9b%bd%e6%96%b9
4077	yinyue	海外听书卡顿？国内服务访问受限是怎么回事？	2025-09-11 18:39:31	%e6%b5%b7%e5%a4%96%e5%90%ac%e4%b9%a6%e5%8d%a1%e9%a1%bf%ef%bc%9f%e5%9b%bd%e5%86%85%e6%9c%8d%e5%8a%a1%e8%ae%bf%e9%97%ae%e5%8f%97%e9%99%90%e6%98%af%e6%80%8e%e4%b9%88%e5%9b%9e%e4%ba%8b%ef%bc%9f
4076	jiaocheng	海外使用 shadowrocket免费节点 访问国内服务常见疑问	2025-09-11 18:39:30	%e6%b5%b7%e5%a4%96%e4%bd%bf%e7%94%a8-shadowrocket%e5%85%8d%e8%b4%b9%e8%8a%82%e7%82%b9-%e8%ae%bf%e9%97%ae%e5%9b%bd%e5%86%85%e6%9c%8d%e5%8a%a1%e5%b8%b8%e8%a7%81%e7%96%91%e9%97%ae
4075	jiaocheng	海外生活，遇到ip回国访问受限怎么办？	2025-09-11 18:39:28	%e6%b5%b7%e5%a4%96%e7%94%9f%e6%b4%bb%ef%bc%8c%e9%81%87%e5%88%b0ip%e5%9b%9e%e5%9b%bd%e8%ae%bf%e9%97%ae%e5%8f%97%e9%99%90%e6%80%8e%e4%b9%88%e5%8a%9e%ef%bc%9f
4074	tiyu	海外如何看央视：打破区域限制的真实体验	2025-09-11 18:39:26	%e6%b5%b7%e5%a4%96%e5%a6%82%e4%bd%95%e7%9c%8b%e5%a4%ae%e8%a7%86%ef%bc%9a%e6%89%93%e7%a0%b4%e5%8c%ba%e5%9f%9f%e9%99%90%e5%88%b6%e7%9a%84%e7%9c%9f%e5%ae%9e%e4%bd%93%e9%aa%8c
4073	jiaocheng	海外朋友，解决 v2ray回国 的烦恼	2025-09-11 18:39:25	%e6%b5%b7%e5%a4%96%e6%9c%8b%e5%8f%8b%ef%bc%8c%e8%a7%a3%e5%86%b3-v2ray%e5%9b%9e%e5%9b%bd-%e7%9a%84%e7%83%a6%e6%81%bc
4072	jiaocheng	海外回国VPN：解决海外访问国内服务受限的真实分享	2025-09-11 18:39:23	%e6%b5%b7%e5%a4%96%e5%9b%9e%e5%9b%bdvpn%ef%bc%9a%e8%a7%a3%e5%86%b3%e6%b5%b7%e5%a4%96%e8%ae%bf%e9%97%ae%e5%9b%bd%e5%86%85%e6%9c%8d%e5%8a%a1%e5%8f%97%e9%99%90%e7%9a%84%e7%9c%9f%e5%ae%9e%e5%88%86
4071	bangong	海外访问交管12123网络拥堵怎么办？亲测有效解决之道	2025-09-11 18:39:21	%e6%b5%b7%e5%a4%96%e8%ae%bf%e9%97%ae%e4%ba%a4%e7%ae%a112123%e7%bd%91%e7%bb%9c%e6%8b%a5%e5%a0%b5%e6%80%8e%e4%b9%88%e5%8a%9e%ef%bc%9f%e4%ba%b2%e6%b5%8b%e6%9c%89%e6%95%88%e8%a7%a3%e5%86%b3%e4%b9%8b
4070	jiaocheng	海外访问国内服务：一份亲测有效的 vpn回国推荐	2025-09-11 18:39:20	%e6%b5%b7%e5%a4%96%e8%ae%bf%e9%97%ae%e5%9b%bd%e5%86%85%e6%9c%8d%e5%8a%a1%ef%bc%9a%e4%b8%80%e4%bb%bd%e4%ba%b2%e6%b5%8b%e6%9c%89%e6%95%88%e7%9a%84-vpn%e5%9b%9e%e5%9b%bd%e6%8e%a8%e8%8d%90
4069	jiaocheng	海外访问国内服务，回國路由器让一切变得简单	2025-09-11 18:39:18	%e6%b5%b7%e5%a4%96%e8%ae%bf%e9%97%ae%e5%9b%bd%e5%86%85%e6%9c%8d%e5%8a%a1%ef%bc%8c%e5%9b%9e%e5%9c%8b%e8%b7%af%e7%94%b1%e5%99%a8%e8%ae%a9%e4%b8%80%e5%88%87%e5%8f%98%e5%be%97%e7%ae%80%e5%8d%95
4068	jiaocheng	迪拜微信打不了语音电话怎么办？海外回国网络优化解析	2025-09-11 18:39:16	%e8%bf%aa%e6%8b%9c%e5%be%ae%e4%bf%a1%e6%89%93%e4%b8%8d%e4%ba%86%e8%af%ad%e9%9f%b3%e7%94%b5%e8%af%9d%e6%80%8e%e4%b9%88%e5%8a%9e%ef%bc%9f%e6%b5%b7%e5%a4%96%e5%9b%9e%e5%9b%bd%e7%bd%91%e7%bb%9c%e4%bc%98
4067	jiaocheng	阿里云盘海外版下载：海外党如何顺畅访问国内服务	2025-09-11 18:39:14	%e9%98%bf%e9%87%8c%e4%ba%91%e7%9b%98%e6%b5%b7%e5%a4%96%e7%89%88%e4%b8%8b%e8%bd%bd%ef%bc%9a%e6%b5%b7%e5%a4%96%e5%85%9a%e5%a6%82%e4%bd%95%e9%a1%ba%e7%95%85%e8%ae%bf%e9%97%ae%e5%9b%bd%e5%86%85%e6%9c%8d
4066	jiaocheng	阿里云翻墙：海外党访问国内受限服务的真实体验与回国加速	2025-09-11 18:39:11	%e9%98%bf%e9%87%8c%e4%ba%91%e7%bf%bb%e5%a2%99%ef%bc%9a%e6%b5%b7%e5%a4%96%e5%85%9a%e8%ae%bf%e9%97%ae%e5%9b%bd%e5%86%85%e5%8f%97%e9%99%90%e6%9c%8d%e5%8a%a1%e7%9a%84%e7%9c%9f%e5%ae%9e%e4%bd%93%e9%aa%8c
4065	jiaocheng	身在海外，微信加速器推荐与国内服务解锁	2025-09-09 10:41:48	%e8%ba%ab%e5%9c%a8%e6%b5%b7%e5%a4%96%ef%bc%8c%e5%be%ae%e4%bf%a1%e5%8a%a0%e9%80%9f%e5%99%a8%e6%8e%a8%e8%8d%90%e4%b8%8e%e5%9b%bd%e5%86%85%e6%9c%8d%e5%8a%a1%e8%a7%a3%e9%94%81
4064	jiaocheng	身在海外，如何顺畅翻墙回中国访问国内服务？	2025-09-09 10:41:46	%e8%ba%ab%e5%9c%a8%e6%b5%b7%e5%a4%96%ef%bc%8c%e5%a6%82%e4%bd%95%e9%a1%ba%e7%95%85%e7%bf%bb%e5%a2%99%e5%9b%9e%e4%b8%ad%e5%9b%bd%e8%ae%bf%e9%97%ae%e5%9b%bd%e5%86%85%e6%9c%8d%e5%8a%a1%ef%bc%9f
4063	jiaocheng	身在海外，如何顺畅翻墙到国内的vpn？解决访问受限的烦恼	2025-09-09 10:41:45	%e8%ba%ab%e5%9c%a8%e6%b5%b7%e5%a4%96%ef%bc%8c%e5%a6%82%e4%bd%95%e9%a1%ba%e7%95%85%e7%bf%bb%e5%a2%99%e5%88%b0%e5%9b%bd%e5%86%85%e7%9a%84vpn%ef%bc%9f%e8%a7%a3%e5%86%b3%e8%ae%bf%e9%97%ae%e5%8f%97
4062	jiaocheng	身在海外，全民k歌国际版体验不佳？原因与解决之道	2025-09-09 10:41:43	%e8%ba%ab%e5%9c%a8%e6%b5%b7%e5%a4%96%ef%bc%8c%e5%85%a8%e6%b0%91k%e6%ad%8c%e5%9b%bd%e9%99%85%e7%89%88%e4%bd%93%e9%aa%8c%e4%b8%8d%e4%bd%b3%ef%bc%9f%e5%8e%9f%e5%9b%a0%e4%b8%8e%e8%a7%a3%e5%86%b3%e4%b9%8b
4061	jiaocheng	身在海外，国内用的 VPN 怎么办？亲测好用的回国网络解决之道	2025-09-09 10:41:42	%e8%ba%ab%e5%9c%a8%e6%b5%b7%e5%a4%96%ef%bc%8c%e5%9b%bd%e5%86%85%e7%94%a8%e7%9a%84-vpn-%e6%80%8e%e4%b9%88%e5%8a%9e%ef%bc%9f%e4%ba%b2%e6%b5%8b%e5%a5%bd%e7%94%a8%e7%9a%84%e5%9b%9e%e5%9b%bd%e7%bd%91
4060	jiaocheng	身在海外，国内机场节点如何流畅访问受限服务？	2025-09-09 10:41:40	%e8%ba%ab%e5%9c%a8%e6%b5%b7%e5%a4%96%ef%bc%8c%e5%9b%bd%e5%86%85%e6%9c%ba%e5%9c%ba%e8%8a%82%e7%82%b9%e5%a6%82%e4%bd%95%e6%b5%81%e7%95%85%e8%ae%bf%e9%97%ae%e5%8f%97%e9%99%90%e6%9c%8d%e5%8a%a1%ef%bc%9f
4059	jiaocheng	身在海外，国内ipvpn怎么用？畅享国内网络无阻碍	2025-09-09 10:41:38	%e8%ba%ab%e5%9c%a8%e6%b5%b7%e5%a4%96%ef%bc%8c%e5%9b%bd%e5%86%85ipvpn%e6%80%8e%e4%b9%88%e7%94%a8%ef%bc%9f%e7%95%85%e4%ba%ab%e5%9b%bd%e5%86%85%e7%bd%91%e7%bb%9c%e6%97%a0%e9%98%bb%e7%a2%8d
4058	jiaocheng	身在海外，付费VPN推荐PTT：畅享国内精彩生活的关键	2025-09-09 10:41:37	%e8%ba%ab%e5%9c%a8%e6%b5%b7%e5%a4%96%ef%bc%8c%e4%bb%98%e8%b4%b9vpn%e6%8e%a8%e8%8d%90ptt%ef%bc%9a%e7%95%85%e4%ba%ab%e5%9b%bd%e5%86%85%e7%b2%be%e5%bd%a9%e7%94%9f%e6%b4%bb%e7%9a%84%e5%85%b3%e9%94%ae
4057	duanju	陸抖無法看直播怎么办？ 海外党亲测有效回国网络解决之道	2025-09-09 10:41:35	%e9%99%b8%e6%8a%96%e7%84%a1%e6%b3%95%e7%9c%8b%e7%9b%b4%e6%92%ad%e6%80%8e%e4%b9%88%e5%8a%9e%ef%bc%9f-%e6%b5%b7%e5%a4%96%e5%85%9a%e4%ba%b2%e6%b5%8b%e6%9c%89%e6%95%88%e5%9b%9e%e5%9b%bd%e7%bd%91%e7%bb%9c
4056	bangong	海外知网畅游无阻：你的专属回国网络秘籍	2025-09-09 10:41:34	%e6%b5%b7%e5%a4%96%e7%9f%a5%e7%bd%91%e7%95%85%e6%b8%b8%e6%97%a0%e9%98%bb%ef%bc%9a%e4%bd%a0%e7%9a%84%e4%b8%93%e5%b1%9e%e5%9b%9e%e5%9b%bd%e7%bd%91%e7%bb%9c%e7%a7%98%e7%b1%8d
4055	youxi	海外怎么玩我的世界？这些国内服务原来是这样访问的	2025-09-09 10:41:31	%e6%b5%b7%e5%a4%96%e6%80%8e%e4%b9%88%e7%8e%a9%e6%88%91%e7%9a%84%e4%b8%96%e7%95%8c%ef%bc%9f%e8%bf%99%e4%ba%9b%e5%9b%bd%e5%86%85%e6%9c%8d%e5%8a%a1%e5%8e%9f%e6%9d%a5%e6%98%af%e8%bf%99%e6%a0%b7%e8%ae%bf
4054	youxi	海外怎么玩国内游戏？这些问题和我的回国亲测办法	2025-09-09 10:41:30	%e6%b5%b7%e5%a4%96%e6%80%8e%e4%b9%88%e7%8e%a9%e5%9b%bd%e5%86%85%e6%b8%b8%e6%88%8f%ef%bc%9f%e8%bf%99%e4%ba%9b%e9%97%ae%e9%a2%98%e5%92%8c%e6%88%91%e7%9a%84%e5%9b%9e%e5%9b%bd%e4%ba%b2%e6%b5%8b%e5%8a%9e
4053	youxi	海外怎么玩国服永劫无间？深度解析与靠谱回国网络之道	2025-09-09 10:41:28	%e6%b5%b7%e5%a4%96%e6%80%8e%e4%b9%88%e7%8e%a9%e5%9b%bd%e6%9c%8d%e6%b0%b8%e5%8a%ab%e6%97%a0%e9%97%b4%ef%bc%9f%e6%b7%b1%e5%ba%a6%e8%a7%a3%e6%9e%90%e4%b8%8e%e9%9d%a0%e8%b0%b1%e5%9b%9e%e5%9b%bd%e7%bd%91
4052	yinyue	海外怎么听国内音乐？这份回国网络体验升级指南请收好	2025-09-09 10:41:27	%e6%b5%b7%e5%a4%96%e6%80%8e%e4%b9%88%e5%90%ac%e5%9b%bd%e5%86%85%e9%9f%b3%e4%b9%90%ef%bc%9f%e8%bf%99%e4%bb%bd%e5%9b%9e%e5%9b%bd%e7%bd%91%e7%bb%9c%e4%bd%93%e9%aa%8c%e5%8d%87%e7%ba%a7%e6%8c%87%e5%8d%97
4051	tiyu	海外怎么看央视直播？这篇经验分享给你	2025-09-09 10:41:25	%e6%b5%b7%e5%a4%96%e6%80%8e%e4%b9%88%e7%9c%8b%e5%a4%ae%e8%a7%86%e7%9b%b4%e6%92%ad%ef%bc%9f%e8%bf%99%e7%af%87%e7%bb%8f%e9%aa%8c%e5%88%86%e4%ba%ab%e7%bb%99%e4%bd%a0
4050	jiaocheng	海外游子回国，连接中国的VPN如何解决访问限制？	2025-09-09 10:41:24	%e6%b5%b7%e5%a4%96%e6%b8%b8%e5%ad%90%e5%9b%9e%e5%9b%bd%ef%bc%8c%e8%bf%9e%e6%8e%a5%e4%b8%ad%e5%9b%bd%e7%9a%84vpn%e5%a6%82%e4%bd%95%e8%a7%a3%e5%86%b3%e8%ae%bf%e9%97%ae%e9%99%90%e5%88%b6%ef%bc%9f
4049	jiaocheng	海外用户怎么解决访问国内服务的问题？国内的vpn怎么选？	2025-09-09 10:41:22	%e6%b5%b7%e5%a4%96%e7%94%a8%e6%88%b7%e6%80%8e%e4%b9%88%e8%a7%a3%e5%86%b3%e8%ae%bf%e9%97%ae%e5%9b%bd%e5%86%85%e6%9c%8d%e5%8a%a1%e7%9a%84%e9%97%ae%e9%a2%98%ef%bc%9f%e5%9b%bd%e5%86%85%e7%9a%84vpn
4048	tiyu	海外用户如何顺畅观看 cctv5直播香港？解析常见问题与回国网络解决方案	2025-09-09 10:41:21	%e6%b5%b7%e5%a4%96%e7%94%a8%e6%88%b7%e5%a6%82%e4%bd%95%e9%a1%ba%e7%95%85%e8%a7%82%e7%9c%8b-cctv5%e7%9b%b4%e6%92%ad%e9%a6%99%e6%b8%af%ef%bc%9f%e8%a7%a3%e6%9e%90%e5%b8%b8%e8%a7%81%e9%97%ae%e9%a2%98
4047	jiaocheng	海外用户如何顺畅访问国内服务：西游vpn节点解析	2025-09-09 10:41:19	%e6%b5%b7%e5%a4%96%e7%94%a8%e6%88%b7%e5%a6%82%e4%bd%95%e9%a1%ba%e7%95%85%e8%ae%bf%e9%97%ae%e5%9b%bd%e5%86%85%e6%9c%8d%e5%8a%a1%ef%bc%9a%e8%a5%bf%e6%b8%b8vpn%e8%8a%82%e7%82%b9%e8%a7%a3%e6%9e%90
4046	jiaocheng	海外用户如何访问国内的vpn？轻松解锁所有应用	2025-09-09 10:41:17	%e6%b5%b7%e5%a4%96%e7%94%a8%e6%88%b7%e5%a6%82%e4%bd%95%e8%ae%bf%e9%97%ae%e5%9b%bd%e5%86%85%e7%9a%84vpn%ef%bc%9f%e8%bd%bb%e6%9d%be%e8%a7%a3%e9%94%81%e6%89%80%e6%9c%89%e5%ba%94%e7%94%a8
4045	jiaocheng	海外用户访问受限服务：我的番茄vpn使用体验	2025-09-09 10:41:16	%e6%b5%b7%e5%a4%96%e7%94%a8%e6%88%b7%e8%ae%bf%e9%97%ae%e5%8f%97%e9%99%90%e6%9c%8d%e5%8a%a1%ef%bc%9a%e6%88%91%e7%9a%84%e7%95%aa%e8%8c%84vpn%e4%bd%bf%e7%94%a8%e4%bd%93%e9%aa%8c
4044	yingyin	海外用户访问 bilibili 遊戲認證台灣 的那些事儿	2025-09-09 10:41:14	%e6%b5%b7%e5%a4%96%e7%94%a8%e6%88%b7%e8%ae%bf%e9%97%ae-bilibili-%e9%81%8a%e6%88%b2%e8%aa%8d%e8%ad%89%e5%8f%b0%e7%81%a3-%e7%9a%84%e9%82%a3%e4%ba%9b%e4%ba%8b%e5%84%bf
4043	jiaocheng	海外微信小遊戲廣告与国内访问难题：我的回国加速经验	2025-09-09 10:41:13	%e6%b5%b7%e5%a4%96%e5%be%ae%e4%bf%a1%e5%b0%8f%e9%81%8a%e6%88%b2%e5%bb%a3%e5%91%8a%e4%b8%8e%e5%9b%bd%e5%86%85%e8%ae%bf%e9%97%ae%e9%9a%be%e9%a2%98%ef%bc%9a%e6%88%91%e7%9a%84%e5%9b%9e%e5%9b%bd%e5%8a%a0
4042	jiaocheng	海外连国内app登录失败怎么办？亲测有效解决之道	2025-09-09 10:41:11	%e6%b5%b7%e5%a4%96%e8%bf%9e%e5%9b%bd%e5%86%85app%e7%99%bb%e5%bd%95%e5%a4%b1%e8%b4%a5%e6%80%8e%e4%b9%88%e5%8a%9e%ef%bc%9f%e4%ba%b2%e6%b5%8b%e6%9c%89%e6%95%88%e8%a7%a3%e5%86%b3%e4%b9%8b%e9%81%93
4041	yingyin	海外看电影app下载？这几个问题和方法，亲测有效	2025-09-09 10:41:09	%e6%b5%b7%e5%a4%96%e7%9c%8b%e7%94%b5%e5%bd%b1app%e4%b8%8b%e8%bd%bd%ef%bc%9f%e8%bf%99%e5%87%a0%e4%b8%aa%e9%97%ae%e9%a2%98%e5%92%8c%e6%96%b9%e6%b3%95%ef%bc%8c%e4%ba%b2%e6%b5%8b%e6%9c%89%e6%95%88
4040	jiaocheng	海外访问中国服务常遇到的翻墙注意事项	2025-09-09 10:41:08	%e6%b5%b7%e5%a4%96%e8%ae%bf%e9%97%ae%e4%b8%ad%e5%9b%bd%e6%9c%8d%e5%8a%a1%e5%b8%b8%e9%81%87%e5%88%b0%e7%9a%84%e7%bf%bb%e5%a2%99%e6%b3%a8%e6%84%8f%e4%ba%8b%e9%a1%b9
4039	jiaocheng	海外访问受限服务，虚拟手机号注册QQ怎么办？	2025-09-09 10:41:06	%e6%b5%b7%e5%a4%96%e8%ae%bf%e9%97%ae%e5%8f%97%e9%99%90%e6%9c%8d%e5%8a%a1%ef%bc%8c%e8%99%9a%e6%8b%9f%e6%89%8b%e6%9c%ba%e5%8f%b7%e6%b3%a8%e5%86%8cqq%e6%80%8e%e4%b9%88%e5%8a%9e%ef%bc%9f
4038	yinyue	海外访问受限：喜马拉雅破解与国内服务解锁之道	2025-09-09 10:41:05	%e6%b5%b7%e5%a4%96%e8%ae%bf%e9%97%ae%e5%8f%97%e9%99%90%ef%bc%9a%e5%96%9c%e9%a9%ac%e6%8b%89%e9%9b%85%e7%a0%b4%e8%a7%a3%e4%b8%8e%e5%9b%bd%e5%86%85%e6%9c%8d%e5%8a%a1%e8%a7%a3%e9%94%81%e4%b9%8b%e9%81%93
4037	jiaocheng	海外党上网：如何畅享国内精彩？v2ray回国节点问题解析	2025-09-09 10:41:03	%e6%b5%b7%e5%a4%96%e5%85%9a%e4%b8%8a%e7%bd%91%ef%bc%9a%e5%a6%82%e4%bd%95%e7%95%85%e4%ba%ab%e5%9b%bd%e5%86%85%e7%b2%be%e5%bd%a9%ef%bc%9fv2ray%e5%9b%9e%e5%9b%bd%e8%8a%82%e7%82%b9%e9%97%ae%e9%a2%98
4036	jiaocheng	海外党如何解决微信豆访问受限？亲测有效的方法	2025-09-09 10:41:02	%e6%b5%b7%e5%a4%96%e5%85%9a%e5%a6%82%e4%bd%95%e8%a7%a3%e5%86%b3%e5%be%ae%e4%bf%a1%e8%b1%86%e8%ae%bf%e9%97%ae%e5%8f%97%e9%99%90%ef%bc%9f%e4%ba%b2%e6%b5%8b%e6%9c%89%e6%95%88%e7%9a%84%e6%96%b9%e6%b3%95
4035	jiaocheng	海外党访问国内受限服务？ VPN推荐与真实回国网络解决之道	2025-09-09 10:41:00	%e6%b5%b7%e5%a4%96%e5%85%9a%e8%ae%bf%e9%97%ae%e5%9b%bd%e5%86%85%e5%8f%97%e9%99%90%e6%9c%8d%e5%8a%a1%ef%bc%9f-vpn%e6%8e%a8%e8%8d%90%e4%b8%8e%e7%9c%9f%e5%ae%9e%e5%9b%9e%e5%9b%bd%e7%bd%91%e7%bb%9c
4034	jiaocheng	服务异常9803？海外用户访问国内受限服务的亲测解决之道	2025-09-09 10:40:57	%e6%9c%8d%e5%8a%a1%e5%bc%82%e5%b8%b89803%ef%bc%9f%e6%b5%b7%e5%a4%96%e7%94%a8%e6%88%b7%e8%ae%bf%e9%97%ae%e5%9b%bd%e5%86%85%e5%8f%97%e9%99%90%e6%9c%8d%e5%8a%a1%e7%9a%84%e4%ba%b2%e6%b5%8b%e8%a7%a3
4033	bangong	海外微信小程序怎么看广告？实测有效回国网络解决方案	2025-09-05 14:45:34	%e6%b5%b7%e5%a4%96%e5%be%ae%e4%bf%a1%e5%b0%8f%e7%a8%8b%e5%ba%8f%e6%80%8e%e4%b9%88%e7%9c%8b%e5%b9%bf%e5%91%8a%ef%bc%9f%e5%ae%9e%e6%b5%8b%e6%9c%89%e6%95%88%e5%9b%9e%e5%9b%bd%e7%bd%91%e7%bb%9c%e8%a7%a3
4032	youxi	海外玩网易我的世界加载速度慢怎么办？亲测有效的回国网络方法	2025-09-05 14:45:32	%e6%b5%b7%e5%a4%96%e7%8e%a9%e7%bd%91%e6%98%93%e6%88%91%e7%9a%84%e4%b8%96%e7%95%8c%e5%8a%a0%e8%bd%bd%e9%80%9f%e5%ba%a6%e6%85%a2%e6%80%8e%e4%b9%88%e5%8a%9e%ef%bc%9f%e4%ba%b2%e6%b5%8b%e6%9c%89%e6%95%88
4031	yinyue	海外听歌软件访问受限怎么办？亲测有效的国内网络解决方案	2025-09-05 14:45:30	%e6%b5%b7%e5%a4%96%e5%90%ac%e6%ad%8c%e8%bd%af%e4%bb%b6%e8%ae%bf%e9%97%ae%e5%8f%97%e9%99%90%e6%80%8e%e4%b9%88%e5%8a%9e%ef%bc%9f%e4%ba%b2%e6%b5%8b%e6%9c%89%e6%95%88%e7%9a%84%e5%9b%bd%e5%86%85%e7%bd%91
4030	tiyu	海外使用VPN欧冠时遇到的那些事儿	2025-09-05 14:45:28	%e6%b5%b7%e5%a4%96%e4%bd%bf%e7%94%a8vpn%e6%ac%a7%e5%86%a0%e6%97%b6%e9%81%87%e5%88%b0%e7%9a%84%e9%82%a3%e4%ba%9b%e4%ba%8b%e5%84%bf
4029	youxi	海外如何玩和平精英国服？解决国内服务受限的办法	2025-09-05 14:45:27	%e6%b5%b7%e5%a4%96%e5%a6%82%e4%bd%95%e7%8e%a9%e5%92%8c%e5%b9%b3%e7%b2%be%e8%8b%b1%e5%9b%bd%e6%9c%8d%ef%bc%9f%e8%a7%a3%e5%86%b3%e5%9b%bd%e5%86%85%e6%9c%8d%e5%8a%a1%e5%8f%97%e9%99%90%e7%9a%84%e5%8a%9e
4028	youxi	海外如何玩国服魔兽世界：畅享游戏无界限	2025-09-05 14:45:25	%e6%b5%b7%e5%a4%96%e5%a6%82%e4%bd%95%e7%8e%a9%e5%9b%bd%e6%9c%8d%e9%ad%94%e5%85%bd%e4%b8%96%e7%95%8c%ef%bc%9a%e7%95%85%e4%ba%ab%e6%b8%b8%e6%88%8f%e6%97%a0%e7%95%8c%e9%99%90
4027	yinyue	海外能听网易云吗？实测回国网络加速器带来解决方案	2025-09-05 14:45:23	%e6%b5%b7%e5%a4%96%e8%83%bd%e5%90%ac%e7%bd%91%e6%98%93%e4%ba%91%e5%90%97%ef%bc%9f%e5%ae%9e%e6%b5%8b%e5%9b%9e%e5%9b%bd%e7%bd%91%e7%bb%9c%e5%8a%a0%e9%80%9f%e5%99%a8%e5%b8%a6%e6%9d%a5%e8%a7%a3%e5%86%b3
4026	yinyue	海外能听QQ音乐吗？亲测有效的回国网络解决之道	2025-09-05 14:45:22	%e6%b5%b7%e5%a4%96%e8%83%bd%e5%90%acqq%e9%9f%b3%e4%b9%90%e5%90%97%ef%bc%9f%e4%ba%b2%e6%b5%8b%e6%9c%89%e6%95%88%e7%9a%84%e5%9b%9e%e5%9b%bd%e7%bd%91%e7%bb%9c%e8%a7%a3%e5%86%b3%e4%b9%8b%e9%81%93
4025	jiaocheng	海外酷狗怎么绕过地域限制，解决国内服务访问难题	2025-09-05 14:45:20	%e6%b5%b7%e5%a4%96%e9%85%b7%e7%8b%97%e6%80%8e%e4%b9%88%e7%bb%95%e8%bf%87%e5%9c%b0%e5%9f%9f%e9%99%90%e5%88%b6%ef%bc%8c%e8%a7%a3%e5%86%b3%e5%9b%bd%e5%86%85%e6%9c%8d%e5%8a%a1%e8%ae%bf%e9%97%ae%e9%9a%be
4024	tiyu	海外看央视直播？这些国内服务受限怎么破？	2025-09-05 14:45:19	%e6%b5%b7%e5%a4%96%e7%9c%8b%e5%a4%ae%e8%a7%86%e7%9b%b4%e6%92%ad%ef%bc%9f%e8%bf%99%e4%ba%9b%e5%9b%bd%e5%86%85%e6%9c%8d%e5%8a%a1%e5%8f%97%e9%99%90%e6%80%8e%e4%b9%88%e7%a0%b4%ef%bc%9f
4023	duanju	海外看国内电视直播网站的那些事儿：解决访问受限的真实体验	2025-09-05 14:45:17	%e6%b5%b7%e5%a4%96%e7%9c%8b%e5%9b%bd%e5%86%85%e7%94%b5%e8%a7%86%e7%9b%b4%e6%92%ad%e7%bd%91%e7%ab%99%e7%9a%84%e9%82%a3%e4%ba%9b%e4%ba%8b%e5%84%bf%ef%bc%9a%e8%a7%a3%e5%86%b3%e8%ae%bf%e9%97%ae%e5%8f%97
4022	yingyin	海外看电影app受限？回国网络怎么破局	2025-09-05 14:45:15	%e6%b5%b7%e5%a4%96%e7%9c%8b%e7%94%b5%e5%bd%b1app%e5%8f%97%e9%99%90%ef%bc%9f%e5%9b%9e%e5%9b%bd%e7%bd%91%e7%bb%9c%e6%80%8e%e4%b9%88%e7%a0%b4%e5%b1%80
4021	jiaocheng	海外加速器推荐：畅享国内网络，这些问题你遇到过吗？	2025-09-05 14:45:14	%e6%b5%b7%e5%a4%96%e5%8a%a0%e9%80%9f%e5%99%a8%e6%8e%a8%e8%8d%90%ef%bc%9a%e7%95%85%e4%ba%ab%e5%9b%bd%e5%86%85%e7%bd%91%e7%bb%9c%ef%bc%8c%e8%bf%99%e4%ba%9b%e9%97%ae%e9%a2%98%e4%bd%a0%e9%81%87%e5%88%b0
4020	jiaocheng	海外好私服，让你畅享国内精彩	2025-09-05 14:45:12	%e6%b5%b7%e5%a4%96%e5%a5%bd%e7%a7%81%e6%9c%8d%ef%bc%8c%e8%ae%a9%e4%bd%a0%e7%95%85%e4%ba%ab%e5%9b%bd%e5%86%85%e7%b2%be%e5%bd%a9
4019	jiaocheng	海外访问中国gfw？这些国内服务就这样用	2025-09-05 14:45:11	%e6%b5%b7%e5%a4%96%e8%ae%bf%e9%97%ae%e4%b8%ad%e5%9b%bdgfw%ef%bc%9f%e8%bf%99%e4%ba%9b%e5%9b%bd%e5%86%85%e6%9c%8d%e5%8a%a1%e5%b0%b1%e8%bf%99%e6%a0%b7%e7%94%a8
4018	jiaocheng	海外访问受限服务？机场VPN怎么解决	2025-09-05 14:45:09	%e6%b5%b7%e5%a4%96%e8%ae%bf%e9%97%ae%e5%8f%97%e9%99%90%e6%9c%8d%e5%8a%a1%ef%bc%9f%e6%9c%ba%e5%9c%bavpn%e6%80%8e%e4%b9%88%e8%a7%a3%e5%86%b3
4017	jiaocheng	海外访问国内服务遇“移动墙中墙”？原因与亲测有效对策	2025-09-05 14:45:07	%e6%b5%b7%e5%a4%96%e8%ae%bf%e9%97%ae%e5%9b%bd%e5%86%85%e6%9c%8d%e5%8a%a1%e9%81%87%e7%a7%bb%e5%8a%a8%e5%a2%99%e4%b8%ad%e5%a2%99%ef%bc%9f%e5%8e%9f%e5%9b%a0%e4%b8%8e%e4%ba%b2%e6%b5%8b
4016	jiaocheng	海外访问国内服务？中国大陆vpn是关键	2025-09-05 14:45:06	%e6%b5%b7%e5%a4%96%e8%ae%bf%e9%97%ae%e5%9b%bd%e5%86%85%e6%9c%8d%e5%8a%a1%ef%bc%9f%e4%b8%ad%e5%9b%bd%e5%a4%a7%e9%99%86vpn%e6%98%af%e5%85%b3%e9%94%ae
4015	jiaocheng	海外访问国内服务：免费机场的那些事儿	2025-09-05 14:45:04	%e6%b5%b7%e5%a4%96%e8%ae%bf%e9%97%ae%e5%9b%bd%e5%86%85%e6%9c%8d%e5%8a%a1%ef%bc%9a%e5%85%8d%e8%b4%b9%e6%9c%ba%e5%9c%ba%e7%9a%84%e9%82%a3%e4%ba%9b%e4%ba%8b%e5%84%bf
4014	jiaocheng	海外访问国内服务：翻墙软件推荐知乎那些事	2025-09-05 14:45:03	%e6%b5%b7%e5%a4%96%e8%ae%bf%e9%97%ae%e5%9b%bd%e5%86%85%e6%9c%8d%e5%8a%a1%ef%bc%9a%e7%bf%bb%e5%a2%99%e8%bd%af%e4%bb%b6%e6%8e%a8%e8%8d%90%e7%9f%a5%e4%b9%8e%e9%82%a3%e4%ba%9b%e4%ba%8b
4013	jiaocheng	海外访问国内服务，怎样才能翻墙快	2025-09-05 14:44:59	%e6%b5%b7%e5%a4%96%e8%ae%bf%e9%97%ae%e5%9b%bd%e5%86%85%e6%9c%8d%e5%8a%a1%ef%bc%8c%e6%80%8e%e6%a0%b7%e6%89%8d%e8%83%bd%e7%bf%bb%e5%a2%99%e5%bf%ab
4012	jiaocheng	海外访问国内服务，国内加速器怎么选？	2025-09-05 14:44:58	%e6%b5%b7%e5%a4%96%e8%ae%bf%e9%97%ae%e5%9b%bd%e5%86%85%e6%9c%8d%e5%8a%a1%ef%bc%8c%e5%9b%bd%e5%86%85%e5%8a%a0%e9%80%9f%e5%99%a8%e6%80%8e%e4%b9%88%e9%80%89%ef%bc%9f
4011	jiaocheng	海外访问東方財富app？这些受限服务怎么办	2025-09-05 14:44:56	%e6%b5%b7%e5%a4%96%e8%ae%bf%e9%97%ae%e6%9d%b1%e6%96%b9%e8%b2%a1%e5%af%8capp%ef%bc%9f%e8%bf%99%e4%ba%9b%e5%8f%97%e9%99%90%e6%9c%8d%e5%8a%a1%e6%80%8e%e4%b9%88%e5%8a%9e
4010	jiaocheng	海外访问golink受限？原因与亲测有效回国网络解决方案	2025-09-05 14:44:54	%e6%b5%b7%e5%a4%96%e8%ae%bf%e9%97%aegolink%e5%8f%97%e9%99%90%ef%bc%9f%e5%8e%9f%e5%9b%a0%e4%b8%8e%e4%ba%b2%e6%b5%8b%e6%9c%89%e6%95%88%e5%9b%9e%e5%9b%bd%e7%bd%91%e7%bb%9c%e8%a7%a3%e5%86%b3%e6%96%b9
4009	duanju	海外抖音直播vpn：畅享国内精彩世界的钥匙	2025-09-05 14:44:53	%e6%b5%b7%e5%a4%96%e6%8a%96%e9%9f%b3%e7%9b%b4%e6%92%advpn%ef%bc%9a%e7%95%85%e4%ba%ab%e5%9b%bd%e5%86%85%e7%b2%be%e5%bd%a9%e4%b8%96%e7%95%8c%e7%9a%84%e9%92%a5%e5%8c%99
4008	jiaocheng	海外党如何流畅访问国内应用？微信加速器是关键	2025-09-05 14:44:50	%e6%b5%b7%e5%a4%96%e5%85%9a%e5%a6%82%e4%bd%95%e6%b5%81%e7%95%85%e8%ae%bf%e9%97%ae%e5%9b%bd%e5%86%85%e5%ba%94%e7%94%a8%ef%bc%9f%e5%be%ae%e4%bf%a1%e5%8a%a0%e9%80%9f%e5%99%a8%e6%98%af%e5%85%b3%e9%94%ae
4007	youxi	海外党如何解决访问国内服务，国内游戏加速器了解一下	2025-09-05 14:44:48	%e6%b5%b7%e5%a4%96%e5%85%9a%e5%a6%82%e4%bd%95%e8%a7%a3%e5%86%b3%e8%ae%bf%e9%97%ae%e5%9b%bd%e5%86%85%e6%9c%8d%e5%8a%a1%ef%bc%8c%e5%9b%bd%e5%86%85%e6%b8%b8%e6%88%8f%e5%8a%a0%e9%80%9f%e5%99%a8%e4%ba%86
4006	jiaocheng	海外党们都关心的：快帆使用教程与国内服务解锁	2025-09-05 14:44:47	%e6%b5%b7%e5%a4%96%e5%85%9a%e4%bb%ac%e9%83%bd%e5%85%b3%e5%bf%83%e7%9a%84%ef%bc%9a%e5%bf%ab%e5%b8%86%e4%bd%bf%e7%94%a8%e6%95%99%e7%a8%8b%e4%b8%8e%e5%9b%bd%e5%86%85%e6%9c%8d%e5%8a%a1%e8%a7%a3%e9%94%81
4005	jiaocheng	海外党回国网络难题：翻墙VPN加速器推荐与解决之道	2025-09-05 14:44:44	%e6%b5%b7%e5%a4%96%e5%85%9a%e5%9b%9e%e5%9b%bd%e7%bd%91%e7%bb%9c%e9%9a%be%e9%a2%98%ef%bc%9a%e7%bf%bb%e5%a2%99vpn%e5%8a%a0%e9%80%9f%e5%99%a8%e6%8e%a8%e8%8d%90%e4%b8%8e%e8%a7%a3%e5%86%b3%e4%b9%8b
4004	jiaocheng	海外党回国愁？国内节点机场帮你解决访问限制	2025-09-05 14:44:42	%e6%b5%b7%e5%a4%96%e5%85%9a%e5%9b%9e%e5%9b%bd%e6%84%81%ef%bc%9f%e5%9b%bd%e5%86%85%e8%8a%82%e7%82%b9%e6%9c%ba%e5%9c%ba%e5%b8%ae%e4%bd%a0%e8%a7%a3%e5%86%b3%e8%ae%bf%e9%97%ae%e9%99%90%e5%88%b6
4003	jiaocheng	海外党福音：sixfast 畅享国内服务，告别访问难题	2025-09-05 14:44:36	%e6%b5%b7%e5%a4%96%e5%85%9a%e7%a6%8f%e9%9f%b3%ef%bc%9asixfast-%e7%95%85%e4%ba%ab%e5%9b%bd%e5%86%85%e6%9c%8d%e5%8a%a1%ef%bc%8c%e5%91%8a%e5%88%ab%e8%ae%bf%e9%97%ae%e9%9a%be%e9%a2%98
4002	jiaocheng	翻墙回国app，让海外党无忧畅享国内精彩	2025-09-05 14:44:34	%e7%bf%bb%e5%a2%99%e5%9b%9e%e5%9b%bdapp%ef%bc%8c%e8%ae%a9%e6%b5%b7%e5%a4%96%e5%85%9a%e6%97%a0%e5%bf%a7%e7%95%85%e4%ba%ab%e5%9b%bd%e5%86%85%e7%b2%be%e5%bd%a9
4001	jiaocheng	电脑加速器VPN：海外访问国内服务畅通无阻	2025-09-05 14:44:32	%e7%94%b5%e8%84%91%e5%8a%a0%e9%80%9f%e5%99%a8vpn%ef%bc%9a%e6%b5%b7%e5%a4%96%e8%ae%bf%e9%97%ae%e5%9b%bd%e5%86%85%e6%9c%8d%e5%8a%a1%e7%95%85%e9%80%9a%e6%97%a0%e9%98%bb
4000	jiaocheng	百度网盘海外加速：畅享国内资源，解决访问难题	2025-09-05 14:44:30	%e7%99%be%e5%ba%a6%e7%bd%91%e7%9b%98%e6%b5%b7%e5%a4%96%e5%8a%a0%e9%80%9f%ef%bc%9a%e7%95%85%e4%ba%ab%e5%9b%bd%e5%86%85%e8%b5%84%e6%ba%90%ef%bc%8c%e8%a7%a3%e5%86%b3%e8%ae%bf%e9%97%ae%e9%9a%be%e9%a2%98
3998	jiaocheng	酷我在国外用不了怎么办？解决海外访问国内服务的困扰	2025-09-03 14:48:30	%e9%85%b7%e6%88%91%e5%9c%a8%e5%9b%bd%e5%a4%96%e7%94%a8%e4%b8%8d%e4%ba%86%e6%80%8e%e4%b9%88%e5%8a%9e%ef%bc%9f%e8%a7%a3%e5%86%b3%e6%b5%b7%e5%a4%96%e8%ae%bf%e9%97%ae%e5%9b%bd%e5%86%85%e6%9c%8d%e5%8a%a1
3997	jiaocheng	酷狗权限受限无法删除歌曲怎么办？海外党亲测有效的方法	2025-09-03 14:48:26	%e9%85%b7%e7%8b%97%e6%9d%83%e9%99%90%e5%8f%97%e9%99%90%e6%97%a0%e6%b3%95%e5%88%a0%e9%99%a4%e6%ad%8c%e6%9b%b2%e6%80%8e%e4%b9%88%e5%8a%9e%ef%bc%9f%e6%b5%b7%e5%a4%96%e5%85%9a%e4%ba%b2%e6%b5%8b%e6%9c%89
3996	duanju	海外直播cctv怎么办？那些年我们一起遇到的访问难题	2025-09-03 14:48:24	%e6%b5%b7%e5%a4%96%e7%9b%b4%e6%92%adcctv%e6%80%8e%e4%b9%88%e5%8a%9e%ef%bc%9f%e9%82%a3%e4%ba%9b%e5%b9%b4%e6%88%91%e4%bb%ac%e4%b8%80%e8%b5%b7%e9%81%87%e5%88%b0%e7%9a%84%e8%ae%bf%e9%97%ae%e9%9a%be
3995	jiaocheng	海外用户如何选择合适的免费回国vpn推荐？	2025-09-03 14:48:21	%e6%b5%b7%e5%a4%96%e7%94%a8%e6%88%b7%e5%a6%82%e4%bd%95%e9%80%89%e6%8b%a9%e5%90%88%e9%80%82%e7%9a%84%e5%85%8d%e8%b4%b9%e5%9b%9e%e5%9b%bdvpn%e6%8e%a8%e8%8d%90%ef%bc%9f
3994	jiaocheng	海外用户如何顺畅访问国内能用的网站？	2025-09-03 14:48:19	%e6%b5%b7%e5%a4%96%e7%94%a8%e6%88%b7%e5%a6%82%e4%bd%95%e9%a1%ba%e7%95%85%e8%ae%bf%e9%97%ae%e5%9b%bd%e5%86%85%e8%83%bd%e7%94%a8%e7%9a%84%e7%bd%91%e7%ab%99%ef%bc%9f
3993	jiaocheng	海外用户如何解决夸克帳號访问受限问题	2025-09-03 14:48:17	%e6%b5%b7%e5%a4%96%e7%94%a8%e6%88%b7%e5%a6%82%e4%bd%95%e8%a7%a3%e5%86%b3%e5%a4%b8%e5%85%8b%e5%b8%b3%e8%99%9f%e8%ae%bf%e9%97%ae%e5%8f%97%e9%99%90%e9%97%ae%e9%a2%98
3992	jiaocheng	海外微信遊戲無法看廣告怎么办？亲测有效回国网络疏通之道	2025-09-03 14:48:15	%e6%b5%b7%e5%a4%96%e5%be%ae%e4%bf%a1%e9%81%8a%e6%88%b2%e7%84%a1%e6%b3%95%e7%9c%8b%e5%bb%a3%e5%91%8a%e6%80%8e%e4%b9%88%e5%8a%9e%ef%bc%9f%e4%ba%b2%e6%b5%8b%e6%9c%89%e6%95%88%e5%9b%9e%e5%9b%bd%e7%bd%91
3991	bangong	海外微信小程序加速器推荐：让你的国内服务畅通无阻	2025-09-03 14:48:12	%e6%b5%b7%e5%a4%96%e5%be%ae%e4%bf%a1%e5%b0%8f%e7%a8%8b%e5%ba%8f%e5%8a%a0%e9%80%9f%e5%99%a8%e6%8e%a8%e8%8d%90%ef%bc%9a%e8%ae%a9%e4%bd%a0%e7%9a%84%e5%9b%bd%e5%86%85%e6%9c%8d%e5%8a%a1%e7%95%85%e9%80%9a
3990	yinyue	海外网易云怎么破？那些年我们一起追过的中国网！	2025-09-03 14:48:10	%e6%b5%b7%e5%a4%96%e7%bd%91%e6%98%93%e4%ba%91%e6%80%8e%e4%b9%88%e7%a0%b4%ef%bc%9f%e9%82%a3%e4%ba%9b%e5%b9%b4%e6%88%91%e4%bb%ac%e4%b8%80%e8%b5%b7%e8%bf%bd%e8%bf%87%e7%9a%84%e4%b8%ad%e5%9b%bd%e7%bd%91
3989	youxi	海外玩永劫无间手游的烦恼与解决之道	2025-09-03 14:48:07	%e6%b5%b7%e5%a4%96%e7%8e%a9%e6%b0%b8%e5%8a%ab%e6%97%a0%e9%97%b4%e6%89%8b%e6%b8%b8%e7%9a%84%e7%83%a6%e6%81%bc%e4%b8%8e%e8%a7%a3%e5%86%b3%e4%b9%8b%e9%81%93
3988	youxi	海外玩国服加速器知乎：国外党如何畅享国内精彩？	2025-09-03 14:48:05	%e6%b5%b7%e5%a4%96%e7%8e%a9%e5%9b%bd%e6%9c%8d%e5%8a%a0%e9%80%9f%e5%99%a8%e7%9f%a5%e4%b9%8e%ef%bc%9a%e5%9b%bd%e5%a4%96%e5%85%9a%e5%a6%82%e4%bd%95%e7%95%85%e4%ba%ab%e5%9b%bd%e5%86%85%e7%b2%be%e5%bd%a9
3987	tiyu	海外体育直播网络受限？实测好用的回国网络都在这	2025-09-03 14:48:02	%e6%b5%b7%e5%a4%96%e4%bd%93%e8%82%b2%e7%9b%b4%e6%92%ad%e7%bd%91%e7%bb%9c%e5%8f%97%e9%99%90%ef%bc%9f%e5%ae%9e%e6%b5%8b%e5%a5%bd%e7%94%a8%e7%9a%84%e5%9b%9e%e5%9b%bd%e7%bd%91%e7%bb%9c%e9%83%bd%e5%9c%a8
3986	jiaocheng	海外使用 wesing全民k歌 的困扰与解决之道	2025-09-03 14:48:00	%e6%b5%b7%e5%a4%96%e4%bd%bf%e7%94%a8-wesing%e5%85%a8%e6%b0%91k%e6%ad%8c-%e7%9a%84%e5%9b%b0%e6%89%b0%e4%b8%8e%e8%a7%a3%e5%86%b3%e4%b9%8b%e9%81%93
3985	youxi	海外如何玩国服原神账号？这些国内服务限制很烦人	2025-09-03 14:47:57	%e6%b5%b7%e5%a4%96%e5%a6%82%e4%bd%95%e7%8e%a9%e5%9b%bd%e6%9c%8d%e5%8e%9f%e7%a5%9e%e8%b4%a6%e5%8f%b7%ef%bc%9f%e8%bf%99%e4%ba%9b%e5%9b%bd%e5%86%85%e6%9c%8d%e5%8a%a1%e9%99%90%e5%88%b6%e5%be%88%e7%83%a6
3984	jiaocheng	海外如何玩到网易mc？这里有一份亲测回国网络办法	2025-09-03 14:47:55	%e6%b5%b7%e5%a4%96%e5%a6%82%e4%bd%95%e7%8e%a9%e5%88%b0%e7%bd%91%e6%98%93mc%ef%bc%9f%e8%bf%99%e9%87%8c%e6%9c%89%e4%b8%80%e4%bb%bd%e4%ba%b2%e6%b5%8b%e5%9b%9e%e5%9b%bd%e7%bd%91%e7%bb%9c%e5%8a%9e%e6%b3%95
3983	yingyin	海外如何看腾讯视频？问题与亲测回国网络解法	2025-09-03 14:47:52	%e6%b5%b7%e5%a4%96%e5%a6%82%e4%bd%95%e7%9c%8b%e8%85%be%e8%ae%af%e8%a7%86%e9%a2%91%ef%bc%9f%e9%97%ae%e9%a2%98%e4%b8%8e%e4%ba%b2%e6%b5%8b%e5%9b%9e%e5%9b%bd%e7%bd%91%e7%bb%9c%e8%a7%a3%e6%b3%95
3982	jiaocheng	海外如何畅享国内K歌软件？常见限制与真实回国网络解法	2025-09-03 14:47:50	%e6%b5%b7%e5%a4%96%e5%a6%82%e4%bd%95%e7%95%85%e4%ba%ab%e5%9b%bd%e5%86%85k%e6%ad%8c%e8%bd%af%e4%bb%b6%ef%bc%9f%e5%b8%b8%e8%a7%81%e9%99%90%e5%88%b6%e4%b8%8e%e7%9c%9f%e5%ae%9e%e5%9b%9e%e5%9b%bd%e7%bd%91
3981	jiaocheng	海外朋友的困扰：回国网络怎么破？	2025-09-03 14:47:47	%e6%b5%b7%e5%a4%96%e6%9c%8b%e5%8f%8b%e7%9a%84%e5%9b%b0%e6%89%b0%ef%bc%9a%e5%9b%9e%e5%9b%bd%e7%bd%91%e7%bb%9c%e6%80%8e%e4%b9%88%e7%a0%b4%ef%bc%9f
3980	yinyue	海外酷狗音乐使用教程：解锁国内精彩生活	2025-09-03 14:47:45	%e6%b5%b7%e5%a4%96%e9%85%b7%e7%8b%97%e9%9f%b3%e4%b9%90%e4%bd%bf%e7%94%a8%e6%95%99%e7%a8%8b%ef%bc%9a%e8%a7%a3%e9%94%81%e5%9b%bd%e5%86%85%e7%b2%be%e5%bd%a9%e7%94%9f%e6%b4%bb
3979	yingyin	海外看优酷怎么办？亲测有效的方法来了	2025-09-03 14:47:42	%e6%b5%b7%e5%a4%96%e7%9c%8b%e4%bc%98%e9%85%b7%e6%80%8e%e4%b9%88%e5%8a%9e%ef%bc%9f%e4%ba%b2%e6%b5%8b%e6%9c%89%e6%95%88%e7%9a%84%e6%96%b9%e6%b3%95%e6%9d%a5%e4%ba%86
3978	tiyu	海外华人怎么看CCTV5直播？亲测回国网络解决办法	2025-09-03 14:47:40	%e6%b5%b7%e5%a4%96%e5%8d%8e%e4%ba%ba%e6%80%8e%e4%b9%88%e7%9c%8bcctv5%e7%9b%b4%e6%92%ad%ef%bc%9f%e4%ba%b2%e6%b5%8b%e5%9b%9e%e5%9b%bd%e7%bd%91%e7%bb%9c%e8%a7%a3%e5%86%b3%e5%8a%9e%e6%b3%95
3977	jiaocheng	海外访问中国IP地址的困扰与中国VPN服务器的实际应用	2025-09-03 14:47:37	%e6%b5%b7%e5%a4%96%e8%ae%bf%e9%97%ae%e4%b8%ad%e5%9b%bdip%e5%9c%b0%e5%9d%80%e7%9a%84%e5%9b%b0%e6%89%b0%e4%b8%8e%e4%b8%ad%e5%9b%bdvpn%e6%9c%8d%e5%8a%a1%e5%99%a8%e7%9a%84%e5%ae%9e%e9%99%85%e5%ba%94
3976	jiaocheng	海外访问受限服务：我的 shadowrocket中國節點 那些事	2025-09-03 14:47:35	%e6%b5%b7%e5%a4%96%e8%ae%bf%e9%97%ae%e5%8f%97%e9%99%90%e6%9c%8d%e5%8a%a1%ef%bc%9a%e6%88%91%e7%9a%84-shadowrocket%e4%b8%ad%e5%9c%8b%e7%af%80%e9%bb%9e-%e9%82%a3%e4%ba%9b%e4%ba%8b
3975	jiaocheng	海外访问受限？warp解锁netflix，轻松回国畅享！	2025-09-03 14:47:32	%e6%b5%b7%e5%a4%96%e8%ae%bf%e9%97%ae%e5%8f%97%e9%99%90%ef%bc%9fwarp%e8%a7%a3%e9%94%81netflix%ef%bc%8c%e8%bd%bb%e6%9d%be%e5%9b%9e%e5%9b%bd%e7%95%85%e4%ba%ab%ef%bc%81
3974	jiaocheng	海外访问国内服务：我的回国vpn电脑体验与建议	2025-09-03 14:47:31	%e6%b5%b7%e5%a4%96%e8%ae%bf%e9%97%ae%e5%9b%bd%e5%86%85%e6%9c%8d%e5%8a%a1%ef%bc%9a%e6%88%91%e7%9a%84%e5%9b%9e%e5%9b%bdvpn%e7%94%b5%e8%84%91%e4%bd%93%e9%aa%8c%e4%b8%8e%e5%bb%ba%e8%ae%ae
3973	jiaocheng	海外访问国内服务：回国节点那些事儿	2025-09-03 14:47:28	%e6%b5%b7%e5%a4%96%e8%ae%bf%e9%97%ae%e5%9b%bd%e5%86%85%e6%9c%8d%e5%8a%a1%ef%bc%9a%e5%9b%9e%e5%9b%bd%e8%8a%82%e7%82%b9%e9%82%a3%e4%ba%9b%e4%ba%8b%e5%84%bf
3972	jiaocheng	海外访问国内服务：代理服务器IP海外的真实体验与解决之道	2025-09-03 14:47:25	%e6%b5%b7%e5%a4%96%e8%ae%bf%e9%97%ae%e5%9b%bd%e5%86%85%e6%9c%8d%e5%8a%a1%ef%bc%9a%e4%bb%a3%e7%90%86%e6%9c%8d%e5%8a%a1%e5%99%a8ip%e6%b5%b7%e5%a4%96%e7%9a%84%e7%9c%9f%e5%ae%9e%e4%bd%93%e9%aa%8c%e4%b8%8e
3971	jiaocheng	海外访问国内服务，小紅書ip受限怎么办？亲测有效	2025-09-03 14:47:23	%e6%b5%b7%e5%a4%96%e8%ae%bf%e9%97%ae%e5%9b%bd%e5%86%85%e6%9c%8d%e5%8a%a1%ef%bc%8c%e5%b0%8f%e7%b4%85%e6%9b%b8ip%e5%8f%97%e9%99%90%e6%80%8e%e4%b9%88%e5%8a%9e%ef%bc%9f%e4%ba%b2%e6%b5%8b%e6%9c%89%e6%95%88
3970	jiaocheng	海外访问国内服务，回國vpn如何让一切顺畅？	2025-09-03 14:47:21	%e6%b5%b7%e5%a4%96%e8%ae%bf%e9%97%ae%e5%9b%bd%e5%86%85%e6%9c%8d%e5%8a%a1%ef%bc%8c%e5%9b%9e%e5%9c%8bvpn%e5%a6%82%e4%bd%95%e8%ae%a9%e4%b8%80%e5%88%87%e9%a1%ba%e7%95%85%ef%bc%9f
3969	jiaocheng	海外访问国内服务，yy海外的困扰与解决之道	2025-09-03 14:47:18	%e6%b5%b7%e5%a4%96%e8%ae%bf%e9%97%ae%e5%9b%bd%e5%86%85%e6%9c%8d%e5%8a%a1%ef%bc%8cyy%e6%b5%b7%e5%a4%96%e7%9a%84%e5%9b%b0%e6%89%b0%e4%b8%8e%e8%a7%a3%e5%86%b3%e4%b9%8b%e9%81%93
3968	tiyu	海外用户访问 cctv5+线上看 的烦恼与解法	2025-08-28 17:45:50	%e6%b5%b7%e5%a4%96%e7%94%a8%e6%88%b7%e8%ae%bf%e9%97%ae-cctv5%e7%ba%bf%e4%b8%8a%e7%9c%8b-%e7%9a%84%e7%83%a6%e6%81%bc%e4%b8%8e%e8%a7%a3%e6%b3%95
3967	jiaocheng	海外用户畅享喜馬拉雅fm：轻松解决访问限制	2025-08-28 17:45:47	%e6%b5%b7%e5%a4%96%e7%94%a8%e6%88%b7%e7%95%85%e4%ba%ab%e5%96%9c%e9%a6%ac%e6%8b%89%e9%9b%85fm%ef%bc%9a%e8%bd%bb%e6%9d%be%e8%a7%a3%e5%86%b3%e8%ae%bf%e9%97%ae%e9%99%90%e5%88%b6
3966	yinyue	海外音乐在中国大陆之外为何受限？我如何解决？	2025-08-28 17:45:46	%e6%b5%b7%e5%a4%96%e9%9f%b3%e4%b9%90%e5%9c%a8%e4%b8%ad%e5%9b%bd%e5%a4%a7%e9%99%86%e4%b9%8b%e5%a4%96%e4%b8%ba%e4%bd%95%e5%8f%97%e9%99%90%ef%bc%9f%e6%88%91%e5%a6%82%e4%bd%95%e8%a7%a3%e5%86%b3%ef%bc%9f
3965	bangong	海外微信小程序加速器下载怎么办？这些方法亲测有效	2025-08-28 17:45:44	%e6%b5%b7%e5%a4%96%e5%be%ae%e4%bf%a1%e5%b0%8f%e7%a8%8b%e5%ba%8f%e5%8a%a0%e9%80%9f%e5%99%a8%e4%b8%8b%e8%bd%bd%e6%80%8e%e4%b9%88%e5%8a%9e%ef%bc%9f%e8%bf%99%e4%ba%9b%e6%96%b9%e6%b3%95%e4%ba%b2%e6%b5%8b
3964	jiaocheng	海外网盘无法访问？回国网络难题的真实解答	2025-08-28 17:45:43	%e6%b5%b7%e5%a4%96%e7%bd%91%e7%9b%98%e6%97%a0%e6%b3%95%e8%ae%bf%e9%97%ae%ef%bc%9f%e5%9b%9e%e5%9b%bd%e7%bd%91%e7%bb%9c%e9%9a%be%e9%a2%98%e7%9a%84%e7%9c%9f%e5%ae%9e%e8%a7%a3%e7%ad%94
3963	youxi	海外玩永劫无间什么加速器好用，国内服务访问无忧	2025-08-28 17:45:41	%e6%b5%b7%e5%a4%96%e7%8e%a9%e6%b0%b8%e5%8a%ab%e6%97%a0%e9%97%b4%e4%bb%80%e4%b9%88%e5%8a%a0%e9%80%9f%e5%99%a8%e5%a5%bd%e7%94%a8%ef%bc%8c%e5%9b%bd%e5%86%85%e6%9c%8d%e5%8a%a1%e8%ae%bf%e9%97%ae%e6%97%a0
3962	youxi	海外玩永劫无间国服卡顿？这些国内服务也打不开？怎么办？	2025-08-28 17:45:39	%e6%b5%b7%e5%a4%96%e7%8e%a9%e6%b0%b8%e5%8a%ab%e6%97%a0%e9%97%b4%e5%9b%bd%e6%9c%8d%e5%8d%a1%e9%a1%bf%ef%bc%9f%e8%bf%99%e4%ba%9b%e5%9b%bd%e5%86%85%e6%9c%8d%e5%8a%a1%e4%b9%9f%e6%89%93%e4%b8%8d%e5%bc%80
3961	jiaocheng	海外如何注册QQ？访问国内受限服务这样解决	2025-08-28 17:45:38	%e6%b5%b7%e5%a4%96%e5%a6%82%e4%bd%95%e6%b3%a8%e5%86%8cqq%ef%bc%9f%e8%ae%bf%e9%97%ae%e5%9b%bd%e5%86%85%e5%8f%97%e9%99%90%e6%9c%8d%e5%8a%a1%e8%bf%99%e6%a0%b7%e8%a7%a3%e5%86%b3
3960	youxi	海外如何玩国内游戏？这些国内服务受限怎么办	2025-08-28 17:45:36	%e6%b5%b7%e5%a4%96%e5%a6%82%e4%bd%95%e7%8e%a9%e5%9b%bd%e5%86%85%e6%b8%b8%e6%88%8f%ef%bc%9f%e8%bf%99%e4%ba%9b%e5%9b%bd%e5%86%85%e6%9c%8d%e5%8a%a1%e5%8f%97%e9%99%90%e6%80%8e%e4%b9%88%e5%8a%9e
3959	tiyu	海外如何顺畅访问 CCTV5 在线及国内受限服务	2025-08-28 17:45:35	%e6%b5%b7%e5%a4%96%e5%a6%82%e4%bd%95%e9%a1%ba%e7%95%85%e8%ae%bf%e9%97%ae-cctv5-%e5%9c%a8%e7%ba%bf%e5%8f%8a%e5%9b%bd%e5%86%85%e5%8f%97%e9%99%90%e6%9c%8d%e5%8a%a1
3958	tiyu	海外如何看CCTV5？这些国内服务受限怎么办？	2025-08-28 17:45:33	%e6%b5%b7%e5%a4%96%e5%a6%82%e4%bd%95%e7%9c%8bcctv5%ef%bc%9f%e8%bf%99%e4%ba%9b%e5%9b%bd%e5%86%85%e6%9c%8d%e5%8a%a1%e5%8f%97%e9%99%90%e6%80%8e%e4%b9%88%e5%8a%9e%ef%bc%9f
3957	yingyin	海外看腾讯视频？这些服务在中国大陆之外的访问难题及应对之道	2025-08-28 17:45:31	%e6%b5%b7%e5%a4%96%e7%9c%8b%e8%85%be%e8%ae%af%e8%a7%86%e9%a2%91%ef%bc%9f%e8%bf%99%e4%ba%9b%e6%9c%8d%e5%8a%a1%e5%9c%a8%e4%b8%ad%e5%9b%bd%e5%a4%a7%e9%99%86%e4%b9%8b%e5%a4%96%e7%9a%84%e8%ae%bf%e9%97%ae
3956	yingyin	海外看bilibili卡怎么办？回国网络不卡顿的秘密	2025-08-28 17:45:30	%e6%b5%b7%e5%a4%96%e7%9c%8bbilibili%e5%8d%a1%e6%80%8e%e4%b9%88%e5%8a%9e%ef%bc%9f%e5%9b%9e%e5%9b%bd%e7%bd%91%e7%bb%9c%e4%b8%8d%e5%8d%a1%e9%a1%bf%e7%9a%84%e7%a7%98%e5%af%86
3955	duanju	海外华人直播tv：解决国内应用访问难题	2025-08-28 17:45:28	%e6%b5%b7%e5%a4%96%e5%8d%8e%e4%ba%ba%e7%9b%b4%e6%92%adtv%ef%bc%9a%e8%a7%a3%e5%86%b3%e5%9b%bd%e5%86%85%e5%ba%94%e7%94%a8%e8%ae%bf%e9%97%ae%e9%9a%be%e9%a2%98
3954	jiaocheng	海外访问受限服务：归雁加速器有效回国网络处理	2025-08-28 17:45:27	%e6%b5%b7%e5%a4%96%e8%ae%bf%e9%97%ae%e5%8f%97%e9%99%90%e6%9c%8d%e5%8a%a1%ef%bc%9a%e5%bd%92%e9%9b%81%e5%8a%a0%e9%80%9f%e5%99%a8%e6%9c%89%e6%95%88%e5%9b%9e%e5%9b%bd%e7%bd%91%e7%bb%9c%e5%a4%84%e7%90%86
3953	jiaocheng	海外访问国内服务，中国vpn如何解决？	2025-08-28 17:45:25	%e6%b5%b7%e5%a4%96%e8%ae%bf%e9%97%ae%e5%9b%bd%e5%86%85%e6%9c%8d%e5%8a%a1%ef%bc%8c%e4%b8%ad%e5%9b%bdvpn%e5%a6%82%e4%bd%95%e8%a7%a3%e5%86%b3%ef%bc%9f
3952	jiaocheng	海外访问国内服务，免费回国机场怎么办？	2025-08-28 17:45:23	%e6%b5%b7%e5%a4%96%e8%ae%bf%e9%97%ae%e5%9b%bd%e5%86%85%e6%9c%8d%e5%8a%a1%ef%bc%8c%e5%85%8d%e8%b4%b9%e5%9b%9e%e5%9b%bd%e6%9c%ba%e5%9c%ba%e6%80%8e%e4%b9%88%e5%8a%9e%ef%bc%9f
3951	jiaocheng	海外访问国内服务，快帆vpn怎么办？	2025-08-28 17:45:22	%e6%b5%b7%e5%a4%96%e8%ae%bf%e9%97%ae%e5%9b%bd%e5%86%85%e6%9c%8d%e5%8a%a1%ef%bc%8c%e5%bf%ab%e5%b8%86vpn%e6%80%8e%e4%b9%88%e5%8a%9e%ef%bc%9f
3950	jiaocheng	海外访问国内服务，国内外dns怎么破？	2025-08-28 17:45:20	%e6%b5%b7%e5%a4%96%e8%ae%bf%e9%97%ae%e5%9b%bd%e5%86%85%e6%9c%8d%e5%8a%a1%ef%bc%8c%e5%9b%bd%e5%86%85%e5%a4%96dns%e6%80%8e%e4%b9%88%e7%a0%b4%ef%bc%9f
3949	jiaocheng	海外访问国内服务，VPN回国怎么弄？	2025-08-28 17:45:18	%e6%b5%b7%e5%a4%96%e8%ae%bf%e9%97%ae%e5%9b%bd%e5%86%85%e6%9c%8d%e5%8a%a1%ef%bc%8cvpn%e5%9b%9e%e5%9b%bd%e6%80%8e%e4%b9%88%e5%bc%84%ef%bc%9f
3948	yingyin	海外访问爱奇艺VIP破解ptt 遇到的那些事儿，咱聊聊怎么解决	2025-08-28 17:45:17	%e6%b5%b7%e5%a4%96%e8%ae%bf%e9%97%ae%e7%88%b1%e5%a5%87%e8%89%bavip%e7%a0%b4%e8%a7%a3ptt-%e9%81%87%e5%88%b0%e7%9a%84%e9%82%a3%e4%ba%9b%e4%ba%8b%e5%84%bf%ef%bc%8c%e5%92%b1%e8%81%8a%e8%81%8a%e6%80%8e
3947	bangong	海外访问12123网络拥堵怎么办？亲测有效的回国网络解决之道	2025-08-28 17:45:15	%e6%b5%b7%e5%a4%96%e8%ae%bf%e9%97%ae12123%e7%bd%91%e7%bb%9c%e6%8b%a5%e5%a0%b5%e6%80%8e%e4%b9%88%e5%8a%9e%ef%bc%9f%e4%ba%b2%e6%b5%8b%e6%9c%89%e6%95%88%e7%9a%84%e5%9b%9e%e5%9b%bd%e7%bd%91%e7%bb%9c
3946	jiaocheng	海外翻墙回国：那些你绕不开的服务限制与真实解决方法	2025-08-28 17:45:13	%e6%b5%b7%e5%a4%96%e7%bf%bb%e5%a2%99%e5%9b%9e%e5%9b%bd%ef%bc%9a%e9%82%a3%e4%ba%9b%e4%bd%a0%e7%bb%95%e4%b8%8d%e5%bc%80%e7%9a%84%e6%9c%8d%e5%8a%a1%e9%99%90%e5%88%b6%e4%b8%8e%e7%9c%9f%e5%ae%9e%e8%a7%a3
3945	duanju	海外党用抖音直播vpn解锁国内受限服务的烦恼与对策	2025-08-28 17:45:10	%e6%b5%b7%e5%a4%96%e5%85%9a%e7%94%a8%e6%8a%96%e9%9f%b3%e7%9b%b4%e6%92%advpn%e8%a7%a3%e9%94%81%e5%9b%bd%e5%86%85%e5%8f%97%e9%99%90%e6%9c%8d%e5%8a%a1%e7%9a%84%e7%83%a6%e6%81%bc%e4%b8%8e%e5%af%b9
3944	jiaocheng	海外党如何应对归雁加速器替代的烦恼	2025-08-28 17:45:08	%e6%b5%b7%e5%a4%96%e5%85%9a%e5%a6%82%e4%bd%95%e5%ba%94%e5%af%b9%e5%bd%92%e9%9b%81%e5%8a%a0%e9%80%9f%e5%99%a8%e6%9b%bf%e4%bb%a3%e7%9a%84%e7%83%a6%e6%81%bc
3943	jiaocheng	海外党如何顺畅访问国内服务，聊聊 malusvpn 的那些事	2025-08-28 17:45:07	%e6%b5%b7%e5%a4%96%e5%85%9a%e5%a6%82%e4%bd%95%e9%a1%ba%e7%95%85%e8%ae%bf%e9%97%ae%e5%9b%bd%e5%86%85%e6%9c%8d%e5%8a%a1%ef%bc%8c%e8%81%8a%e8%81%8a-malusvpn-%e7%9a%84%e9%82%a3%e4%ba%9b%e4%ba%8b
3942	jiaocheng	海外党如何解决西游vpn改节点遇到的访问障碍？	2025-08-28 17:45:05	%e6%b5%b7%e5%a4%96%e5%85%9a%e5%a6%82%e4%bd%95%e8%a7%a3%e5%86%b3%e8%a5%bf%e6%b8%b8vpn%e6%94%b9%e8%8a%82%e7%82%b9%e9%81%87%e5%88%b0%e7%9a%84%e8%ae%bf%e9%97%ae%e9%9a%9c%e7%a2%8d%ef%bc%9f
3941	jiaocheng	海外党如何解决访问受限的 malus評價 问题？	2025-08-28 17:45:03	%e6%b5%b7%e5%a4%96%e5%85%9a%e5%a6%82%e4%bd%95%e8%a7%a3%e5%86%b3%e8%ae%bf%e9%97%ae%e5%8f%97%e9%99%90%e7%9a%84-malus%e8%a9%95%e5%83%b9-%e9%97%ae%e9%a2%98%ef%bc%9f
3940	jiaocheng	海外党如何解决 clash 无法访问国内网站的问题	2025-08-28 17:45:02	%e6%b5%b7%e5%a4%96%e5%85%9a%e5%a6%82%e4%bd%95%e8%a7%a3%e5%86%b3-clash-%e6%97%a0%e6%b3%95%e8%ae%bf%e9%97%ae%e5%9b%bd%e5%86%85%e7%bd%91%e7%ab%99%e7%9a%84%e9%97%ae%e9%a2%98
3939	jiaocheng	海外党福音：一文搞懂翻墙回国路由器怎么用	2025-08-28 17:45:00	%e6%b5%b7%e5%a4%96%e5%85%9a%e7%a6%8f%e9%9f%b3%ef%bc%9a%e4%b8%80%e6%96%87%e6%90%9e%e6%87%82%e7%bf%bb%e5%a2%99%e5%9b%9e%e5%9b%bd%e8%b7%af%e7%94%b1%e5%99%a8%e6%80%8e%e4%b9%88%e7%94%a8
3938	jiaocheng	海外党访问 wetv在線高清電影網 真的不难	2025-08-28 17:44:58	%e6%b5%b7%e5%a4%96%e5%85%9a%e8%ae%bf%e9%97%ae-wetv%e5%9c%a8%e7%b7%9a%e9%ab%98%e6%b8%85%e9%9b%bb%e5%bd%b1%e7%b6%b2-%e7%9c%9f%e7%9a%84%e4%b8%8d%e9%9a%be
3937	jiaocheng	海外党yy不能说话的解决方法：畅享国内网络不设限	2025-08-28 17:44:57	%e6%b5%b7%e5%a4%96%e5%85%9ayy%e4%b8%8d%e8%83%bd%e8%af%b4%e8%af%9d%e7%9a%84%e8%a7%a3%e5%86%b3%e6%96%b9%e6%b3%95%ef%bc%9a%e7%95%85%e4%ba%ab%e5%9b%bd%e5%86%85%e7%bd%91%e7%bb%9c%e4%b8%8d%e8%ae%be%e9%99%90
3936	jiaocheng	海外vpn：让您畅享国内网络精彩	2025-08-28 17:44:55	%e6%b5%b7%e5%a4%96vpn%ef%bc%9a%e8%ae%a9%e6%82%a8%e7%95%85%e4%ba%ab%e5%9b%bd%e5%86%85%e7%bd%91%e7%bb%9c%e7%b2%be%e5%bd%a9
3935	jiaocheng	翻牆回大陸，海外党如何顺畅访问国内服务？	2025-08-28 17:44:53	%e7%bf%bb%e7%89%86%e5%9b%9e%e5%a4%a7%e9%99%b8%ef%bc%8c%e6%b5%b7%e5%a4%96%e5%85%9a%e5%a6%82%e4%bd%95%e9%a1%ba%e7%95%85%e8%ae%bf%e9%97%ae%e5%9b%bd%e5%86%85%e6%9c%8d%e5%8a%a1%ef%bc%9f
3934	yingyin	此视频已在您所在的国家下架怎么办？海外党真实回国网络体验	2025-08-28 17:44:52	%e6%ad%a4%e8%a7%86%e9%a2%91%e5%b7%b2%e5%9c%a8%e6%82%a8%e6%89%80%e5%9c%a8%e7%9a%84%e5%9b%bd%e5%ae%b6%e4%b8%8b%e6%9e%b6%e6%80%8e%e4%b9%88%e5%8a%9e%ef%bc%9f%e6%b5%b7%e5%a4%96%e5%85%9a%e7%9c%9f%e5%ae%9e
3933	jiaocheng	阿联酋微信限制怎么破？海外访问国内服务全攻略	2025-08-28 17:44:50	%e9%98%bf%e8%81%94%e9%85%8b%e5%be%ae%e4%bf%a1%e9%99%90%e5%88%b6%e6%80%8e%e4%b9%88%e7%a0%b4%ef%bc%9f%e6%b5%b7%e5%a4%96%e8%ae%bf%e9%97%ae%e5%9b%bd%e5%86%85%e6%9c%8d%e5%8a%a1%e5%85%a8%e6%94%bb%e7%95%a5
3932	jiaocheng	阿里云盘破解：海外访问受限服务的亲测解决之道	2025-08-28 17:44:47	%e9%98%bf%e9%87%8c%e4%ba%91%e7%9b%98%e7%a0%b4%e8%a7%a3%ef%bc%9a%e6%b5%b7%e5%a4%96%e8%ae%bf%e9%97%ae%e5%8f%97%e9%99%90%e6%9c%8d%e5%8a%a1%e7%9a%84%e4%ba%b2%e6%b5%8b%e8%a7%a3%e5%86%b3%e4%b9%8b%e9%81%93
3931	yingyin	海外看动漫怎么办？深度解析与亲测好用回国网络方案	2025-08-27 15:16:44	%e6%b5%b7%e5%a4%96%e7%9c%8b%e5%8a%a8%e6%bc%ab%e6%80%8e%e4%b9%88%e5%8a%9e%ef%bc%9f%e6%b7%b1%e5%ba%a6%e8%a7%a3%e6%9e%90%e4%b8%8e%e4%ba%b2%e6%b5%8b%e5%a5%bd%e7%94%a8%e5%9b%9e%e5%9b%bd%e7%bd%91%e7%bb%9c
3930	jiaocheng	海外访问受限？回国IP的那些事儿	2025-08-27 15:16:43	%e6%b5%b7%e5%a4%96%e8%ae%bf%e9%97%ae%e5%8f%97%e9%99%90%ef%bc%9f%e5%9b%9e%e5%9b%bdip%e7%9a%84%e9%82%a3%e4%ba%9b%e4%ba%8b%e5%84%bf
3929	jiaocheng	海外访问国内服务，快帆ptt的那些事儿	2025-08-27 15:16:41	%e6%b5%b7%e5%a4%96%e8%ae%bf%e9%97%ae%e5%9b%bd%e5%86%85%e6%9c%8d%e5%8a%a1%ef%bc%8c%e5%bf%ab%e5%b8%86ptt%e7%9a%84%e9%82%a3%e4%ba%9b%e4%ba%8b%e5%84%bf
3928	jiaocheng	海外访问国内服务，回国机场试试这个！	2025-08-27 15:16:40	%e6%b5%b7%e5%a4%96%e8%ae%bf%e9%97%ae%e5%9b%bd%e5%86%85%e6%9c%8d%e5%8a%a1%ef%bc%8c%e5%9b%9e%e5%9b%bd%e6%9c%ba%e5%9c%ba%e8%af%95%e8%af%95%e8%bf%99%e4%b8%aa%ef%bc%81
3927	jiaocheng	海外访问国内服务，翻墙vpn的实际用途与选择	2025-08-27 15:16:38	%e6%b5%b7%e5%a4%96%e8%ae%bf%e9%97%ae%e5%9b%bd%e5%86%85%e6%9c%8d%e5%8a%a1%ef%bc%8c%e7%bf%bb%e5%a2%99vpn%e7%9a%84%e5%ae%9e%e9%99%85%e7%94%a8%e9%80%94%e4%b8%8e%e9%80%89%e6%8b%a9
3926	jiaocheng	海外访问国内服务，guonei访问受限怎么办？	2025-08-27 15:16:37	%e6%b5%b7%e5%a4%96%e8%ae%bf%e9%97%ae%e5%9b%bd%e5%86%85%e6%9c%8d%e5%8a%a1%ef%bc%8cguonei%e8%ae%bf%e9%97%ae%e5%8f%97%e9%99%90%e6%80%8e%e4%b9%88%e5%8a%9e%ef%bc%9f
3925	duanju	海外访问抖音加速器：解锁国内服务受限的真实原因与对策	2025-08-27 15:16:35	%e6%b5%b7%e5%a4%96%e8%ae%bf%e9%97%ae%e6%8a%96%e9%9f%b3%e5%8a%a0%e9%80%9f%e5%99%a8%ef%bc%9a%e8%a7%a3%e9%94%81%e5%9b%bd%e5%86%85%e6%9c%8d%e5%8a%a1%e5%8f%97%e9%99%90%e7%9a%84%e7%9c%9f%e5%ae%9e%e5%8e%9f
3924	yingyin	海外访问大陆版BilibiliPTT？原因与回国网络解答	2025-08-27 15:16:33	%e6%b5%b7%e5%a4%96%e8%ae%bf%e9%97%ae%e5%a4%a7%e9%99%86%e7%89%88bilibiliptt%ef%bc%9f%e5%8e%9f%e5%9b%a0%e4%b8%8e%e5%9b%9e%e5%9b%bd%e7%bd%91%e7%bb%9c%e8%a7%a3%e7%ad%94
3923	yinyue	海外访问QQ音乐香港受阻？回国网络原因与亲测解决方案	2025-08-27 15:16:32	%e6%b5%b7%e5%a4%96%e8%ae%bf%e9%97%aeqq%e9%9f%b3%e4%b9%90%e9%a6%99%e6%b8%af%e5%8f%97%e9%98%bb%ef%bc%9f%e5%9b%9e%e5%9b%bd%e7%bd%91%e7%bb%9c%e5%8e%9f%e5%9b%a0%e4%b8%8e%e4%ba%b2%e6%b5%8b%e8%a7%a3%e5%86%b3
3922	tiyu	海外访问cctv5haiwai常见问题及应对	2025-08-27 15:16:30	%e6%b5%b7%e5%a4%96%e8%ae%bf%e9%97%aecctv5haiwai%e5%b8%b8%e8%a7%81%e9%97%ae%e9%a2%98%e5%8f%8a%e5%ba%94%e5%af%b9
3921	yingyin	海外访问b站镜像及国内服务受限的那些事儿	2025-08-27 15:16:29	%e6%b5%b7%e5%a4%96%e8%ae%bf%e9%97%aeb%e7%ab%99%e9%95%9c%e5%83%8f%e5%8f%8a%e5%9b%bd%e5%86%85%e6%9c%8d%e5%8a%a1%e5%8f%97%e9%99%90%e7%9a%84%e9%82%a3%e4%ba%9b%e4%ba%8b%e5%84%bf
3920	duanju	海外抖音帳號註冊的烦恼与归国网络解决之道	2025-08-27 15:16:27	%e6%b5%b7%e5%a4%96%e6%8a%96%e9%9f%b3%e5%b8%b3%e8%99%9f%e8%a8%bb%e5%86%8a%e7%9a%84%e7%83%a6%e6%81%bc%e4%b8%8e%e5%bd%92%e5%9b%bd%e7%bd%91%e7%bb%9c%e8%a7%a3%e5%86%b3%e4%b9%8b%e9%81%93
3919	jiaocheng	海外电视如何翻墙？这些回国加速器亲测有效	2025-08-27 15:16:25	%e6%b5%b7%e5%a4%96%e7%94%b5%e8%a7%86%e5%a6%82%e4%bd%95%e7%bf%bb%e5%a2%99%ef%bc%9f%e8%bf%99%e4%ba%9b%e5%9b%9e%e5%9b%bd%e5%8a%a0%e9%80%9f%e5%99%a8%e4%ba%b2%e6%b5%8b%e6%9c%89%e6%95%88
3918	jiaocheng	海外地区限制解除方法软件怎么办？回国网络不绕路	2025-08-27 15:16:24	%e6%b5%b7%e5%a4%96%e5%9c%b0%e5%8c%ba%e9%99%90%e5%88%b6%e8%a7%a3%e9%99%a4%e6%96%b9%e6%b3%95%e8%bd%af%e4%bb%b6%e6%80%8e%e4%b9%88%e5%8a%9e%ef%bc%9f%e5%9b%9e%e5%9b%bd%e7%bd%91%e7%bb%9c%e4%b8%8d%e7%bb%95
3917	jiaocheng	海外党怎么用台灣網易雲？解锁国内服务的烦恼与对策	2025-08-27 15:16:22	%e6%b5%b7%e5%a4%96%e5%85%9a%e6%80%8e%e4%b9%88%e7%94%a8%e5%8f%b0%e7%81%a3%e7%b6%b2%e6%98%93%e9%9b%b2%ef%bc%9f%e8%a7%a3%e9%94%81%e5%9b%bd%e5%86%85%e6%9c%8d%e5%8a%a1%e7%9a%84%e7%83%a6%e6%81%bc%e4%b8%8e
3916	youxi	海外党怎么玩lol国服？这些服务回国受限怎么办？	2025-08-27 15:16:21	%e6%b5%b7%e5%a4%96%e5%85%9a%e6%80%8e%e4%b9%88%e7%8e%a9lol%e5%9b%bd%e6%9c%8d%ef%bc%9f%e8%bf%99%e4%ba%9b%e6%9c%8d%e5%8a%a1%e5%9b%9e%e5%9b%bd%e5%8f%97%e9%99%90%e6%80%8e%e4%b9%88%e5%8a%9e%ef%bc%9f
3915	jiaocheng	海外党怎么解决中国国内vpn访问受限问题	2025-08-27 15:16:19	%e6%b5%b7%e5%a4%96%e5%85%9a%e6%80%8e%e4%b9%88%e8%a7%a3%e5%86%b3%e4%b8%ad%e5%9b%bd%e5%9b%bd%e5%86%85vpn%e8%ae%bf%e9%97%ae%e5%8f%97%e9%99%90%e9%97%ae%e9%a2%98
3914	jiaocheng	海外党怎么解决访问受限问题？vpn飞信适配体验	2025-08-27 15:16:17	%e6%b5%b7%e5%a4%96%e5%85%9a%e6%80%8e%e4%b9%88%e8%a7%a3%e5%86%b3%e8%ae%bf%e9%97%ae%e5%8f%97%e9%99%90%e9%97%ae%e9%a2%98%ef%bc%9fvpn%e9%a3%9e%e4%bf%a1%e9%80%82%e9%85%8d%e4%bd%93%e9%aa%8c
3913	duanju	海外党怎么解决大陸抖音註冊dcard的访问难题	2025-08-27 15:16:16	%e6%b5%b7%e5%a4%96%e5%85%9a%e6%80%8e%e4%b9%88%e8%a7%a3%e5%86%b3%e5%a4%a7%e9%99%b8%e6%8a%96%e9%9f%b3%e8%a8%bb%e5%86%8adcard%e7%9a%84%e8%ae%bf%e9%97%ae%e9%9a%be%e9%a2%98
3912	jiaocheng	海外党怎么翻墙访问国内服务？原因与实用回国网络解决之道	2025-08-27 15:16:14	%e6%b5%b7%e5%a4%96%e5%85%9a%e6%80%8e%e4%b9%88%e7%bf%bb%e5%a2%99%e8%ae%bf%e9%97%ae%e5%9b%bd%e5%86%85%e6%9c%8d%e5%8a%a1%ef%bc%9f%e5%8e%9f%e5%9b%a0%e4%b8%8e%e5%ae%9e%e7%94%a8%e5%9b%9e%e5%9b%bd%e7%bd%91
3911	jiaocheng	海外党遇冷：翻墙浏览器怎么解决国内访问难题？	2025-08-27 15:16:13	%e6%b5%b7%e5%a4%96%e5%85%9a%e9%81%87%e5%86%b7%ef%bc%9a%e7%bf%bb%e5%a2%99%e6%b5%8f%e8%a7%88%e5%99%a8%e6%80%8e%e4%b9%88%e8%a7%a3%e5%86%b3%e5%9b%bd%e5%86%85%e8%ae%bf%e9%97%ae%e9%9a%be%e9%a2%98%ef%bc%9f
3910	jiaocheng	海外党用機場vpnptt怎么解决访问限制？	2025-08-27 15:16:11	%e6%b5%b7%e5%a4%96%e5%85%9a%e7%94%a8%e6%a9%9f%e5%a0%b4vpnptt%e6%80%8e%e4%b9%88%e8%a7%a3%e5%86%b3%e8%ae%bf%e9%97%ae%e9%99%90%e5%88%b6%ef%bc%9f
3909	jiaocheng	海外党想了解怎么翻墙回国？原因与实际操作	2025-08-27 15:16:09	%e6%b5%b7%e5%a4%96%e5%85%9a%e6%83%b3%e4%ba%86%e8%a7%a3%e6%80%8e%e4%b9%88%e7%bf%bb%e5%a2%99%e5%9b%9e%e5%9b%bd%ef%bc%9f%e5%8e%9f%e5%9b%a0%e4%b8%8e%e5%ae%9e%e9%99%85%e6%93%8d%e4%bd%9c
3908	duanju	海外党如何顺畅访问咪咕海外直播？	2025-08-27 15:16:08	%e6%b5%b7%e5%a4%96%e5%85%9a%e5%a6%82%e4%bd%95%e9%a1%ba%e7%95%85%e8%ae%bf%e9%97%ae%e5%92%aa%e5%92%95%e6%b5%b7%e5%a4%96%e7%9b%b4%e6%92%ad%ef%bc%9f
3907	tiyu	海外党如何顺畅访问CCTV5？这几招特别管用	2025-08-27 15:16:05	%e6%b5%b7%e5%a4%96%e5%85%9a%e5%a6%82%e4%bd%95%e9%a1%ba%e7%95%85%e8%ae%bf%e9%97%aecctv5%ef%bc%9f%e8%bf%99%e5%87%a0%e6%8b%9b%e7%89%b9%e5%88%ab%e7%ae%a1%e7%94%a8
3906	jiaocheng	海外党如何使用穿梭电脑版访问国内服务？	2025-08-27 15:16:04	%e6%b5%b7%e5%a4%96%e5%85%9a%e5%a6%82%e4%bd%95%e4%bd%bf%e7%94%a8%e7%a9%bf%e6%a2%ad%e7%94%b5%e8%84%91%e7%89%88%e8%ae%bf%e9%97%ae%e5%9b%bd%e5%86%85%e6%9c%8d%e5%8a%a1%ef%bc%9f
3905	jiaocheng	海外党如何实现 vpn回国翻墙，畅享国内网络？	2025-08-27 15:16:02	%e6%b5%b7%e5%a4%96%e5%85%9a%e5%a6%82%e4%bd%95%e5%ae%9e%e7%8e%b0-vpn%e5%9b%9e%e5%9b%bd%e7%bf%bb%e5%a2%99%ef%bc%8c%e7%95%85%e4%ba%ab%e5%9b%bd%e5%86%85%e7%bd%91%e7%bb%9c%ef%bc%9f
3904	jiaocheng	海外党如何解决中國vpnip访问限制？	2025-08-27 15:15:58	%e6%b5%b7%e5%a4%96%e5%85%9a%e5%a6%82%e4%bd%95%e8%a7%a3%e5%86%b3%e4%b8%ad%e5%9c%8bvpnip%e8%ae%bf%e9%97%ae%e9%99%90%e5%88%b6%ef%bc%9f
3903	jiaocheng	海外党如何解决访问国内服务受限问题（vpn国内篇）	2025-08-27 15:15:57	%e6%b5%b7%e5%a4%96%e5%85%9a%e5%a6%82%e4%bd%95%e8%a7%a3%e5%86%b3%e8%ae%bf%e9%97%ae%e5%9b%bd%e5%86%85%e6%9c%8d%e5%8a%a1%e5%8f%97%e9%99%90%e9%97%ae%e9%a2%98%ef%bc%88vpn%e5%9b%bd%e5%86%85%e7%af%87
3902	jiaocheng	海外党如何解决 vpnwechat 及国内服务访问难题	2025-08-27 15:15:54	%e6%b5%b7%e5%a4%96%e5%85%9a%e5%a6%82%e4%bd%95%e8%a7%a3%e5%86%b3-vpnwechat-%e5%8f%8a%e5%9b%bd%e5%86%85%e6%9c%8d%e5%8a%a1%e8%ae%bf%e9%97%ae%e9%9a%be%e9%a2%98
3900	jiaocheng	海外回国难？探寻快帆vpn破解背后的真实原因与回国网络解决方案	2025-08-18 10:21:14	%e6%b5%b7%e5%a4%96%e5%9b%9e%e5%9b%bd%e9%9a%be%ef%bc%9f%e6%8e%a2%e5%af%bb%e5%bf%ab%e5%b8%86vpn%e7%a0%b4%e8%a7%a3%e8%83%8c%e5%90%8e%e7%9a%84%e7%9c%9f%e5%ae%9e%e5%8e%9f%e5%9b%a0%e4%b8%8e%e5%9b%9e
3899	tiyu	海外观看cctv5：破解地区限制，畅享国内内容	2025-08-18 10:21:13	%e6%b5%b7%e5%a4%96%e8%a7%82%e7%9c%8bcctv5%ef%bc%9a%e7%a0%b4%e8%a7%a3%e5%9c%b0%e5%8c%ba%e9%99%90%e5%88%b6%ef%bc%8c%e7%95%85%e4%ba%ab%e5%9b%bd%e5%86%85%e5%86%85%e5%ae%b9
3898	jiaocheng	海外访问政府网站进不去？亲测有效的回国网络解决之道	2025-08-18 10:21:12	%e6%b5%b7%e5%a4%96%e8%ae%bf%e9%97%ae%e6%94%bf%e5%ba%9c%e7%bd%91%e7%ab%99%e8%bf%9b%e4%b8%8d%e5%8e%bb%ef%bc%9f%e4%ba%b2%e6%b5%8b%e6%9c%89%e6%95%88%e7%9a%84%e5%9b%9e%e5%9b%bd%e7%bd%91%e7%bb%9c%e8%a7%a3
3897	jiaocheng	海外访问国内服务？了解国内dns设置及解决方案	2025-08-18 10:21:10	%e6%b5%b7%e5%a4%96%e8%ae%bf%e9%97%ae%e5%9b%bd%e5%86%85%e6%9c%8d%e5%8a%a1%ef%bc%9f%e4%ba%86%e8%a7%a3%e5%9b%bd%e5%86%85dns%e8%ae%be%e7%bd%ae%e5%8f%8a%e8%a7%a3%e5%86%b3%e6%96%b9%e6%a1%88
3896	jiaocheng	海外访问国内服务：我的国内vpn节点经验分享	2025-08-18 10:21:09	%e6%b5%b7%e5%a4%96%e8%ae%bf%e9%97%ae%e5%9b%bd%e5%86%85%e6%9c%8d%e5%8a%a1%ef%bc%9a%e6%88%91%e7%9a%84%e5%9b%bd%e5%86%85vpn%e8%8a%82%e7%82%b9%e7%bb%8f%e9%aa%8c%e5%88%86%e4%ba%ab
3895	jiaocheng	海外访问国内服务：回国VPN电脑版怎么办？	2025-08-18 10:21:07	%e6%b5%b7%e5%a4%96%e8%ae%bf%e9%97%ae%e5%9b%bd%e5%86%85%e6%9c%8d%e5%8a%a1%ef%bc%9a%e5%9b%9e%e5%9b%bdvpn%e7%94%b5%e8%84%91%e7%89%88%e6%80%8e%e4%b9%88%e5%8a%9e%ef%bc%9f
3894	jiaocheng	海外访问国内服务，clash回国节点怎么破？	2025-08-18 10:21:06	%e6%b5%b7%e5%a4%96%e8%ae%bf%e9%97%ae%e5%9b%bd%e5%86%85%e6%9c%8d%e5%8a%a1%ef%bc%8cclash%e5%9b%9e%e5%9b%bd%e8%8a%82%e7%82%b9%e6%80%8e%e4%b9%88%e7%a0%b4%ef%bc%9f
3893	duanju	海外访问抖音改ip受限？这样解决，国内服务流畅看！	2025-08-18 10:21:04	%e6%b5%b7%e5%a4%96%e8%ae%bf%e9%97%ae%e6%8a%96%e9%9f%b3%e6%94%b9ip%e5%8f%97%e9%99%90%ef%bc%9f%e8%bf%99%e6%a0%b7%e8%a7%a3%e5%86%b3%ef%bc%8c%e5%9b%bd%e5%86%85%e6%9c%8d%e5%8a%a1%e6%b5%81%e7%95%85%e7%9c%8b
3892	jiaocheng	海外访问yy网页版：这些国内服务为什么打不开？	2025-08-18 10:21:02	%e6%b5%b7%e5%a4%96%e8%ae%bf%e9%97%aeyy%e7%bd%91%e9%a1%b5%e7%89%88%ef%bc%9a%e8%bf%99%e4%ba%9b%e5%9b%bd%e5%86%85%e6%9c%8d%e5%8a%a1%e4%b8%ba%e4%bb%80%e4%b9%88%e6%89%93%e4%b8%8d%e5%bc%80%ef%bc%9f
3891	tiyu	海外访问iptvcctv5？亲测有效的回国网络解决方案	2025-08-18 10:21:01	%e6%b5%b7%e5%a4%96%e8%ae%bf%e9%97%aeiptvcctv5%ef%bc%9f%e4%ba%b2%e6%b5%8b%e6%9c%89%e6%95%88%e7%9a%84%e5%9b%9e%e5%9b%bd%e7%bd%91%e7%bb%9c%e8%a7%a3%e5%86%b3%e6%96%b9%e6%a1%88
3890	bangong	海外访问12123香港：那些让你抓狂的限制与亲测有效的解决办法	2025-08-18 10:20:59	%e6%b5%b7%e5%a4%96%e8%ae%bf%e9%97%ae12123%e9%a6%99%e6%b8%af%ef%bc%9a%e9%82%a3%e4%ba%9b%e8%ae%a9%e4%bd%a0%e6%8a%93%e7%8b%82%e7%9a%84%e9%99%90%e5%88%b6%e4%b8%8e%e4%ba%b2%e6%b5%8b%e6%9c%89%e6%95%88
3889	jiaocheng	海外党怎么在国内如何翻墙？访问国内受限服务亲测有效	2025-08-18 10:20:58	%e6%b5%b7%e5%a4%96%e5%85%9a%e6%80%8e%e4%b9%88%e5%9c%a8%e5%9b%bd%e5%86%85%e5%a6%82%e4%bd%95%e7%bf%bb%e5%a2%99%ef%bc%9f%e8%ae%bf%e9%97%ae%e5%9b%bd%e5%86%85%e5%8f%97%e9%99%90%e6%9c%8d%e5%8a%a1%e4%ba%b2
3888	jiaocheng	海外党怎么让快帆电脑版畅通无阻？	2025-08-18 10:20:56	%e6%b5%b7%e5%a4%96%e5%85%9a%e6%80%8e%e4%b9%88%e8%ae%a9%e5%bf%ab%e5%b8%86%e7%94%b5%e8%84%91%e7%89%88%e7%95%85%e9%80%9a%e6%97%a0%e9%98%bb%ef%bc%9f
3887	jiaocheng	海外党怎么解决 v2ray回国机场 遇到的限制？	2025-08-18 10:20:55	%e6%b5%b7%e5%a4%96%e5%85%9a%e6%80%8e%e4%b9%88%e8%a7%a3%e5%86%b3-v2ray%e5%9b%9e%e5%9b%bd%e6%9c%ba%e5%9c%ba-%e9%81%87%e5%88%b0%e7%9a%84%e9%99%90%e5%88%b6%ef%bc%9f
3886	youxi	海外党想用游戏回国加速器？这些问题你得知道	2025-08-18 10:20:53	%e6%b5%b7%e5%a4%96%e5%85%9a%e6%83%b3%e7%94%a8%e6%b8%b8%e6%88%8f%e5%9b%9e%e5%9b%bd%e5%8a%a0%e9%80%9f%e5%99%a8%ef%bc%9f%e8%bf%99%e4%ba%9b%e9%97%ae%e9%a2%98%e4%bd%a0%e5%be%97%e7%9f%a5%e9%81%93
3885	yinyue	海外党如何顺畅访问 qq音乐国际版 及国内服务	2025-08-18 10:20:51	%e6%b5%b7%e5%a4%96%e5%85%9a%e5%a6%82%e4%bd%95%e9%a1%ba%e7%95%85%e8%ae%bf%e9%97%ae-qq%e9%9f%b3%e4%b9%90%e5%9b%bd%e9%99%85%e7%89%88-%e5%8f%8a%e5%9b%bd%e5%86%85%e6%9c%8d%e5%8a%a1
3884	jiaocheng	海外党如何流畅访问中国版权保护中心及国内平台	2025-08-18 10:20:49	%e6%b5%b7%e5%a4%96%e5%85%9a%e5%a6%82%e4%bd%95%e6%b5%81%e7%95%85%e8%ae%bf%e9%97%ae%e4%b8%ad%e5%9b%bd%e7%89%88%e6%9d%83%e4%bf%9d%e6%8a%a4%e4%b8%ad%e5%bf%83%e5%8f%8a%e5%9b%bd%e5%86%85%e5%b9%b3%e5%8f%b0
3883	jiaocheng	海外党如何解决小红书ip地址怎么改访问限制？亲测有效！	2025-08-18 10:20:48	%e6%b5%b7%e5%a4%96%e5%85%9a%e5%a6%82%e4%bd%95%e8%a7%a3%e5%86%b3%e5%b0%8f%e7%ba%a2%e4%b9%a6ip%e5%9c%b0%e5%9d%80%e6%80%8e%e4%b9%88%e6%94%b9%e8%ae%bf%e9%97%ae%e9%99%90%e5%88%b6%ef%bc%9f%e4%ba%b2%e6%b5%8b
3882	jiaocheng	海外党如何解决快帆下载遇到的访问问题	2025-08-18 10:20:46	%e6%b5%b7%e5%a4%96%e5%85%9a%e5%a6%82%e4%bd%95%e8%a7%a3%e5%86%b3%e5%bf%ab%e5%b8%86%e4%b8%8b%e8%bd%bd%e9%81%87%e5%88%b0%e7%9a%84%e8%ae%bf%e9%97%ae%e9%97%ae%e9%a2%98
3881	jiaocheng	海外党如何解决访问受限的天眼查破解版？原因与回国网络办法	2025-08-18 10:20:45	%e6%b5%b7%e5%a4%96%e5%85%9a%e5%a6%82%e4%bd%95%e8%a7%a3%e5%86%b3%e8%ae%bf%e9%97%ae%e5%8f%97%e9%99%90%e7%9a%84%e5%a4%a9%e7%9c%bc%e6%9f%a5%e7%a0%b4%e8%a7%a3%e7%89%88%ef%bc%9f%e5%8e%9f%e5%9b%a0%e4%b8%8e
3880	jiaocheng	海外党如何解决访问国内受限服务：大陆vpn推荐	2025-08-18 10:20:43	%e6%b5%b7%e5%a4%96%e5%85%9a%e5%a6%82%e4%bd%95%e8%a7%a3%e5%86%b3%e8%ae%bf%e9%97%ae%e5%9b%bd%e5%86%85%e5%8f%97%e9%99%90%e6%9c%8d%e5%8a%a1%ef%bc%9a%e5%a4%a7%e9%99%86vpn%e6%8e%a8%e8%8d%90
3879	jiaocheng	海外党如何解决愛奇藝地區限制dcard烦恼？亲测有效	2025-08-18 10:20:42	%e6%b5%b7%e5%a4%96%e5%85%9a%e5%a6%82%e4%bd%95%e8%a7%a3%e5%86%b3%e6%84%9b%e5%a5%87%e8%97%9d%e5%9c%b0%e5%8d%80%e9%99%90%e5%88%b6dcard%e7%83%a6%e6%81%bc%ef%bc%9f%e4%ba%b2%e6%b5%8b%e6%9c%89%e6%95%88
3878	jiaocheng	海外党回国网络：国内vpn推荐与实用解锁技巧	2025-08-18 10:20:40	%e6%b5%b7%e5%a4%96%e5%85%9a%e5%9b%9e%e5%9b%bd%e7%bd%91%e7%bb%9c%ef%bc%9a%e5%9b%bd%e5%86%85vpn%e6%8e%a8%e8%8d%90%e4%b8%8e%e5%ae%9e%e7%94%a8%e8%a7%a3%e9%94%81%e6%8a%80%e5%b7%a7
3877	jiaocheng	海外党回国路漫漫：您的 vpn国 访问疑难解答	2025-08-18 10:20:39	%e6%b5%b7%e5%a4%96%e5%85%9a%e5%9b%9e%e5%9b%bd%e8%b7%af%e6%bc%ab%e6%bc%ab%ef%bc%9a%e6%82%a8%e7%9a%84-vpn%e5%9b%bd-%e8%ae%bf%e9%97%ae%e7%96%91%e9%9a%be%e8%a7%a3%e7%ad%94
3876	jiaocheng	海外党回国加速：让国内服务畅通无阻	2025-08-18 10:20:37	%e6%b5%b7%e5%a4%96%e5%85%9a%e5%9b%9e%e5%9b%bd%e5%8a%a0%e9%80%9f%ef%bc%9a%e8%ae%a9%e5%9b%bd%e5%86%85%e6%9c%8d%e5%8a%a1%e7%95%85%e9%80%9a%e6%97%a0%e9%98%bb
3875	jiaocheng	海外党还在愁全民k歌破解？国内服务访问问题一次说透	2025-08-18 10:20:36	%e6%b5%b7%e5%a4%96%e5%85%9a%e8%bf%98%e5%9c%a8%e6%84%81%e5%85%a8%e6%b0%91k%e6%ad%8c%e7%a0%b4%e8%a7%a3%ef%bc%9f%e5%9b%bd%e5%86%85%e6%9c%8d%e5%8a%a1%e8%ae%bf%e9%97%ae%e9%97%ae%e9%a2%98%e4%b8%80%e6%ac%a1
3874	jiaocheng	海外党福音：回国节点分享与常见服务解锁之道	2025-08-18 10:20:34	%e6%b5%b7%e5%a4%96%e5%85%9a%e7%a6%8f%e9%9f%b3%ef%bc%9a%e5%9b%9e%e5%9b%bd%e8%8a%82%e7%82%b9%e5%88%86%e4%ba%ab%e4%b8%8e%e5%b8%b8%e8%a7%81%e6%9c%8d%e5%8a%a1%e8%a7%a3%e9%94%81%e4%b9%8b%e9%81%93
3873	jiaocheng	海外党访问全民k歌原唱遇阻？这些回国方法亲测有效	2025-08-18 10:20:33	%e6%b5%b7%e5%a4%96%e5%85%9a%e8%ae%bf%e9%97%ae%e5%85%a8%e6%b0%91k%e6%ad%8c%e5%8e%9f%e5%94%b1%e9%81%87%e9%98%bb%ef%bc%9f%e8%bf%99%e4%ba%9b%e5%9b%9e%e5%9b%bd%e6%96%b9%e6%b3%95%e4%ba%b2%e6%b5%8b%e6%9c%89
3872	jiaocheng	海外党访问国内服务，qq註冊遇到麻烦？	2025-08-18 10:20:31	%e6%b5%b7%e5%a4%96%e5%85%9a%e8%ae%bf%e9%97%ae%e5%9b%bd%e5%86%85%e6%9c%8d%e5%8a%a1%ef%bc%8cqq%e8%a8%bb%e5%86%8a%e9%81%87%e5%88%b0%e9%ba%bb%e7%83%a6%ef%bc%9f
3871	jiaocheng	豆瓣fm海外：海外党访问国内受限服务的实际体验与解决之道	2025-08-18 10:20:30	%e8%b1%86%e7%93%a3fm%e6%b5%b7%e5%a4%96%ef%bc%9a%e6%b5%b7%e5%a4%96%e5%85%9a%e8%ae%bf%e9%97%ae%e5%9b%bd%e5%86%85%e5%8f%97%e9%99%90%e6%9c%8d%e5%8a%a1%e7%9a%84%e5%ae%9e%e9%99%85%e4%bd%93%e9%aa%8c%e4%b8%8e
3870	yingyin	电脑看视频怎么翻回内地？海外党亲测有效解决方法	2025-08-18 10:20:29	%e7%94%b5%e8%84%91%e7%9c%8b%e8%a7%86%e9%a2%91%e6%80%8e%e4%b9%88%e7%bf%bb%e5%9b%9e%e5%86%85%e5%9c%b0%ef%bc%9f%e6%b5%b7%e5%a4%96%e5%85%9a%e4%ba%b2%e6%b5%8b%e6%9c%89%e6%95%88%e8%a7%a3%e5%86%b3%e6%96%b9
3869	yingyin	迪拜为什么不能视频聊天？海外党访问国内服务解决方案	2025-08-18 10:20:27	%e8%bf%aa%e6%8b%9c%e4%b8%ba%e4%bb%80%e4%b9%88%e4%b8%8d%e8%83%bd%e8%a7%86%e9%a2%91%e8%81%8a%e5%a4%a9%ef%bc%9f%e6%b5%b7%e5%a4%96%e5%85%9a%e8%ae%bf%e9%97%ae%e5%9b%bd%e5%86%85%e6%9c%8d%e5%8a%a1%e8%a7%a3
3868	yingyin	迪拜不能语音视频怎么办？海外党回国网络经验分享	2025-08-18 10:20:26	%e8%bf%aa%e6%8b%9c%e4%b8%8d%e8%83%bd%e8%af%ad%e9%9f%b3%e8%a7%86%e9%a2%91%e6%80%8e%e4%b9%88%e5%8a%9e%ef%bc%9f%e6%b5%b7%e5%a4%96%e5%85%9a%e5%9b%9e%e5%9b%bd%e7%bd%91%e7%bb%9c%e7%bb%8f%e9%aa%8c%e5%88%86
3867	jiaocheng	穿梭加速器下载，海外访问国内服务无忧（亲测有效）	2025-08-18 10:20:24	%e7%a9%bf%e6%a2%ad%e5%8a%a0%e9%80%9f%e5%99%a8%e4%b8%8b%e8%bd%bd%ef%bc%8c%e6%b5%b7%e5%a4%96%e8%ae%bf%e9%97%ae%e5%9b%bd%e5%86%85%e6%9c%8d%e5%8a%a1%e6%97%a0%e5%bf%a7%ef%bc%88%e4%ba%b2%e6%b5%8b%e6%9c%89
3866	jiaocheng	穿梭vpn好用吗，海外党如何顺畅访问国内网络 - 副本	2025-08-18 10:20:22	%e7%a9%bf%e6%a2%advpn%e5%a5%bd%e7%94%a8%e5%90%97%ef%bc%8c%e6%b5%b7%e5%a4%96%e5%85%9a%e5%a6%82%e4%bd%95%e9%a1%ba%e7%95%85%e8%ae%bf%e9%97%ae%e5%9b%bd%e5%86%85%e7%bd%91%e7%bb%9c-%e5%89%af%e6%9c%ac
3865	jiaocheng	百度網盤香港註冊：海外黨如何順暢訪問國內精彩	2025-08-18 10:20:20	%e7%99%be%e5%ba%a6%e7%b6%b2%e7%9b%a4%e9%a6%99%e6%b8%af%e8%a8%bb%e5%86%8a%ef%bc%9a%e6%b5%b7%e5%a4%96%e9%bb%a8%e5%a6%82%e4%bd%95%e9%a0%86%e6%9a%a2%e8%a8%aa%e5%95%8f%e5%9c%8b%e5%85%a7%e7%b2%be%e5%bd%a9
3864	jiaocheng	阿里雲盤海外註冊 与国内服务访问那些事儿	2025-08-18 10:20:17	%e9%98%bf%e9%87%8c%e9%9b%b2%e7%9b%a4%e6%b5%b7%e5%a4%96%e8%a8%bb%e5%86%8a-%e4%b8%8e%e5%9b%bd%e5%86%85%e6%9c%8d%e5%8a%a1%e8%ae%bf%e9%97%ae%e9%82%a3%e4%ba%9b%e4%ba%8b%e5%84%bf
3863	jiaocheng	海外党如何顺畅访问国内服务？回國vpn免費背后的真实原因与解决之道	2025-08-14 10:29:35	%e6%b5%b7%e5%a4%96%e5%85%9a%e5%a6%82%e4%bd%95%e9%a1%ba%e7%95%85%e8%ae%bf%e9%97%ae%e5%9b%bd%e5%86%85%e6%9c%8d%e5%8a%a1%ef%bc%9f%e5%9b%9e%e5%9c%8bvpn%e5%85%8d%e8%b2%bb%e8%83%8c%e5%90%8e%e7%9a%84
3862	jiaocheng	海外党如何顺畅翻墙到中国？回国网络难题破解	2025-08-14 10:29:33	%e6%b5%b7%e5%a4%96%e5%85%9a%e5%a6%82%e4%bd%95%e9%a1%ba%e7%95%85%e7%bf%bb%e5%a2%99%e5%88%b0%e4%b8%ad%e5%9b%bd%ef%bc%9f%e5%9b%9e%e5%9b%bd%e7%bd%91%e7%bb%9c%e9%9a%be%e9%a2%98%e7%a0%b4%e8%a7%a3
3861	jiaocheng	海外党如何让 chrome加速器 恢复访问国内服务	2025-08-14 10:29:31	%e6%b5%b7%e5%a4%96%e5%85%9a%e5%a6%82%e4%bd%95%e8%ae%a9-chrome%e5%8a%a0%e9%80%9f%e5%99%a8-%e6%81%a2%e5%a4%8d%e8%ae%bf%e9%97%ae%e5%9b%bd%e5%86%85%e6%9c%8d%e5%8a%a1
3860	jiaocheng	海外党如何解决雲視聽小電視ios访问受限？	2025-08-14 10:29:29	%e6%b5%b7%e5%a4%96%e5%85%9a%e5%a6%82%e4%bd%95%e8%a7%a3%e5%86%b3%e9%9b%b2%e8%a6%96%e8%81%bd%e5%b0%8f%e9%9b%bb%e8%a6%96ios%e8%ae%bf%e9%97%ae%e5%8f%97%e9%99%90%ef%bc%9f
3859	jiaocheng	海外党困扰：咪咕海外註冊与国内服务访问难题	2025-08-14 10:29:27	%e6%b5%b7%e5%a4%96%e5%85%9a%e5%9b%b0%e6%89%b0%ef%bc%9a%e5%92%aa%e5%92%95%e6%b5%b7%e5%a4%96%e8%a8%bb%e5%86%8a%e4%b8%8e%e5%9b%bd%e5%86%85%e6%9c%8d%e5%8a%a1%e8%ae%bf%e9%97%ae%e9%9a%be%e9%a2%98
3858	jiaocheng	海外党机场搭建遇阻？回国网络这块得这么办	2025-08-14 10:29:25	%e6%b5%b7%e5%a4%96%e5%85%9a%e6%9c%ba%e5%9c%ba%e6%90%ad%e5%bb%ba%e9%81%87%e9%98%bb%ef%bc%9f%e5%9b%9e%e5%9b%bd%e7%bd%91%e7%bb%9c%e8%bf%99%e5%9d%97%e5%be%97%e8%bf%99%e4%b9%88%e5%8a%9e
3857	jiaocheng	海外党回国网络痛点：中囯vpn怎么解决？	2025-08-14 10:29:23	%e6%b5%b7%e5%a4%96%e5%85%9a%e5%9b%9e%e5%9b%bd%e7%bd%91%e7%bb%9c%e7%97%9b%e7%82%b9%ef%bc%9a%e4%b8%ad%e5%9b%afvpn%e6%80%8e%e4%b9%88%e8%a7%a3%e5%86%b3%ef%bc%9f
3856	jiaocheng	海外党回国难？试试这个 vpn推薦 解锁国内精彩	2025-08-14 10:29:21	%e6%b5%b7%e5%a4%96%e5%85%9a%e5%9b%9e%e5%9b%bd%e9%9a%be%ef%bc%9f%e8%af%95%e8%af%95%e8%bf%99%e4%b8%aa-vpn%e6%8e%a8%e8%96%a6-%e8%a7%a3%e9%94%81%e5%9b%bd%e5%86%85%e7%b2%be%e5%bd%a9
3855	jiaocheng	海外党回国节点怎么选？亲测有效访问国内服务	2025-08-14 10:29:19	%e6%b5%b7%e5%a4%96%e5%85%9a%e5%9b%9e%e5%9b%bd%e8%8a%82%e7%82%b9%e6%80%8e%e4%b9%88%e9%80%89%ef%bc%9f%e4%ba%b2%e6%b5%8b%e6%9c%89%e6%95%88%e8%ae%bf%e9%97%ae%e5%9b%bd%e5%86%85%e6%9c%8d%e5%8a%a1
3854	jiaocheng	海外党回国：穿梭VPNPTT 的那些事儿	2025-08-14 10:29:17	%e6%b5%b7%e5%a4%96%e5%85%9a%e5%9b%9e%e5%9b%bd%ef%bc%9a%e7%a9%bf%e6%a2%advpnptt-%e7%9a%84%e9%82%a3%e4%ba%9b%e4%ba%8b%e5%84%bf
3853	yingyin	海外党访问哔哩哔哩港澳台，为什么不行？简单方法解决	2025-08-14 10:29:16	%e6%b5%b7%e5%a4%96%e5%85%9a%e8%ae%bf%e9%97%ae%e5%93%94%e5%93%a9%e5%93%94%e5%93%a9%e6%b8%af%e6%be%b3%e5%8f%b0%ef%bc%8c%e4%b8%ba%e4%bb%80%e4%b9%88%e4%b8%8d%e8%a1%8c%ef%bc%9f%e7%ae%80%e5%8d%95%e6%96%b9
3852	jiaocheng	海外党电脑翻墙访问国内服务：真实经验与解决之道	2025-08-14 10:29:14	%e6%b5%b7%e5%a4%96%e5%85%9a%e7%94%b5%e8%84%91%e7%bf%bb%e5%a2%99%e8%ae%bf%e9%97%ae%e5%9b%bd%e5%86%85%e6%9c%8d%e5%8a%a1%ef%bc%9a%e7%9c%9f%e5%ae%9e%e7%bb%8f%e9%aa%8c%e4%b8%8e%e8%a7%a3%e5%86%b3%e4%b9%8b
3851	jiaocheng	海外党：夸克海外注册怎么破？访问国内受限服务亲测有效	2025-08-14 10:29:12	%e6%b5%b7%e5%a4%96%e5%85%9a%ef%bc%9a%e5%a4%b8%e5%85%8b%e6%b5%b7%e5%a4%96%e6%b3%a8%e5%86%8c%e6%80%8e%e4%b9%88%e7%a0%b4%ef%bc%9f%e8%ae%bf%e9%97%ae%e5%9b%bd%e5%86%85%e5%8f%97%e9%99%90%e6%9c%8d%e5%8a%a1
3850	jiaocheng	海外党：clash回国机场，这些国内服务连不上怎么办？	2025-08-14 10:29:10	%e6%b5%b7%e5%a4%96%e5%85%9a%ef%bc%9aclash%e5%9b%9e%e5%9b%bd%e6%9c%ba%e5%9c%ba%ef%bc%8c%e8%bf%99%e4%ba%9b%e5%9b%bd%e5%86%85%e6%9c%8d%e5%8a%a1%e8%bf%9e%e4%b8%8d%e4%b8%8a%e6%80%8e%e4%b9%88%e5%8a%9e
3849	jiaocheng	海外qq注册也遇到麻烦？国内服务访问全攻略	2025-08-14 10:29:08	%e6%b5%b7%e5%a4%96qq%e6%b3%a8%e5%86%8c%e4%b9%9f%e9%81%87%e5%88%b0%e9%ba%bb%e7%83%a6%ef%bc%9f%e5%9b%bd%e5%86%85%e6%9c%8d%e5%8a%a1%e8%ae%bf%e9%97%ae%e5%85%a8%e6%94%bb%e7%95%a5
3848	jiaocheng	海外ip地址困扰？国内服务访问受限的原因及回国网络解决方案	2025-08-14 10:29:06	%e6%b5%b7%e5%a4%96ip%e5%9c%b0%e5%9d%80%e5%9b%b0%e6%89%b0%ef%bc%9f%e5%9b%bd%e5%86%85%e6%9c%8d%e5%8a%a1%e8%ae%bf%e9%97%ae%e5%8f%97%e9%99%90%e7%9a%84%e5%8e%9f%e5%9b%a0%e5%8f%8a%e5%9b%9e%e5%9b%bd%e7%bd%91
3847	jiaocheng	还在为永久免費回國vpn烦恼？试试这些方法	2025-08-14 10:29:04	%e8%bf%98%e5%9c%a8%e4%b8%ba%e6%b0%b8%e4%b9%85%e5%85%8d%e8%b2%bb%e5%9b%9e%e5%9c%8bvpn%e7%83%a6%e6%81%bc%ef%bc%9f%e8%af%95%e8%af%95%e8%bf%99%e4%ba%9b%e6%96%b9%e6%b3%95
3846	tiyu	还在为 cctv5+海外频道 受限烦恼？亲测有效的回国网络解决方案	2025-08-14 10:29:02	%e8%bf%98%e5%9c%a8%e4%b8%ba-cctv5%e6%b5%b7%e5%a4%96%e9%a2%91%e9%81%93-%e5%8f%97%e9%99%90%e7%83%a6%e6%81%bc%ef%bc%9f%e4%ba%b2%e6%b5%8b%e6%9c%89%e6%95%88%e7%9a%84%e5%9b%9e%e5%9b%bd%e7%bd%91%e7%bb%9c
3845	yingyin	翻墙看电影难？海外党回国网络全知道	2025-08-14 10:29:00	%e7%bf%bb%e5%a2%99%e7%9c%8b%e7%94%b5%e5%bd%b1%e9%9a%be%ef%bc%9f%e6%b5%b7%e5%a4%96%e5%85%9a%e5%9b%9e%e5%9b%bd%e7%bd%91%e7%bb%9c%e5%85%a8%e7%9f%a5%e9%81%93
3844	jiaocheng	電腦怎麼翻牆访问国内应用？海外党必看解决方法	2025-08-14 10:28:58	%e9%9b%bb%e8%85%a6%e6%80%8e%e9%ba%bc%e7%bf%bb%e7%89%86%e8%ae%bf%e9%97%ae%e5%9b%bd%e5%86%85%e5%ba%94%e7%94%a8%ef%bc%9f%e6%b5%b7%e5%a4%96%e5%85%9a%e5%bf%85%e7%9c%8b%e8%a7%a3%e5%86%b3%e6%96%b9%e6%b3%95
3843	yingyin	迪拜为啥不能微信视频？海外党访问国内服务的那些事儿	2025-08-14 10:28:56	%e8%bf%aa%e6%8b%9c%e4%b8%ba%e5%95%a5%e4%b8%8d%e8%83%bd%e5%be%ae%e4%bf%a1%e8%a7%86%e9%a2%91%ef%bc%9f%e6%b5%b7%e5%a4%96%e5%85%9a%e8%ae%bf%e9%97%ae%e5%9b%bd%e5%86%85%e6%9c%8d%e5%8a%a1%e7%9a%84%e9%82%a3
3842	jiaocheng	迪拜微信打不了语音电话怎么办？海外党亲测好用	2025-08-14 10:28:54	%e8%bf%aa%e6%8b%9c%e5%be%ae%e4%bf%a1%e6%89%93%e4%b8%8d%e4%ba%86%e8%af%ad%e9%9f%b3%e7%94%b5%e8%af%9d%e6%80%8e%e4%b9%88%e5%8a%9e%ef%bc%9f%e6%b5%b7%e5%a4%96%e5%85%9a%e4%ba%b2%e6%b5%8b%e5%a5%bd%e7%94%a8
3841	jiaocheng	穿梭vpn怎么用最全讲解（海外党亲测有效）	2025-08-14 10:28:52	%e7%a9%bf%e6%a2%advpn%e6%80%8e%e4%b9%88%e7%94%a8%e6%9c%80%e5%85%a8%e8%ae%b2%e8%a7%a3%ef%bc%88%e6%b5%b7%e5%a4%96%e5%85%9a%e4%ba%b2%e6%b5%8b%e6%9c%89%e6%95%88%ef%bc%89
3840	jiaocheng	阿联酋用不了微信电话怎么办？海外党亲测解决方案	2025-08-14 10:28:49	%e9%98%bf%e8%81%94%e9%85%8b%e7%94%a8%e4%b8%8d%e4%ba%86%e5%be%ae%e4%bf%a1%e7%94%b5%e8%af%9d%e6%80%8e%e4%b9%88%e5%8a%9e%ef%bc%9f%e6%b5%b7%e5%a4%96%e5%85%9a%e4%ba%b2%e6%b5%8b%e8%a7%a3%e5%86%b3%e6%96%b9
3838	tiyu	海外用户观看 cctv5線上直播 遇到的那些事儿	2025-08-02 10:37:21	%e6%b5%b7%e5%a4%96%e7%94%a8%e6%88%b7%e8%a7%82%e7%9c%8b-cctv5%e7%b7%9a%e4%b8%8a%e7%9b%b4%e6%92%ad-%e9%81%87%e5%88%b0%e7%9a%84%e9%82%a3%e4%ba%9b%e4%ba%8b%e5%84%bf
3837	jiaocheng	海外用户访问国内网站的难题与真实回国方法	2025-08-02 10:37:19	%e6%b5%b7%e5%a4%96%e7%94%a8%e6%88%b7%e8%ae%bf%e9%97%ae%e5%9b%bd%e5%86%85%e7%bd%91%e7%ab%99%e7%9a%84%e9%9a%be%e9%a2%98%e4%b8%8e%e7%9c%9f%e5%ae%9e%e5%9b%9e%e5%9b%bd%e6%96%b9%e6%b3%95
3836	tiyu	海外收看cctv5怎么办？解决国内访问限制	2025-08-02 10:37:18	%e6%b5%b7%e5%a4%96%e6%94%b6%e7%9c%8bcctv5%e6%80%8e%e4%b9%88%e5%8a%9e%ef%bc%9f%e8%a7%a3%e5%86%b3%e5%9b%bd%e5%86%85%e8%ae%bf%e9%97%ae%e9%99%90%e5%88%b6
3835	jiaocheng	海外如何顺畅访问国内服务？番茄回国vpn的实用参考	2025-08-02 10:37:16	%e6%b5%b7%e5%a4%96%e5%a6%82%e4%bd%95%e9%a1%ba%e7%95%85%e8%ae%bf%e9%97%ae%e5%9b%bd%e5%86%85%e6%9c%8d%e5%8a%a1%ef%bc%9f%e7%95%aa%e8%8c%84%e5%9b%9e%e5%9b%bdvpn%e7%9a%84%e5%ae%9e%e7%94%a8%e5%8f%82
3834	jiaocheng	海外如何进行回国线路搭建？轻松访问国内受限服务	2025-08-02 10:37:15	%e6%b5%b7%e5%a4%96%e5%a6%82%e4%bd%95%e8%bf%9b%e8%a1%8c%e5%9b%9e%e5%9b%bd%e7%ba%bf%e8%b7%af%e6%90%ad%e5%bb%ba%ef%bc%9f%e8%bd%bb%e6%9d%be%e8%ae%bf%e9%97%ae%e5%9b%bd%e5%86%85%e5%8f%97%e9%99%90%e6%9c%8d
3833	yingyin	海外朋友看爱奇艺地区限制怎么办？国内服务解锁经验分享	2025-08-02 10:37:13	%e6%b5%b7%e5%a4%96%e6%9c%8b%e5%8f%8b%e7%9c%8b%e7%88%b1%e5%a5%87%e8%89%ba%e5%9c%b0%e5%8c%ba%e9%99%90%e5%88%b6%e6%80%8e%e4%b9%88%e5%8a%9e%ef%bc%9f%e5%9b%bd%e5%86%85%e6%9c%8d%e5%8a%a1%e8%a7%a3%e9%94%81
3832	jiaocheng	海外留学生如何解决访问国内服务受限问题？留学生VPN是关键	2025-08-02 10:37:11	%e6%b5%b7%e5%a4%96%e7%95%99%e5%ad%a6%e7%94%9f%e5%a6%82%e4%bd%95%e8%a7%a3%e5%86%b3%e8%ae%bf%e9%97%ae%e5%9b%bd%e5%86%85%e6%9c%8d%e5%8a%a1%e5%8f%97%e9%99%90%e9%97%ae%e9%a2%98%ef%bc%9f%e7%95%99%e5%ad%a6
3831	jiaocheng	海外看cctv那些事儿：解锁国内服务限制	2025-08-02 10:37:10	%e6%b5%b7%e5%a4%96%e7%9c%8bcctv%e9%82%a3%e4%ba%9b%e4%ba%8b%e5%84%bf%ef%bc%9a%e8%a7%a3%e9%94%81%e5%9b%bd%e5%86%85%e6%9c%8d%e5%8a%a1%e9%99%90%e5%88%b6
3830	youxi	海外回国游戏加速器：让国内网络服务畅通无阻	2025-08-02 10:37:08	%e6%b5%b7%e5%a4%96%e5%9b%9e%e5%9b%bd%e6%b8%b8%e6%88%8f%e5%8a%a0%e9%80%9f%e5%99%a8%ef%bc%9a%e8%ae%a9%e5%9b%bd%e5%86%85%e7%bd%91%e7%bb%9c%e6%9c%8d%e5%8a%a1%e7%95%85%e9%80%9a%e6%97%a0%e9%98%bb
3829	jiaocheng	海外访问中国节点：那些不顺畅的瞬间与解决之道	2025-08-02 10:37:07	%e6%b5%b7%e5%a4%96%e8%ae%bf%e9%97%ae%e4%b8%ad%e5%9b%bd%e8%8a%82%e7%82%b9%ef%bc%9a%e9%82%a3%e4%ba%9b%e4%b8%8d%e9%a1%ba%e7%95%85%e7%9a%84%e7%9e%ac%e9%97%b4%e4%b8%8e%e8%a7%a3%e5%86%b3%e4%b9%8b%e9%81%93
3828	jiaocheng	海外访问受限？国内IP地址问题的亲测解决之道	2025-08-02 10:37:05	%e6%b5%b7%e5%a4%96%e8%ae%bf%e9%97%ae%e5%8f%97%e9%99%90%ef%bc%9f%e5%9b%bd%e5%86%85ip%e5%9c%b0%e5%9d%80%e9%97%ae%e9%a2%98%e7%9a%84%e4%ba%b2%e6%b5%8b%e8%a7%a3%e5%86%b3%e4%b9%8b%e9%81%93
3827	jiaocheng	海外访问酷狗破解？这里有真实有效的回国网络解决之道	2025-08-02 10:37:04	%e6%b5%b7%e5%a4%96%e8%ae%bf%e9%97%ae%e9%85%b7%e7%8b%97%e7%a0%b4%e8%a7%a3%ef%bc%9f%e8%bf%99%e9%87%8c%e6%9c%89%e7%9c%9f%e5%ae%9e%e6%9c%89%e6%95%88%e7%9a%84%e5%9b%9e%e5%9b%bd%e7%bd%91%e7%bb%9c%e8%a7%a3
3826	jiaocheng	海外访问国内网站的那些事儿，亲测有效的方法在这里	2025-08-02 10:37:02	%e6%b5%b7%e5%a4%96%e8%ae%bf%e9%97%ae%e5%9b%bd%e5%86%85%e7%bd%91%e7%ab%99%e7%9a%84%e9%82%a3%e4%ba%9b%e4%ba%8b%e5%84%bf%ef%bc%8c%e4%ba%b2%e6%b5%8b%e6%9c%89%e6%95%88%e7%9a%84%e6%96%b9%e6%b3%95%e5%9c%a8
3825	jiaocheng	海外访问国内服务受限？穿梭chrome的实用回国网络之道	2025-08-02 10:37:00	%e6%b5%b7%e5%a4%96%e8%ae%bf%e9%97%ae%e5%9b%bd%e5%86%85%e6%9c%8d%e5%8a%a1%e5%8f%97%e9%99%90%ef%bc%9f%e7%a9%bf%e6%a2%adchrome%e7%9a%84%e5%ae%9e%e7%94%a8%e5%9b%9e%e5%9b%bd%e7%bd%91%e7%bb%9c%e4%b9%8b
3824	jiaocheng	海外访问国内服务？聊聊永劫改地區的那些事	2025-08-02 10:36:59	%e6%b5%b7%e5%a4%96%e8%ae%bf%e9%97%ae%e5%9b%bd%e5%86%85%e6%9c%8d%e5%8a%a1%ef%bc%9f%e8%81%8a%e8%81%8a%e6%b0%b8%e5%8a%ab%e6%94%b9%e5%9c%b0%e5%8d%80%e7%9a%84%e9%82%a3%e4%ba%9b%e4%ba%8b
3823	jiaocheng	海外访问国内服务，回国节点机场怎么办？	2025-08-02 10:36:57	%e6%b5%b7%e5%a4%96%e8%ae%bf%e9%97%ae%e5%9b%bd%e5%86%85%e6%9c%8d%e5%8a%a1%ef%bc%8c%e5%9b%9e%e5%9b%bd%e8%8a%82%e7%82%b9%e6%9c%ba%e5%9c%ba%e6%80%8e%e4%b9%88%e5%8a%9e%ef%bc%9f
3822	jiaocheng	海外访问国内服务，翻墙必看知乎这些事儿	2025-08-02 10:36:56	%e6%b5%b7%e5%a4%96%e8%ae%bf%e9%97%ae%e5%9b%bd%e5%86%85%e6%9c%8d%e5%8a%a1%ef%bc%8c%e7%bf%bb%e5%a2%99%e5%bf%85%e7%9c%8b%e7%9f%a5%e4%b9%8e%e8%bf%99%e4%ba%9b%e4%ba%8b%e5%84%bf
3821	jiaocheng	海外访问国内服务，fly2cn 的常见困扰与解决之道	2025-08-02 10:36:54	%e6%b5%b7%e5%a4%96%e8%ae%bf%e9%97%ae%e5%9b%bd%e5%86%85%e6%9c%8d%e5%8a%a1%ef%bc%8cfly2cn-%e7%9a%84%e5%b8%b8%e8%a7%81%e5%9b%b0%e6%89%b0%e4%b8%8e%e8%a7%a3%e5%86%b3%e4%b9%8b%e9%81%93
3820	jiaocheng	海外访问愛奇藝大陸版vpn 的那些事儿	2025-08-02 10:36:53	%e6%b5%b7%e5%a4%96%e8%ae%bf%e9%97%ae%e6%84%9b%e5%a5%87%e8%97%9d%e5%a4%a7%e9%99%b8%e7%89%88vpn-%e7%9a%84%e9%82%a3%e4%ba%9b%e4%ba%8b%e5%84%bf
3819	yinyue	海外访问QQ音乐台湾iOS受限？这些原因和“回家”办法你得知道	2025-08-02 10:36:51	%e6%b5%b7%e5%a4%96%e8%ae%bf%e9%97%aeqq%e9%9f%b3%e4%b9%90%e5%8f%b0%e6%b9%beios%e5%8f%97%e9%99%90%ef%bc%9f%e8%bf%99%e4%ba%9b%e5%8e%9f%e5%9b%a0%e5%92%8c%e5%9b%9e%e5%ae%b6%e5%8a%9e
3818	jiaocheng	海外访问golink好用吗？解决访问受限的经验分享	2025-08-02 10:36:50	%e6%b5%b7%e5%a4%96%e8%ae%bf%e9%97%aegolink%e5%a5%bd%e7%94%a8%e5%90%97%ef%bc%9f%e8%a7%a3%e5%86%b3%e8%ae%bf%e9%97%ae%e5%8f%97%e9%99%90%e7%9a%84%e7%bb%8f%e9%aa%8c%e5%88%86%e4%ba%ab
3817	yingyin	海外访问b站ptt，这些服务受限如何破？	2025-08-02 10:36:48	%e6%b5%b7%e5%a4%96%e8%ae%bf%e9%97%aeb%e7%ab%99ptt%ef%bc%8c%e8%bf%99%e4%ba%9b%e6%9c%8d%e5%8a%a1%e5%8f%97%e9%99%90%e5%a6%82%e4%bd%95%e7%a0%b4%ef%bc%9f
3816	jiaocheng	海外访问 malus加速器ptt？这些国内服务限制就这样解决	2025-08-02 10:36:46	%e6%b5%b7%e5%a4%96%e8%ae%bf%e9%97%ae-malus%e5%8a%a0%e9%80%9f%e5%99%a8ptt%ef%bc%9f%e8%bf%99%e4%ba%9b%e5%9b%bd%e5%86%85%e6%9c%8d%e5%8a%a1%e9%99%90%e5%88%b6%e5%b0%b1%e8%bf%99%e6%a0%b7%e8%a7%a3%e5%86%b3
3815	yingyin	海外电影网站怎么办？回国网络卡顿的真实原因与解决之道	2025-08-02 10:36:45	%e6%b5%b7%e5%a4%96%e7%94%b5%e5%bd%b1%e7%bd%91%e7%ab%99%e6%80%8e%e4%b9%88%e5%8a%9e%ef%bc%9f%e5%9b%9e%e5%9b%bd%e7%bd%91%e7%bb%9c%e5%8d%a1%e9%a1%bf%e7%9a%84%e7%9c%9f%e5%ae%9e%e5%8e%9f%e5%9b%a0%e4%b8%8e
3814	jiaocheng	海外地区限制无法观看怎么办？亲测有效的回国网络解决办法	2025-08-02 10:36:42	%e6%b5%b7%e5%a4%96%e5%9c%b0%e5%8c%ba%e9%99%90%e5%88%b6%e6%97%a0%e6%b3%95%e8%a7%82%e7%9c%8b%e6%80%8e%e4%b9%88%e5%8a%9e%ef%bc%9f%e4%ba%b2%e6%b5%8b%e6%9c%89%e6%95%88%e7%9a%84%e5%9b%9e%e5%9b%bd%e7%bd%91
3813	jiaocheng	海外党如何畅游国内网络？vpn加速器是关键	2025-07-31 18:25:21	%e6%b5%b7%e5%a4%96%e5%85%9a%e5%a6%82%e4%bd%95%e7%95%85%e6%b8%b8%e5%9b%bd%e5%86%85%e7%bd%91%e7%bb%9c%ef%bc%9fvpn%e5%8a%a0%e9%80%9f%e5%99%a8%e6%98%af%e5%85%b3%e9%94%ae
3812	jiaocheng	海外党亲测：回国加速器让国内服务不再是奢望	2025-07-31 18:25:20	%e6%b5%b7%e5%a4%96%e5%85%9a%e4%ba%b2%e6%b5%8b%ef%bc%9a%e5%9b%9e%e5%9b%bd%e5%8a%a0%e9%80%9f%e5%99%a8%e8%ae%a9%e5%9b%bd%e5%86%85%e6%9c%8d%e5%8a%a1%e4%b8%8d%e5%86%8d%e6%98%af%e5%a5%a2%e6%9c%9b
3811	jiaocheng	海外党们，你们的翻墙上网体验怎么样？	2025-07-31 18:25:18	%e6%b5%b7%e5%a4%96%e5%85%9a%e4%bb%ac%ef%bc%8c%e4%bd%a0%e4%bb%ac%e7%9a%84%e7%bf%bb%e5%a2%99%e4%b8%8a%e7%bd%91%e4%bd%93%e9%aa%8c%e6%80%8e%e4%b9%88%e6%a0%b7%ef%bc%9f
3810	jiaocheng	海外党回国网络难题？快帆加速器及回国加速器亲测分享	2025-07-31 18:25:17	%e6%b5%b7%e5%a4%96%e5%85%9a%e5%9b%9e%e5%9b%bd%e7%bd%91%e7%bb%9c%e9%9a%be%e9%a2%98%ef%bc%9f%e5%bf%ab%e5%b8%86%e5%8a%a0%e9%80%9f%e5%99%a8%e5%8f%8a%e5%9b%9e%e5%9b%bd%e5%8a%a0%e9%80%9f%e5%99%a8%e4%ba%b2
3809	jiaocheng	海外党回国上网，翻墙技术究竟怎么用？	2025-07-31 18:25:15	%e6%b5%b7%e5%a4%96%e5%85%9a%e5%9b%9e%e5%9b%bd%e4%b8%8a%e7%bd%91%ef%bc%8c%e7%bf%bb%e5%a2%99%e6%8a%80%e6%9c%af%e7%a9%b6%e7%ab%9f%e6%80%8e%e4%b9%88%e7%94%a8%ef%bc%9f
3808	jiaocheng	海外党回国路漫漫，VPN机场帮你打通	2025-07-31 18:25:13	%e6%b5%b7%e5%a4%96%e5%85%9a%e5%9b%9e%e5%9b%bd%e8%b7%af%e6%bc%ab%e6%bc%ab%ef%bc%8cvpn%e6%9c%ba%e5%9c%ba%e5%b8%ae%e4%bd%a0%e6%89%93%e9%80%9a
3807	jiaocheng	海外党回国访问受限：解除地區限制的真实体验	2025-07-31 18:25:12	%e6%b5%b7%e5%a4%96%e5%85%9a%e5%9b%9e%e5%9b%bd%e8%ae%bf%e9%97%ae%e5%8f%97%e9%99%90%ef%bc%9a%e8%a7%a3%e9%99%a4%e5%9c%b0%e5%8d%80%e9%99%90%e5%88%b6%e7%9a%84%e7%9c%9f%e5%ae%9e%e4%bd%93%e9%aa%8c
3806	jiaocheng	海外党回国vpn难？这些国内服务限制就这样解决	2025-07-31 18:25:10	%e6%b5%b7%e5%a4%96%e5%85%9a%e5%9b%9e%e5%9b%bdvpn%e9%9a%be%ef%bc%9f%e8%bf%99%e4%ba%9b%e5%9b%bd%e5%86%85%e6%9c%8d%e5%8a%a1%e9%99%90%e5%88%b6%e5%b0%b1%e8%bf%99%e6%a0%b7%e8%a7%a3%e5%86%b3
3805	jiaocheng	海外党访问受限服务：回國加速器推薦怎么选？	2025-07-31 18:25:09	%e6%b5%b7%e5%a4%96%e5%85%9a%e8%ae%bf%e9%97%ae%e5%8f%97%e9%99%90%e6%9c%8d%e5%8a%a1%ef%bc%9a%e5%9b%9e%e5%9c%8b%e5%8a%a0%e9%80%9f%e5%99%a8%e6%8e%a8%e8%96%a6%e6%80%8e%e4%b9%88%e9%80%89%ef%bc%9f
3804	jiaocheng	海外党访问国内服务：翻墙加速器如何解决区域限制	2025-07-31 18:25:07	%e6%b5%b7%e5%a4%96%e5%85%9a%e8%ae%bf%e9%97%ae%e5%9b%bd%e5%86%85%e6%9c%8d%e5%8a%a1%ef%bc%9a%e7%bf%bb%e5%a2%99%e5%8a%a0%e9%80%9f%e5%99%a8%e5%a6%82%e4%bd%95%e8%a7%a3%e5%86%b3%e5%8c%ba%e5%9f%9f%e9%99%90
3803	jiaocheng	海外党访问wechat影音號，服务受限原来是这样	2025-07-31 18:25:05	%e6%b5%b7%e5%a4%96%e5%85%9a%e8%ae%bf%e9%97%aewechat%e5%bd%b1%e9%9f%b3%e8%99%9f%ef%bc%8c%e6%9c%8d%e5%8a%a1%e5%8f%97%e9%99%90%e5%8e%9f%e6%9d%a5%e6%98%af%e8%bf%99%e6%a0%b7
3802	jiaocheng	海外党访问 clash中国节点：如何畅享国内流媒体与政务服务	2025-07-31 18:25:04	%e6%b5%b7%e5%a4%96%e5%85%9a%e8%ae%bf%e9%97%ae-clash%e4%b8%ad%e5%9b%bd%e8%8a%82%e7%82%b9%ef%bc%9a%e5%a6%82%e4%bd%95%e7%95%85%e4%ba%ab%e5%9b%bd%e5%86%85%e6%b5%81%e5%aa%92%e4%bd%93%e4%b8%8e%e6%94%bf
3801	jiaocheng	海外党常纠结的喜馬拉雅國際版差別与国内服务访问	2025-07-31 18:25:02	%e6%b5%b7%e5%a4%96%e5%85%9a%e5%b8%b8%e7%ba%a0%e7%bb%93%e7%9a%84%e5%96%9c%e9%a6%ac%e6%8b%89%e9%9b%85%e5%9c%8b%e9%9a%9b%e7%89%88%e5%b7%ae%e5%88%a5%e4%b8%8e%e5%9b%bd%e5%86%85%e6%9c%8d%e5%8a%a1%e8%ae%bf
3800	yinyue	海外qq音乐访问受限？亲测有效的回国网络解决方案	2025-07-31 18:25:01	%e6%b5%b7%e5%a4%96qq%e9%9f%b3%e4%b9%90%e8%ae%bf%e9%97%ae%e5%8f%97%e9%99%90%ef%bc%9f%e4%ba%b2%e6%b5%8b%e6%9c%89%e6%95%88%e7%9a%84%e5%9b%9e%e5%9b%bd%e7%bd%91%e7%bb%9c%e8%a7%a3%e5%86%b3%e6%96%b9%e6%a1%88
3799	tiyu	海外cctv5访问受限？这些国内服务也能用	2025-07-31 18:24:59	%e6%b5%b7%e5%a4%96cctv5%e8%ae%bf%e9%97%ae%e5%8f%97%e9%99%90%ef%bc%9f%e8%bf%99%e4%ba%9b%e5%9b%bd%e5%86%85%e6%9c%8d%e5%8a%a1%e4%b9%9f%e8%83%bd%e7%94%a8
3798	jiaocheng	翻牆回中國：海外党访问国内受限服务的真实体验与解决之道	2025-07-31 18:24:57	%e7%bf%bb%e7%89%86%e5%9b%9e%e4%b8%ad%e5%9c%8b%ef%bc%9a%e6%b5%b7%e5%a4%96%e5%85%9a%e8%ae%bf%e9%97%ae%e5%9b%bd%e5%86%85%e5%8f%97%e9%99%90%e6%9c%8d%e5%8a%a1%e7%9a%84%e7%9c%9f%e5%ae%9e%e4%bd%93%e9%aa%8c
3797	jiaocheng	翻墙回国VPN知乎怎么办？海外党亲测有效方法	2025-07-31 18:24:56	%e7%bf%bb%e5%a2%99%e5%9b%9e%e5%9b%bdvpn%e7%9f%a5%e4%b9%8e%e6%80%8e%e4%b9%88%e5%8a%9e%ef%bc%9f%e6%b5%b7%e5%a4%96%e5%85%9a%e4%ba%b2%e6%b5%8b%e6%9c%89%e6%95%88%e6%96%b9%e6%b3%95
3796	jiaocheng	迪拜微信通话不顺畅？这些国内服务海外访问难题终有解	2025-07-31 18:24:54	%e8%bf%aa%e6%8b%9c%e5%be%ae%e4%bf%a1%e9%80%9a%e8%af%9d%e4%b8%8d%e9%a1%ba%e7%95%85%ef%bc%9f%e8%bf%99%e4%ba%9b%e5%9b%bd%e5%86%85%e6%9c%8d%e5%8a%a1%e6%b5%b7%e5%a4%96%e8%ae%bf%e9%97%ae%e9%9a%be%e9%a2%98
3795	jiaocheng	穿梭破解版也难以尽兴？海外党回国网络那些事	2025-07-31 18:24:53	%e7%a9%bf%e6%a2%ad%e7%a0%b4%e8%a7%a3%e7%89%88%e4%b9%9f%e9%9a%be%e4%bb%a5%e5%b0%bd%e5%85%b4%ef%bc%9f%e6%b5%b7%e5%a4%96%e5%85%9a%e5%9b%9e%e5%9b%bd%e7%bd%91%e7%bb%9c%e9%82%a3%e4%ba%9b%e4%ba%8b
3794	jiaocheng	穿梭不能用了怎么办？海外党访问国内服务难题解析	2025-07-31 18:24:51	%e7%a9%bf%e6%a2%ad%e4%b8%8d%e8%83%bd%e7%94%a8%e4%ba%86%e6%80%8e%e4%b9%88%e5%8a%9e%ef%bc%9f%e6%b5%b7%e5%a4%96%e5%85%9a%e8%ae%bf%e9%97%ae%e5%9b%bd%e5%86%85%e6%9c%8d%e5%8a%a1%e9%9a%be%e9%a2%98%e8%a7%a3
3793	jiaocheng	百度贴吧海外版：那些让你抓狂的访问限制与亲测解决之道	2025-07-31 18:24:48	%e7%99%be%e5%ba%a6%e8%b4%b4%e5%90%a7%e6%b5%b7%e5%a4%96%e7%89%88%ef%bc%9a%e9%82%a3%e4%ba%9b%e8%ae%a9%e4%bd%a0%e6%8a%93%e7%8b%82%e7%9a%84%e8%ae%bf%e9%97%ae%e9%99%90%e5%88%b6%e4%b8%8e%e4%ba%b2%e6%b5%8b
3792	jiaocheng	阿里云盘注册海外如何顺畅访问国内服务？	2025-07-31 18:24:47	%e9%98%bf%e9%87%8c%e4%ba%91%e7%9b%98%e6%b3%a8%e5%86%8c%e6%b5%b7%e5%a4%96%e5%a6%82%e4%bd%95%e9%a1%ba%e7%95%85%e8%ae%bf%e9%97%ae%e5%9b%bd%e5%86%85%e6%9c%8d%e5%8a%a1%ef%bc%9f
3791	jiaocheng	阿里云盘海外访问受限怎么办？实用回国网络建议	2025-07-31 18:24:44	%e9%98%bf%e9%87%8c%e4%ba%91%e7%9b%98%e6%b5%b7%e5%a4%96%e8%ae%bf%e9%97%ae%e5%8f%97%e9%99%90%e6%80%8e%e4%b9%88%e5%8a%9e%ef%bc%9f%e5%ae%9e%e7%94%a8%e5%9b%9e%e5%9b%bd%e7%bd%91%e7%bb%9c%e5%bb%ba%e8%ae%ae
3789	jiaocheng	海外访问受限？快帆VPN免費的实用回国网络解答	2025-07-28 15:03:02	%e6%b5%b7%e5%a4%96%e8%ae%bf%e9%97%ae%e5%8f%97%e9%99%90%ef%bc%9f%e5%bf%ab%e5%b8%86vpn%e5%85%8d%e8%b2%bb%e7%9a%84%e5%ae%9e%e7%94%a8%e5%9b%9e%e5%9b%bd%e7%bd%91%e7%bb%9c%e8%a7%a3%e7%ad%94
3788	jiaocheng	海外访问受限？国内ip地址修改的实用回国网络之道	2025-07-28 15:03:00	%e6%b5%b7%e5%a4%96%e8%ae%bf%e9%97%ae%e5%8f%97%e9%99%90%ef%bc%9f%e5%9b%bd%e5%86%85ip%e5%9c%b0%e5%9d%80%e4%bf%ae%e6%94%b9%e7%9a%84%e5%ae%9e%e7%94%a8%e5%9b%9e%e5%9b%bd%e7%bd%91%e7%bb%9c%e4%b9%8b%e9%81%93
3787	jiaocheng	海外访问受限？阿里云盘加速帮你解决国内网络难题	2025-07-28 15:02:58	%e6%b5%b7%e5%a4%96%e8%ae%bf%e9%97%ae%e5%8f%97%e9%99%90%ef%bc%9f%e9%98%bf%e9%87%8c%e4%ba%91%e7%9b%98%e5%8a%a0%e9%80%9f%e5%b8%ae%e4%bd%a0%e8%a7%a3%e5%86%b3%e5%9b%bd%e5%86%85%e7%bd%91%e7%bb%9c%e9%9a%be
3786	jiaocheng	海外访问受限？vpn国内节点帮你解决大部分烦恼	2025-07-28 15:02:55	%e6%b5%b7%e5%a4%96%e8%ae%bf%e9%97%ae%e5%8f%97%e9%99%90%ef%bc%9fvpn%e5%9b%bd%e5%86%85%e8%8a%82%e7%82%b9%e5%b8%ae%e4%bd%a0%e8%a7%a3%e5%86%b3%e5%a4%a7%e9%83%a8%e5%88%86%e7%83%a6%e6%81%bc
3785	jiaocheng	穿梭不能用怎么办？海外回国网络问题实测解答	2025-07-28 15:02:53	%e7%a9%bf%e6%a2%ad%e4%b8%8d%e8%83%bd%e7%94%a8%e6%80%8e%e4%b9%88%e5%8a%9e%ef%bc%9f%e6%b5%b7%e5%a4%96%e5%9b%9e%e5%9b%bd%e7%bd%91%e7%bb%9c%e9%97%ae%e9%a2%98%e5%ae%9e%e6%b5%8b%e8%a7%a3%e7%ad%94
3784	jiaocheng	穿梭VPN安全吗？海外访问国内服务常见困扰及亲测有效解法	2025-07-28 15:02:50	%e7%a9%bf%e6%a2%advpn%e5%ae%89%e5%85%a8%e5%90%97%ef%bc%9f%e6%b5%b7%e5%a4%96%e8%ae%bf%e9%97%ae%e5%9b%bd%e5%86%85%e6%9c%8d%e5%8a%a1%e5%b8%b8%e8%a7%81%e5%9b%b0%e6%89%b0%e5%8f%8a%e4%ba%b2%e6%b5%8b
3783	yingyin	爱奇艺地区限制怎么办？海外党回国加速器亲测有效	2025-07-28 15:02:48	%e7%88%b1%e5%a5%87%e8%89%ba%e5%9c%b0%e5%8c%ba%e9%99%90%e5%88%b6%e6%80%8e%e4%b9%88%e5%8a%9e%ef%bc%9f%e6%b5%b7%e5%a4%96%e5%85%9a%e5%9b%9e%e5%9b%bd%e5%8a%a0%e9%80%9f%e5%99%a8%e4%ba%b2%e6%b5%8b%e6%9c%89
3782	yingyin	阿联酋微信不能视频，国内服务访问受限的那些事儿	2025-07-28 15:02:45	%e9%98%bf%e8%81%94%e9%85%8b%e5%be%ae%e4%bf%a1%e4%b8%8d%e8%83%bd%e8%a7%86%e9%a2%91%ef%bc%8c%e5%9b%bd%e5%86%85%e6%9c%8d%e5%8a%a1%e8%ae%bf%e9%97%ae%e5%8f%97%e9%99%90%e7%9a%84%e9%82%a3%e4%ba%9b%e4%ba%8b
3781	jiaocheng	阿里云盘下载速度慢怎么办？海外党亲测有效体验分享	2025-07-28 15:02:43	%e9%98%bf%e9%87%8c%e4%ba%91%e7%9b%98%e4%b8%8b%e8%bd%bd%e9%80%9f%e5%ba%a6%e6%85%a2%e6%80%8e%e4%b9%88%e5%8a%9e%ef%bc%9f%e6%b5%b7%e5%a4%96%e5%85%9a%e4%ba%b2%e6%b5%8b%e6%9c%89%e6%95%88%e4%bd%93%e9%aa%8c
3780	jiaocheng	阿里云盘海外注册，国内服务访问限制怎么破？	2025-07-28 15:02:40	%e9%98%bf%e9%87%8c%e4%ba%91%e7%9b%98%e6%b5%b7%e5%a4%96%e6%b3%a8%e5%86%8c%ef%bc%8c%e5%9b%bd%e5%86%85%e6%9c%8d%e5%8a%a1%e8%ae%bf%e9%97%ae%e9%99%90%e5%88%b6%e6%80%8e%e4%b9%88%e7%a0%b4%ef%bc%9f
3779	jiaocheng	阿里云盘海外怎么注册，海外访问国内服务不再难	2025-07-28 15:02:38	%e9%98%bf%e9%87%8c%e4%ba%91%e7%9b%98%e6%b5%b7%e5%a4%96%e6%80%8e%e4%b9%88%e6%b3%a8%e5%86%8c%ef%bc%8c%e6%b5%b7%e5%a4%96%e8%ae%bf%e9%97%ae%e5%9b%bd%e5%86%85%e6%9c%8d%e5%8a%a1%e4%b8%8d%e5%86%8d%e9%9a%be
3778	youxi	阿里云海外服务器翻墙与国内服务访问的那些事	2025-07-28 15:02:35	%e9%98%bf%e9%87%8c%e4%ba%91%e6%b5%b7%e5%a4%96%e6%9c%8d%e5%8a%a1%e5%99%a8%e7%bf%bb%e5%a2%99%e4%b8%8e%e5%9b%bd%e5%86%85%e6%9c%8d%e5%8a%a1%e8%ae%bf%e9%97%ae%e7%9a%84%e9%82%a3%e4%ba%9b%e4%ba%8b
3777	jiaocheng	在海外 Appletv 看国内电视，到底怎么回事？	2025-07-22 16:40:56	%e5%9c%a8%e6%b5%b7%e5%a4%96-appletv-%e7%9c%8b%e5%9b%bd%e5%86%85%e7%94%b5%e8%a7%86%ef%bc%8c%e5%88%b0%e5%ba%95%e6%80%8e%e4%b9%88%e5%9b%9e%e4%ba%8b%ef%bc%9f
3776	yingyin	为什么bilibili台灣註冊？解决方法来了	2025-07-22 16:40:52	%e4%b8%ba%e4%bb%80%e4%b9%88bilibili%e5%8f%b0%e7%81%a3%e8%a8%bb%e5%86%8a%ef%bc%9f%e8%a7%a3%e5%86%b3%e6%96%b9%e6%b3%95%e6%9d%a5%e4%ba%86
3775	yingyin	海外用户访问 appletvbilibili客户端 的原因与解决之道	2025-07-22 16:40:48	%e6%b5%b7%e5%a4%96%e7%94%a8%e6%88%b7%e8%ae%bf%e9%97%ae-appletvbilibili%e5%ae%a2%e6%88%b7%e7%ab%af-%e7%9a%84%e5%8e%9f%e5%9b%a0%e4%b8%8e%e8%a7%a3%e5%86%b3%e4%b9%8b%e9%81%93
3774	jiaocheng	海外用户访问 acfun海外版 的那些事儿	2025-07-22 16:40:44	%e6%b5%b7%e5%a4%96%e7%94%a8%e6%88%b7%e8%ae%bf%e9%97%ae-acfun%e6%b5%b7%e5%a4%96%e7%89%88-%e7%9a%84%e9%82%a3%e4%ba%9b%e4%ba%8b%e5%84%bf
3773	jiaocheng	海外苹果用户如何解决Appletv翻墙回国难题？	2025-07-22 16:40:40	%e6%b5%b7%e5%a4%96%e8%8b%b9%e6%9e%9c%e7%94%a8%e6%88%b7%e5%a6%82%e4%bd%95%e8%a7%a3%e5%86%b3appletv%e7%bf%bb%e5%a2%99%e5%9b%9e%e5%9b%bd%e9%9a%be%e9%a2%98%ef%bc%9f
3772	yingyin	海外访问bilibili港澳台网址，这些国内服务受限怎么办？	2025-07-22 16:40:35	%e6%b5%b7%e5%a4%96%e8%ae%bf%e9%97%aebilibili%e6%b8%af%e6%be%b3%e5%8f%b0%e7%bd%91%e5%9d%80%ef%bc%8c%e8%bf%99%e4%ba%9b%e5%9b%bd%e5%86%85%e6%9c%8d%e5%8a%a1%e5%8f%97%e9%99%90%e6%80%8e%e4%b9%88%e5%8a%9e
3771	yingyin	海外访问bilibiliptt受限？这些回国加速器亲测有效	2025-07-22 16:40:32	%e6%b5%b7%e5%a4%96%e8%ae%bf%e9%97%aebilibiliptt%e5%8f%97%e9%99%90%ef%bc%9f%e8%bf%99%e4%ba%9b%e5%9b%9e%e5%9b%bd%e5%8a%a0%e9%80%9f%e5%99%a8%e4%ba%b2%e6%b5%8b%e6%9c%89%e6%95%88
3770	jiaocheng	海外访问acfunios台灣的那些烦恼与解法	2025-07-22 16:40:28	%e6%b5%b7%e5%a4%96%e8%ae%bf%e9%97%aeacfunios%e5%8f%b0%e7%81%a3%e7%9a%84%e9%82%a3%e4%ba%9b%e7%83%a6%e6%81%bc%e4%b8%8e%e8%a7%a3%e6%b3%95
3769	bangong	海外访问12123註冊受限？找回国加速器就对了	2025-07-22 16:40:23	%e6%b5%b7%e5%a4%96%e8%ae%bf%e9%97%ae12123%e8%a8%bb%e5%86%8a%e5%8f%97%e9%99%90%ef%bc%9f%e6%89%be%e5%9b%9e%e5%9b%bd%e5%8a%a0%e9%80%9f%e5%99%a8%e5%b0%b1%e5%af%b9%e4%ba%86
3768	bangong	海外访问12123服务异常怎么办？亲测有效的方法	2025-07-22 16:40:18	%e6%b5%b7%e5%a4%96%e8%ae%bf%e9%97%ae12123%e6%9c%8d%e5%8a%a1%e5%bc%82%e5%b8%b8%e6%80%8e%e4%b9%88%e5%8a%9e%ef%bc%9f%e4%ba%b2%e6%b5%8b%e6%9c%89%e6%95%88%e7%9a%84%e6%96%b9%e6%b3%95
3766	youxi	如何在外国玩国服游戏最全解决办法（亲测有效）	2025-07-16 18:45:36	%e5%a6%82%e4%bd%95%e5%9c%a8%e5%a4%96%e5%9b%bd%e7%8e%a9%e5%9b%bd%e6%9c%8d%e6%b8%b8%e6%88%8f%e6%9c%80%e5%85%a8%e8%a7%a3%e5%86%b3%e5%8a%9e%e6%b3%95%ef%bc%88%e4%ba%b2%e6%b5%8b%e6%9c%89%e6%95%88%ef%bc%89
3765	youxi	如何在国外玩国内游戏不卡？海外党亲测有效经验分享	2025-07-16 18:45:31	%e5%a6%82%e4%bd%95%e5%9c%a8%e5%9b%bd%e5%a4%96%e7%8e%a9%e5%9b%bd%e5%86%85%e6%b8%b8%e6%88%8f%e4%b8%8d%e5%8d%a1%ef%bc%9f%e6%b5%b7%e5%a4%96%e5%85%9a%e4%ba%b2%e6%b5%8b%e6%9c%89%e6%95%88%e7%bb%8f%e9%aa%8c
3764	youxi	教大家如何玩国外游戏如何玩游戏不卡：海外访问国内服务全解	2025-07-16 18:45:28	%e6%95%99%e5%a4%a7%e5%ae%b6%e5%a6%82%e4%bd%95%e7%8e%a9%e5%9b%bd%e5%a4%96%e6%b8%b8%e6%88%8f%e5%a6%82%e4%bd%95%e7%8e%a9%e6%b8%b8%e6%88%8f%e4%b8%8d%e5%8d%a1%ef%bc%9a%e6%b5%b7%e5%a4%96%e8%ae%bf%e9%97%ae
3763	youxi	海外怎么玩英雄联盟手游？一站式解决访问限制	2025-07-16 18:45:23	%e6%b5%b7%e5%a4%96%e6%80%8e%e4%b9%88%e7%8e%a9%e8%8b%b1%e9%9b%84%e8%81%94%e7%9b%9f%e6%89%8b%e6%b8%b8%ef%bc%9f%e4%b8%80%e7%ab%99%e5%bc%8f%e8%a7%a3%e5%86%b3%e8%ae%bf%e9%97%ae%e9%99%90%e5%88%b6
3762	youxi	海外怎么玩国内游戏的？这几个常见问题与靠谱回国方法告诉你	2025-07-16 18:45:19	%e6%b5%b7%e5%a4%96%e6%80%8e%e4%b9%88%e7%8e%a9%e5%9b%bd%e5%86%85%e6%b8%b8%e6%88%8f%e7%9a%84%ef%bc%9f%e8%bf%99%e5%87%a0%e4%b8%aa%e5%b8%b8%e8%a7%81%e9%97%ae%e9%a2%98%e4%b8%8e%e9%9d%a0%e8%b0%b1%e5%9b%9e
3761	youxi	国外如何玩和平精英？这些国内服务限制怎破？	2025-07-16 18:45:14	%e5%9b%bd%e5%a4%96%e5%a6%82%e4%bd%95%e7%8e%a9%e5%92%8c%e5%b9%b3%e7%b2%be%e8%8b%b1%ef%bc%9f%e8%bf%99%e4%ba%9b%e5%9b%bd%e5%86%85%e6%9c%8d%e5%8a%a1%e9%99%90%e5%88%b6%e6%80%8e%e7%a0%b4%ef%bc%9f-2
3760	youxi	国外怎么玩永劫无间国服游戏？海外回国网络问题解答	2025-07-16 18:44:35	%e5%9b%bd%e5%a4%96%e6%80%8e%e4%b9%88%e7%8e%a9%e6%b0%b8%e5%8a%ab%e6%97%a0%e9%97%b4%e5%9b%bd%e6%9c%8d%e6%b8%b8%e6%88%8f%ef%bc%9f%e6%b5%b7%e5%a4%96%e5%9b%9e%e5%9b%bd%e7%bd%91%e7%bb%9c%e9%97%ae%e9%a2%98
3759	youxi	国外怎么玩永劫无间国服手游？回国网络亲测有效分享	2025-07-16 18:44:32	%e5%9b%bd%e5%a4%96%e6%80%8e%e4%b9%88%e7%8e%a9%e6%b0%b8%e5%8a%ab%e6%97%a0%e9%97%b4%e5%9b%bd%e6%9c%8d%e6%89%8b%e6%b8%b8%ef%bc%9f%e5%9b%9e%e5%9b%bd%e7%bd%91%e7%bb%9c%e4%ba%b2%e6%b5%8b%e6%9c%89%e6%95%88
3758	youxi	国外怎么玩永劫无间国服的？海外用户访问国内服务指南	2025-07-16 18:44:27	%e5%9b%bd%e5%a4%96%e6%80%8e%e4%b9%88%e7%8e%a9%e6%b0%b8%e5%8a%ab%e6%97%a0%e9%97%b4%e5%9b%bd%e6%9c%8d%e7%9a%84%ef%bc%9f%e6%b5%b7%e5%a4%96%e7%94%a8%e6%88%b7%e8%ae%bf%e9%97%ae%e5%9b%bd%e5%86%85%e6%9c%8d
3757	youxi	国外怎么玩和平精英国服？解锁国内服务的那些事儿	2025-07-16 18:44:23	%e5%9b%bd%e5%a4%96%e6%80%8e%e4%b9%88%e7%8e%a9%e5%92%8c%e5%b9%b3%e7%b2%be%e8%8b%b1%e5%9b%bd%e6%9c%8d%ef%bc%9f%e8%a7%a3%e9%94%81%e5%9b%bd%e5%86%85%e6%9c%8d%e5%8a%a1%e7%9a%84%e9%82%a3%e4%ba%9b%e4%ba%8b
3756	youxi	国外怎么玩国内游戏手机：海外党也能畅享中国网络生活	2025-07-16 18:44:18	%e5%9b%bd%e5%a4%96%e6%80%8e%e4%b9%88%e7%8e%a9%e5%9b%bd%e5%86%85%e6%b8%b8%e6%88%8f%e6%89%8b%e6%9c%ba%ef%bc%9a%e6%b5%b7%e5%a4%96%e5%85%9a%e4%b9%9f%e8%83%bd%e7%95%85%e4%ba%ab%e4%b8%ad%e5%9b%bd%e7%bd%91
3755	youxi	国外怎么玩国内游戏软件的烦恼与解决之道	2025-07-16 18:44:15	%e5%9b%bd%e5%a4%96%e6%80%8e%e4%b9%88%e7%8e%a9%e5%9b%bd%e5%86%85%e6%b8%b8%e6%88%8f%e8%bd%af%e4%bb%b6%e7%9a%84%e7%83%a6%e6%81%bc%e4%b8%8e%e8%a7%a3%e5%86%b3%e4%b9%8b%e9%81%93
3754	youxi	国外怎么玩国内游戏的：畅享中国数字生活	2025-07-16 18:44:10	%e5%9b%bd%e5%a4%96%e6%80%8e%e4%b9%88%e7%8e%a9%e5%9b%bd%e5%86%85%e6%b8%b8%e6%88%8f%e7%9a%84%ef%bc%9a%e7%95%85%e4%ba%ab%e4%b8%ad%e5%9b%bd%e6%95%b0%e5%ad%97%e7%94%9f%e6%b4%bb
3753	youxi	国外怎么玩国服游戏手机？海外党亲测好用！	2025-07-16 18:44:07	%e5%9b%bd%e5%a4%96%e6%80%8e%e4%b9%88%e7%8e%a9%e5%9b%bd%e6%9c%8d%e6%b8%b8%e6%88%8f%e6%89%8b%e6%9c%ba%ef%bc%9f%e6%b5%b7%e5%a4%96%e5%85%9a%e4%ba%b2%e6%b5%8b%e5%a5%bd%e7%94%a8%ef%bc%81
3752	youxi	国外怎么玩国服游戏教程？轻松解锁国内应用	2025-07-16 18:44:02	%e5%9b%bd%e5%a4%96%e6%80%8e%e4%b9%88%e7%8e%a9%e5%9b%bd%e6%9c%8d%e6%b8%b8%e6%88%8f%e6%95%99%e7%a8%8b%ef%bc%9f%e8%bd%bb%e6%9d%be%e8%a7%a3%e9%94%81%e5%9b%bd%e5%86%85%e5%ba%94%e7%94%a8
3751	youxi	国外怎么玩国服游戏的？海外访问国内服务实测解答	2025-07-16 18:43:59	%e5%9b%bd%e5%a4%96%e6%80%8e%e4%b9%88%e7%8e%a9%e5%9b%bd%e6%9c%8d%e6%b8%b8%e6%88%8f%e7%9a%84%ef%bc%9f%e6%b5%b7%e5%a4%96%e8%ae%bf%e9%97%ae%e5%9b%bd%e5%86%85%e6%9c%8d%e5%8a%a1%e5%ae%9e%e6%b5%8b%e8%a7%a3
3750	jiaocheng	国外怎么玩国服魔兽，顺便解决这些访问难题	2025-07-16 18:43:54	%e5%9b%bd%e5%a4%96%e6%80%8e%e4%b9%88%e7%8e%a9%e5%9b%bd%e6%9c%8d%e9%ad%94%e5%85%bd%ef%bc%8c%e9%a1%ba%e4%be%bf%e8%a7%a3%e5%86%b3%e8%bf%99%e4%ba%9b%e8%ae%bf%e9%97%ae%e9%9a%be%e9%a2%98
3749	youxi	国外怎么玩国服的手游怎么办？亲测有效解决之道	2025-07-16 18:43:50	%e5%9b%bd%e5%a4%96%e6%80%8e%e4%b9%88%e7%8e%a9%e5%9b%bd%e6%9c%8d%e7%9a%84%e6%89%8b%e6%b8%b8%e6%80%8e%e4%b9%88%e5%8a%9e%ef%bc%9f%e4%ba%b2%e6%b5%8b%e6%9c%89%e6%95%88%e8%a7%a3%e5%86%b3%e4%b9%8b%e9%81%93
3748	youxi	国外玩国服和平精英怎么加速怎么办？	2025-07-16 18:43:45	%e5%9b%bd%e5%a4%96%e7%8e%a9%e5%9b%bd%e6%9c%8d%e5%92%8c%e5%b9%b3%e7%b2%be%e8%8b%b1%e6%80%8e%e4%b9%88%e5%8a%a0%e9%80%9f%e6%80%8e%e4%b9%88%e5%8a%9e%ef%bc%9f
3747	youxi	国外如何玩王者荣耀游戏？这些国内服务海外也能用	2025-07-16 18:43:42	%e5%9b%bd%e5%a4%96%e5%a6%82%e4%bd%95%e7%8e%a9%e7%8e%8b%e8%80%85%e8%8d%a3%e8%80%80%e6%b8%b8%e6%88%8f%ef%bc%9f%e8%bf%99%e4%ba%9b%e5%9b%bd%e5%86%85%e6%9c%8d%e5%8a%a1%e6%b5%b7%e5%a4%96%e4%b9%9f%e8%83%bd
3746	youxi	国外如何玩王者荣耀手游？海外党亲测解决法	2025-07-16 18:43:37	%e5%9b%bd%e5%a4%96%e5%a6%82%e4%bd%95%e7%8e%a9%e7%8e%8b%e8%80%85%e8%8d%a3%e8%80%80%e6%89%8b%e6%b8%b8%ef%bc%9f%e6%b5%b7%e5%a4%96%e5%85%9a%e4%ba%b2%e6%b5%8b%e8%a7%a3%e5%86%b3%e6%b3%95
3745	youxi	国外如何玩王者荣耀国服？海外党亲测有效解决方案	2025-07-16 18:43:32	%e5%9b%bd%e5%a4%96%e5%a6%82%e4%bd%95%e7%8e%a9%e7%8e%8b%e8%80%85%e8%8d%a3%e8%80%80%e5%9b%bd%e6%9c%8d%ef%bc%9f%e6%b5%b7%e5%a4%96%e5%85%9a%e4%ba%b2%e6%b5%8b%e6%9c%89%e6%95%88%e8%a7%a3%e5%86%b3%e6%96%b9
3744	youxi	国外如何玩和平精英？这些国内服务限制怎破？	2025-07-16 18:43:28	%e5%9b%bd%e5%a4%96%e5%a6%82%e4%bd%95%e7%8e%a9%e5%92%8c%e5%b9%b3%e7%b2%be%e8%8b%b1%ef%bc%9f%e8%bf%99%e4%ba%9b%e5%9b%bd%e5%86%85%e6%9c%8d%e5%8a%a1%e9%99%90%e5%88%b6%e6%80%8e%e7%a0%b4%ef%bc%9f
3743	youxi	在海外怎么玩王者荣耀不卡？这里有真实可行的办法	2025-07-15 17:35:01	%e5%9c%a8%e6%b5%b7%e5%a4%96%e6%80%8e%e4%b9%88%e7%8e%a9%e7%8e%8b%e8%80%85%e8%8d%a3%e8%80%80%e4%b8%8d%e5%8d%a1%ef%bc%9f%e8%bf%99%e9%87%8c%e6%9c%89%e7%9c%9f%e5%ae%9e%e5%8f%af%e8%a1%8c%e7%9a%84%e5%8a%9e
3742	youxi	在国外怎么玩王者荣耀不卡？海外回国网络畅通解析	2025-07-15 17:34:57	%e5%9c%a8%e5%9b%bd%e5%a4%96%e6%80%8e%e4%b9%88%e7%8e%a9%e7%8e%8b%e8%80%85%e8%8d%a3%e8%80%80%e4%b8%8d%e5%8d%a1%ef%bc%9f%e6%b5%b7%e5%a4%96%e5%9b%9e%e5%9b%bd%e7%bd%91%e7%bb%9c%e7%95%85%e9%80%9a%e8%a7%a3
3741	jiaocheng	在国外怎么玩完美平台？海外用户亲测有效解决方案	2025-07-15 17:34:54	%e5%9c%a8%e5%9b%bd%e5%a4%96%e6%80%8e%e4%b9%88%e7%8e%a9%e5%ae%8c%e7%be%8e%e5%b9%b3%e5%8f%b0%ef%bc%9f%e6%b5%b7%e5%a4%96%e7%94%a8%e6%88%b7%e4%ba%b2%e6%b5%8b%e6%9c%89%e6%95%88%e8%a7%a3%e5%86%b3%e6%96%b9
3740	youxi	在国外怎么玩国内游戏手机？这里有你需要的答案	2025-07-15 17:34:51	%e5%9c%a8%e5%9b%bd%e5%a4%96%e6%80%8e%e4%b9%88%e7%8e%a9%e5%9b%bd%e5%86%85%e6%b8%b8%e6%88%8f%e6%89%8b%e6%9c%ba%ef%bc%9f%e8%bf%99%e9%87%8c%e6%9c%89%e4%bd%a0%e9%9c%80%e8%a6%81%e7%9a%84%e7%ad%94%e6%a1%88
3739	youxi	在国外怎么玩国内游戏软件？回国网络问题全解析	2025-07-15 17:34:48	%e5%9c%a8%e5%9b%bd%e5%a4%96%e6%80%8e%e4%b9%88%e7%8e%a9%e5%9b%bd%e5%86%85%e6%b8%b8%e6%88%8f%e8%bd%af%e4%bb%b6%ef%bc%9f%e5%9b%9e%e5%9b%bd%e7%bd%91%e7%bb%9c%e9%97%ae%e9%a2%98%e5%85%a8%e8%a7%a3%e6%9e%90
3738	youxi	在国外怎么玩国内游戏pc？亲测解锁国内服务的方法	2025-07-15 17:34:44	%e5%9c%a8%e5%9b%bd%e5%a4%96%e6%80%8e%e4%b9%88%e7%8e%a9%e5%9b%bd%e5%86%85%e6%b8%b8%e6%88%8fpc%ef%bc%9f%e4%ba%b2%e6%b5%8b%e8%a7%a3%e9%94%81%e5%9b%bd%e5%86%85%e6%9c%8d%e5%8a%a1%e7%9a%84%e6%96%b9%e6%b3%95
3737	youxi	如何在国外玩王者荣耀不卡，畅享国内网络体验	2025-07-15 17:34:41	%e5%a6%82%e4%bd%95%e5%9c%a8%e5%9b%bd%e5%a4%96%e7%8e%a9%e7%8e%8b%e8%80%85%e8%8d%a3%e8%80%80%e4%b8%8d%e5%8d%a1%ef%bc%8c%e7%95%85%e4%ba%ab%e5%9b%bd%e5%86%85%e7%bd%91%e7%bb%9c%e4%bd%93%e9%aa%8c
3736	youxi	海外怎么玩王者荣耀不卡顿？这是我亲测有效的回国网络方法	2025-07-15 17:34:38	%e6%b5%b7%e5%a4%96%e6%80%8e%e4%b9%88%e7%8e%a9%e7%8e%8b%e8%80%85%e8%8d%a3%e8%80%80%e4%b8%8d%e5%8d%a1%e9%a1%bf%ef%bc%9f%e8%bf%99%e6%98%af%e6%88%91%e4%ba%b2%e6%b5%8b%e6%9c%89%e6%95%88%e7%9a%84%e5%9b%9e
3735	youxi	海外怎么玩王者荣耀不卡的？这可能是你一直在找的答案	2025-07-15 17:34:34	%e6%b5%b7%e5%a4%96%e6%80%8e%e4%b9%88%e7%8e%a9%e7%8e%8b%e8%80%85%e8%8d%a3%e8%80%80%e4%b8%8d%e5%8d%a1%e7%9a%84%ef%bc%9f%e8%bf%99%e5%8f%af%e8%83%bd%e6%98%af%e4%bd%a0%e4%b8%80%e7%9b%b4%e5%9c%a8%e6%89%be
3734	youxi	海外怎么打王者？解锁国内服务的实用办法	2025-07-15 17:34:31	%e6%b5%b7%e5%a4%96%e6%80%8e%e4%b9%88%e6%89%93%e7%8e%8b%e8%80%85%ef%bc%9f%e8%a7%a3%e9%94%81%e5%9b%bd%e5%86%85%e6%9c%8d%e5%8a%a1%e7%9a%84%e5%ae%9e%e7%94%a8%e5%8a%9e%e6%b3%95
3733	youxi	海外如何玩王者荣耀？这些回国网络问题一次说清	2025-07-15 17:34:27	%e6%b5%b7%e5%a4%96%e5%a6%82%e4%bd%95%e7%8e%a9%e7%8e%8b%e8%80%85%e8%8d%a3%e8%80%80%ef%bc%9f%e8%bf%99%e4%ba%9b%e5%9b%9e%e5%9b%bd%e7%bd%91%e7%bb%9c%e9%97%ae%e9%a2%98%e4%b8%80%e6%ac%a1%e8%af%b4%e6%b8%85
3732	youxi	国外怎么玩王者荣耀手游？亲测有效的回国网络解决之道	2025-07-15 17:34:24	%e5%9b%bd%e5%a4%96%e6%80%8e%e4%b9%88%e7%8e%a9%e7%8e%8b%e8%80%85%e8%8d%a3%e8%80%80%e6%89%8b%e6%b8%b8%ef%bc%9f%e4%ba%b2%e6%b5%8b%e6%9c%89%e6%95%88%e7%9a%84%e5%9b%9e%e5%9b%bd%e7%bd%91%e7%bb%9c%e8%a7%a3
3731	youxi	国外怎么玩王者荣耀国服？海外党必看！	2025-07-15 17:34:21	%e5%9b%bd%e5%a4%96%e6%80%8e%e4%b9%88%e7%8e%a9%e7%8e%8b%e8%80%85%e8%8d%a3%e8%80%80%e5%9b%bd%e6%9c%8d%ef%bc%9f%e6%b5%b7%e5%a4%96%e5%85%9a%e5%bf%85%e7%9c%8b%ef%bc%81
3730	youxi	国外怎么玩王者荣耀不延迟：海外党访问国内服务的真实体验	2025-07-15 17:34:17	%e5%9b%bd%e5%a4%96%e6%80%8e%e4%b9%88%e7%8e%a9%e7%8e%8b%e8%80%85%e8%8d%a3%e8%80%80%e4%b8%8d%e5%bb%b6%e8%bf%9f%ef%bc%9a%e6%b5%b7%e5%a4%96%e5%85%9a%e8%ae%bf%e9%97%ae%e5%9b%bd%e5%86%85%e6%9c%8d%e5%8a%a1
3729	youxi	国外怎么玩王者荣耀不卡？这些回国网络问题该怎么解决	2025-07-15 17:34:14	%e5%9b%bd%e5%a4%96%e6%80%8e%e4%b9%88%e7%8e%a9%e7%8e%8b%e8%80%85%e8%8d%a3%e8%80%80%e4%b8%8d%e5%8d%a1%ef%bc%9f%e8%bf%99%e4%ba%9b%e5%9b%9e%e5%9b%bd%e7%bd%91%e7%bb%9c%e9%97%ae%e9%a2%98%e8%af%a5%e6%80%8e
3728	youxi	国外怎么玩完美竞技平台游戏？海外党亲测解决方法	2025-07-15 17:34:11	%e5%9b%bd%e5%a4%96%e6%80%8e%e4%b9%88%e7%8e%a9%e5%ae%8c%e7%be%8e%e7%ab%9e%e6%8a%80%e5%b9%b3%e5%8f%b0%e6%b8%b8%e6%88%8f%ef%bc%9f%e6%b5%b7%e5%a4%96%e5%85%9a%e4%ba%b2%e6%b5%8b%e8%a7%a3%e5%86%b3%e6%96%b9
3727	jiaocheng	国外怎么玩完美竞技平台的？亲测有效解决办法	2025-07-15 17:34:08	%e5%9b%bd%e5%a4%96%e6%80%8e%e4%b9%88%e7%8e%a9%e5%ae%8c%e7%be%8e%e7%ab%9e%e6%8a%80%e5%b9%b3%e5%8f%b0%e7%9a%84%ef%bc%9f%e4%ba%b2%e6%b5%8b%e6%9c%89%e6%95%88%e8%a7%a3%e5%86%b3%e5%8a%9e%e6%b3%95
3726	youxi	国外怎么玩国内的游戏软件？海外党回国加速器亲测有效	2025-07-15 17:34:03	%e5%9b%bd%e5%a4%96%e6%80%8e%e4%b9%88%e7%8e%a9%e5%9b%bd%e5%86%85%e7%9a%84%e6%b8%b8%e6%88%8f%e8%bd%af%e4%bb%b6%ef%bc%9f%e6%b5%b7%e5%a4%96%e5%85%9a%e5%9b%9e%e5%9b%bd%e5%8a%a0%e9%80%9f%e5%99%a8%e4%ba%b2
3725	youxi	国外怎么玩国内的游戏低延迟？海外党看过来！	2025-07-15 17:34:00	%e5%9b%bd%e5%a4%96%e6%80%8e%e4%b9%88%e7%8e%a9%e5%9b%bd%e5%86%85%e7%9a%84%e6%b8%b8%e6%88%8f%e4%bd%8e%e5%bb%b6%e8%bf%9f%ef%bc%9f%e6%b5%b7%e5%a4%96%e5%85%9a%e7%9c%8b%e8%bf%87%e6%9d%a5%ef%bc%81
3724	youxi	国外怎么玩国内的手游游戏？海外党亲测回国网络解决方案	2025-07-15 17:33:56	%e5%9b%bd%e5%a4%96%e6%80%8e%e4%b9%88%e7%8e%a9%e5%9b%bd%e5%86%85%e7%9a%84%e6%89%8b%e6%b8%b8%e6%b8%b8%e6%88%8f%ef%bc%9f%e6%b5%b7%e5%a4%96%e5%85%9a%e4%ba%b2%e6%b5%8b%e5%9b%9e%e5%9b%bd%e7%bd%91%e7%bb%9c
3723	youxi	国外怎么玩国内的手游软件？这些问题该怎么办？	2025-07-15 17:33:53	%e5%9b%bd%e5%a4%96%e6%80%8e%e4%b9%88%e7%8e%a9%e5%9b%bd%e5%86%85%e7%9a%84%e6%89%8b%e6%b8%b8%e8%bd%af%e4%bb%b6%ef%bc%9f%e8%bf%99%e4%ba%9b%e9%97%ae%e9%a2%98%e8%af%a5%e6%80%8e%e4%b9%88%e5%8a%9e%ef%bc%9f
3722	youxi	国外怎么玩国内的手游端游？海外党专属网络体验升级	2025-07-15 17:33:50	%e5%9b%bd%e5%a4%96%e6%80%8e%e4%b9%88%e7%8e%a9%e5%9b%bd%e5%86%85%e7%9a%84%e6%89%8b%e6%b8%b8%e7%ab%af%e6%b8%b8%ef%bc%9f%e6%b5%b7%e5%a4%96%e5%85%9a%e4%b8%93%e5%b1%9e%e7%bd%91%e7%bb%9c%e4%bd%93%e9%aa%8c
3721	youxi	国外玩王者荣耀用什么加速器？海外党回国网络问题解答	2025-07-15 17:33:46	%e5%9b%bd%e5%a4%96%e7%8e%a9%e7%8e%8b%e8%80%85%e8%8d%a3%e8%80%80%e7%94%a8%e4%bb%80%e4%b9%88%e5%8a%a0%e9%80%9f%e5%99%a8%ef%bc%9f%e6%b5%b7%e5%a4%96%e5%85%9a%e5%9b%9e%e5%9b%bd%e7%bd%91%e7%bb%9c%e9%97%ae
3720	youxi	国外玩王者荣耀延迟高怎么办？海外畅玩国内游戏攻略	2025-07-15 17:33:43	%e5%9b%bd%e5%a4%96%e7%8e%a9%e7%8e%8b%e8%80%85%e8%8d%a3%e8%80%80%e5%bb%b6%e8%bf%9f%e9%ab%98%e6%80%8e%e4%b9%88%e5%8a%9e%ef%bc%9f%e6%b5%b7%e5%a4%96%e7%95%85%e7%8e%a9%e5%9b%bd%e5%86%85%e6%b8%b8%e6%88%8f
3719	youxi	国外能玩中国的和平精英吗？海外党访问国内服务的烦恼与解决之道	2025-07-15 17:33:40	%e5%9b%bd%e5%a4%96%e8%83%bd%e7%8e%a9%e4%b8%ad%e5%9b%bd%e7%9a%84%e5%92%8c%e5%b9%b3%e7%b2%be%e8%8b%b1%e5%90%97%ef%bc%9f%e6%b5%b7%e5%a4%96%e5%85%9a%e8%ae%bf%e9%97%ae%e5%9b%bd%e5%86%85%e6%9c%8d%e5%8a%a1
3718	youxi	国外能玩和平精英吗？那些你在海外遇到的烦恼与解决之道	2025-07-15 17:33:37	%e5%9b%bd%e5%a4%96%e8%83%bd%e7%8e%a9%e5%92%8c%e5%b9%b3%e7%b2%be%e8%8b%b1%e5%90%97%ef%bc%9f%e9%82%a3%e4%ba%9b%e4%bd%a0%e5%9c%a8%e6%b5%b7%e5%a4%96%e9%81%87%e5%88%b0%e7%9a%84%e7%83%a6%e6%81%bc%e4%b8%8e
3717	youxi	国外可以玩和平精英怎么办？解锁国内网络烦恼	2025-07-15 17:33:32	%e5%9b%bd%e5%a4%96%e5%8f%af%e4%bb%a5%e7%8e%a9%e5%92%8c%e5%b9%b3%e7%b2%be%e8%8b%b1%e6%80%8e%e4%b9%88%e5%8a%9e%ef%bc%9f%e8%a7%a3%e9%94%81%e5%9b%bd%e5%86%85%e7%bd%91%e7%bb%9c%e7%83%a6%e6%81%bc
3716	youxi	在国外怎么玩中国游戏？海外党亲测解决方案	2025-07-14 11:49:35	%e5%9c%a8%e5%9b%bd%e5%a4%96%e6%80%8e%e4%b9%88%e7%8e%a9%e4%b8%ad%e5%9b%bd%e6%b8%b8%e6%88%8f%ef%bc%9f%e6%b5%b7%e5%a4%96%e5%85%9a%e4%ba%b2%e6%b5%8b%e8%a7%a3%e5%86%b3%e6%96%b9%e6%a1%88
3715	youxi	在国外怎么玩王者荣耀？解决国内应用访问难题	2025-07-14 11:49:31	%e5%9c%a8%e5%9b%bd%e5%a4%96%e6%80%8e%e4%b9%88%e7%8e%a9%e7%8e%8b%e8%80%85%e8%8d%a3%e8%80%80%ef%bc%9f%e8%a7%a3%e5%86%b3%e5%9b%bd%e5%86%85%e5%ba%94%e7%94%a8%e8%ae%bf%e9%97%ae%e9%9a%be%e9%a2%98
3714	youxi	在国外怎么打国服游戏太卡？这些回国网络解决方法亲测有效	2025-07-14 11:49:28	%e5%9c%a8%e5%9b%bd%e5%a4%96%e6%80%8e%e4%b9%88%e6%89%93%e5%9b%bd%e6%9c%8d%e6%b8%b8%e6%88%8f%e5%a4%aa%e5%8d%a1%ef%bc%9f%e8%bf%99%e4%ba%9b%e5%9b%9e%e5%9b%bd%e7%bd%91%e7%bb%9c%e8%a7%a3%e5%86%b3%e6%96%b9
3713	youxi	在国外玩中国游戏怎么样会不卡：亲测有效的回国网络解决之道	2025-07-14 11:49:24	%e5%9c%a8%e5%9b%bd%e5%a4%96%e7%8e%a9%e4%b8%ad%e5%9b%bd%e6%b8%b8%e6%88%8f%e6%80%8e%e4%b9%88%e6%a0%b7%e4%bc%9a%e4%b8%8d%e5%8d%a1%ef%bc%9a%e4%ba%b2%e6%b5%8b%e6%9c%89%e6%95%88%e7%9a%84%e5%9b%9e%e5%9b%bd
3712	youxi	在国外如何玩国服游戏？亲测有效的回国网络方法	2025-07-14 11:49:21	%e5%9c%a8%e5%9b%bd%e5%a4%96%e5%a6%82%e4%bd%95%e7%8e%a9%e5%9b%bd%e6%9c%8d%e6%b8%b8%e6%88%8f%ef%bc%9f%e4%ba%b2%e6%b5%8b%e6%9c%89%e6%95%88%e7%9a%84%e5%9b%9e%e5%9b%bd%e7%bd%91%e7%bb%9c%e6%96%b9%e6%b3%95
3711	youxi	永劫无间外国玩国服，这些国内服务海外为啥用不了？	2025-07-14 11:49:16	%e6%b0%b8%e5%8a%ab%e6%97%a0%e9%97%b4%e5%a4%96%e5%9b%bd%e7%8e%a9%e5%9b%bd%e6%9c%8d%ef%bc%8c%e8%bf%99%e4%ba%9b%e5%9b%bd%e5%86%85%e6%9c%8d%e5%8a%a1%e6%b5%b7%e5%a4%96%e4%b8%ba%e5%95%a5%e7%94%a8%e4%b8%8d
3710	youxi	身处海外，国外玩我的世界与国内服务解锁的那些事儿	2025-07-14 11:49:13	%e8%ba%ab%e5%a4%84%e6%b5%b7%e5%a4%96%ef%bc%8c%e5%9b%bd%e5%a4%96%e7%8e%a9%e6%88%91%e7%9a%84%e4%b8%96%e7%95%8c%e4%b8%8e%e5%9b%bd%e5%86%85%e6%9c%8d%e5%8a%a1%e8%a7%a3%e9%94%81%e7%9a%84%e9%82%a3%e4%ba%9b
3709	youxi	如何在国外玩国内游戏？海外党亲测有效连接中国网络	2025-07-14 11:49:10	%e5%a6%82%e4%bd%95%e5%9c%a8%e5%9b%bd%e5%a4%96%e7%8e%a9%e5%9b%bd%e5%86%85%e6%b8%b8%e6%88%8f%ef%bc%9f%e6%b5%b7%e5%a4%96%e5%85%9a%e4%ba%b2%e6%b5%8b%e6%9c%89%e6%95%88%e8%bf%9e%e6%8e%a5%e4%b8%ad%e5%9b%bd
3708	youxi	海外玩国服游戏：畅享国内数字生活	2025-07-14 11:49:05	%e6%b5%b7%e5%a4%96%e7%8e%a9%e5%9b%bd%e6%9c%8d%e6%b8%b8%e6%88%8f%ef%bc%9a%e7%95%85%e4%ba%ab%e5%9b%bd%e5%86%85%e6%95%b0%e5%ad%97%e7%94%9f%e6%b4%bb
3707	youxi	海外可以玩原神吗？国内服务受限的朋友们看过来	2025-07-14 11:49:02	%e6%b5%b7%e5%a4%96%e5%8f%af%e4%bb%a5%e7%8e%a9%e5%8e%9f%e7%a5%9e%e5%90%97%ef%bc%9f%e5%9b%bd%e5%86%85%e6%9c%8d%e5%8a%a1%e5%8f%97%e9%99%90%e7%9a%84%e6%9c%8b%e5%8f%8b%e4%bb%ac%e7%9c%8b%e8%bf%87%e6%9d%a5
3706	youxi	海外打王者怎么不卡，国内服务也能顺畅访问	2025-07-14 11:48:57	%e6%b5%b7%e5%a4%96%e6%89%93%e7%8e%8b%e8%80%85%e6%80%8e%e4%b9%88%e4%b8%8d%e5%8d%a1%ef%bc%8c%e5%9b%bd%e5%86%85%e6%9c%8d%e5%8a%a1%e4%b9%9f%e8%83%bd%e9%a1%ba%e7%95%85%e8%ae%bf%e9%97%ae
3705	youxi	海外打王者太卡了怎么办？亲测有效的回国网络提速方法	2025-07-14 11:48:54	%e6%b5%b7%e5%a4%96%e6%89%93%e7%8e%8b%e8%80%85%e5%a4%aa%e5%8d%a1%e4%ba%86%e6%80%8e%e4%b9%88%e5%8a%9e%ef%bc%9f%e4%ba%b2%e6%b5%8b%e6%9c%89%e6%95%88%e7%9a%84%e5%9b%9e%e5%9b%bd%e7%bd%91%e7%bb%9c%e6%8f%90
3704	youxi	国外怎么玩中国游戏手机？海外党国内服务访问困境与解决之道	2025-07-14 11:48:51	%e5%9b%bd%e5%a4%96%e6%80%8e%e4%b9%88%e7%8e%a9%e4%b8%ad%e5%9b%bd%e6%b8%b8%e6%88%8f%e6%89%8b%e6%9c%ba%ef%bc%9f%e6%b5%b7%e5%a4%96%e5%85%9a%e5%9b%bd%e5%86%85%e6%9c%8d%e5%8a%a1%e8%ae%bf%e9%97%ae%e5%9b%b0
3703	youxi	国外网玩国内游戏怎么样才能不卡：海外党福音，畅享中国互联网	2025-07-14 11:48:47	%e5%9b%bd%e5%a4%96%e7%bd%91%e7%8e%a9%e5%9b%bd%e5%86%85%e6%b8%b8%e6%88%8f%e6%80%8e%e4%b9%88%e6%a0%b7%e6%89%8d%e8%83%bd%e4%b8%8d%e5%8d%a1%ef%bc%9a%e6%b5%b7%e5%a4%96%e5%85%9a%e7%a6%8f%e9%9f%b3%ef%bc%8c
3702	youxi	国外玩王者荣耀怎么降低延迟解决之道	2025-07-14 11:48:43	%e5%9b%bd%e5%a4%96%e7%8e%a9%e7%8e%8b%e8%80%85%e8%8d%a3%e8%80%80%e6%80%8e%e4%b9%88%e9%99%8d%e4%bd%8e%e5%bb%b6%e8%bf%9f%e8%a7%a3%e5%86%b3%e4%b9%8b%e9%81%93
3701	jiaocheng	国外玩国服永劫什么加速器好？海外党畅享国内服务全攻略	2025-07-14 11:48:40	%e5%9b%bd%e5%a4%96%e7%8e%a9%e5%9b%bd%e6%9c%8d%e6%b0%b8%e5%8a%ab%e4%bb%80%e4%b9%88%e5%8a%a0%e9%80%9f%e5%99%a8%e5%a5%bd%ef%bc%9f%e6%b5%b7%e5%a4%96%e5%85%9a%e7%95%85%e4%ba%ab%e5%9b%bd%e5%86%85%e6%9c%8d
3700	youxi	国外如何玩永劫无间国服的根本原因及亲测解决	2025-07-14 11:48:35	%e5%9b%bd%e5%a4%96%e5%a6%82%e4%bd%95%e7%8e%a9%e6%b0%b8%e5%8a%ab%e6%97%a0%e9%97%b4%e5%9b%bd%e6%9c%8d%e7%9a%84%e6%a0%b9%e6%9c%ac%e5%8e%9f%e5%9b%a0%e5%8f%8a%e4%ba%b2%e6%b5%8b%e8%a7%a3%e5%86%b3
3699	youxi	国外可以玩永劫无间吗？那些国内服务为什么海外访问不了	2025-07-14 11:48:32	%e5%9b%bd%e5%a4%96%e5%8f%af%e4%bb%a5%e7%8e%a9%e6%b0%b8%e5%8a%ab%e6%97%a0%e9%97%b4%e5%90%97%ef%bc%9f%e9%82%a3%e4%ba%9b%e5%9b%bd%e5%86%85%e6%9c%8d%e5%8a%a1%e4%b8%ba%e4%bb%80%e4%b9%88%e6%b5%b7%e5%a4%96
3698	youxi	国外可以玩国服永劫无间吗？原因与亲测有效回国办法	2025-07-14 11:48:28	%e5%9b%bd%e5%a4%96%e5%8f%af%e4%bb%a5%e7%8e%a9%e5%9b%bd%e6%9c%8d%e6%b0%b8%e5%8a%ab%e6%97%a0%e9%97%b4%e5%90%97%ef%bc%9f%e5%8e%9f%e5%9b%a0%e4%b8%8e%e4%ba%b2%e6%b5%8b%e6%9c%89%e6%95%88%e5%9b%9e%e5%9b%bd
3697	youxi	在新加坡怎么玩国服lol？海外回国网络加速问题解说	2025-07-11 10:16:01	%e5%9c%a8%e6%96%b0%e5%8a%a0%e5%9d%a1%e6%80%8e%e4%b9%88%e7%8e%a9%e5%9b%bd%e6%9c%8dlol%ef%bc%9f%e6%b5%b7%e5%a4%96%e5%9b%9e%e5%9b%bd%e7%bd%91%e7%bb%9c%e5%8a%a0%e9%80%9f%e9%97%ae%e9%a2%98%e8%a7%a3
3696	youxi	在欧洲能玩国服lol么？深度解析与亲测有效的回国网络办法	2025-07-11 10:15:57	%e5%9c%a8%e6%ac%a7%e6%b4%b2%e8%83%bd%e7%8e%a9%e5%9b%bd%e6%9c%8dlol%e4%b9%88%ef%bc%9f%e6%b7%b1%e5%ba%a6%e8%a7%a3%e6%9e%90%e4%b8%8e%e4%ba%b2%e6%b5%8b%e6%9c%89%e6%95%88%e7%9a%84%e5%9b%9e%e5%9b%bd
3695	youxi	在美国可以玩lol国服吗？聊聊海外访问国内服务的那些事	2025-07-11 10:15:54	%e5%9c%a8%e7%be%8e%e5%9b%bd%e5%8f%af%e4%bb%a5%e7%8e%a9lol%e5%9b%bd%e6%9c%8d%e5%90%97%ef%bc%9f%e8%81%8a%e8%81%8a%e6%b5%b7%e5%a4%96%e8%ae%bf%e9%97%ae%e5%9b%bd%e5%86%85%e6%9c%8d%e5%8a%a1%e7%9a%84
3694	youxi	在海外玩永劫无间用什么加速器最给力？解锁国内网络限制的秘密	2025-07-11 10:15:51	%e5%9c%a8%e6%b5%b7%e5%a4%96%e7%8e%a9%e6%b0%b8%e5%8a%ab%e6%97%a0%e9%97%b4%e7%94%a8%e4%bb%80%e4%b9%88%e5%8a%a0%e9%80%9f%e5%99%a8%e6%9c%80%e7%bb%99%e5%8a%9b%ef%bc%9f%e8%a7%a3%e9%94%81%e5%9b%bd%e5%86%85
3693	jiaocheng	在国外玩不了网易mc咋办？海外党亲测可用	2025-07-11 10:15:48	%e5%9c%a8%e5%9b%bd%e5%a4%96%e7%8e%a9%e4%b8%8d%e4%ba%86%e7%bd%91%e6%98%93mc%e5%92%8b%e5%8a%9e%ef%bc%9f%e6%b5%b7%e5%a4%96%e5%85%9a%e4%ba%b2%e6%b5%8b%e5%8f%af%e7%94%a8
3692	youxi	在国外玩不了国内游戏怎么办：海外访问国内服务的真实困境与解决之道	2025-07-11 10:15:43	%e5%9c%a8%e5%9b%bd%e5%a4%96%e7%8e%a9%e4%b8%8d%e4%ba%86%e5%9b%bd%e5%86%85%e6%b8%b8%e6%88%8f%e6%80%8e%e4%b9%88%e5%8a%9e%ef%bc%9a%e6%b5%b7%e5%a4%96%e8%ae%bf%e9%97%ae%e5%9b%bd%e5%86%85%e6%9c%8d%e5%8a%a1
3691	youxi	在国外能玩英雄联盟国服吗？海外用户访问受限服务怎么办？	2025-07-11 10:15:40	%e5%9c%a8%e5%9b%bd%e5%a4%96%e8%83%bd%e7%8e%a9%e8%8b%b1%e9%9b%84%e8%81%94%e7%9b%9f%e5%9b%bd%e6%9c%8d%e5%90%97%ef%bc%9f%e6%b5%b7%e5%a4%96%e7%94%a8%e6%88%b7%e8%ae%bf%e9%97%ae%e5%8f%97%e9%99%90%e6%9c%8d
3690	youxi	在澳洲玩国服lol 的烦恼与解决之道	2025-07-11 10:15:37	%e5%9c%a8%e6%be%b3%e6%b4%b2%e7%8e%a9%e5%9b%bd%e6%9c%8dlol-%e7%9a%84%e7%83%a6%e6%81%bc%e4%b8%8e%e8%a7%a3%e5%86%b3%e4%b9%8b%e9%81%93
3689	youxi	永劫无间海外怎么玩国服？那些年我们绕过的“坎”	2025-07-11 10:15:34	%e6%b0%b8%e5%8a%ab%e6%97%a0%e9%97%b4%e6%b5%b7%e5%a4%96%e6%80%8e%e4%b9%88%e7%8e%a9%e5%9b%bd%e6%9c%8d%ef%bc%9f%e9%82%a3%e4%ba%9b%e5%b9%b4%e6%88%91%e4%bb%ac%e7%bb%95%e8%bf%87%e7%9a%84%e5%9d%8e
3688	youxi	永劫无间国外怎么进国服？亲测有效的回国网络优化方式	2025-07-11 10:15:31	%e6%b0%b8%e5%8a%ab%e6%97%a0%e9%97%b4%e5%9b%bd%e5%a4%96%e6%80%8e%e4%b9%88%e8%bf%9b%e5%9b%bd%e6%9c%8d%ef%bc%9f%e4%ba%b2%e6%b5%8b%e6%9c%89%e6%95%88%e7%9a%84%e5%9b%9e%e5%9b%bd%e7%bd%91%e7%bb%9c%e4%bc%98
3687	jiaocheng	香港玩魔兽国服：网络限制与回国加速的实用之道	2025-07-11 10:15:28	%e9%a6%99%e6%b8%af%e7%8e%a9%e9%ad%94%e5%85%bd%e5%9b%bd%e6%9c%8d%ef%bc%9a%e7%bd%91%e7%bb%9c%e9%99%90%e5%88%b6%e4%b8%8e%e5%9b%9e%e5%9b%bd%e5%8a%a0%e9%80%9f%e7%9a%84%e5%ae%9e%e7%94%a8%e4%b9%8b%e9%81%93
3686	youxi	去了国外还能玩国内的手机游戏吗？海外访问国内服务真实体验与解析	2025-07-11 10:15:23	%e5%8e%bb%e4%ba%86%e5%9b%bd%e5%a4%96%e8%bf%98%e8%83%bd%e7%8e%a9%e5%9b%bd%e5%86%85%e7%9a%84%e6%89%8b%e6%9c%ba%e6%b8%b8%e6%88%8f%e5%90%97%ef%bc%9f%e6%b5%b7%e5%a4%96%e8%ae%bf%e9%97%ae%e5%9b%bd%e5%86%85
3685	jiaocheng	海外游玩国服延迟解决方法：让你畅享国内网络体验	2025-07-11 10:15:20	%e6%b5%b7%e5%a4%96%e6%b8%b8%e7%8e%a9%e5%9b%bd%e6%9c%8d%e5%bb%b6%e8%bf%9f%e8%a7%a3%e5%86%b3%e6%96%b9%e6%b3%95%ef%bc%9a%e8%ae%a9%e4%bd%a0%e7%95%85%e4%ba%ab%e5%9b%bd%e5%86%85%e7%bd%91%e7%bb%9c%e4%bd%93
3684	youxi	海外玩英雄联盟国服的那些事儿：国内服务怎么用？	2025-07-11 10:15:16	%e6%b5%b7%e5%a4%96%e7%8e%a9%e8%8b%b1%e9%9b%84%e8%81%94%e7%9b%9f%e5%9b%bd%e6%9c%8d%e7%9a%84%e9%82%a3%e4%ba%9b%e4%ba%8b%e5%84%bf%ef%bc%9a%e5%9b%bd%e5%86%85%e6%9c%8d%e5%8a%a1%e6%80%8e%e4%b9%88%e7%94%a8
3683	youxi	海外玩国内游戏加速器：告别卡顿，畅享国内网络体验	2025-07-11 10:15:12	%e6%b5%b7%e5%a4%96%e7%8e%a9%e5%9b%bd%e5%86%85%e6%b8%b8%e6%88%8f%e5%8a%a0%e9%80%9f%e5%99%a8%ef%bc%9a%e5%91%8a%e5%88%ab%e5%8d%a1%e9%a1%bf%ef%bc%8c%e7%95%85%e4%ba%ab%e5%9b%bd%e5%86%85%e7%bd%91%e7%bb%9c
3682	youxi	国外玩永劫无间的方法怎么办？亲测有效回国网络设置	2025-07-11 10:15:08	%e5%9b%bd%e5%a4%96%e7%8e%a9%e6%b0%b8%e5%8a%ab%e6%97%a0%e9%97%b4%e7%9a%84%e6%96%b9%e6%b3%95%e6%80%8e%e4%b9%88%e5%8a%9e%ef%bc%9f%e4%ba%b2%e6%b5%8b%e6%9c%89%e6%95%88%e5%9b%9e%e5%9b%bd%e7%bd%91%e7%bb%9c
3681	youxi	国外可以玩和平精英吗？海外党回国网络问题全解析	2025-07-11 10:15:04	%e5%9b%bd%e5%a4%96%e5%8f%af%e4%bb%a5%e7%8e%a9%e5%92%8c%e5%b9%b3%e7%b2%be%e8%8b%b1%e5%90%97%ef%bc%9f%e6%b5%b7%e5%a4%96%e5%85%9a%e5%9b%9e%e5%9b%bd%e7%bd%91%e7%bb%9c%e9%97%ae%e9%a2%98%e5%85%a8%e8%a7%a3
3680	youxi	国外加速国内游戏加速器怎么用？海外党访问国内服务那些事	2025-07-11 10:15:00	%e5%9b%bd%e5%a4%96%e5%8a%a0%e9%80%9f%e5%9b%bd%e5%86%85%e6%b8%b8%e6%88%8f%e5%8a%a0%e9%80%9f%e5%99%a8%e6%80%8e%e4%b9%88%e7%94%a8%ef%bc%9f%e6%b5%b7%e5%a4%96%e5%85%9a%e8%ae%bf%e9%97%ae%e5%9b%bd%e5%86%85
3679	youxi	出了国和平精英还能玩不？这些国内服务该如何访问？	2025-07-11 10:14:56	%e5%87%ba%e4%ba%86%e5%9b%bd%e5%92%8c%e5%b9%b3%e7%b2%be%e8%8b%b1%e8%bf%98%e8%83%bd%e7%8e%a9%e4%b8%8d%ef%bc%9f%e8%bf%99%e4%ba%9b%e5%9b%bd%e5%86%85%e6%9c%8d%e5%8a%a1%e8%af%a5%e5%a6%82%e4%bd%95%e8%ae%bf
3678	youxi	出国可以玩国内手游吗？海外党这样轻松解决	2025-07-11 10:14:51	%e5%87%ba%e5%9b%bd%e5%8f%af%e4%bb%a5%e7%8e%a9%e5%9b%bd%e5%86%85%e6%89%8b%e6%b8%b8%e5%90%97%ef%bc%9f%e6%b5%b7%e5%a4%96%e5%85%9a%e8%bf%99%e6%a0%b7%e8%bd%bb%e6%9d%be%e8%a7%a3%e5%86%b3
3677	jiaocheng	在美国怎么玩魔兽国服？解锁国内服务难题，亲测有效回国方案	2025-07-09 18:16:42	%e5%9c%a8%e7%be%8e%e5%9b%bd%e6%80%8e%e4%b9%88%e7%8e%a9%e9%ad%94%e5%85%bd%e5%9b%bd%e6%9c%8d%ef%bc%9f%e8%a7%a3%e9%94%81%e5%9b%bd%e5%86%85%e6%9c%8d%e5%8a%a1%e9%9a%be%e9%a2%98%ef%bc%8c%e4%ba%b2%e6%b5%8b
3676	youxi	在国外怎么玩永劫无间国服？海外党亲测有效解决法	2025-07-09 18:16:37	%e5%9c%a8%e5%9b%bd%e5%a4%96%e6%80%8e%e4%b9%88%e7%8e%a9%e6%b0%b8%e5%8a%ab%e6%97%a0%e9%97%b4%e5%9b%bd%e6%9c%8d%ef%bc%9f%e6%b5%b7%e5%a4%96%e5%85%9a%e4%ba%b2%e6%b5%8b%e6%9c%89%e6%95%88%e8%a7%a3%e5%86%b3
3675	youxi	在国外怎么玩国服炉石传说？海外党回国网络实测	2025-07-09 18:16:33	%e5%9c%a8%e5%9b%bd%e5%a4%96%e6%80%8e%e4%b9%88%e7%8e%a9%e5%9b%bd%e6%9c%8d%e7%82%89%e7%9f%b3%e4%bc%a0%e8%af%b4%ef%bc%9f%e6%b5%b7%e5%a4%96%e5%85%9a%e5%9b%9e%e5%9b%bd%e7%bd%91%e7%bb%9c%e5%ae%9e%e6%b5%8b
3674	jiaocheng	在国外怎么玩传奇遇到麻烦？回国网络这样做才顺畅	2025-07-09 18:16:29	%e5%9c%a8%e5%9b%bd%e5%a4%96%e6%80%8e%e4%b9%88%e7%8e%a9%e4%bc%a0%e5%a5%87%e9%81%87%e5%88%b0%e9%ba%bb%e7%83%a6%ef%bc%9f%e5%9b%9e%e5%9b%bd%e7%bd%91%e7%bb%9c%e8%bf%99%e6%a0%b7%e5%81%9a%e6%89%8d%e9%a1%ba
3673	youxi	在国外玩王者荣耀怎么办？回国网络限制详解	2025-07-09 18:16:26	%e5%9c%a8%e5%9b%bd%e5%a4%96%e7%8e%a9%e7%8e%8b%e8%80%85%e8%8d%a3%e8%80%80%e6%80%8e%e4%b9%88%e5%8a%9e%ef%bc%9f%e5%9b%9e%e5%9b%bd%e7%bd%91%e7%bb%9c%e9%99%90%e5%88%b6%e8%af%a6%e8%a7%a3
3672	youxi	在国外能玩国服光遇吗？实测可行的回国网络优化方法	2025-07-09 18:16:21	%e5%9c%a8%e5%9b%bd%e5%a4%96%e8%83%bd%e7%8e%a9%e5%9b%bd%e6%9c%8d%e5%85%89%e9%81%87%e5%90%97%ef%bc%9f%e5%ae%9e%e6%b5%8b%e5%8f%af%e8%a1%8c%e7%9a%84%e5%9b%9e%e5%9b%bd%e7%bd%91%e7%bb%9c%e4%bc%98%e5%8c%96
3671	youxi	在国外能和国内打王者吗？海外党访问国内受限服务全解析	2025-07-09 18:16:18	%e5%9c%a8%e5%9b%bd%e5%a4%96%e8%83%bd%e5%92%8c%e5%9b%bd%e5%86%85%e6%89%93%e7%8e%8b%e8%80%85%e5%90%97%ef%bc%9f%e6%b5%b7%e5%a4%96%e5%85%9a%e8%ae%bf%e9%97%ae%e5%9b%bd%e5%86%85%e5%8f%97%e9%99%90%e6%9c%8d
3670	youxi	在国外能打国服lol吗？解决海外访问限制的真实体验	2025-07-09 18:16:13	%e5%9c%a8%e5%9b%bd%e5%a4%96%e8%83%bd%e6%89%93%e5%9b%bd%e6%9c%8dlol%e5%90%97%ef%bc%9f%e8%a7%a3%e5%86%b3%e6%b5%b7%e5%a4%96%e8%ae%bf%e9%97%ae%e9%99%90%e5%88%b6%e7%9a%84%e7%9c%9f%e5%ae%9e%e4%bd%93
3669	youxi	英雄联盟在国外能玩国服吗？海外党如何顺畅访问	2025-07-09 18:16:10	%e8%8b%b1%e9%9b%84%e8%81%94%e7%9b%9f%e5%9c%a8%e5%9b%bd%e5%a4%96%e8%83%bd%e7%8e%a9%e5%9b%bd%e6%9c%8d%e5%90%97%ef%bc%9f%e6%b5%b7%e5%a4%96%e5%85%9a%e5%a6%82%e4%bd%95%e9%a1%ba%e7%95%85%e8%ae%bf%e9%97%ae
3668	jiaocheng	日本玩国服魔兽世界怎么办？回国网络解锁指南	2025-07-09 18:16:06	%e6%97%a5%e6%9c%ac%e7%8e%a9%e5%9b%bd%e6%9c%8d%e9%ad%94%e5%85%bd%e4%b8%96%e7%95%8c%e6%80%8e%e4%b9%88%e5%8a%9e%ef%bc%9f%e5%9b%9e%e5%9b%bd%e7%bd%91%e7%bb%9c%e8%a7%a3%e9%94%81%e6%8c%87%e5%8d%97
3667	youxi	海外党怎么玩原神国服？解决访问难题	2025-07-09 18:16:01	%e6%b5%b7%e5%a4%96%e5%85%9a%e6%80%8e%e4%b9%88%e7%8e%a9%e5%8e%9f%e7%a5%9e%e5%9b%bd%e6%9c%8d%ef%bc%9f%e8%a7%a3%e5%86%b3%e8%ae%bf%e9%97%ae%e9%9a%be%e9%a2%98
3666	jiaocheng	海外畅玩国服的那些事儿：解封国内网络，体验无阻碍	2025-07-09 18:15:57	%e6%b5%b7%e5%a4%96%e7%95%85%e7%8e%a9%e5%9b%bd%e6%9c%8d%e7%9a%84%e9%82%a3%e4%ba%9b%e4%ba%8b%e5%84%bf%ef%bc%9a%e8%a7%a3%e5%b0%81%e5%9b%bd%e5%86%85%e7%bd%91%e7%bb%9c%ef%bc%8c%e4%bd%93%e9%aa%8c%e6%97%a0
3665	youxi	国外玩和平精英延迟高？海外党回国网络亲测有效	2025-07-09 18:15:53	%e5%9b%bd%e5%a4%96%e7%8e%a9%e5%92%8c%e5%b9%b3%e7%b2%be%e8%8b%b1%e5%bb%b6%e8%bf%9f%e9%ab%98%ef%bc%9f%e6%b5%b7%e5%a4%96%e5%85%9a%e5%9b%9e%e5%9b%bd%e7%bd%91%e7%bb%9c%e4%ba%b2%e6%b5%8b%e6%9c%89%e6%95%88
3664	youxi	国外玩国内网游用什么加速器？海外党回国网络困境与破解之道	2025-07-09 18:15:49	%e5%9b%bd%e5%a4%96%e7%8e%a9%e5%9b%bd%e5%86%85%e7%bd%91%e6%b8%b8%e7%94%a8%e4%bb%80%e4%b9%88%e5%8a%a0%e9%80%9f%e5%99%a8%ef%bc%9f%e6%b5%b7%e5%a4%96%e5%85%9a%e5%9b%9e%e5%9b%bd%e7%bd%91%e7%bb%9c%e5%9b%b0
3663	jiaocheng	国外玩国服魔兽世界加速器：海外党回国网络疑难解答	2025-07-09 18:15:44	%e5%9b%bd%e5%a4%96%e7%8e%a9%e5%9b%bd%e6%9c%8d%e9%ad%94%e5%85%bd%e4%b8%96%e7%95%8c%e5%8a%a0%e9%80%9f%e5%99%a8%ef%bc%9a%e6%b5%b7%e5%a4%96%e5%85%9a%e5%9b%9e%e5%9b%bd%e7%bd%91%e7%bb%9c%e7%96%91%e9%9a%be
3662	youxi	国外能玩国内的手游吗？解锁海外访问的真实体验	2025-07-09 18:15:40	%e5%9b%bd%e5%a4%96%e8%83%bd%e7%8e%a9%e5%9b%bd%e5%86%85%e7%9a%84%e6%89%8b%e6%b8%b8%e5%90%97%ef%bc%9f%e8%a7%a3%e9%94%81%e6%b5%b7%e5%a4%96%e8%ae%bf%e9%97%ae%e7%9a%84%e7%9c%9f%e5%ae%9e%e4%bd%93%e9%aa%8c
3661	jiaocheng	国外能玩国服吗？海外党访问国内服务实测分享	2025-07-09 18:15:36	%e5%9b%bd%e5%a4%96%e8%83%bd%e7%8e%a9%e5%9b%bd%e6%9c%8d%e5%90%97%ef%bc%9f%e6%b5%b7%e5%a4%96%e5%85%9a%e8%ae%bf%e9%97%ae%e5%9b%bd%e5%86%85%e6%9c%8d%e5%8a%a1%e5%ae%9e%e6%b5%8b%e5%88%86%e4%ba%ab
3660	youxi	国外可以玩王者荣耀么？海外党看过来！	2025-07-09 18:15:32	%e5%9b%bd%e5%a4%96%e5%8f%af%e4%bb%a5%e7%8e%a9%e7%8e%8b%e8%80%85%e8%8d%a3%e8%80%80%e4%b9%88%ef%bc%9f%e6%b5%b7%e5%a4%96%e5%85%9a%e7%9c%8b%e8%bf%87%e6%9d%a5%ef%bc%81
3659	youxi	国外打王者荣耀如何降低延迟的那些事儿	2025-07-09 18:15:27	%e5%9b%bd%e5%a4%96%e6%89%93%e7%8e%8b%e8%80%85%e8%8d%a3%e8%80%80%e5%a6%82%e4%bd%95%e9%99%8d%e4%bd%8e%e5%bb%b6%e8%bf%9f%e7%9a%84%e9%82%a3%e4%ba%9b%e4%ba%8b%e5%84%bf
3658	youxi	光遇在国外怎么玩国服？海外党亲测有效回国网络解法	2025-07-09 18:15:23	%e5%85%89%e9%81%87%e5%9c%a8%e5%9b%bd%e5%a4%96%e6%80%8e%e4%b9%88%e7%8e%a9%e5%9b%bd%e6%9c%8d%ef%bc%9f%e6%b5%b7%e5%a4%96%e5%85%9a%e4%ba%b2%e6%b5%8b%e6%9c%89%e6%95%88%e5%9b%9e%e5%9b%bd%e7%bd%91%e7%bb%9c
3656	jiaocheng	在欧洲怎么连国服？海外党访问国内服务不迷路	2025-07-08 18:23:56	%e5%9c%a8%e6%ac%a7%e6%b4%b2%e6%80%8e%e4%b9%88%e8%bf%9e%e5%9b%bd%e6%9c%8d%ef%bc%9f%e6%b5%b7%e5%a4%96%e5%85%9a%e8%ae%bf%e9%97%ae%e5%9b%bd%e5%86%85%e6%9c%8d%e5%8a%a1%e4%b8%8d%e8%bf%b7%e8%b7%af
3655	youxi	在欧洲怎么打王者荣耀，这些国内服务也能用	2025-07-08 18:23:52	%e5%9c%a8%e6%ac%a7%e6%b4%b2%e6%80%8e%e4%b9%88%e6%89%93%e7%8e%8b%e8%80%85%e8%8d%a3%e8%80%80%ef%bc%8c%e8%bf%99%e4%ba%9b%e5%9b%bd%e5%86%85%e6%9c%8d%e5%8a%a1%e4%b9%9f%e8%83%bd%e7%94%a8
3654	youxi	在美国可以玩中国的手游吗：完整解析与实用回国网络方案	2025-07-08 18:23:49	%e5%9c%a8%e7%be%8e%e5%9b%bd%e5%8f%af%e4%bb%a5%e7%8e%a9%e4%b8%ad%e5%9b%bd%e7%9a%84%e6%89%8b%e6%b8%b8%e5%90%97%ef%bc%9a%e5%ae%8c%e6%95%b4%e8%a7%a3%e6%9e%90%e4%b8%8e%e5%ae%9e%e7%94%a8%e5%9b%9e%e5%9b%bd
3653	youxi	在海外玩国内手机游戏卡顿怎么办？回国加速器亲测有效	2025-07-08 18:23:45	%e5%9c%a8%e6%b5%b7%e5%a4%96%e7%8e%a9%e5%9b%bd%e5%86%85%e6%89%8b%e6%9c%ba%e6%b8%b8%e6%88%8f%e5%8d%a1%e9%a1%bf%e6%80%8e%e4%b9%88%e5%8a%9e%ef%bc%9f%e5%9b%9e%e5%9b%bd%e5%8a%a0%e9%80%9f%e5%99%a8%e4%ba%b2
3652	youxi	在国外怎么降低游戏延迟：真实经历与靠谱回国网络疏通	2025-07-08 18:23:40	%e5%9c%a8%e5%9b%bd%e5%a4%96%e6%80%8e%e4%b9%88%e9%99%8d%e4%bd%8e%e6%b8%b8%e6%88%8f%e5%bb%b6%e8%bf%9f%ef%bc%9a%e7%9c%9f%e5%ae%9e%e7%bb%8f%e5%8e%86%e4%b8%8e%e9%9d%a0%e8%b0%b1%e5%9b%9e%e5%9b%bd%e7%bd%91
3651	youxi	在国外玩国内手游用什么加速器？海外党亲测可用	2025-07-08 18:23:36	%e5%9c%a8%e5%9b%bd%e5%a4%96%e7%8e%a9%e5%9b%bd%e5%86%85%e6%89%8b%e6%b8%b8%e7%94%a8%e4%bb%80%e4%b9%88%e5%8a%a0%e9%80%9f%e5%99%a8%ef%bc%9f%e6%b5%b7%e5%a4%96%e5%85%9a%e4%ba%b2%e6%b5%8b%e5%8f%af%e7%94%a8
3650	youxi	在国外可以玩王者荣耀国服吗？海外党必看回国网络梳理	2025-07-08 18:23:33	%e5%9c%a8%e5%9b%bd%e5%a4%96%e5%8f%af%e4%bb%a5%e7%8e%a9%e7%8e%8b%e8%80%85%e8%8d%a3%e8%80%80%e5%9b%bd%e6%9c%8d%e5%90%97%ef%bc%9f%e6%b5%b7%e5%a4%96%e5%85%9a%e5%bf%85%e7%9c%8b%e5%9b%9e%e5%9b%bd%e7%bd%91
3649	youxi	永劫无间在海外怎么玩国服？亲测有效回国网络优化	2025-07-08 18:23:29	%e6%b0%b8%e5%8a%ab%e6%97%a0%e9%97%b4%e5%9c%a8%e6%b5%b7%e5%a4%96%e6%80%8e%e4%b9%88%e7%8e%a9%e5%9b%bd%e6%9c%8d%ef%bc%9f%e4%ba%b2%e6%b5%8b%e6%9c%89%e6%95%88%e5%9b%9e%e5%9b%bd%e7%bd%91%e7%bb%9c%e4%bc%98
3648	youxi	美国玩王者荣耀延迟高怎么办？亲测回国网络提速妙招	2025-07-08 18:23:25	%e7%be%8e%e5%9b%bd%e7%8e%a9%e7%8e%8b%e8%80%85%e8%8d%a3%e8%80%80%e5%bb%b6%e8%bf%9f%e9%ab%98%e6%80%8e%e4%b9%88%e5%8a%9e%ef%bc%9f%e4%ba%b2%e6%b5%8b%e5%9b%9e%e5%9b%bd%e7%bd%91%e7%bb%9c%e6%8f%90%e9%80%9f
3647	youxi	和平精英国外地区限制怎么破？海外党亲测可用	2025-07-08 18:23:21	%e5%92%8c%e5%b9%b3%e7%b2%be%e8%8b%b1%e5%9b%bd%e5%a4%96%e5%9c%b0%e5%8c%ba%e9%99%90%e5%88%b6%e6%80%8e%e4%b9%88%e7%a0%b4%ef%bc%9f%e6%b5%b7%e5%a4%96%e5%85%9a%e4%ba%b2%e6%b5%8b%e5%8f%af%e7%94%a8
3646	youxi	国外玩游戏延迟高怎么办？亲测有效的回国网络解决方案	2025-07-08 18:23:18	%e5%9b%bd%e5%a4%96%e7%8e%a9%e6%b8%b8%e6%88%8f%e5%bb%b6%e8%bf%9f%e9%ab%98%e6%80%8e%e4%b9%88%e5%8a%9e%ef%bc%9f%e4%ba%b2%e6%b5%8b%e6%9c%89%e6%95%88%e7%9a%84%e5%9b%9e%e5%9b%bd%e7%bd%91%e7%bb%9c%e8%a7%a3
3645	youxi	国外玩永劫无间国服，那些年我们遇到的访问难题与出路	2025-07-08 18:23:14	%e5%9b%bd%e5%a4%96%e7%8e%a9%e6%b0%b8%e5%8a%ab%e6%97%a0%e9%97%b4%e5%9b%bd%e6%9c%8d%ef%bc%8c%e9%82%a3%e4%ba%9b%e5%b9%b4%e6%88%91%e4%bb%ac%e9%81%87%e5%88%b0%e7%9a%84%e8%ae%bf%e9%97%ae%e9%9a%be%e9%a2%98
3644	youxi	国外玩王者荣耀的软件怎么办？亲测有效回国方法	2025-07-08 18:23:09	%e5%9b%bd%e5%a4%96%e7%8e%a9%e7%8e%8b%e8%80%85%e8%8d%a3%e8%80%80%e7%9a%84%e8%bd%af%e4%bb%b6%e6%80%8e%e4%b9%88%e5%8a%9e%ef%bc%9f%e4%ba%b2%e6%b5%8b%e6%9c%89%e6%95%88%e5%9b%9e%e5%9b%bd%e6%96%b9%e6%b3%95
3643	youxi	国外玩国内网游，这些服务为什么卡脖子？	2025-07-08 18:23:05	%e5%9b%bd%e5%a4%96%e7%8e%a9%e5%9b%bd%e5%86%85%e7%bd%91%e6%b8%b8%ef%bc%8c%e8%bf%99%e4%ba%9b%e6%9c%8d%e5%8a%a1%e4%b8%ba%e4%bb%80%e4%b9%88%e5%8d%a1%e8%84%96%e5%ad%90%ef%bc%9f
3642	youxi	国外玩国服游戏用什么加速器，海外党畅享国内精彩的那些事	2025-07-08 18:23:02	%e5%9b%bd%e5%a4%96%e7%8e%a9%e5%9b%bd%e6%9c%8d%e6%b8%b8%e6%88%8f%e7%94%a8%e4%bb%80%e4%b9%88%e5%8a%a0%e9%80%9f%e5%99%a8%ef%bc%8c%e6%b5%b7%e5%a4%96%e5%85%9a%e7%95%85%e4%ba%ab%e5%9b%bd%e5%86%85%e7%b2%be
3641	youxi	国外玩lol延迟高怎么办？海外回国网络加速揭秘	2025-07-08 18:22:58	%e5%9b%bd%e5%a4%96%e7%8e%a9lol%e5%bb%b6%e8%bf%9f%e9%ab%98%e6%80%8e%e4%b9%88%e5%8a%9e%ef%bc%9f%e6%b5%b7%e5%a4%96%e5%9b%9e%e5%9b%bd%e7%bd%91%e7%bb%9c%e5%8a%a0%e9%80%9f%e6%8f%ad%e7%a7%98
3640	youxi	国外能玩国内手游吗？轻松解决海外访问限制	2025-07-08 18:22:55	%e5%9b%bd%e5%a4%96%e8%83%bd%e7%8e%a9%e5%9b%bd%e5%86%85%e6%89%8b%e6%b8%b8%e5%90%97%ef%bc%9f%e8%bd%bb%e6%9d%be%e8%a7%a3%e5%86%b3%e6%b5%b7%e5%a4%96%e8%ae%bf%e9%97%ae%e9%99%90%e5%88%b6
3639	youxi	国区游戏国外能不能玩？海外党回国网络解忧篇	2025-07-08 18:22:51	%e5%9b%bd%e5%8c%ba%e6%b8%b8%e6%88%8f%e5%9b%bd%e5%a4%96%e8%83%bd%e4%b8%8d%e8%83%bd%e7%8e%a9%ef%bc%9f%e6%b5%b7%e5%a4%96%e5%85%9a%e5%9b%9e%e5%9b%bd%e7%bd%91%e7%bb%9c%e8%a7%a3%e5%bf%a7%e7%af%87
3606	tiyu	境外看cba	2025-06-24 16:22:54	%e5%a2%83%e5%a4%96%e7%9c%8bcba
3605	tiyu	在国外怎么看nba比赛直播	2025-06-24 16:22:51	%e5%9c%a8%e5%9b%bd%e5%a4%96%e6%80%8e%e4%b9%88%e7%9c%8bnba%e6%af%94%e8%b5%9b%e7%9b%b4%e6%92%ad
3604	tiyu	国外怎么看nba回放	2025-06-24 16:22:48	%e5%9b%bd%e5%a4%96%e6%80%8e%e4%b9%88%e7%9c%8bnba%e5%9b%9e%e6%94%be
3603	yingyin	怎么在国外看腾讯视频的电影	2025-06-24 16:22:45	%e6%80%8e%e4%b9%88%e5%9c%a8%e5%9b%bd%e5%a4%96%e7%9c%8b%e8%85%be%e8%ae%af%e8%a7%86%e9%a2%91%e7%9a%84%e7%94%b5%e5%bd%b1
3602	yingyin	怎么在国外看腾讯视频会员	2025-06-24 16:22:41	%e6%80%8e%e4%b9%88%e5%9c%a8%e5%9b%bd%e5%a4%96%e7%9c%8b%e8%85%be%e8%ae%af%e8%a7%86%e9%a2%91%e4%bc%9a%e5%91%98
3601	yingyin	怎么在国外看腾讯视频直播	2025-06-24 16:22:38	%e6%80%8e%e4%b9%88%e5%9c%a8%e5%9b%bd%e5%a4%96%e7%9c%8b%e8%85%be%e8%ae%af%e8%a7%86%e9%a2%91%e7%9b%b4%e6%92%ad
3600	yingyin	怎么在国外看腾讯视频的视频	2025-06-24 16:22:36	%e6%80%8e%e4%b9%88%e5%9c%a8%e5%9b%bd%e5%a4%96%e7%9c%8b%e8%85%be%e8%ae%af%e8%a7%86%e9%a2%91%e7%9a%84%e8%a7%86%e9%a2%91
3586	tiyu	在香港怎么看cba直播的	2025-06-23 16:59:20	%e5%9c%a8%e9%a6%99%e6%b8%af%e6%80%8e%e4%b9%88%e7%9c%8bcba%e7%9b%b4%e6%92%ad%e7%9a%84
3585	tiyu	在香港用什么看NBA	2025-06-23 16:59:17	%e5%9c%a8%e9%a6%99%e6%b8%af%e7%94%a8%e4%bb%80%e4%b9%88%e7%9c%8bnba
3584	tiyu	在海外怎么看奥运会	2025-06-23 16:59:13	%e5%9c%a8%e6%b5%b7%e5%a4%96%e6%80%8e%e4%b9%88%e7%9c%8b%e5%a5%a5%e8%bf%90%e4%bc%9a
3583	jiaocheng	在海外看国内的电视剧的app	2025-06-23 16:59:09	%e5%9c%a8%e6%b5%b7%e5%a4%96%e7%9c%8b%e5%9b%bd%e5%86%85%e7%9a%84%e7%94%b5%e8%a7%86%e5%89%a7%e7%9a%84app
3582	jiaocheng	在国外能看国内电视吗	2025-06-23 16:59:05	%e5%9c%a8%e5%9b%bd%e5%a4%96%e8%83%bd%e7%9c%8b%e5%9b%bd%e5%86%85%e7%94%b5%e8%a7%86%e5%90%97
3567	duanju	国外免费看2025世俱杯直播网站	2025-06-21 14:02:42	%e5%9b%bd%e5%a4%96%e5%85%8d%e8%b4%b9%e7%9c%8b2025%e4%b8%96%e4%bf%b1%e6%9d%af%e7%9b%b4%e6%92%ad%e7%bd%91%e7%ab%99
3566	duanju	海外看国内平台世俱杯直播教程	2025-06-21 14:02:39	%e6%b5%b7%e5%a4%96%e7%9c%8b%e5%9b%bd%e5%86%85%e5%b9%b3%e5%8f%b0%e4%b8%96%e4%bf%b1%e6%9d%af%e7%9b%b4%e6%92%ad%e6%95%99%e7%a8%8b
3565	duanju	怎样在国外收看世俱杯高清直播	2025-06-21 14:02:36	%e6%80%8e%e6%a0%b7%e5%9c%a8%e5%9b%bd%e5%a4%96%e6%94%b6%e7%9c%8b%e4%b8%96%e4%bf%b1%e6%9d%af%e9%ab%98%e6%b8%85%e7%9b%b4%e6%92%ad
3564	duanju	海外用户世俱杯直播平台推荐	2025-06-21 14:02:32	%e6%b5%b7%e5%a4%96%e7%94%a8%e6%88%b7%e4%b8%96%e4%bf%b1%e6%9d%af%e7%9b%b4%e6%92%ad%e5%b9%b3%e5%8f%b0%e6%8e%a8%e8%8d%90
3563	duanju	国外如何解锁咪咕世俱杯比赛直播	2025-06-21 14:02:30	%e5%9b%bd%e5%a4%96%e5%a6%82%e4%bd%95%e8%a7%a3%e9%94%81%e5%92%aa%e5%92%95%e4%b8%96%e4%bf%b1%e6%9d%af%e6%af%94%e8%b5%9b%e7%9b%b4%e6%92%ad
3562	jiaocheng	海外在线观看世俱杯国内转播频道	2025-06-21 14:02:27	%e6%b5%b7%e5%a4%96%e5%9c%a8%e7%ba%bf%e8%a7%82%e7%9c%8b%e4%b8%96%e4%bf%b1%e6%9d%af%e5%9b%bd%e5%86%85%e8%bd%ac%e6%92%ad%e9%a2%91%e9%81%93
3544	yingyin	腾讯视频海外能用吗	2025-06-18 15:06:21	%e8%85%be%e8%ae%af%e8%a7%86%e9%a2%91%e6%b5%b7%e5%a4%96%e8%83%bd%e7%94%a8%e5%90%97
3543	yingyin	国外看不了腾讯视频的解决方法是什么	2025-06-18 15:06:17	%e5%9b%bd%e5%a4%96%e7%9c%8b%e4%b8%8d%e4%ba%86%e8%85%be%e8%ae%af%e8%a7%86%e9%a2%91%e7%9a%84%e8%a7%a3%e5%86%b3%e6%96%b9%e6%b3%95%e6%98%af%e4%bb%80%e4%b9%88
3542	jiaocheng	韩剧tv在国外看不了	2025-06-18 15:06:15	%e9%9f%a9%e5%89%a7tv%e5%9c%a8%e5%9b%bd%e5%a4%96%e7%9c%8b%e4%b8%8d%e4%ba%86
3541	yingyin	在国外怎么看咪咕视频软件	2025-06-18 15:06:12	%e5%9c%a8%e5%9b%bd%e5%a4%96%e6%80%8e%e4%b9%88%e7%9c%8b%e5%92%aa%e5%92%95%e8%a7%86%e9%a2%91%e8%bd%af%e4%bb%b6
3540	yingyin	在国外如何看咪咕视频	2025-06-18 15:06:09	%e5%9c%a8%e5%9b%bd%e5%a4%96%e5%a6%82%e4%bd%95%e7%9c%8b%e5%92%aa%e5%92%95%e8%a7%86%e9%a2%91
3539	jiaocheng	海外看咪咕	2025-06-18 15:06:06	%e6%b5%b7%e5%a4%96%e7%9c%8b%e5%92%aa%e5%92%95
3526	duanju	在海外怎么看春晚直播	2025-06-16 16:28:37	%e5%9c%a8%e6%b5%b7%e5%a4%96%e6%80%8e%e4%b9%88%e7%9c%8b%e6%98%a5%e6%99%9a%e7%9b%b4%e6%92%ad
3525	jiaocheng	在海外怎么看春晚节目	2025-06-16 16:28:33	%e5%9c%a8%e6%b5%b7%e5%a4%96%e6%80%8e%e4%b9%88%e7%9c%8b%e6%98%a5%e6%99%9a%e8%8a%82%e7%9b%ae
3524	yingyin	在海外怎么看春晚视频	2025-06-16 16:28:30	%e5%9c%a8%e6%b5%b7%e5%a4%96%e6%80%8e%e4%b9%88%e7%9c%8b%e6%98%a5%e6%99%9a%e8%a7%86%e9%a2%91
3523	yingyin	在海外怎么看春晚电影	2025-06-16 16:28:26	%e5%9c%a8%e6%b5%b7%e5%a4%96%e6%80%8e%e4%b9%88%e7%9c%8b%e6%98%a5%e6%99%9a%e7%94%b5%e5%bd%b1
3522	duanju	海外怎么看春晚直播	2025-06-16 16:28:22	%e6%b5%b7%e5%a4%96%e6%80%8e%e4%b9%88%e7%9c%8b%e6%98%a5%e6%99%9a%e7%9b%b4%e6%92%ad
3521	jiaocheng	在海外如何看春晚	2025-06-16 16:28:18	%e5%9c%a8%e6%b5%b7%e5%a4%96%e5%a6%82%e4%bd%95%e7%9c%8b%e6%98%a5%e6%99%9a
3512	tiyu	国外看cCTv5直播软件	2025-06-13 16:17:28	%e5%9b%bd%e5%a4%96%e7%9c%8bcctv5%e7%9b%b4%e6%92%ad%e8%bd%af%e4%bb%b6
3511	yingyin	海外如何看国内视频直播	2025-06-13 16:17:26	%e6%b5%b7%e5%a4%96%e5%a6%82%e4%bd%95%e7%9c%8b%e5%9b%bd%e5%86%85%e8%a7%86%e9%a2%91%e7%9b%b4%e6%92%ad
3510	yingyin	海外如何看国内视频软件	2025-06-13 16:17:23	%e6%b5%b7%e5%a4%96%e5%a6%82%e4%bd%95%e7%9c%8b%e5%9b%bd%e5%86%85%e8%a7%86%e9%a2%91%e8%bd%af%e4%bb%b6
3509	yingyin	海外如何看国内视频节目	2025-06-13 16:17:20	%e6%b5%b7%e5%a4%96%e5%a6%82%e4%bd%95%e7%9c%8b%e5%9b%bd%e5%86%85%e8%a7%86%e9%a2%91%e8%8a%82%e7%9b%ae
3508	yingyin	海外怎么看国内视频	2025-06-13 16:17:16	%e6%b5%b7%e5%a4%96%e6%80%8e%e4%b9%88%e7%9c%8b%e5%9b%bd%e5%86%85%e8%a7%86%e9%a2%91
3493	yingyin	腾讯视频地域限制解决视频教学的问题	2025-06-11 14:39:54	%e8%85%be%e8%ae%af%e8%a7%86%e9%a2%91%e5%9c%b0%e5%9f%9f%e9%99%90%e5%88%b6%e8%a7%a3%e5%86%b3%e8%a7%86%e9%a2%91%e6%95%99%e5%ad%a6%e7%9a%84%e9%97%ae%e9%a2%98
3492	yingyin	腾讯视频地域限制解决方法	2025-06-11 14:39:47	%e8%85%be%e8%ae%af%e8%a7%86%e9%a2%91%e5%9c%b0%e5%9f%9f%e9%99%90%e5%88%b6%e8%a7%a3%e5%86%b3%e6%96%b9%e6%b3%95
3490	jiaocheng	韩剧tv海外可以看吗	2025-06-11 14:38:31	%e9%9f%a9%e5%89%a7tv%e6%b5%b7%e5%a4%96%e5%8f%af%e4%bb%a5%e7%9c%8b%e5%90%97
3489	jiaocheng	韩剧 tv在国外看不了	2025-06-11 14:38:26	%e9%9f%a9%e5%89%a7-tv%e5%9c%a8%e5%9b%bd%e5%a4%96%e7%9c%8b%e4%b8%8d%e4%ba%86
3488	yingyin	在国外怎么看咪咕视频节目	2025-06-11 14:38:20	%e5%9c%a8%e5%9b%bd%e5%a4%96%e6%80%8e%e4%b9%88%e7%9c%8b%e5%92%aa%e5%92%95%e8%a7%86%e9%a2%91%e8%8a%82%e7%9b%ae
3454	yingyin	海外看B站视频加载失败的原因	2025-06-05 16:47:20	%e6%b5%b7%e5%a4%96%e7%9c%8bb%e7%ab%99%e8%a7%86%e9%a2%91%e5%8a%a0%e8%bd%bd%e5%a4%b1%e8%b4%a5%e7%9a%84%e5%8e%9f%e5%9b%a0
3471	yingyin	咪咕视频版权限制怎么解决	2025-06-05 16:21:58	%e5%92%aa%e5%92%95%e8%a7%86%e9%a2%91%e7%89%88%e6%9d%83%e9%99%90%e5%88%b6%e6%80%8e%e4%b9%88%e8%a7%a3%e5%86%b3
3470	yingyin	咪咕视频版权限制无法观看	2025-06-05 16:21:54	%e5%92%aa%e5%92%95%e8%a7%86%e9%a2%91%e7%89%88%e6%9d%83%e9%99%90%e5%88%b6%e6%97%a0%e6%b3%95%e8%a7%82%e7%9c%8b
3469	jiaocheng	在国外用什么网站看国内电视剧	2025-06-05 16:21:51	%e5%9c%a8%e5%9b%bd%e5%a4%96%e7%94%a8%e4%bb%80%e4%b9%88%e7%bd%91%e7%ab%99%e7%9c%8b%e5%9b%bd%e5%86%85%e7%94%b5%e8%a7%86%e5%89%a7
3468	jiaocheng	海外华人如何看春晚	2025-06-05 16:21:47	%e6%b5%b7%e5%a4%96%e5%8d%8e%e4%ba%ba%e5%a6%82%e4%bd%95%e7%9c%8b%e6%98%a5%e6%99%9a
3467	tiyu	在国外怎么看nba	2025-06-05 16:21:44	%e5%9c%a8%e5%9b%bd%e5%a4%96%e6%80%8e%e4%b9%88%e7%9c%8bnba
3466	tiyu	在国外怎么看NBA直播	2025-06-05 16:21:40	%e5%9c%a8%e5%9b%bd%e5%a4%96%e6%80%8e%e4%b9%88%e7%9c%8bnba%e7%9b%b4%e6%92%ad
3453	jiaocheng	国外怎么翻回国内的网	2025-06-04 16:47:14	%e5%9b%bd%e5%a4%96%e6%80%8e%e4%b9%88%e7%bf%bb%e5%9b%9e%e5%9b%bd%e5%86%85%e7%9a%84%e7%bd%91
3452	tiyu	CCTV5地区限制	2025-06-04 16:47:07	cctv5%e5%9c%b0%e5%8c%ba%e9%99%90%e5%88%b6
3451	yingyin	国外看国内视频如何解除地区限制	2025-06-04 16:47:01	%e5%9b%bd%e5%a4%96%e7%9c%8b%e5%9b%bd%e5%86%85%e8%a7%86%e9%a2%91%e5%a6%82%e4%bd%95%e8%a7%a3%e9%99%a4%e5%9c%b0%e5%8c%ba%e9%99%90%e5%88%b6
3450	yingyin	国外爱奇艺视频受限的解决方法	2025-06-04 16:46:53	%e5%9b%bd%e5%a4%96%e7%88%b1%e5%a5%87%e8%89%ba%e8%a7%86%e9%a2%91%e5%8f%97%e9%99%90%e7%9a%84%e8%a7%a3%e5%86%b3%e6%96%b9%e6%b3%95
3434	tiyu	在澳门怎么看CBA	2025-06-03 16:44:00	%e5%9c%a8%e6%be%b3%e9%97%a8%e6%80%8e%e4%b9%88%e7%9c%8bcba
3433	tiyu	海外如何看CBA	2025-06-03 16:43:56	%e6%b5%b7%e5%a4%96%e5%a6%82%e4%bd%95%e7%9c%8bcba
3432	tiyu	海外看CBA	2025-06-03 16:43:48	%e6%b5%b7%e5%a4%96%e7%9c%8bcba
3431	jiaocheng	海外怎么看国内的电视剧	2025-06-03 16:43:45	%e6%b5%b7%e5%a4%96%e6%80%8e%e4%b9%88%e7%9c%8b%e5%9b%bd%e5%86%85%e7%9a%84%e7%94%b5%e8%a7%86%e5%89%a7
3430	yingyin	爱奇艺地区限制怎么解决	2025-06-03 16:43:41	%e7%88%b1%e5%a5%87%e8%89%ba%e5%9c%b0%e5%8c%ba%e9%99%90%e5%88%b6%e6%80%8e%e4%b9%88%e8%a7%a3%e5%86%b3
3429	yingyin	国外看爱奇艺地域限制怎么办	2025-06-03 16:43:37	%e5%9b%bd%e5%a4%96%e7%9c%8b%e7%88%b1%e5%a5%87%e8%89%ba%e5%9c%b0%e5%9f%9f%e9%99%90%e5%88%b6%e6%80%8e%e4%b9%88%e5%8a%9e
3428	tiyu	香港怎么看CCTV5	2025-06-03 16:43:33	%e9%a6%99%e6%b8%af%e6%80%8e%e4%b9%88%e7%9c%8bcctv5
3413	yingyin	腾讯视频地域限制解决	2025-05-30 15:08:27	%e8%85%be%e8%ae%af%e8%a7%86%e9%a2%91%e5%9c%b0%e5%9f%9f%e9%99%90%e5%88%b6%e8%a7%a3%e5%86%b3
3412	yingyin	在海外看腾讯视频卡顿的解决方法	2025-05-30 15:08:22	%e5%9c%a8%e6%b5%b7%e5%a4%96%e7%9c%8b%e8%85%be%e8%ae%af%e8%a7%86%e9%a2%91%e5%8d%a1%e9%a1%bf%e7%9a%84%e8%a7%a3%e5%86%b3%e6%96%b9%e6%b3%95
3411	yingyin	腾讯视频在国外可以用吗	2025-05-30 15:08:18	%e8%85%be%e8%ae%af%e8%a7%86%e9%a2%91%e5%9c%a8%e5%9b%bd%e5%a4%96%e5%8f%af%e4%bb%a5%e7%94%a8%e5%90%97
3410	yingyin	腾讯视频国外看不了怎么解决	2025-05-30 15:08:15	%e8%85%be%e8%ae%af%e8%a7%86%e9%a2%91%e5%9b%bd%e5%a4%96%e7%9c%8b%e4%b8%8d%e4%ba%86%e6%80%8e%e4%b9%88%e8%a7%a3%e5%86%b3
3409	jiaocheng	在国外怎么看国内电视剧	2025-05-30 15:08:04	%e5%9c%a8%e5%9b%bd%e5%a4%96%e6%80%8e%e4%b9%88%e7%9c%8b%e5%9b%bd%e5%86%85%e7%94%b5%e8%a7%86%e5%89%a7
3408	jiaocheng	在海外看国内电视剧用什么	2025-05-30 15:07:59	%e5%9c%a8%e6%b5%b7%e5%a4%96%e7%9c%8b%e5%9b%bd%e5%86%85%e7%94%b5%e8%a7%86%e5%89%a7%e7%94%a8%e4%bb%80%e4%b9%88
3396	jiaocheng	在海外怎么看被限制的电视剧	2025-05-29 13:59:54	%e5%9c%a8%e6%b5%b7%e5%a4%96%e6%80%8e%e4%b9%88%e7%9c%8b%e8%a2%ab%e9%99%90%e5%88%b6%e7%9a%84%e7%94%b5%e8%a7%86%e5%89%a7
3395	jiaocheng	海外看国内电视剧软件	2025-05-29 13:59:49	%e6%b5%b7%e5%a4%96%e7%9c%8b%e5%9b%bd%e5%86%85%e7%94%b5%e8%a7%86%e5%89%a7%e8%bd%af%e4%bb%b6
3394	yingyin	海外看腾讯视频怎么解决版权问题	2025-05-29 13:59:45	%e6%b5%b7%e5%a4%96%e7%9c%8b%e8%85%be%e8%ae%af%e8%a7%86%e9%a2%91%e6%80%8e%e4%b9%88%e8%a7%a3%e5%86%b3%e7%89%88%e6%9d%83%e9%97%ae%e9%a2%98
3393	yingyin	在国外手机看腾讯视频	2025-05-29 13:59:42	%e5%9c%a8%e5%9b%bd%e5%a4%96%e6%89%8b%e6%9c%ba%e7%9c%8b%e8%85%be%e8%ae%af%e8%a7%86%e9%a2%91
3392	jiaocheng	在海外怎么看春晚	2025-05-29 13:59:39	%e5%9c%a8%e6%b5%b7%e5%a4%96%e6%80%8e%e4%b9%88%e7%9c%8b%e6%98%a5%e6%99%9a
3391	duanju	海外春晚直播在哪里看	2025-05-29 13:59:34	%e6%b5%b7%e5%a4%96%e6%98%a5%e6%99%9a%e7%9b%b4%e6%92%ad%e5%9c%a8%e5%93%aa%e9%87%8c%e7%9c%8b
3378	yingyin	国外怎么看腾讯视频	2025-05-28 17:40:04	%e5%9b%bd%e5%a4%96%e6%80%8e%e4%b9%88%e7%9c%8b%e8%85%be%e8%ae%af%e8%a7%86%e9%a2%91
3377	tiyu	海外如何收看CCTV5	2025-05-28 17:39:58	%e6%b5%b7%e5%a4%96%e5%a6%82%e4%bd%95%e6%94%b6%e7%9c%8bcctv5
3376	tiyu	可以在国外看的央视APP	2025-05-28 17:39:55	%e5%8f%af%e4%bb%a5%e5%9c%a8%e5%9b%bd%e5%a4%96%e7%9c%8b%e7%9a%84%e5%a4%ae%e8%a7%86app
3375	jiaocheng	国外能看中央电视台吗	2025-05-28 17:39:49	%e5%9b%bd%e5%a4%96%e8%83%bd%e7%9c%8b%e4%b8%ad%e5%a4%ae%e7%94%b5%e8%a7%86%e5%8f%b0%e5%90%97
3374	yingyin	超级简单的取消腾讯视频地区限制的方法	2025-05-28 17:39:45	%e8%b6%85%e7%ba%a7%e7%ae%80%e5%8d%95%e7%9a%84%e5%8f%96%e6%b6%88%e8%85%be%e8%ae%af%e8%a7%86%e9%a2%91%e5%9c%b0%e5%8c%ba%e9%99%90%e5%88%b6%e7%9a%84%e6%96%b9%e6%b3%95
3365	tiyu	怎么在国外看奥运会直播	2025-05-26 18:33:31	%e6%80%8e%e4%b9%88%e5%9c%a8%e5%9b%bd%e5%a4%96%e7%9c%8b%e5%a5%a5%e8%bf%90%e4%bc%9a%e7%9b%b4%e6%92%ad
3364	yinyue	海外用户如何下载网易云音乐？2025年5月最新破解指南	2025-05-26 18:24:05	%e6%b5%b7%e5%a4%96%e7%94%a8%e6%88%b7%e5%a6%82%e4%bd%95%e4%b8%8b%e8%bd%bd%e7%bd%91%e6%98%93%e4%ba%91%e9%9f%b3%e4%b9%90%ef%bc%9f2025%e5%b9%b45%e6%9c%88%e6%9c%80%e6%96%b0%e7%a0%b4%e8%a7%a3%e6%8c%87
3307	yingyin	如何在香港解除Bilibili的限制：有效方法与注意事项	2025-05-21 13:42:16	%e5%a6%82%e4%bd%95%e5%9c%a8%e9%a6%99%e6%b8%af%e8%a7%a3%e9%99%a4bilibili%e7%9a%84%e9%99%90%e5%88%b6%ef%bc%9a%e6%9c%89%e6%95%88%e6%96%b9%e6%b3%95%e4%b8%8e%e6%b3%a8%e6%84%8f%e4%ba%8b%e9%a1%b9
3308	jiaocheng	如何在美国轻松观看国内电视节目	2025-05-19 17:38:51	%e5%a6%82%e4%bd%95%e5%9c%a8%e7%be%8e%e5%9b%bd%e8%bd%bb%e6%9d%be%e8%a7%82%e7%9c%8b%e5%9b%bd%e5%86%85%e7%94%b5%e8%a7%86%e8%8a%82%e7%9b%ae
3305	tiyu	如何在香港流畅观看CCTV5直播？解决网络延迟的实用指南	2025-05-19 16:56:32	%e5%a6%82%e4%bd%95%e5%9c%a8%e9%a6%99%e6%b8%af%e6%b5%81%e7%95%85%e8%a7%82%e7%9c%8bcctv5%e7%9b%b4%e6%92%ad%ef%bc%9f%e8%a7%a3%e5%86%b3%e7%bd%91%e7%bb%9c%e5%bb%b6%e8%bf%9f%e7%9a%84%e5%ae%9e%e7%94%a8
3292	bangong	中国知网海外地区无法使用？为什么会这样？	2025-05-19 15:57:02	%e4%b8%ad%e5%9b%bd%e7%9f%a5%e7%bd%91%e6%b5%b7%e5%a4%96%e5%9c%b0%e5%8c%ba%e6%97%a0%e6%b3%95%e4%bd%bf%e7%94%a8%ef%bc%9f%e4%b8%ba%e4%bb%80%e4%b9%88%e4%bc%9a%e8%bf%99%e6%a0%b7%ef%bc%9f
3289	jiaocheng	台灣可以看優酷嗎？解決方法與操作步驟全解析	2025-05-17 18:23:17	%e5%8f%b0%e7%81%a3%e5%8f%af%e4%bb%a5%e7%9c%8b%e5%84%aa%e9%85%b7%e5%97%8e%ef%bc%9f%e8%a7%a3%e6%b1%ba%e6%96%b9%e6%b3%95%e8%88%87%e6%93%8d%e4%bd%9c%e6%ad%a5%e9%a9%9f%e5%85%a8%e8%a7%a3%e6%9e%90
3288	jiaocheng	台灣微信無法看廣告？解決方法大公開！	2025-05-17 18:13:31	%e5%8f%b0%e7%81%a3%e5%be%ae%e4%bf%a1%e7%84%a1%e6%b3%95%e7%9c%8b%e5%bb%a3%e5%91%8a%ef%bc%9f%e8%a7%a3%e6%b1%ba%e6%96%b9%e6%b3%95%e5%a4%a7%e5%85%ac%e9%96%8b%ef%bc%81
3217	jiaocheng	翻墙后国内网站打不开？解决方法全攻略	2025-05-17 13:38:57	%e7%bf%bb%e5%a2%99%e5%90%8e%e5%9b%bd%e5%86%85%e7%bd%91%e7%ab%99%e6%89%93%e4%b8%8d%e5%bc%80%ef%bc%9f%e8%a7%a3%e5%86%b3%e6%96%b9%e6%b3%95%e5%85%a8%e6%94%bb%e7%95%a5
3216	jiaocheng	百度暫不支持海外及港澳台？解决方法大公開！	2025-05-17 13:37:58	%e7%99%be%e5%ba%a6%e6%9a%ab%e4%b8%8d%e6%94%af%e6%8c%81%e6%b5%b7%e5%a4%96%e5%8f%8a%e6%b8%af%e6%be%b3%e5%8f%b0%ef%bc%9f%e8%a7%a3%e5%86%b3%e6%96%b9%e6%b3%95%e5%a4%a7%e5%85%ac%e9%96%8b%ef%bc%81
3195	bangong	知网海外打不开？试试这些方法轻松解决！	2025-04-11 17:59:57	%e7%9f%a5%e7%bd%91%e6%b5%b7%e5%a4%96%e6%89%93%e4%b8%8d%e5%bc%80%ef%bc%9f%e8%af%95%e8%af%95%e8%bf%99%e4%ba%9b%e6%96%b9%e6%b3%95%e8%bd%bb%e6%9d%be%e8%a7%a3%e5%86%b3%ef%bc%81
3196	jiaocheng	喜馬拉雅台灣不能聽？解決方法大公開！	2025-04-02 17:37:35	%e5%96%9c%e9%a6%ac%e6%8b%89%e9%9b%85%e5%8f%b0%e7%81%a3%e4%b8%8d%e8%83%bd%e8%81%bd%ef%bc%9f%e8%a7%a3%e6%b1%ba%e6%96%b9%e6%b3%95%e5%a4%a7%e5%85%ac%e9%96%8b%ef%bc%81
3194	jiaocheng	中国的电视盒子在美国能用吗？解决方法与注意事项	2025-04-02 17:31:53	%e4%b8%ad%e5%9b%bd%e7%9a%84%e7%94%b5%e8%a7%86%e7%9b%92%e5%ad%90%e5%9c%a8%e7%be%8e%e5%9b%bd%e8%83%bd%e7%94%a8%e5%90%97%ef%bc%9f%e8%a7%a3%e5%86%b3%e6%96%b9%e6%b3%95%e4%b8%8e%e6%b3%a8%e6%84%8f%e4%ba%8b
3186	jiaocheng	自建回国VPN：解决跨境网络访问难题的最佳方案	2025-04-02 16:49:04	%e8%87%aa%e5%bb%ba%e5%9b%9e%e5%9b%bdvpn%ef%bc%9a%e8%a7%a3%e5%86%b3%e8%b7%a8%e5%a2%83%e7%bd%91%e7%bb%9c%e8%ae%bf%e9%97%ae%e9%9a%be%e9%a2%98%e7%9a%84%e6%9c%80%e4%bd%b3%e6%96%b9%e6%a1%88
3185	jiaocheng	迪拜微信限制：如何突破通讯障碍并保持联系	2025-04-01 17:20:37	%e8%bf%aa%e6%8b%9c%e5%be%ae%e4%bf%a1%e9%99%90%e5%88%b6%ef%bc%9a%e5%a6%82%e4%bd%95%e7%aa%81%e7%a0%b4%e9%80%9a%e8%ae%af%e9%9a%9c%e7%a2%8d%e5%b9%b6%e4%bf%9d%e6%8c%81%e8%81%94%e7%b3%bb
3184	jiaocheng	百度网盘美国不能用？解决方法大公开！	2025-04-01 17:12:03	%e7%99%be%e5%ba%a6%e7%bd%91%e7%9b%98%e7%be%8e%e5%9b%bd%e4%b8%8d%e8%83%bd%e7%94%a8%ef%bc%9f%e8%a7%a3%e5%86%b3%e6%96%b9%e6%b3%95%e5%a4%a7%e5%85%ac%e5%bc%80%ef%bc%81
3172	jiaocheng	自建回国节点：解决海外网络访问难题	2025-04-01 17:00:16	%e8%87%aa%e5%bb%ba%e5%9b%9e%e5%9b%bd%e8%8a%82%e7%82%b9%ef%bc%9a%e8%a7%a3%e5%86%b3%e6%b5%b7%e5%a4%96%e7%bd%91%e7%bb%9c%e8%ae%bf%e9%97%ae%e9%9a%be%e9%a2%98
3173	jiaocheng	穿梭不能用了？别慌，这里有实用的解决方法！	2025-03-31 18:21:55	%e7%a9%bf%e6%a2%ad%e4%b8%8d%e8%83%bd%e7%94%a8%e4%ba%86%ef%bc%9f%e5%88%ab%e6%85%8c%ef%bc%8c%e8%bf%99%e9%87%8c%e6%9c%89%e5%ae%9e%e7%94%a8%e7%9a%84%e8%a7%a3%e5%86%b3%e6%96%b9%e6%b3%95%ef%bc%81
3174	jiaocheng	迪拜网络限制：如何轻松应对并保持在线自由	2025-03-28 18:08:06	%e8%bf%aa%e6%8b%9c%e7%bd%91%e7%bb%9c%e9%99%90%e5%88%b6%ef%bc%9a%e5%a6%82%e4%bd%95%e8%bd%bb%e6%9d%be%e5%ba%94%e5%af%b9%e5%b9%b6%e4%bf%9d%e6%8c%81%e5%9c%a8%e7%ba%bf%e8%87%aa%e7%94%b1
3175	bangong	中国知网海外不能用？3个有效解决方法帮你轻松访问	2025-03-28 17:22:58	%e4%b8%ad%e5%9b%bd%e7%9f%a5%e7%bd%91%e6%b5%b7%e5%a4%96%e4%b8%8d%e8%83%bd%e7%94%a8%ef%bc%9f3%e4%b8%aa%e6%9c%89%e6%95%88%e8%a7%a3%e5%86%b3%e6%96%b9%e6%b3%95%e5%b8%ae%e4%bd%a0%e8%bd%bb%e6%9d%be%e8%ae%bf
3171	tiyu	澳洲怎么看CCTV5？解决方法与操作步骤详解	2025-03-28 17:04:13	%e6%be%b3%e6%b4%b2%e6%80%8e%e4%b9%88%e7%9c%8bcctv5%ef%bc%9f%e8%a7%a3%e5%86%b3%e6%96%b9%e6%b3%95%e4%b8%8e%e6%93%8d%e4%bd%9c%e6%ad%a5%e9%aa%a4%e8%af%a6%e8%a7%a3
3161	jiaocheng	阿里云盘海外不能用？解决方法大揭秘	2025-03-28 16:49:17	%e9%98%bf%e9%87%8c%e4%ba%91%e7%9b%98%e6%b5%b7%e5%a4%96%e4%b8%8d%e8%83%bd%e7%94%a8%ef%bc%9f%e8%a7%a3%e5%86%b3%e6%96%b9%e6%b3%95%e5%a4%a7%e6%8f%ad%e7%a7%98
3160	jiaocheng	V2Ray回国节点的最佳解决方案：如何轻松访问国内网络	2025-03-27 16:50:47	v2ray%e5%9b%9e%e5%9b%bd%e8%8a%82%e7%82%b9%e7%9a%84%e6%9c%80%e4%bd%b3%e8%a7%a3%e5%86%b3%e6%96%b9%e6%a1%88%ef%bc%9a%e5%a6%82%e4%bd%95%e8%bd%bb%e6%9d%be%e8%ae%bf%e9%97%ae%e5%9b%bd%e5%86%85%e7%bd%91
3162	jiaocheng	阿里云盘海外怎么注册？解决方法与注意事项	2025-03-27 16:35:16	%e9%98%bf%e9%87%8c%e4%ba%91%e7%9b%98%e6%b5%b7%e5%a4%96%e6%80%8e%e4%b9%88%e6%b3%a8%e5%86%8c%ef%bc%9f%e8%a7%a3%e5%86%b3%e6%96%b9%e6%b3%95%e4%b8%8e%e6%b3%a8%e6%84%8f%e4%ba%8b%e9%a1%b9
3159	jiaocheng	sixfast好用吗？实测分享与详细使用指南	2025-03-27 16:26:29	sixfast%e5%a5%bd%e7%94%a8%e5%90%97%ef%bc%9f%e5%ae%9e%e6%b5%8b%e5%88%86%e4%ba%ab%e4%b8%8e%e8%af%a6%e7%bb%86%e4%bd%bf%e7%94%a8%e6%8c%87%e5%8d%97
3155	jiaocheng	QuickFox安全吗？解密QuickFox的安全性與使用指南	2025-03-27 16:09:27	quickfox%e5%ae%89%e5%85%a8%e5%90%97%ef%bc%9f%e8%a7%a3%e5%af%86quickfox%e7%9a%84%e5%ae%89%e5%85%a8%e6%80%a7%e8%88%87%e4%bd%bf%e7%94%a8%e6%8c%87%e5%8d%97
3154	jiaocheng	Golink好用吗？全面解析Golink的功能与使用体验	2025-03-26 18:17:41	golink%e5%a5%bd%e7%94%a8%e5%90%97%ef%bc%9f%e5%85%a8%e9%9d%a2%e8%a7%a3%e6%9e%90golink%e7%9a%84%e5%8a%9f%e8%83%bd%e4%b8%8e%e4%bd%bf%e7%94%a8%e4%bd%93%e9%aa%8c
3151	jiaocheng	翻墙回国机场：如何轻松解决跨境网络访问问题	2025-03-26 17:44:58	%e7%bf%bb%e5%a2%99%e5%9b%9e%e5%9b%bd%e6%9c%ba%e5%9c%ba%ef%bc%9a%e5%a6%82%e4%bd%95%e8%bd%bb%e6%9d%be%e8%a7%a3%e5%86%b3%e8%b7%a8%e5%a2%83%e7%bd%91%e7%bb%9c%e8%ae%bf%e9%97%ae%e9%97%ae%e9%a2%98
3140	youxi	王者榮耀定位海外怎麼修改到國內？	2025-03-25 18:17:38	%e7%8e%8b%e8%80%85%e6%a6%ae%e8%80%80%e5%ae%9a%e4%bd%8d%e6%b5%b7%e5%a4%96%e6%80%8e%e9%ba%bc%e4%bf%ae%e6%94%b9%e5%88%b0%e5%9c%8b%e5%85%a7%ef%bc%9f
3142	yinyue	如何高效破解喜马拉雅的限制？番茄加速器助你畅听无阻	2025-03-25 18:09:09	%e5%a6%82%e4%bd%95%e9%ab%98%e6%95%88%e7%a0%b4%e8%a7%a3%e5%96%9c%e9%a9%ac%e6%8b%89%e9%9b%85%e7%9a%84%e9%99%90%e5%88%b6%ef%bc%9f%e7%95%aa%e8%8c%84%e5%8a%a0%e9%80%9f%e5%99%a8%e5%8a%a9%e4%bd%a0%e7%95%85
3143	tiyu	如何解决CCTV5因版权限制无法观看的问题	2025-03-24 18:25:07	%e5%a6%82%e4%bd%95%e8%a7%a3%e5%86%b3cctv5%e5%9b%a0%e7%89%88%e6%9d%83%e9%99%90%e5%88%b6%e6%97%a0%e6%b3%95%e8%a7%82%e7%9c%8b%e7%9a%84%e9%97%ae%e9%a2%98
3139	jiaocheng	天眼查香港無法使用怎麼辦？	2025-03-24 18:18:05	%e5%a4%a9%e7%9c%bc%e6%9f%a5%e9%a6%99%e6%b8%af%e7%84%a1%e6%b3%95%e4%bd%bf%e7%94%a8%e6%80%8e%e9%ba%bc%e8%be%a6%ef%bc%9f
3129	jiaocheng	酷狗音樂台灣不能用怎麼辦？	2025-03-18 18:22:15	%e9%85%b7%e7%8b%97%e9%9f%b3%e6%a8%82%e5%8f%b0%e7%81%a3%e4%b8%8d%e8%83%bd%e7%94%a8%e6%80%8e%e9%ba%bc%e8%be%a6%ef%bc%9f
3128	jiaocheng	解除網易雲音樂海外地區無法播放的方法？	2025-03-18 17:59:57	%e8%a7%a3%e9%99%a4%e7%b6%b2%e6%98%93%e9%9b%b2%e9%9f%b3%e6%a8%82%e6%b5%b7%e5%a4%96%e5%9c%b0%e5%8d%80%e7%84%a1%e6%b3%95%e6%92%ad%e6%94%be%e7%9a%84%e6%96%b9%e6%b3%95%ef%bc%9f
3120	jiaocheng	海外如何註冊QQ？(详解QQ国际版注册流程)	2025-03-17 17:27:14	%e6%b5%b7%e5%a4%96%e5%a6%82%e4%bd%95%e8%a8%bb%e5%86%8aqq%ef%bc%9f%e8%af%a6%e8%a7%a3qq%e5%9b%bd%e9%99%85%e7%89%88%e6%b3%a8%e5%86%8c%e6%b5%81%e7%a8%8b
3117	jiaocheng	海外如何下載百度網盤文件？	2025-03-17 17:19:19	%e6%b5%b7%e5%a4%96%e5%a6%82%e4%bd%95%e4%b8%8b%e8%bc%89%e7%99%be%e5%ba%a6%e7%b6%b2%e7%9b%a4%e6%96%87%e4%bb%b6%ef%bc%9f
3111	jiaocheng	百度网盘海外登录(百度云国外登录)	2025-03-13 17:36:57	%e7%99%be%e5%ba%a6%e7%bd%91%e7%9b%98%e6%b5%b7%e5%a4%96%e7%99%bb%e5%bd%95%e7%99%be%e5%ba%a6%e4%ba%91%e5%9b%bd%e5%a4%96%e7%99%bb%e5%bd%95
3112	youxi	微信小游戏看不了广告(微信小程序游戏免广告神器)	2025-03-13 16:55:17	%e5%be%ae%e4%bf%a1%e5%b0%8f%e6%b8%b8%e6%88%8f%e7%9c%8b%e4%b8%8d%e4%ba%86%e5%b9%bf%e5%91%8a%e5%be%ae%e4%bf%a1%e5%b0%8f%e7%a8%8b%e5%ba%8f%e6%b8%b8%e6%88%8f%e5%85%8d%e5%b9%bf%e5%91%8a%e7%a5%9e%e5%99%a8
3110	jiaocheng	百度網盤海外註冊(百度网盘海外手机号怎么注册)	2025-03-13 16:43:29	%e7%99%be%e5%ba%a6%e7%b6%b2%e7%9b%a4%e6%b5%b7%e5%a4%96%e8%a8%bb%e5%86%8a%e7%99%be%e5%ba%a6%e7%bd%91%e7%9b%98%e6%b5%b7%e5%a4%96%e6%89%8b%e6%9c%ba%e5%8f%b7%e6%80%8e%e4%b9%88%e6%b3%a8%e5%86%8c
3107	bangong	微信小程序無法看廣告(微信小程序无法看广告怎么设置)	2025-03-12 17:29:14	%e5%be%ae%e4%bf%a1%e5%b0%8f%e7%a8%8b%e5%ba%8f%e7%84%a1%e6%b3%95%e7%9c%8b%e5%bb%a3%e5%91%8a%e5%be%ae%e4%bf%a1%e5%b0%8f%e7%a8%8b%e5%ba%8f%e6%97%a0%e6%b3%95%e7%9c%8b%e5%b9%bf%e5%91%8a%e6%80%8e%e4%b9%88
3106	yingyin	腾讯视频地区限制(腾讯视频地区限制怎么设置)	2025-03-12 17:07:27	%e8%85%be%e8%ae%af%e8%a7%86%e9%a2%91%e5%9c%b0%e5%8c%ba%e9%99%90%e5%88%b6%e8%85%be%e8%ae%af%e8%a7%86%e9%a2%91%e5%9c%b0%e5%8c%ba%e9%99%90%e5%88%b6%e6%80%8e%e4%b9%88%e8%ae%be%e7%bd%ae
3081	yingyin	您所在的地区，暂不支持播放该视频(您所在的地区)	2025-03-11 16:51:10	%e6%82%a8%e6%89%80%e5%9c%a8%e7%9a%84%e5%9c%b0%e5%8c%ba%ef%bc%8c%e6%9a%82%e4%b8%8d%e6%94%af%e6%8c%81%e6%92%ad%e6%94%be%e8%af%a5%e8%a7%86%e9%a2%91%e6%82%a8%e6%89%80%e5%9c%a8%e7%9a%84%e5%9c%b0%e5%8c%ba
3097	yingyin	b站港澳台解鎖怎麼操作？	2025-03-11 16:45:42	b%e7%ab%99%e6%b8%af%e6%be%b3%e5%8f%b0%e8%a7%a3%e9%8e%96%e6%80%8e%e9%ba%bc%e6%93%8d%e4%bd%9c%ef%bc%9f
3096	yingyin	bilibili台灣登入不上怎麼辦？	2025-03-11 16:38:20	bilibili%e5%8f%b0%e7%81%a3%e7%99%bb%e5%85%a5%e4%b8%8d%e4%b8%8a%e6%80%8e%e9%ba%bc%e8%be%a6%ef%bc%9f
3089	jiaocheng	国外无法访问国内网站(国外网站不能访问)	2025-03-06 17:53:51	%e5%9b%bd%e5%a4%96%e6%97%a0%e6%b3%95%e8%ae%bf%e9%97%ae%e5%9b%bd%e5%86%85%e7%bd%91%e7%ab%99%e5%9b%bd%e5%a4%96%e7%bd%91%e7%ab%99%e4%b8%8d%e8%83%bd%e8%ae%bf%e9%97%ae
3092	tiyu	海外怎么看奥运会(海外怎样看奥运会)	2025-03-06 17:33:52	%e6%b5%b7%e5%a4%96%e6%80%8e%e4%b9%88%e7%9c%8b%e5%a5%a5%e8%bf%90%e4%bc%9a%e6%b5%b7%e5%a4%96%e6%80%8e%e6%a0%b7%e7%9c%8b%e5%a5%a5%e8%bf%90%e4%bc%9a
3088	tiyu	海外如何看奥运会(海外如何看奥运会直播回放)	2025-03-05 18:27:50	%e6%b5%b7%e5%a4%96%e5%a6%82%e4%bd%95%e7%9c%8b%e5%a5%a5%e8%bf%90%e4%bc%9a%e6%b5%b7%e5%a4%96%e5%a6%82%e4%bd%95%e7%9c%8b%e5%a5%a5%e8%bf%90%e4%bc%9a%e7%9b%b4%e6%92%ad%e5%9b%9e%e6%94%be
3080	jiaocheng	微信看不了广告(微信看不了广告怎么回事儿)	2025-03-05 17:48:30	%e5%be%ae%e4%bf%a1%e7%9c%8b%e4%b8%8d%e4%ba%86%e5%b9%bf%e5%91%8a%e5%be%ae%e4%bf%a1%e7%9c%8b%e4%b8%8d%e4%ba%86%e5%b9%bf%e5%91%8a%e6%80%8e%e4%b9%88%e5%9b%9e%e4%ba%8b%e5%84%bf
3082	youxi	微信遊戲廣告不能看ios(微信游戏不能看广告视频)	2025-03-04 17:28:56	%e5%be%ae%e4%bf%a1%e9%81%8a%e6%88%b2%e5%bb%a3%e5%91%8a%e4%b8%8d%e8%83%bd%e7%9c%8bios%e5%be%ae%e4%bf%a1%e6%b8%b8%e6%88%8f%e4%b8%8d%e8%83%bd%e7%9c%8b%e5%b9%bf%e5%91%8a%e8%a7%86%e9%a2%91
2958	yinyue	国外听书软件(国外听书软件 全免费)	2025-03-04 17:08:32	%e5%9b%bd%e5%a4%96%e5%90%ac%e4%b9%a6%e8%bd%af%e4%bb%b6%e5%9b%bd%e5%a4%96%e5%90%ac%e4%b9%a6%e8%bd%af%e4%bb%b6-%e5%85%a8%e5%85%8d%e8%b4%b9
2960	tiyu	海外看nba直播(海外怎么看nba直播)	2025-02-27 17:46:16	%e6%b5%b7%e5%a4%96%e7%9c%8bnba%e7%9b%b4%e6%92%ad%e6%b5%b7%e5%a4%96%e6%80%8e%e4%b9%88%e7%9c%8bnba%e7%9b%b4%e6%92%ad
2991	jiaocheng	庆余年第二季免费(庆余年第二季免费观看完整版在线播放)	2025-02-26 17:34:33	%e5%ba%86%e4%bd%99%e5%b9%b4%e7%ac%ac%e4%ba%8c%e5%ad%a3%e5%85%8d%e8%b4%b9%e5%ba%86%e4%bd%99%e5%b9%b4%e7%ac%ac%e4%ba%8c%e5%ad%a3%e5%85%8d%e8%b4%b9%e8%a7%82%e7%9c%8b%e5%ae%8c%e6%95%b4%e7%89%88%e5%9c%a8
3057	jiaocheng	翻墙后无法连接appstore	2025-02-26 17:08:30	%e7%bf%bb%e5%a2%99%e5%90%8e%e6%97%a0%e6%b3%95%e8%bf%9e%e6%8e%a5appstore
3059	jiaocheng	海外百度网盘注册(海外百度云盘注册)	2025-02-24 18:22:28	%e6%b5%b7%e5%a4%96%e7%99%be%e5%ba%a6%e7%bd%91%e7%9b%98%e6%b3%a8%e5%86%8c%e6%b5%b7%e5%a4%96%e7%99%be%e5%ba%a6%e4%ba%91%e7%9b%98%e6%b3%a8%e5%86%8c
3058	bangong	手机微信小程序打不开(手机微信小程序打不开怎么办)	2025-02-21 16:55:16	%e6%89%8b%e6%9c%ba%e5%be%ae%e4%bf%a1%e5%b0%8f%e7%a8%8b%e5%ba%8f%e6%89%93%e4%b8%8d%e5%bc%80%e6%89%8b%e6%9c%ba%e5%be%ae%e4%bf%a1%e5%b0%8f%e7%a8%8b%e5%ba%8f%e6%89%93%e4%b8%8d%e5%bc%80%e6%80%8e%e4%b9%88
3060	jiaocheng	百度海外注册(海外百度账号申请注册)	2025-02-21 16:38:18	%e7%99%be%e5%ba%a6%e6%b5%b7%e5%a4%96%e6%b3%a8%e5%86%8c%e6%b5%b7%e5%a4%96%e7%99%be%e5%ba%a6%e8%b4%a6%e5%8f%b7%e7%94%b3%e8%af%b7%e6%b3%a8%e5%86%8c-2
3061	jiaocheng	百度海外注册(海外百度账号申请注册)	2025-02-21 16:33:49	%e7%99%be%e5%ba%a6%e6%b5%b7%e5%a4%96%e6%b3%a8%e5%86%8c%e6%b5%b7%e5%a4%96%e7%99%be%e5%ba%a6%e8%b4%a6%e5%8f%b7%e7%94%b3%e8%af%b7%e6%b3%a8%e5%86%8c
3014	jiaocheng	华为手机不能翻墙(华为手机下载软件在什么地方下载)	2025-02-19 18:18:30	%e5%8d%8e%e4%b8%ba%e6%89%8b%e6%9c%ba%e4%b8%8d%e8%83%bd%e7%bf%bb%e5%a2%99%e5%8d%8e%e4%b8%ba%e6%89%8b%e6%9c%ba%e4%b8%8b%e8%bd%bd%e8%bd%af%e4%bb%b6%e5%9c%a8%e4%bb%80%e4%b9%88%e5%9c%b0%e6%96%b9%e4%b8%8b
3037	tiyu	海外观看奥运会(海外 看奥运)	2025-02-19 18:11:01	%e6%b5%b7%e5%a4%96%e8%a7%82%e7%9c%8b%e5%a5%a5%e8%bf%90%e4%bc%9a%e6%b5%b7%e5%a4%96-%e7%9c%8b%e5%a5%a5%e8%bf%90
3038	yingyin	我的阿勒泰爱奇艺(我的阿勒泰爱奇艺什么时候上映)	2025-02-18 17:54:36	%e6%88%91%e7%9a%84%e9%98%bf%e5%8b%92%e6%b3%b0%e7%88%b1%e5%a5%87%e8%89%ba%e6%88%91%e7%9a%84%e9%98%bf%e5%8b%92%e6%b3%b0%e7%88%b1%e5%a5%87%e8%89%ba%e4%bb%80%e4%b9%88%e6%97%b6%e5%80%99%e4%b8%8a%e6%98%a0
3043	tiyu	央视奥运直播(央视奥运直播主持人是谁)	2025-02-18 17:36:00	%e5%a4%ae%e8%a7%86%e5%a5%a5%e8%bf%90%e7%9b%b4%e6%92%ad%e5%a4%ae%e8%a7%86%e5%a5%a5%e8%bf%90%e7%9b%b4%e6%92%ad%e4%b8%bb%e6%8c%81%e4%ba%ba%e6%98%af%e8%b0%81
3042	tiyu	国外怎么看奥运直播(国外如何看奥运会直播)	2025-02-17 18:48:01	%e5%9b%bd%e5%a4%96%e6%80%8e%e4%b9%88%e7%9c%8b%e5%a5%a5%e8%bf%90%e7%9b%b4%e6%92%ad%e5%9b%bd%e5%a4%96%e5%a6%82%e4%bd%95%e7%9c%8b%e5%a5%a5%e8%bf%90%e4%bc%9a%e7%9b%b4%e6%92%ad
3045	jiaocheng	穿梭不能用了(穿梭vpn不能用了用什么代替)	2025-02-17 18:36:11	%e7%a9%bf%e6%a2%ad%e4%b8%8d%e8%83%bd%e7%94%a8%e4%ba%86%e7%a9%bf%e6%a2%advpn%e4%b8%8d%e8%83%bd%e7%94%a8%e4%ba%86%e7%94%a8%e4%bb%80%e4%b9%88%e4%bb%a3%e6%9b%bf
3046	jiaocheng	回国怎么翻墙(国外怎么翻回国内)	2025-02-12 17:53:42	%e5%9b%9e%e5%9b%bd%e6%80%8e%e4%b9%88%e7%bf%bb%e5%a2%99%e5%9b%bd%e5%a4%96%e6%80%8e%e4%b9%88%e7%bf%bb%e5%9b%9e%e5%9b%bd%e5%86%85
3039	jiaocheng	百度暂不支持海外及港澳台地区注册	2025-02-08 18:12:30	%e7%99%be%e5%ba%a6%e6%9a%82%e4%b8%8d%e6%94%af%e6%8c%81%e6%b5%b7%e5%a4%96%e5%8f%8a%e6%b8%af%e6%be%b3%e5%8f%b0%e5%9c%b0%e5%8c%ba%e6%b3%a8%e5%86%8c
3036	tiyu	海外如何看奥运会直播(海外如何看奥运会直播回放)	2025-02-08 18:05:54	%e6%b5%b7%e5%a4%96%e5%a6%82%e4%bd%95%e7%9c%8b%e5%a5%a5%e8%bf%90%e4%bc%9a%e7%9b%b4%e6%92%ad%e6%b5%b7%e5%a4%96%e5%a6%82%e4%bd%95%e7%9c%8b%e5%a5%a5%e8%bf%90%e4%bc%9a%e7%9b%b4%e6%92%ad%e5%9b%9e%e6%94%be
3033	jiaocheng	米家解除地區限制iphone(米家设备地区限制)	2025-02-07 10:56:19	%e7%b1%b3%e5%ae%b6%e8%a7%a3%e9%99%a4%e5%9c%b0%e5%8d%80%e9%99%90%e5%88%b6iphone%e7%b1%b3%e5%ae%b6%e8%ae%be%e5%a4%87%e5%9c%b0%e5%8c%ba%e9%99%90%e5%88%b6
3032	jiaocheng	港澳台yy語音地區限制(yy地区限制不能说话)	2025-02-07 10:32:14	%e6%b8%af%e6%be%b3%e5%8f%b0yy%e8%aa%9e%e9%9f%b3%e5%9c%b0%e5%8d%80%e9%99%90%e5%88%b6yy%e5%9c%b0%e5%8c%ba%e9%99%90%e5%88%b6%e4%b8%8d%e8%83%bd%e8%af%b4%e8%af%9d
3028	jiaocheng	穿梭transocks安全(穿梭软件安全吗)	2025-02-06 18:12:03	%e7%a9%bf%e6%a2%adtransocks%e5%ae%89%e5%85%a8%e7%a9%bf%e6%a2%ad%e8%bd%af%e4%bb%b6%e5%ae%89%e5%85%a8%e5%90%97
3027	yinyue	喜馬拉雅app無法下載(喜马拉雅app官网安卓版)	2025-02-06 17:59:52	%e5%96%9c%e9%a6%ac%e6%8b%89%e9%9b%85app%e7%84%a1%e6%b3%95%e4%b8%8b%e8%bc%89%e5%96%9c%e9%a9%ac%e6%8b%89%e9%9b%85app%e5%ae%98%e7%bd%91%e5%ae%89%e5%8d%93%e7%89%88
3023	bangong	交管12123网络拥堵国外(交管123123网络拥堵)	2025-02-06 17:46:06	%e4%ba%a4%e7%ae%a112123%e7%bd%91%e7%bb%9c%e6%8b%a5%e5%a0%b5%e5%9b%bd%e5%a4%96%e4%ba%a4%e7%ae%a1123123%e7%bd%91%e7%bb%9c%e6%8b%a5%e5%a0%b5
3022	yingyin	央视频版权限制(央视频版权限制什么意思)	2025-02-05 18:17:52	%e5%a4%ae%e8%a7%86%e9%a2%91%e7%89%88%e6%9d%83%e9%99%90%e5%88%b6%e5%a4%ae%e8%a7%86%e9%a2%91%e7%89%88%e6%9d%83%e9%99%90%e5%88%b6%e4%bb%80%e4%b9%88%e6%84%8f%e6%80%9d
3020	yingyin	愛奇藝切換地區ios(手机爱奇艺切换地区没有了)	2025-02-05 18:02:44	%e6%84%9b%e5%a5%87%e8%97%9d%e5%88%87%e6%8f%9b%e5%9c%b0%e5%8d%80ios%e6%89%8b%e6%9c%ba%e7%88%b1%e5%a5%87%e8%89%ba%e5%88%87%e6%8d%a2%e5%9c%b0%e5%8c%ba%e6%b2%a1%e6%9c%89%e4%ba%86
3013	jiaocheng	如何更改ip地址到中国(如何修改路由器ip地址)	2025-01-24 17:34:44	%e5%a6%82%e4%bd%95%e6%9b%b4%e6%94%b9ip%e5%9c%b0%e5%9d%80%e5%88%b0%e4%b8%ad%e5%9b%bd%e5%a6%82%e4%bd%95%e4%bf%ae%e6%94%b9%e8%b7%af%e7%94%b1%e5%99%a8ip%e5%9c%b0%e5%9d%80
3015	jiaocheng	穿梭chromeextension	2025-01-24 17:26:09	%e7%a9%bf%e6%a2%adchromeextension
3012	jiaocheng	米家地區設定(米家app怎么设置地区)	2025-01-24 17:23:47	%e7%b1%b3%e5%ae%b6%e5%9c%b0%e5%8d%80%e8%a8%ad%e5%ae%9a%e7%b1%b3%e5%ae%b6app%e6%80%8e%e4%b9%88%e8%ae%be%e7%bd%ae%e5%9c%b0%e5%8c%ba
3005	jiaocheng	全民k歌地區限制ios(全民k歌地区限制解决办法)	2025-01-17 18:22:59	%e5%85%a8%e6%b0%91k%e6%ad%8c%e5%9c%b0%e5%8d%80%e9%99%90%e5%88%b6ios%e5%85%a8%e6%b0%91k%e6%ad%8c%e5%9c%b0%e5%8c%ba%e9%99%90%e5%88%b6%e8%a7%a3%e5%86%b3%e5%8a%9e%e6%b3%95
3007	bangong	交管12123网络拥堵(交管12123网络拥堵怎么解决)	2025-01-17 18:05:48	%e4%ba%a4%e7%ae%a112123%e7%bd%91%e7%bb%9c%e6%8b%a5%e5%a0%b5%e4%ba%a4%e7%ae%a112123%e7%bd%91%e7%bb%9c%e6%8b%a5%e5%a0%b5%e6%80%8e%e4%b9%88%e8%a7%a3%e5%86%b3
3004	duanju	抖音海外无法直播(抖音海外直播申请入口)	2025-01-17 17:54:34	%e6%8a%96%e9%9f%b3%e6%b5%b7%e5%a4%96%e6%97%a0%e6%b3%95%e7%9b%b4%e6%92%ad%e6%8a%96%e9%9f%b3%e6%b5%b7%e5%a4%96%e7%9b%b4%e6%92%ad%e7%94%b3%e8%af%b7%e5%85%a5%e5%8f%a3
2999	yingyin	哔哩哔哩港澳台版(哔哩哔哩港澳台版app官网)	2025-01-11 16:43:23	%e5%93%94%e5%93%a9%e5%93%94%e5%93%a9%e6%b8%af%e6%be%b3%e5%8f%b0%e7%89%88%e5%93%94%e5%93%a9%e5%93%94%e5%93%a9%e6%b8%af%e6%be%b3%e5%8f%b0%e7%89%88app%e5%ae%98%e7%bd%91
3000	yinyue	网易云音乐连不上网(网易云音乐连不上网是怎么回事)	2025-01-11 16:35:02	%e7%bd%91%e6%98%93%e4%ba%91%e9%9f%b3%e4%b9%90%e8%bf%9e%e4%b8%8d%e4%b8%8a%e7%bd%91%e7%bd%91%e6%98%93%e4%ba%91%e9%9f%b3%e4%b9%90%e8%bf%9e%e4%b8%8d%e4%b8%8a%e7%bd%91%e6%98%af%e6%80%8e%e4%b9%88%e5%9b%9e
2998	yingyin	解除bilibili地区限制(解除哔哩哔哩地域限制)	2025-01-11 16:30:33	%e8%a7%a3%e9%99%a4bilibili%e5%9c%b0%e5%8c%ba%e9%99%90%e5%88%b6%e8%a7%a3%e9%99%a4%e5%93%94%e5%93%a9%e5%93%94%e5%93%a9%e5%9c%b0%e5%9f%9f%e9%99%90%e5%88%b6
2989	yingyin	愛奇藝大陸版ios(爱奇艺大陆版下载苹果)	2025-01-11 16:09:33	%e6%84%9b%e5%a5%87%e8%97%9d%e5%a4%a7%e9%99%b8%e7%89%88ios%e7%88%b1%e5%a5%87%e8%89%ba%e5%a4%a7%e9%99%86%e7%89%88%e4%b8%8b%e8%bd%bd%e8%8b%b9%e6%9e%9c
2990	bangong	交管12123国外手机号(交管12123 国外)	2025-01-11 16:03:54	%e4%ba%a4%e7%ae%a112123%e5%9b%bd%e5%a4%96%e6%89%8b%e6%9c%ba%e5%8f%b7%e4%ba%a4%e7%ae%a112123-%e5%9b%bd%e5%a4%96
2992	yinyue	慶餘年喜馬拉雅(庆余年喜马拉雅有声小说配音演员)	2025-01-10 18:39:25	%e6%85%b6%e9%a4%98%e5%b9%b4%e5%96%9c%e9%a6%ac%e6%8b%89%e9%9b%85%e5%ba%86%e4%bd%99%e5%b9%b4%e5%96%9c%e9%a9%ac%e6%8b%89%e9%9b%85%e6%9c%89%e5%a3%b0%e5%b0%8f%e8%af%b4%e9%85%8d%e9%9f%b3%e6%bc%94%e5%91%98
2988	jiaocheng	yy語音台灣不能註冊(yy 台湾版怎么验证)	2025-01-10 18:28:51	yy%e8%aa%9e%e9%9f%b3%e5%8f%b0%e7%81%a3%e4%b8%8d%e8%83%bd%e8%a8%bb%e5%86%8ayy-%e5%8f%b0%e6%b9%be%e7%89%88%e6%80%8e%e4%b9%88%e9%aa%8c%e8%af%81
2975	jiaocheng	快帆chrome(快帆官网)	2025-01-09 17:37:27	%e5%bf%ab%e5%b8%86chrome%e5%bf%ab%e5%b8%86%e5%ae%98%e7%bd%91
2974	duanju	抖音直播限制(抖音直播限制词)	2025-01-09 17:34:12	%e6%8a%96%e9%9f%b3%e7%9b%b4%e6%92%ad%e9%99%90%e5%88%b6%e6%8a%96%e9%9f%b3%e7%9b%b4%e6%92%ad%e9%99%90%e5%88%b6%e8%af%8d
2976	yingyin	抱歉，您访问的视频版权受限暂无可播源(视频版权限制无法播放什么鬼)	2025-01-09 17:29:48	%e6%8a%b1%e6%ad%89%ef%bc%8c%e6%82%a8%e8%ae%bf%e9%97%ae%e7%9a%84%e8%a7%86%e9%a2%91%e7%89%88%e6%9d%83%e5%8f%97%e9%99%90%e6%9a%82%e6%97%a0%e5%8f%af%e6%92%ad%e6%ba%90%e8%a7%86%e9%a2%91%e7%89%88%e6%9d%83
2977	duanju	海外用户抖音实名认证(抖音海外产品要实名和身份证安全吗)	2025-01-09 17:24:32	%e6%b5%b7%e5%a4%96%e7%94%a8%e6%88%b7%e6%8a%96%e9%9f%b3%e5%ae%9e%e5%90%8d%e8%ae%a4%e8%af%81%e6%8a%96%e9%9f%b3%e6%b5%b7%e5%a4%96%e4%ba%a7%e5%93%81%e8%a6%81%e5%ae%9e%e5%90%8d%e5%92%8c%e8%ba%ab%e4%bb%bd
2978	duanju	小米盒子看台灣電視直播(小米盒子看港澳台直播)	2025-01-09 17:20:04	%e5%b0%8f%e7%b1%b3%e7%9b%92%e5%ad%90%e7%9c%8b%e5%8f%b0%e7%81%a3%e9%9b%bb%e8%a6%96%e7%9b%b4%e6%92%ad%e5%b0%8f%e7%b1%b3%e7%9b%92%e5%ad%90%e7%9c%8b%e6%b8%af%e6%be%b3%e5%8f%b0%e7%9b%b4%e6%92%ad
2973	yinyue	网易云音乐国外(网易云音乐国外地区限制)	2025-01-09 17:12:02	%e7%bd%91%e6%98%93%e4%ba%91%e9%9f%b3%e4%b9%90%e5%9b%bd%e5%a4%96%e7%bd%91%e6%98%93%e4%ba%91%e9%9f%b3%e4%b9%90%e5%9b%bd%e5%a4%96%e5%9c%b0%e5%8c%ba%e9%99%90%e5%88%b6
2961	jiaocheng	v2ray回国节点(v2rayng2021节点)	2025-01-07 16:41:28	v2ray%e5%9b%9e%e5%9b%bd%e8%8a%82%e7%82%b9v2rayng2021%e8%8a%82%e7%82%b9
2962	yinyue	听书app海外(国外有声书app)	2025-01-07 16:33:48	%e5%90%ac%e4%b9%a6app%e6%b5%b7%e5%a4%96%e5%9b%bd%e5%a4%96%e6%9c%89%e5%a3%b0%e4%b9%a6app
2963	youxi	香港玩国服lol(香港玩国服游戏需要加速器吗)	2025-01-07 16:23:47	%e9%a6%99%e6%b8%af%e7%8e%a9%e5%9b%bd%e6%9c%8dlol%e9%a6%99%e6%b8%af%e7%8e%a9%e5%9b%bd%e6%9c%8d%e6%b8%b8%e6%88%8f%e9%9c%80%e8%a6%81%e5%8a%a0%e9%80%9f%e5%99%a8%e5%90%97
2964	yingyin	海外看不了b站直播(b站海外不能直播)	2025-01-07 16:20:03	%e6%b5%b7%e5%a4%96%e7%9c%8b%e4%b8%8d%e4%ba%86b%e7%ab%99%e7%9b%b4%e6%92%adb%e7%ab%99%e6%b5%b7%e5%a4%96%e4%b8%8d%e8%83%bd%e7%9b%b4%e6%92%ad
2957	youxi	香港玩國服lol(香港玩国服英雄联盟推荐加速器)	2025-01-07 16:16:22	%e9%a6%99%e6%b8%af%e7%8e%a9%e5%9c%8b%e6%9c%8dlol%e9%a6%99%e6%b8%af%e7%8e%a9%e5%9b%bd%e6%9c%8d%e8%8b%b1%e9%9b%84%e8%81%94%e7%9b%9f%e6%8e%a8%e8%8d%90%e5%8a%a0%e9%80%9f%e5%99%a8
2944	youxi	如何順暢玩大陸遊戲(如何直接玩大型游戏)	2025-01-06 17:19:28	%e5%a6%82%e4%bd%95%e9%a0%86%e6%9a%a2%e7%8e%a9%e5%a4%a7%e9%99%b8%e9%81%8a%e6%88%b2%e5%a6%82%e4%bd%95%e7%9b%b4%e6%8e%a5%e7%8e%a9%e5%a4%a7%e5%9e%8b%e6%b8%b8%e6%88%8f
2945	yingyin	国外用什么软件看电影(国外用什么软件看电影电视剧)	2025-01-06 17:13:38	%e5%9b%bd%e5%a4%96%e7%94%a8%e4%bb%80%e4%b9%88%e8%bd%af%e4%bb%b6%e7%9c%8b%e7%94%b5%e5%bd%b1%e5%9b%bd%e5%a4%96%e7%94%a8%e4%bb%80%e4%b9%88%e8%bd%af%e4%bb%b6%e7%9c%8b%e7%94%b5%e5%bd%b1%e7%94%b5%e8%a7%86
2946	youxi	王者荣耀非中国大陆如何定位安卓(王者荣耀支付有风险)	2025-01-06 17:04:13	%e7%8e%8b%e8%80%85%e8%8d%a3%e8%80%80%e9%9d%9e%e4%b8%ad%e5%9b%bd%e5%a4%a7%e9%99%86%e5%a6%82%e4%bd%95%e5%ae%9a%e4%bd%8d%e5%ae%89%e5%8d%93%e7%8e%8b%e8%80%85%e8%8d%a3%e8%80%80%e6%94%af%e4%bb%98%e6%9c%89
2947	duanju	海外看国内电视直播app(看海外直播网络电视)	2025-01-06 16:57:36	%e6%b5%b7%e5%a4%96%e7%9c%8b%e5%9b%bd%e5%86%85%e7%94%b5%e8%a7%86%e7%9b%b4%e6%92%adapp%e7%9c%8b%e6%b5%b7%e5%a4%96%e7%9b%b4%e6%92%ad%e7%bd%91%e7%bb%9c%e7%94%b5%e8%a7%86
2948	jiaocheng	天眼查海外用戶(天眼查外企)	2025-01-06 16:51:25	%e5%a4%a9%e7%9c%bc%e6%9f%a5%e6%b5%b7%e5%a4%96%e7%94%a8%e6%88%b6%e5%a4%a9%e7%9c%bc%e6%9f%a5%e5%a4%96%e4%bc%81
2943	jiaocheng	类似爱加速的软件(类似爱加速的软件有哪些)	2025-01-06 16:38:07	%e7%b1%bb%e4%bc%bc%e7%88%b1%e5%8a%a0%e9%80%9f%e7%9a%84%e8%bd%af%e4%bb%b6%e7%b1%bb%e4%bc%bc%e7%88%b1%e5%8a%a0%e9%80%9f%e7%9a%84%e8%bd%af%e4%bb%b6%e6%9c%89%e5%93%aa%e4%ba%9b
2935	jiaocheng	国外看电视剧的app(国外看电视剧的app有哪些)	2025-01-03 11:56:26	%e5%9b%bd%e5%a4%96%e7%9c%8b%e7%94%b5%e8%a7%86%e5%89%a7%e7%9a%84app%e5%9b%bd%e5%a4%96%e7%9c%8b%e7%94%b5%e8%a7%86%e5%89%a7%e7%9a%84app%e6%9c%89%e5%93%aa%e4%ba%9b
2934	duanju	在海外如何看国内电视(如何境外看国内电视直播)	2025-01-03 11:48:55	%e5%9c%a8%e6%b5%b7%e5%a4%96%e5%a6%82%e4%bd%95%e7%9c%8b%e5%9b%bd%e5%86%85%e7%94%b5%e8%a7%86%e5%a6%82%e4%bd%95%e5%a2%83%e5%a4%96%e7%9c%8b%e5%9b%bd%e5%86%85%e7%94%b5%e8%a7%86%e7%9b%b4%e6%92%ad
2936	duanju	海外看中国电视直播(海外看中国电视直播软件)	2025-01-03 11:43:02	%e6%b5%b7%e5%a4%96%e7%9c%8b%e4%b8%ad%e5%9b%bd%e7%94%b5%e8%a7%86%e7%9b%b4%e6%92%ad%e6%b5%b7%e5%a4%96%e7%9c%8b%e4%b8%ad%e5%9b%bd%e7%94%b5%e8%a7%86%e7%9b%b4%e6%92%ad%e8%bd%af%e4%bb%b6
2933	yinyue	国外听中文歌软件(在国外用什么听歌软件可以听中国歌曲)	2025-01-03 11:25:12	%e5%9b%bd%e5%a4%96%e5%90%ac%e4%b8%ad%e6%96%87%e6%ad%8c%e8%bd%af%e4%bb%b6%e5%9c%a8%e5%9b%bd%e5%a4%96%e7%94%a8%e4%bb%80%e4%b9%88%e5%90%ac%e6%ad%8c%e8%bd%af%e4%bb%b6%e5%8f%af%e4%bb%a5%e5%90%ac%e4%b8%ad
2928	jiaocheng	小火箭回国节点(小火箭ssr节点分享)	2025-01-03 11:14:10	%e5%b0%8f%e7%81%ab%e7%ae%ad%e5%9b%9e%e5%9b%bd%e8%8a%82%e7%82%b9%e5%b0%8f%e7%81%ab%e7%ae%adssr%e8%8a%82%e7%82%b9%e5%88%86%e4%ba%ab
2929	jiaocheng	v2ray回国节点搭建(v2ray节点使用教程)	2025-01-03 11:03:08	v2ray%e5%9b%9e%e5%9b%bd%e8%8a%82%e7%82%b9%e6%90%ad%e5%bb%bav2ray%e8%8a%82%e7%82%b9%e4%bd%bf%e7%94%a8%e6%95%99%e7%a8%8b
2927	duanju	海外国内电视直播(海外电视直播源)	2025-01-02 17:54:24	%e6%b5%b7%e5%a4%96%e5%9b%bd%e5%86%85%e7%94%b5%e8%a7%86%e7%9b%b4%e6%92%ad%e6%b5%b7%e5%a4%96%e7%94%b5%e8%a7%86%e7%9b%b4%e6%92%ad%e6%ba%90
2910	yinyue	网易云黑胶vip海外(网易云黑胶会员国外可以用吗)	2025-01-02 17:35:53	%e7%bd%91%e6%98%93%e4%ba%91%e9%bb%91%e8%83%b6vip%e6%b5%b7%e5%a4%96%e7%bd%91%e6%98%93%e4%ba%91%e9%bb%91%e8%83%b6%e4%bc%9a%e5%91%98%e5%9b%bd%e5%a4%96%e5%8f%af%e4%bb%a5%e7%94%a8%e5%90%97-2
2913	yingyin	咪咕海外怎么看(咪咕视频海外怎么用)	2025-01-02 17:29:12	%e5%92%aa%e5%92%95%e6%b5%b7%e5%a4%96%e6%80%8e%e4%b9%88%e7%9c%8b%e5%92%aa%e5%92%95%e8%a7%86%e9%a2%91%e6%b5%b7%e5%a4%96%e6%80%8e%e4%b9%88%e7%94%a8
2914	jiaocheng	回国esim(回国后)	2025-01-02 17:19:49	%e5%9b%9e%e5%9b%bdesim%e5%9b%9e%e5%9b%bd%e5%90%8e
2915	jiaocheng	v2ray机场订阅(v2ray免费机场订阅地址)	2025-01-02 17:16:04	v2ray%e6%9c%ba%e5%9c%ba%e8%ae%a2%e9%98%85v2ray%e5%85%8d%e8%b4%b9%e6%9c%ba%e5%9c%ba%e8%ae%a2%e9%98%85%e5%9c%b0%e5%9d%80
2916	yingyin	愛奇藝不能看ptt(爱奇艺不能看庆余年第二季吗)	2025-01-02 17:01:52	%e6%84%9b%e5%a5%87%e8%97%9d%e4%b8%8d%e8%83%bd%e7%9c%8bptt%e7%88%b1%e5%a5%87%e8%89%ba%e4%b8%8d%e8%83%bd%e7%9c%8b%e5%ba%86%e4%bd%99%e5%b9%b4%e7%ac%ac%e4%ba%8c%e5%ad%a3%e5%90%97
2911	yinyue	网易云黑胶vip海外(网易云黑胶会员国外可以用吗)	2025-01-02 16:58:58	%e7%bd%91%e6%98%93%e4%ba%91%e9%bb%91%e8%83%b6vip%e6%b5%b7%e5%a4%96%e7%bd%91%e6%98%93%e4%ba%91%e9%bb%91%e8%83%b6%e4%bc%9a%e5%91%98%e5%9b%bd%e5%a4%96%e5%8f%af%e4%bb%a5%e7%94%a8%e5%90%97
2876	duanju	海外中文电视(海外中文电视直播app)	2024-12-30 17:56:53	%e6%b5%b7%e5%a4%96%e4%b8%ad%e6%96%87%e7%94%b5%e8%a7%86%e6%b5%b7%e5%a4%96%e4%b8%ad%e6%96%87%e7%94%b5%e8%a7%86%e7%9b%b4%e6%92%adapp
2895	yingyin	腾讯会议海外(腾讯会议海外版)	2024-12-30 17:47:11	%e8%85%be%e8%ae%af%e4%bc%9a%e8%ae%ae%e6%b5%b7%e5%a4%96%e8%85%be%e8%ae%af%e4%bc%9a%e8%ae%ae%e6%b5%b7%e5%a4%96%e7%89%88
2897	jiaocheng	境外观看电视剧(在境外如何看国内电视剧)	2024-12-30 17:44:47	%e5%a2%83%e5%a4%96%e8%a7%82%e7%9c%8b%e7%94%b5%e8%a7%86%e5%89%a7%e5%9c%a8%e5%a2%83%e5%a4%96%e5%a6%82%e4%bd%95%e7%9c%8b%e5%9b%bd%e5%86%85%e7%94%b5%e8%a7%86%e5%89%a7
2898	yinyue	網易雲音樂地區限制dcard(网易云地区版权不可用怎么办)	2024-12-30 17:42:46	%e7%b6%b2%e6%98%93%e9%9b%b2%e9%9f%b3%e6%a8%82%e5%9c%b0%e5%8d%80%e9%99%90%e5%88%b6dcard%e7%bd%91%e6%98%93%e4%ba%91%e5%9c%b0%e5%8c%ba%e7%89%88%e6%9d%83%e4%b8%8d%e5%8f%af%e7%94%a8%e6%80%8e%e4%b9%88
2899	jiaocheng	全民k歌地區限制dcard(全民k歌地区限制怎么弄)	2024-12-30 17:39:52	%e5%85%a8%e6%b0%91k%e6%ad%8c%e5%9c%b0%e5%8d%80%e9%99%90%e5%88%b6dcard%e5%85%a8%e6%b0%91k%e6%ad%8c%e5%9c%b0%e5%8c%ba%e9%99%90%e5%88%b6%e6%80%8e%e4%b9%88%e5%bc%84
2900	jiaocheng	回国v2ray(翻墙回国v2ray国内节点)	2024-12-30 17:31:15	%e5%9b%9e%e5%9b%bdv2ray%e7%bf%bb%e5%a2%99%e5%9b%9e%e5%9b%bdv2ray%e5%9b%bd%e5%86%85%e8%8a%82%e7%82%b9
2901	jiaocheng	翻墙回国内的软件	2024-12-28 15:47:40	%e7%bf%bb%e5%a2%99%e5%9b%9e%e5%9b%bd%e5%86%85%e7%9a%84%e8%bd%af%e4%bb%b6
2892	jiaocheng	翻墙回国chrome	2024-12-28 15:38:34	%e7%bf%bb%e5%a2%99%e5%9b%9e%e5%9b%bdchrome
2891	jiaocheng	海外看中文电视(海外电视库)	2024-12-26 17:03:50	%e6%b5%b7%e5%a4%96%e7%9c%8b%e4%b8%ad%e6%96%87%e7%94%b5%e8%a7%86%e6%b5%b7%e5%a4%96%e7%94%b5%e8%a7%86%e5%ba%93
2875	yingyin	咪咕视频海外怎么看(咪咕视频二台怎么看)	2024-12-26 16:50:21	%e5%92%aa%e5%92%95%e8%a7%86%e9%a2%91%e6%b5%b7%e5%a4%96%e6%80%8e%e4%b9%88%e7%9c%8b%e5%92%aa%e5%92%95%e8%a7%86%e9%a2%91%e4%ba%8c%e5%8f%b0%e6%80%8e%e4%b9%88%e7%9c%8b
2877	jiaocheng	国外电视剧网站(国外电视剧网站免费观看)	2024-12-26 16:40:10	%e5%9b%bd%e5%a4%96%e7%94%b5%e8%a7%86%e5%89%a7%e7%bd%91%e7%ab%99%e5%9b%bd%e5%a4%96%e7%94%b5%e8%a7%86%e5%89%a7%e7%bd%91%e7%ab%99%e5%85%8d%e8%b4%b9%e8%a7%82%e7%9c%8b
2878	yingyin	喜马拉雅电影(喜马拉雅电影豆瓣)	2024-12-26 16:34:47	%e5%96%9c%e9%a9%ac%e6%8b%89%e9%9b%85%e7%94%b5%e5%bd%b1%e5%96%9c%e9%a9%ac%e6%8b%89%e9%9b%85%e7%94%b5%e5%bd%b1%e8%b1%86%e7%93%a3
2879	duanju	国外如何看咪咕(咪咕国外无法看直播)	2024-12-25 18:30:33	%e5%9b%bd%e5%a4%96%e5%a6%82%e4%bd%95%e7%9c%8b%e5%92%aa%e5%92%95%e5%92%aa%e5%92%95%e5%9b%bd%e5%a4%96%e6%97%a0%e6%b3%95%e7%9c%8b%e7%9b%b4%e6%92%ad
2880	tiyu	马来西亚怎么看奥运会(马来西亚奥运金牌榜)	2024-12-25 18:22:28	%e9%a9%ac%e6%9d%a5%e8%a5%bf%e4%ba%9a%e6%80%8e%e4%b9%88%e7%9c%8b%e5%a5%a5%e8%bf%90%e4%bc%9a%e9%a9%ac%e6%9d%a5%e8%a5%bf%e4%ba%9a%e5%a5%a5%e8%bf%90%e9%87%91%e7%89%8c%e6%a6%9c
2881	jiaocheng	国外看电视剧(国外看电视剧用什么网站)	2024-12-25 18:16:34	%e5%9b%bd%e5%a4%96%e7%9c%8b%e7%94%b5%e8%a7%86%e5%89%a7%e5%9b%bd%e5%a4%96%e7%9c%8b%e7%94%b5%e8%a7%86%e5%89%a7%e7%94%a8%e4%bb%80%e4%b9%88%e7%bd%91%e7%ab%99
2882	yinyue	网易云在国外怎么用(网易云在线播放网页)	2024-12-25 17:59:29	%e7%bd%91%e6%98%93%e4%ba%91%e5%9c%a8%e5%9b%bd%e5%a4%96%e6%80%8e%e4%b9%88%e7%94%a8%e7%bd%91%e6%98%93%e4%ba%91%e5%9c%a8%e7%ba%bf%e6%92%ad%e6%94%be%e7%bd%91%e9%a1%b5
2874	yingyin	国内看剧网站(国内看剧网站排行榜)	2024-12-25 17:50:48	%e5%9b%bd%e5%86%85%e7%9c%8b%e5%89%a7%e7%bd%91%e7%ab%99%e5%9b%bd%e5%86%85%e7%9c%8b%e5%89%a7%e7%bd%91%e7%ab%99%e6%8e%92%e8%a1%8c%e6%a6%9c
2847	jiaocheng	云视听小电视香港(云视听小电视怎么看港澳台)	2024-12-24 15:15:43	%e4%ba%91%e8%a7%86%e5%90%ac%e5%b0%8f%e7%94%b5%e8%a7%86%e9%a6%99%e6%b8%af%e4%ba%91%e8%a7%86%e5%90%ac%e5%b0%8f%e7%94%b5%e8%a7%86%e6%80%8e%e4%b9%88%e7%9c%8b%e6%b8%af%e6%be%b3%e5%8f%b0
2848	jiaocheng	云视听小电视海外版(云视听小电视)	2024-12-24 15:11:27	%e4%ba%91%e8%a7%86%e5%90%ac%e5%b0%8f%e7%94%b5%e8%a7%86%e6%b5%b7%e5%a4%96%e7%89%88%e4%ba%91%e8%a7%86%e5%90%ac%e5%b0%8f%e7%94%b5%e8%a7%86
2846	jiaocheng	雲視聽小電視(云视听小电视手机版)	2024-12-24 15:04:19	%e9%9b%b2%e8%a6%96%e8%81%bd%e5%b0%8f%e9%9b%bb%e8%a6%96%e4%ba%91%e8%a7%86%e5%90%ac%e5%b0%8f%e7%94%b5%e8%a7%86%e6%89%8b%e6%9c%ba%e7%89%88
2850	jiaocheng	余庆年第二季在线(余庆年第二季在线观看免费完整版)	2024-12-24 14:40:15	%e4%bd%99%e5%ba%86%e5%b9%b4%e7%ac%ac%e4%ba%8c%e5%ad%a3%e5%9c%a8%e7%ba%bf%e4%bd%99%e5%ba%86%e5%b9%b4%e7%ac%ac%e4%ba%8c%e5%ad%a3%e5%9c%a8%e7%ba%bf%e8%a7%82%e7%9c%8b%e5%85%8d%e8%b4%b9%e5%ae%8c%e6%95%b4
2851	jiaocheng	優酷台灣不能註冊(台湾不能注册youku)	2024-12-24 14:37:51	%e5%84%aa%e9%85%b7%e5%8f%b0%e7%81%a3%e4%b8%8d%e8%83%bd%e8%a8%bb%e5%86%8a%e5%8f%b0%e6%b9%be%e4%b8%8d%e8%83%bd%e6%b3%a8%e5%86%8cyouku
2849	jiaocheng	云视听小电视海外(云视听小电视客服人工电话)	2024-12-24 14:25:06	%e4%ba%91%e8%a7%86%e5%90%ac%e5%b0%8f%e7%94%b5%e8%a7%86%e6%b5%b7%e5%a4%96%e4%ba%91%e8%a7%86%e5%90%ac%e5%b0%8f%e7%94%b5%e8%a7%86%e5%ae%a2%e6%9c%8d%e4%ba%ba%e5%b7%a5%e7%94%b5%e8%af%9d
2852	yingyin	優酷台灣不能看(优酷很多tvb剧集看不了)	2024-12-24 13:50:34	%e5%84%aa%e9%85%b7%e5%8f%b0%e7%81%a3%e4%b8%8d%e8%83%bd%e7%9c%8b%e4%bc%98%e9%85%b7%e5%be%88%e5%a4%9atvb%e5%89%a7%e9%9b%86%e7%9c%8b%e4%b8%8d%e4%ba%86
2853	yingyin	優酷app台灣(优酷app下载安装免费下载)	2024-12-23 17:02:30	%e5%84%aa%e9%85%b7app%e5%8f%b0%e7%81%a3%e4%bc%98%e9%85%b7app%e4%b8%8b%e8%bd%bd%e5%ae%89%e8%a3%85%e5%85%8d%e8%b4%b9%e4%b8%8b%e8%bd%bd
2854	tiyu	央视直播海外app(央视直播)	2024-12-23 16:54:27	%e5%a4%ae%e8%a7%86%e7%9b%b4%e6%92%ad%e6%b5%b7%e5%a4%96app%e5%a4%ae%e8%a7%86%e7%9b%b4%e6%92%ad
2855	tiyu	央视直播海外(央视直播在线)	2024-12-23 16:39:08	%e5%a4%ae%e8%a7%86%e7%9b%b4%e6%92%ad%e6%b5%b7%e5%a4%96%e5%a4%ae%e8%a7%86%e7%9b%b4%e6%92%ad%e5%9c%a8%e7%ba%bf
2856	tiyu	央视直播app(免费央视直播app)	2024-12-23 16:22:28	%e5%a4%ae%e8%a7%86%e7%9b%b4%e6%92%adapp%e5%85%8d%e8%b4%b9%e5%a4%ae%e8%a7%86%e7%9b%b4%e6%92%adapp
2857	tiyu	央视影音海外(央视影音.hap)	2024-12-23 16:19:41	%e5%a4%ae%e8%a7%86%e5%bd%b1%e9%9f%b3%e6%b5%b7%e5%a4%96%e5%a4%ae%e8%a7%86%e5%bd%b1%e9%9f%b3-hap
2858	tiyu	央视体育直播海外(央视体育直播cctv5)	2024-12-23 16:15:17	%e5%a4%ae%e8%a7%86%e4%bd%93%e8%82%b2%e7%9b%b4%e6%92%ad%e6%b5%b7%e5%a4%96%e5%a4%ae%e8%a7%86%e4%bd%93%e8%82%b2%e7%9b%b4%e6%92%adcctv5
2845	jiaocheng	雲視聽小電視ios(云视听小电视ios版)	2024-12-23 16:05:46	%e9%9b%b2%e8%a6%96%e8%81%bd%e5%b0%8f%e9%9b%bb%e8%a6%96ios%e4%ba%91%e8%a7%86%e5%90%ac%e5%b0%8f%e7%94%b5%e8%a7%86ios%e7%89%88
2843	jiaocheng	在国内可以访问一亩三分地吗(一亩三分地网站是国内的吗)	2024-12-20 15:32:28	%e5%9c%a8%e5%9b%bd%e5%86%85%e5%8f%af%e4%bb%a5%e8%ae%bf%e9%97%ae%e4%b8%80%e4%ba%a9%e4%b8%89%e5%88%86%e5%9c%b0%e5%90%97%e4%b8%80%e4%ba%a9%e4%b8%89%e5%88%86%e5%9c%b0%e7%bd%91%e7%ab%99%e6%98%af%e5%9b%bd
2829	tiyu	在国外怎么看奥运(在国外怎么看奥运会回放)	2024-12-20 15:22:40	%e5%9c%a8%e5%9b%bd%e5%a4%96%e6%80%8e%e4%b9%88%e7%9c%8b%e5%a5%a5%e8%bf%90%e5%9c%a8%e5%9b%bd%e5%a4%96%e6%80%8e%e4%b9%88%e7%9c%8b%e5%a5%a5%e8%bf%90%e4%bc%9a%e5%9b%9e%e6%94%be
2828	tiyu	在国外怎么看奥运会(国外怎么看奥运会开幕式)	2024-12-20 15:20:18	%e5%9c%a8%e5%9b%bd%e5%a4%96%e6%80%8e%e4%b9%88%e7%9c%8b%e5%a5%a5%e8%bf%90%e4%bc%9a%e5%9b%bd%e5%a4%96%e6%80%8e%e4%b9%88%e7%9c%8b%e5%a5%a5%e8%bf%90%e4%bc%9a%e5%bc%80%e5%b9%95%e5%bc%8f
2830	yingyin	在国外用什么软件看电影(在国外用什么软件看电影最好用)	2024-12-20 15:17:17	%e5%9c%a8%e5%9b%bd%e5%a4%96%e7%94%a8%e4%bb%80%e4%b9%88%e8%bd%af%e4%bb%b6%e7%9c%8b%e7%94%b5%e5%bd%b1%e5%9c%a8%e5%9b%bd%e5%a4%96%e7%94%a8%e4%bb%80%e4%b9%88%e8%bd%af%e4%bb%b6%e7%9c%8b%e7%94%b5%e5%bd%b1
2831	yingyin	在国外用什么看剧(国外用什么看剧软件)	2024-12-20 14:56:32	%e5%9c%a8%e5%9b%bd%e5%a4%96%e7%94%a8%e4%bb%80%e4%b9%88%e7%9c%8b%e5%89%a7%e5%9b%bd%e5%a4%96%e7%94%a8%e4%bb%80%e4%b9%88%e7%9c%8b%e5%89%a7%e8%bd%af%e4%bb%b6
2832	youxi	在国外玩国内游戏(在国外玩国内游戏很卡)	2024-12-20 14:46:01	%e5%9c%a8%e5%9b%bd%e5%a4%96%e7%8e%a9%e5%9b%bd%e5%86%85%e6%b8%b8%e6%88%8f%e5%9c%a8%e5%9b%bd%e5%a4%96%e7%8e%a9%e5%9b%bd%e5%86%85%e6%b8%b8%e6%88%8f%e5%be%88%e5%8d%a1
2833	jiaocheng	在国外上不了国内的网(在国外上不了中国国内的网)	2024-12-20 11:59:06	%e5%9c%a8%e5%9b%bd%e5%a4%96%e4%b8%8a%e4%b8%8d%e4%ba%86%e5%9b%bd%e5%86%85%e7%9a%84%e7%bd%91%e5%9c%a8%e5%9b%bd%e5%a4%96%e4%b8%8a%e4%b8%8d%e4%ba%86%e4%b8%ad%e5%9b%bd%e5%9b%bd%e5%86%85%e7%9a%84%e7%bd%91
2834	jiaocheng	在国外翻墙回国内	2024-12-20 11:50:36	%e5%9c%a8%e5%9b%bd%e5%a4%96%e7%bf%bb%e5%a2%99%e5%9b%9e%e5%9b%bd%e5%86%85
2827	yingyin	在国外怎么看奥运会直播(在国外怎么看奥运会直播视频)	2024-12-20 11:38:43	%e5%9c%a8%e5%9b%bd%e5%a4%96%e6%80%8e%e4%b9%88%e7%9c%8b%e5%a5%a5%e8%bf%90%e4%bc%9a%e7%9b%b4%e6%92%ad%e5%9c%a8%e5%9b%bd%e5%a4%96%e6%80%8e%e4%b9%88%e7%9c%8b%e5%a5%a5%e8%bf%90%e4%bc%9a%e7%9b%b4%e6%92%ad
2814	jiaocheng	中国的电视盒子在美国能用吗(国内机顶盒带来美国能用么)	2024-12-19 18:29:09	%e4%b8%ad%e5%9b%bd%e7%9a%84%e7%94%b5%e8%a7%86%e7%9b%92%e5%ad%90%e5%9c%a8%e7%be%8e%e5%9b%bd%e8%83%bd%e7%94%a8%e5%90%97%e5%9b%bd%e5%86%85%e6%9c%ba%e9%a1%b6%e7%9b%92%e5%b8%a6%e6%9d%a5%e7%be%8e%e5%9b%bd
2815	jiaocheng	怎么看国内电视(电视怎么看国足)	2024-12-19 17:40:02	%e6%80%8e%e4%b9%88%e7%9c%8b%e5%9b%bd%e5%86%85%e7%94%b5%e8%a7%86%e7%94%b5%e8%a7%86%e6%80%8e%e4%b9%88%e7%9c%8b%e5%9b%bd%e8%b6%b3
2816	tiyu	怎么看奥运会直播(怎么看奥运会直播乒乓球)	2024-12-19 16:44:04	%e6%80%8e%e4%b9%88%e7%9c%8b%e5%a5%a5%e8%bf%90%e4%bc%9a%e7%9b%b4%e6%92%ad%e6%80%8e%e4%b9%88%e7%9c%8b%e5%a5%a5%e8%bf%90%e4%bc%9a%e7%9b%b4%e6%92%ad%e4%b9%92%e4%b9%93%e7%90%83
2817	jiaocheng	怎么翻墙回国	2024-12-19 16:31:39	%e6%80%8e%e4%b9%88%e7%bf%bb%e5%a2%99%e5%9b%9e%e5%9b%bd
2818	youxi	怎么把steam改回国区(steam怎么快速回国区)	2024-12-19 16:16:11	%e6%80%8e%e4%b9%88%e6%8a%8asteam%e6%94%b9%e5%9b%9e%e5%9b%bd%e5%8c%basteam%e6%80%8e%e4%b9%88%e5%bf%ab%e9%80%9f%e5%9b%9e%e5%9b%bd%e5%8c%ba
2808	jiaocheng	v2ray回国机场(翻墙回国机场)	2024-12-19 16:06:29	v2ray%e5%9b%9e%e5%9b%bd%e6%9c%ba%e5%9c%ba%e7%bf%bb%e5%a2%99%e5%9b%9e%e5%9b%bd%e6%9c%ba%e5%9c%ba
2782	youxi	steam当前地区不可用(steam当前地区不可用怎么解决)	2024-12-18 17:24:26	steam%e5%bd%93%e5%89%8d%e5%9c%b0%e5%8c%ba%e4%b8%8d%e5%8f%af%e7%94%a8steam%e5%bd%93%e5%89%8d%e5%9c%b0%e5%8c%ba%e4%b8%8d%e5%8f%af%e7%94%a8%e6%80%8e%e4%b9%88%e8%a7%a3%e5%86%b3
2800	jiaocheng	中央电视台5海外(中央电视台海外娱乐频道)	2024-12-18 17:17:01	%e4%b8%ad%e5%a4%ae%e7%94%b5%e8%a7%86%e5%8f%b05%e6%b5%b7%e5%a4%96%e4%b8%ad%e5%a4%ae%e7%94%b5%e8%a7%86%e5%8f%b0%e6%b5%b7%e5%a4%96%e5%a8%b1%e4%b9%90%e9%a2%91%e9%81%93
2801	duanju	中央5台直播海外(中央5台直播海外直播)	2024-12-18 17:11:31	%e4%b8%ad%e5%a4%ae5%e5%8f%b0%e7%9b%b4%e6%92%ad%e6%b5%b7%e5%a4%96%e4%b8%ad%e5%a4%ae5%e5%8f%b0%e7%9b%b4%e6%92%ad%e6%b5%b7%e5%a4%96%e7%9b%b4%e6%92%ad
2802	duanju	中央5海外直播(中央台直播5)	2024-12-18 16:18:15	%e4%b8%ad%e5%a4%ae5%e6%b5%b7%e5%a4%96%e7%9b%b4%e6%92%ad%e4%b8%ad%e5%a4%ae%e5%8f%b0%e7%9b%b4%e6%92%ad5
2799	duanju	中央电视台海外直播(中央电视台直播频道在线直播观看)	2024-12-18 16:16:28	%e4%b8%ad%e5%a4%ae%e7%94%b5%e8%a7%86%e5%8f%b0%e6%b5%b7%e5%a4%96%e7%9b%b4%e6%92%ad%e4%b8%ad%e5%a4%ae%e7%94%b5%e8%a7%86%e5%8f%b0%e7%9b%b4%e6%92%ad%e9%a2%91%e9%81%93%e5%9c%a8%e7%ba%bf%e7%9b%b4%e6%92%ad
2783	youxi	steam改回国区(steam改回国区有什么影响)	2024-12-18 16:12:49	steam%e6%94%b9%e5%9b%9e%e5%9b%bd%e5%8c%basteam%e6%94%b9%e5%9b%9e%e5%9b%bd%e5%8c%ba%e6%9c%89%e4%bb%80%e4%b9%88%e5%bd%b1%e5%93%8d
2780	youxi	start云游戏海外(start云游戏海外可以登陆么)	2024-12-18 16:04:56	start%e4%ba%91%e6%b8%b8%e6%88%8f%e6%b5%b7%e5%a4%96start%e4%ba%91%e6%b8%b8%e6%88%8f%e6%b5%b7%e5%a4%96%e5%8f%af%e4%bb%a5%e7%99%bb%e9%99%86%e4%b9%88
2784	youxi	steam国区(steam国区怎么改)	2024-12-18 16:01:13	steam%e5%9b%bd%e5%8c%basteam%e5%9b%bd%e5%8c%ba%e6%80%8e%e4%b9%88%e6%94%b9
2785	youxi	steam海外改国区(steam在海外怎么换国区)	2024-12-18 15:50:45	steam%e6%b5%b7%e5%a4%96%e6%94%b9%e5%9b%bd%e5%8c%basteam%e5%9c%a8%e6%b5%b7%e5%a4%96%e6%80%8e%e4%b9%88%e6%8d%a2%e5%9b%bd%e5%8c%ba
2786	youxi	steam回国(steam回国教程)	2024-12-18 15:46:57	steam%e5%9b%9e%e5%9b%bdsteam%e5%9b%9e%e5%9b%bd%e6%95%99%e7%a8%8b
2788	jiaocheng	surfshark大陸翻牆(surfshark大陆可以用吗)	2024-12-18 15:44:49	surfshark%e5%a4%a7%e9%99%b8%e7%bf%bb%e7%89%86surfshark%e5%a4%a7%e9%99%86%e5%8f%af%e4%bb%a5%e7%94%a8%e5%90%97-2
2787	jiaocheng	surfshark大陸翻牆(surfshark大陆可以用吗)	2024-12-18 15:28:31	surfshark%e5%a4%a7%e9%99%b8%e7%bf%bb%e7%89%86surfshark%e5%a4%a7%e9%99%86%e5%8f%af%e4%bb%a5%e7%94%a8%e5%90%97
2769	jiaocheng	qq注册免手机2024(qq免手机号注册平台)	2024-12-17 17:57:50	qq%e6%b3%a8%e5%86%8c%e5%85%8d%e6%89%8b%e6%9c%ba2024qq%e5%85%8d%e6%89%8b%e6%9c%ba%e5%8f%b7%e6%b3%a8%e5%86%8c%e5%b9%b3%e5%8f%b0
2770	jiaocheng	qq註冊2024(qq注册20年)	2024-12-17 17:39:03	qq%e8%a8%bb%e5%86%8a2024qq%e6%b3%a8%e5%86%8c20%e5%b9%b4
2771	jiaocheng	qq註冊台灣2024(台湾qq怎么实名认证)	2024-12-17 17:32:19	qq%e8%a8%bb%e5%86%8a%e5%8f%b0%e7%81%a32024%e5%8f%b0%e6%b9%beqq%e6%80%8e%e4%b9%88%e5%ae%9e%e5%90%8d%e8%ae%a4%e8%af%81
2768	jiaocheng	qq注册免手机(qq号免手机申请)	2024-12-17 17:27:29	qq%e6%b3%a8%e5%86%8c%e5%85%8d%e6%89%8b%e6%9c%baqq%e5%8f%b7%e5%85%8d%e6%89%8b%e6%9c%ba%e7%94%b3%e8%af%b7
2758	jiaocheng	hicn加速(hi加速器)	2024-12-17 16:50:48	hicn%e5%8a%a0%e9%80%9fhi%e5%8a%a0%e9%80%9f%e5%99%a8
2757	jiaocheng	hicn回国加速(海外回国加速器是什么用处)	2024-12-17 16:48:29	hicn%e5%9b%9e%e5%9b%bd%e5%8a%a0%e9%80%9f%e6%b5%b7%e5%a4%96%e5%9b%9e%e5%9b%bd%e5%8a%a0%e9%80%9f%e5%99%a8%e6%98%af%e4%bb%80%e4%b9%88%e7%94%a8%e5%a4%84
2764	jiaocheng	qq海外注册(qq国外注册)	2024-12-17 16:42:57	qq%e6%b5%b7%e5%a4%96%e6%b3%a8%e5%86%8cqq%e5%9b%bd%e5%a4%96%e6%b3%a8%e5%86%8c
2760	jiaocheng	ios访问限制(ios访问限制怎么退出id)	2024-12-16 17:44:40	ios%e8%ae%bf%e9%97%ae%e9%99%90%e5%88%b6ios%e8%ae%bf%e9%97%ae%e9%99%90%e5%88%b6%e6%80%8e%e4%b9%88%e9%80%80%e5%87%baid
2756	jiaocheng	golink好用吗(golink app)	2024-12-16 17:36:53	golink%e5%a5%bd%e7%94%a8%e5%90%97golink-app
2749	duanju	中央五套海外(中央五套直播在线观看)	2024-12-13 17:31:15	%e4%b8%ad%e5%a4%ae%e4%ba%94%e5%a5%97%e6%b5%b7%e5%a4%96%e4%b8%ad%e5%a4%ae%e4%ba%94%e5%a5%97%e7%9b%b4%e6%92%ad%e5%9c%a8%e7%ba%bf%e8%a7%82%e7%9c%8b
2750	duanju	中央五台海外直播(中央五台海外直播节目表)	2024-12-13 17:26:31	%e4%b8%ad%e5%a4%ae%e4%ba%94%e5%8f%b0%e6%b5%b7%e5%a4%96%e7%9b%b4%e6%92%ad%e4%b8%ad%e5%a4%ae%e4%ba%94%e5%8f%b0%e6%b5%b7%e5%a4%96%e7%9b%b4%e6%92%ad%e8%8a%82%e7%9b%ae%e8%a1%a8
2751	jiaocheng	中央五台海外(中央电视台海外中心主任)	2024-12-13 17:23:37	%e4%b8%ad%e5%a4%ae%e4%ba%94%e5%8f%b0%e6%b5%b7%e5%a4%96%e4%b8%ad%e5%a4%ae%e7%94%b5%e8%a7%86%e5%8f%b0%e6%b5%b7%e5%a4%96%e4%b8%ad%e5%bf%83%e4%b8%bb%e4%bb%bb
2748	duanju	中央五套海外直播(中央电视台海外版)	2024-12-13 17:17:45	%e4%b8%ad%e5%a4%ae%e4%ba%94%e5%a5%97%e6%b5%b7%e5%a4%96%e7%9b%b4%e6%92%ad%e4%b8%ad%e5%a4%ae%e7%94%b5%e8%a7%86%e5%8f%b0%e6%b5%b7%e5%a4%96%e7%89%88
2734	yingyin	bilibili台灣註冊ptt(bilibili怎么注册台湾账号)	2024-12-13 16:46:20	bilibili%e5%8f%b0%e7%81%a3%e8%a8%bb%e5%86%8apttbilibili%e6%80%8e%e4%b9%88%e6%b3%a8%e5%86%8c%e5%8f%b0%e6%b9%be%e8%b4%a6%e5%8f%b7
2735	yingyin	bilibili台灣註冊實名(bilibili台湾账号)	2024-12-12 17:54:45	bilibili%e5%8f%b0%e7%81%a3%e8%a8%bb%e5%86%8a%e5%af%a6%e5%90%8dbilibili%e5%8f%b0%e6%b9%be%e8%b4%a6%e5%8f%b7
2736	yingyin	bilibili香港限制(b站香港地区限制)	2024-12-12 17:50:38	bilibili%e9%a6%99%e6%b8%af%e9%99%90%e5%88%b6b%e7%ab%99%e9%a6%99%e6%b8%af%e5%9c%b0%e5%8c%ba%e9%99%90%e5%88%b6
2737	yingyin	bilibili直播姬海外(bilibili直播姬教程)	2024-12-12 17:47:10	bilibili%e7%9b%b4%e6%92%ad%e5%a7%ac%e6%b5%b7%e5%a4%96bilibili%e7%9b%b4%e6%92%ad%e5%a7%ac%e6%95%99%e7%a8%8b
2733	yingyin	bilibili台灣卡頓(bilibili老是卡)	2024-12-12 17:45:06	bilibili%e5%8f%b0%e7%81%a3%e5%8d%a1%e9%a0%93bilibili%e8%80%81%e6%98%af%e5%8d%a1
2727	jiaocheng	海外如何阅读漫画岛	2024-12-12 17:31:56	%e6%b5%b7%e5%a4%96%e5%a6%82%e4%bd%95%e9%98%85%e8%af%bb%e6%bc%ab%e7%94%bb%e5%b2%9b
2717	yinyue	海外用户如何在中国访问虾米音乐？	2024-12-10 18:12:36	%e6%b5%b7%e5%a4%96%e7%94%a8%e6%88%b7%e5%a6%82%e4%bd%95%e5%9c%a8%e4%b8%ad%e5%9b%bd%e8%ae%bf%e9%97%ae%e8%99%be%e7%b1%b3%e9%9f%b3%e4%b9%90%ef%bc%9f
2718	jiaocheng	海外用户如何在线阅读番茄免费小说	2024-12-10 16:46:46	%e6%b5%b7%e5%a4%96%e7%94%a8%e6%88%b7%e5%a6%82%e4%bd%95%e5%9c%a8%e7%ba%bf%e9%98%85%e8%af%bb%e7%95%aa%e8%8c%84%e5%85%8d%e8%b4%b9%e5%b0%8f%e8%af%b4
2719	jiaocheng	海外用户如何在线观看樱花动画？	2024-12-10 16:38:18	%e6%b5%b7%e5%a4%96%e7%94%a8%e6%88%b7%e5%a6%82%e4%bd%95%e5%9c%a8%e7%ba%bf%e8%a7%82%e7%9c%8b%e6%a8%b1%e8%8a%b1%e5%8a%a8%e7%94%bb%ef%bc%9f
2715	jiaocheng	欢颜APP在海外使用方法是什么？	2024-12-10 16:32:28	%e6%ac%a2%e9%a2%9capp%e5%9c%a8%e6%b5%b7%e5%a4%96%e4%bd%bf%e7%94%a8%e6%96%b9%e6%b3%95%e6%98%af%e4%bb%80%e4%b9%88%ef%bc%9f
2711	yinyue	酷我音乐在香港地区限制如何破解	2024-12-10 15:13:19	%e9%85%b7%e6%88%91%e9%9f%b3%e4%b9%90%e5%9c%a8%e9%a6%99%e6%b8%af%e5%9c%b0%e5%8c%ba%e9%99%90%e5%88%b6%e5%a6%82%e4%bd%95%e7%a0%b4%e8%a7%a3
2710	jiaocheng	夸克网盘海外注册具体流程是怎样的？	2024-12-10 15:06:20	%e5%a4%b8%e5%85%8b%e7%bd%91%e7%9b%98%e6%b5%b7%e5%a4%96%e6%b3%a8%e5%86%8c%e5%85%b7%e4%bd%93%e6%b5%81%e7%a8%8b%e6%98%af%e6%80%8e%e6%a0%b7%e7%9a%84%ef%bc%9f
2708	jiaocheng	雷电云手机在国外使用时会遇到哪些问题？	2024-12-09 18:19:42	%e9%9b%b7%e7%94%b5%e4%ba%91%e6%89%8b%e6%9c%ba%e5%9c%a8%e5%9b%bd%e5%a4%96%e4%bd%bf%e7%94%a8%e6%97%b6%e4%bc%9a%e9%81%87%e5%88%b0%e5%93%aa%e4%ba%9b%e9%97%ae%e9%a2%98%ef%bc%9f
2705	yingyin	泥视频APP在海外如何使用？	2024-12-06 15:46:40	%e6%b3%a5%e8%a7%86%e9%a2%91app%e5%9c%a8%e6%b5%b7%e5%a4%96%e5%a6%82%e4%bd%95%e4%bd%bf%e7%94%a8%ef%bc%9f
2696	tiyu	如何观看CCTV5海外频道？	2024-12-05 18:42:41	%e5%a6%82%e4%bd%95%e8%a7%82%e7%9c%8bcctv5%e6%b5%b7%e5%a4%96%e9%a2%91%e9%81%93%ef%bc%9f
2697	jiaocheng	区域限制，无法使用Cici的原因及解决方法	2024-12-05 18:38:49	%e5%8c%ba%e5%9f%9f%e9%99%90%e5%88%b6%ef%bc%8c%e6%97%a0%e6%b3%95%e4%bd%bf%e7%94%a8cici%e7%9a%84%e5%8e%9f%e5%9b%a0%e5%8f%8a%e8%a7%a3%e5%86%b3%e6%96%b9%e6%b3%95
2698	yingyin	庆余年2在腾讯海外版如何观看教程	2024-12-05 18:20:50	%e5%ba%86%e4%bd%99%e5%b9%b42%e5%9c%a8%e8%85%be%e8%ae%af%e6%b5%b7%e5%a4%96%e7%89%88%e5%a6%82%e4%bd%95%e8%a7%82%e7%9c%8b%e6%95%99%e7%a8%8b
2695	tiyu	如何获取海外CCTV5的直播源？	2024-12-05 17:27:55	%e5%a6%82%e4%bd%95%e8%8e%b7%e5%8f%96%e6%b5%b7%e5%a4%96cctv5%e7%9a%84%e7%9b%b4%e6%92%ad%e6%ba%90%ef%bc%9f
2691	jiaocheng	如何破解唱享K歌的权限限制？	2024-12-04 17:25:00	%e5%a6%82%e4%bd%95%e7%a0%b4%e8%a7%a3%e5%94%b1%e4%ba%abk%e6%ad%8c%e7%9a%84%e6%9d%83%e9%99%90%e9%99%90%e5%88%b6%ef%bc%9f
2690	jiaocheng	如何破解全民K歌的地区限制？	2024-12-04 17:11:40	%e5%a6%82%e4%bd%95%e7%a0%b4%e8%a7%a3%e5%85%a8%e6%b0%91k%e6%ad%8c%e7%9a%84%e5%9c%b0%e5%8c%ba%e9%99%90%e5%88%b6%ef%bc%9f
2686	yinyue	如何破解喜马拉雅版权限制	2024-12-04 17:02:06	%e5%a6%82%e4%bd%95%e7%a0%b4%e8%a7%a3%e5%96%9c%e9%a9%ac%e6%8b%89%e9%9b%85%e7%89%88%e6%9d%83%e9%99%90%e5%88%b6
2685	jiaocheng	如何使用百度网盘海外加速？	2024-12-04 16:33:16	%e5%a6%82%e4%bd%95%e4%bd%bf%e7%94%a8%e7%99%be%e5%ba%a6%e7%bd%91%e7%9b%98%e6%b5%b7%e5%a4%96%e5%8a%a0%e9%80%9f%ef%bc%9f
2680	tiyu	如何收看CCTV5的IPTV节目？	2024-12-02 18:05:00	%e5%a6%82%e4%bd%95%e6%94%b6%e7%9c%8bcctv5%e7%9a%84iptv%e8%8a%82%e7%9b%ae%ef%bc%9f
2678	jiaocheng	如何通过VPN提高访问中国网站的速率？	2024-12-02 17:56:07	%e5%a6%82%e4%bd%95%e9%80%9a%e8%bf%87vpn%e6%8f%90%e9%ab%98%e8%ae%bf%e9%97%ae%e4%b8%ad%e5%9b%bd%e7%bd%91%e7%ab%99%e7%9a%84%e9%80%9f%e7%8e%87%ef%bc%9f
2676	yingyin	如何通过翻墙观看国内视频内容？	2024-12-02 17:23:36	%e5%a6%82%e4%bd%95%e9%80%9a%e8%bf%87%e7%bf%bb%e5%a2%99%e8%a7%82%e7%9c%8b%e5%9b%bd%e5%86%85%e8%a7%86%e9%a2%91%e5%86%85%e5%ae%b9%ef%bc%9f
2664	jiaocheng	如何在海外观看欧乐影院CCTV频道？	2024-12-02 16:58:50	%e5%a6%82%e4%bd%95%e5%9c%a8%e6%b5%b7%e5%a4%96%e8%a7%82%e7%9c%8b%e6%ac%a7%e4%b9%90%e5%bd%b1%e9%99%a2cctv%e9%a2%91%e9%81%93%ef%bc%9f
2665	tiyu	如何在海外观看巴黎奥运会的直播？	2024-12-02 16:53:10	%e5%a6%82%e4%bd%95%e5%9c%a8%e6%b5%b7%e5%a4%96%e8%a7%82%e7%9c%8b%e5%b7%b4%e9%bb%8e%e5%a5%a5%e8%bf%90%e4%bc%9a%e7%9a%84%e7%9b%b4%e6%92%ad%ef%bc%9f
2666	jiaocheng	如何在国外线上观看《医爱之名》？	2024-12-02 16:42:15	%e5%a6%82%e4%bd%95%e5%9c%a8%e5%9b%bd%e5%a4%96%e7%ba%bf%e4%b8%8a%e8%a7%82%e7%9c%8b%e3%80%8a%e5%8c%bb%e7%88%b1%e4%b9%8b%e5%90%8d%e3%80%8b%ef%bc%9f
2667	jiaocheng	如何在国外使用网页版小红书？	2024-12-02 16:38:00	%e5%a6%82%e4%bd%95%e5%9c%a8%e5%9b%bd%e5%a4%96%e4%bd%bf%e7%94%a8%e7%bd%91%e9%a1%b5%e7%89%88%e5%b0%8f%e7%ba%a2%e4%b9%a6%ef%bc%9f
2668	jiaocheng	如何在国外看2024欧洲杯录像？	2024-12-02 16:33:48	%e5%a6%82%e4%bd%95%e5%9c%a8%e5%9b%bd%e5%a4%96%e7%9c%8b2024%e6%ac%a7%e6%b4%b2%e6%9d%af%e5%bd%95%e5%83%8f%ef%bc%9f
2663	duanju	如何在海外观看世乒赛的直播？	2024-12-02 16:30:32	%e5%a6%82%e4%bd%95%e5%9c%a8%e6%b5%b7%e5%a4%96%e8%a7%82%e7%9c%8b%e4%b8%96%e4%b9%92%e8%b5%9b%e7%9a%84%e7%9b%b4%e6%92%ad%ef%bc%9f
2661	jiaocheng	如何在线观看《神隐》？	2024-11-30 17:45:30	%e5%a6%82%e4%bd%95%e5%9c%a8%e7%ba%bf%e8%a7%82%e7%9c%8b%e3%80%8a%e7%a5%9e%e9%9a%90%e3%80%8b%ef%bc%9f
2641	yinyue	网易云音乐Mac版海外用户如何进行下载？	2024-11-30 16:10:24	%e7%bd%91%e6%98%93%e4%ba%91%e9%9f%b3%e4%b9%90mac%e7%89%88%e6%b5%b7%e5%a4%96%e7%94%a8%e6%88%b7%e5%a6%82%e4%bd%95%e8%bf%9b%e8%a1%8c%e4%b8%8b%e8%bd%bd%ef%bc%9f
2642	yinyue	网易云如何在海外使用？	2024-11-30 16:05:01	%e7%bd%91%e6%98%93%e4%ba%91%e5%a6%82%e4%bd%95%e5%9c%a8%e6%b5%b7%e5%a4%96%e4%bd%bf%e7%94%a8%ef%bc%9f
2643	yingyin	腾讯提示“您所在的地区无法观看”如何解决？	2024-11-30 15:53:33	%e8%85%be%e8%ae%af%e6%8f%90%e7%a4%ba%e6%82%a8%e6%89%80%e5%9c%a8%e7%9a%84%e5%9c%b0%e5%8c%ba%e6%97%a0%e6%b3%95%e8%a7%82%e7%9c%8b%e5%a6%82%e4%bd%95%e8%a7%a3%e5%86%b3%ef%bc%9f
2644	yingyin	腾讯视频网页版在海外观看卡顿怎么办	2024-11-30 15:45:08	%e8%85%be%e8%ae%af%e8%a7%86%e9%a2%91%e7%bd%91%e9%a1%b5%e7%89%88%e5%9c%a8%e6%b5%b7%e5%a4%96%e8%a7%82%e7%9c%8b%e5%8d%a1%e9%a1%bf%e6%80%8e%e4%b9%88%e5%8a%9e
2645	yingyin	腾讯视频海外版如何破解地域限制	2024-11-30 15:41:16	%e8%85%be%e8%ae%af%e8%a7%86%e9%a2%91%e6%b5%b7%e5%a4%96%e7%89%88%e5%a6%82%e4%bd%95%e7%a0%b4%e8%a7%a3%e5%9c%b0%e5%9f%9f%e9%99%90%e5%88%b6
2646	jiaocheng	淘宝地区限制如何解决购买问题	2024-11-30 15:27:17	%e6%b7%98%e5%ae%9d%e5%9c%b0%e5%8c%ba%e9%99%90%e5%88%b6%e5%a6%82%e4%bd%95%e8%a7%a3%e5%86%b3%e8%b4%ad%e4%b9%b0%e9%97%ae%e9%a2%98
2647	yinyue	台湾如何使用网易云音乐？	2024-11-30 14:55:46	%e5%8f%b0%e6%b9%be%e5%a6%82%e4%bd%95%e4%bd%bf%e7%94%a8%e7%bd%91%e6%98%93%e4%ba%91%e9%9f%b3%e4%b9%90%ef%bc%9f
2648	jiaocheng	苏记在海外如何访问？	2024-11-30 14:48:57	%e8%8b%8f%e8%ae%b0%e5%9c%a8%e6%b5%b7%e5%a4%96%e5%a6%82%e4%bd%95%e8%ae%bf%e9%97%ae%ef%bc%9f
2649	yingyin	三体腾讯在海外是否可以访问？	2024-11-30 14:39:39	%e4%b8%89%e4%bd%93%e8%85%be%e8%ae%af%e5%9c%a8%e6%b5%b7%e5%a4%96%e6%98%af%e5%90%a6%e5%8f%af%e4%bb%a5%e8%ae%bf%e9%97%ae%ef%bc%9f
2640	yinyue	网易云音乐版权问题如何解决？	2024-11-30 14:36:53	%e7%bd%91%e6%98%93%e4%ba%91%e9%9f%b3%e4%b9%90%e7%89%88%e6%9d%83%e9%97%ae%e9%a2%98%e5%a6%82%e4%bd%95%e8%a7%a3%e5%86%b3%ef%bc%9f
2638	jiaocheng	微博网页版海外登录时遇到的问题有哪些？	2024-11-29 16:24:26	%e5%be%ae%e5%8d%9a%e7%bd%91%e9%a1%b5%e7%89%88%e6%b5%b7%e5%a4%96%e7%99%bb%e5%bd%95%e6%97%b6%e9%81%87%e5%88%b0%e7%9a%84%e9%97%ae%e9%a2%98%e6%9c%89%e5%93%aa%e4%ba%9b%ef%bc%9f
2635	jiaocheng	微信TV版在国外怎么下载和安装？	2024-11-29 15:43:27	%e5%be%ae%e4%bf%a1tv%e7%89%88%e5%9c%a8%e5%9b%bd%e5%a4%96%e6%80%8e%e4%b9%88%e4%b8%8b%e8%bd%bd%e5%92%8c%e5%ae%89%e8%a3%85%ef%bc%9f
2634	jiaocheng	微信网页版在海外无法登录的原因及解决方法	2024-11-29 15:28:51	%e5%be%ae%e4%bf%a1%e7%bd%91%e9%a1%b5%e7%89%88%e5%9c%a8%e6%b5%b7%e5%a4%96%e6%97%a0%e6%b3%95%e7%99%bb%e5%bd%95%e7%9a%84%e5%8e%9f%e5%9b%a0%e5%8f%8a%e8%a7%a3%e5%86%b3%e6%96%b9%e6%b3%95
2626	jiaocheng	为什么海外买家使用阿里卖家Windows客户端？	2024-11-29 15:03:55	%e4%b8%ba%e4%bb%80%e4%b9%88%e6%b5%b7%e5%a4%96%e4%b9%b0%e5%ae%b6%e4%bd%bf%e7%94%a8%e9%98%bf%e9%87%8c%e5%8d%96%e5%ae%b6windows%e5%ae%a2%e6%88%b7%e7%ab%af%ef%bc%9f
2627	yingyin	为什么国内视频网站在国外无法访问？	2024-11-29 15:01:18	%e4%b8%ba%e4%bb%80%e4%b9%88%e5%9b%bd%e5%86%85%e8%a7%86%e9%a2%91%e7%bd%91%e7%ab%99%e5%9c%a8%e5%9b%bd%e5%a4%96%e6%97%a0%e6%b3%95%e8%ae%bf%e9%97%ae%ef%bc%9f
2628	jiaocheng	微信桌面版海外如何进行下载？	2024-11-29 14:55:53	%e5%be%ae%e4%bf%a1%e6%a1%8c%e9%9d%a2%e7%89%88%e6%b5%b7%e5%a4%96%e5%a6%82%e4%bd%95%e8%bf%9b%e8%a1%8c%e4%b8%8b%e8%bd%bd%ef%bc%9f
2625	yingyin	为什么海外无法直接观看Bilibili直播？	2024-11-29 14:51:41	%e4%b8%ba%e4%bb%80%e4%b9%88%e6%b5%b7%e5%a4%96%e6%97%a0%e6%b3%95%e7%9b%b4%e6%8e%a5%e8%a7%82%e7%9c%8bbilibili%e7%9b%b4%e6%92%ad%ef%bc%9f
2614	youxi	为什么在海外无法直接观看DOTA2亚运会？	2024-11-29 14:43:23	%e4%b8%ba%e4%bb%80%e4%b9%88%e5%9c%a8%e6%b5%b7%e5%a4%96%e6%97%a0%e6%b3%95%e7%9b%b4%e6%8e%a5%e8%a7%82%e7%9c%8bdota2%e4%ba%9a%e8%bf%90%e4%bc%9a%ef%bc%9f
2615	tiyu	为什么在海外无法直接观看CCTV5直播？	2024-11-29 14:39:56	%e4%b8%ba%e4%bb%80%e4%b9%88%e5%9c%a8%e6%b5%b7%e5%a4%96%e6%97%a0%e6%b3%95%e7%9b%b4%e6%8e%a5%e8%a7%82%e7%9c%8bcctv5%e7%9b%b4%e6%92%ad%ef%bc%9f
2616	jiaocheng	为什么在海外无法观看《在暴雪时分》？	2024-11-29 14:35:41	%e4%b8%ba%e4%bb%80%e4%b9%88%e5%9c%a8%e6%b5%b7%e5%a4%96%e6%97%a0%e6%b3%95%e8%a7%82%e7%9c%8b%e3%80%8a%e5%9c%a8%e6%9a%b4%e9%9b%aa%e6%97%b6%e5%88%86%e3%80%8b%ef%bc%9f
2617	yingyin	为什么在海外访问Bilibili会慢？	2024-11-28 18:03:29	%e4%b8%ba%e4%bb%80%e4%b9%88%e5%9c%a8%e6%b5%b7%e5%a4%96%e8%ae%bf%e9%97%aebilibili%e4%bc%9a%e6%85%a2%ef%bc%9f
2618	tiyu	为什么在国外无法收看CCTV5海外直播？	2024-11-28 16:43:59	%e4%b8%ba%e4%bb%80%e4%b9%88%e5%9c%a8%e5%9b%bd%e5%a4%96%e6%97%a0%e6%b3%95%e6%94%b6%e7%9c%8bcctv5%e6%b5%b7%e5%a4%96%e7%9b%b4%e6%92%ad%ef%bc%9f
2613	yingyin	西瓜视频APP在海外如何下载和使用？	2024-11-28 16:28:29	%e8%a5%bf%e7%93%9c%e8%a7%86%e9%a2%91app%e5%9c%a8%e6%b5%b7%e5%a4%96%e5%a6%82%e4%bd%95%e4%b8%8b%e8%bd%bd%e5%92%8c%e4%bd%bf%e7%94%a8%ef%bc%9f
2608	jiaocheng	向日葵远程软件在国外使用方法及注意事项	2024-11-28 15:56:37	%e5%90%91%e6%97%a5%e8%91%b5%e8%bf%9c%e7%a8%8b%e8%bd%af%e4%bb%b6%e5%9c%a8%e5%9b%bd%e5%a4%96%e4%bd%bf%e7%94%a8%e6%96%b9%e6%b3%95%e5%8f%8a%e6%b3%a8%e6%84%8f%e4%ba%8b%e9%a1%b9
2601	jiaocheng	小米盒子海外版如何设置和使用？	2024-11-28 15:24:02	%e5%b0%8f%e7%b1%b3%e7%9b%92%e5%ad%90%e6%b5%b7%e5%a4%96%e7%89%88%e5%a6%82%e4%bd%95%e8%ae%be%e7%bd%ae%e5%92%8c%e4%bd%bf%e7%94%a8%ef%bc%9f
2602	jiaocheng	小红书网页版在国外使用方法	2024-11-28 14:54:01	%e5%b0%8f%e7%ba%a2%e4%b9%a6%e7%bd%91%e9%a1%b5%e7%89%88%e5%9c%a8%e5%9b%bd%e5%a4%96%e4%bd%bf%e7%94%a8%e6%96%b9%e6%b3%95
2603	jiaocheng	小鹅通网页版在海外如何进行使用？	2024-11-28 14:43:10	%e5%b0%8f%e9%b9%85%e9%80%9a%e7%bd%91%e9%a1%b5%e7%89%88%e5%9c%a8%e6%b5%b7%e5%a4%96%e5%a6%82%e4%bd%95%e8%bf%9b%e8%a1%8c%e4%bd%bf%e7%94%a8%ef%bc%9f
2600	jiaocheng	新浪微博网页版在海外能否登录？	2024-11-28 14:31:24	%e6%96%b0%e6%b5%aa%e5%be%ae%e5%8d%9a%e7%bd%91%e9%a1%b5%e7%89%88%e5%9c%a8%e6%b5%b7%e5%a4%96%e8%83%bd%e5%90%a6%e7%99%bb%e5%bd%95%ef%bc%9f
2591	yingyin	爱奇艺地区限制如何解除？	2024-11-27 16:29:10	%e7%88%b1%e5%a5%87%e8%89%ba%e5%9c%b0%e5%8c%ba%e9%99%90%e5%88%b6%e5%a6%82%e4%bd%95%e8%a7%a3%e9%99%a4%ef%bc%9f
2592	youxi	如何在网易地区解除我的世界限制	2024-11-27 16:23:07	%e5%a6%82%e4%bd%95%e5%9c%a8%e7%bd%91%e6%98%93%e5%9c%b0%e5%8c%ba%e8%a7%a3%e9%99%a4%e6%88%91%e7%9a%84%e4%b8%96%e7%95%8c%e9%99%90%e5%88%b6
2593	yingyin	如何解决Bilibili的地区限制问题	2024-11-27 16:12:15	%e5%a6%82%e4%bd%95%e8%a7%a3%e5%86%b3bilibili%e7%9a%84%e5%9c%b0%e5%8c%ba%e9%99%90%e5%88%b6%e9%97%ae%e9%a2%98
2589	yingyin	如何解决所在地区不支持播放视频的问题？	2024-11-27 15:10:28	%e5%a6%82%e4%bd%95%e8%a7%a3%e5%86%b3%e6%89%80%e5%9c%a8%e5%9c%b0%e5%8c%ba%e4%b8%8d%e6%94%af%e6%8c%81%e6%92%ad%e6%94%be%e8%a7%86%e9%a2%91%e7%9a%84%e9%97%ae%e9%a2%98%ef%bc%9f
2580	tiyu	CCTV5海外如何观看？	2024-11-27 14:57:00	cctv5%e6%b5%b7%e5%a4%96%e5%a6%82%e4%bd%95%e8%a7%82%e7%9c%8b%ef%bc%9f
2581	tiyu	CCTV5在台湾不能看？海外党如何观看CCTV5直播？	2024-11-27 14:38:33	cctv5%e5%9c%a8%e5%8f%b0%e6%b9%be%e4%b8%8d%e8%83%bd%e7%9c%8b%ef%bc%9f%e6%b5%b7%e5%a4%96%e5%85%9a%e5%a6%82%e4%bd%95%e8%a7%82%e7%9c%8bcctv5%e7%9b%b4%e6%92%ad%ef%bc%9f
2582	tiyu	CCTV5海外在线直播如何观看	2024-11-27 14:27:25	cctv5%e6%b5%b7%e5%a4%96%e5%9c%a8%e7%ba%bf%e7%9b%b4%e6%92%ad%e5%a6%82%e4%bd%95%e8%a7%82%e7%9c%8b
2579	tiyu	海外CCTV5如何观看直播？	2024-11-27 11:21:16	%e6%b5%b7%e5%a4%96cctv5%e5%a6%82%e4%bd%95%e8%a7%82%e7%9c%8b%e7%9b%b4%e6%92%ad%ef%bc%9f
2572	yinyue	网易云音乐播放限制如何解除	2024-11-27 11:08:35	%e7%bd%91%e6%98%93%e4%ba%91%e9%9f%b3%e4%b9%90%e6%92%ad%e6%94%be%e9%99%90%e5%88%b6%e5%a6%82%e4%bd%95%e8%a7%a3%e9%99%a4
2573	tiyu	CCTV5在海外如何进行直播观看？	2024-11-27 11:01:10	cctv5%e5%9c%a8%e6%b5%b7%e5%a4%96%e5%a6%82%e4%bd%95%e8%bf%9b%e8%a1%8c%e7%9b%b4%e6%92%ad%e8%a7%82%e7%9c%8b%ef%bc%9f
2575	tiyu	CCTV5海外直播如何进行搜索？	2024-11-26 18:09:15	cctv5%e6%b5%b7%e5%a4%96%e7%9b%b4%e6%92%ad%e5%a6%82%e4%bd%95%e8%bf%9b%e8%a1%8c%e6%90%9c%e7%b4%a2%ef%bc%9f
2571	yingyin	Bilibili解除区域限制的具体步骤是什么？	2024-11-25 18:34:43	bilibili%e8%a7%a3%e9%99%a4%e5%8c%ba%e5%9f%9f%e9%99%90%e5%88%b6%e7%9a%84%e5%85%b7%e4%bd%93%e6%ad%a5%e9%aa%a4%e6%98%af%e4%bb%80%e4%b9%88%ef%bc%9f
2565	yinyue	如何在海外使用网易云音乐？	2024-11-22 17:50:10	%e5%a6%82%e4%bd%95%e5%9c%a8%e6%b5%b7%e5%a4%96%e4%bd%bf%e7%94%a8%e7%bd%91%e6%98%93%e4%ba%91%e9%9f%b3%e4%b9%90%ef%bc%9f
2566	tiyu	CCTV5海外直播观看方法是什么？	2024-11-22 17:18:25	cctv5%e6%b5%b7%e5%a4%96%e7%9b%b4%e6%92%ad%e8%a7%82%e7%9c%8b%e6%96%b9%e6%b3%95%e6%98%af%e4%bb%80%e4%b9%88%ef%bc%9f
2564	bangong	为什么我的12123账号在国外无法登录？	2024-11-22 17:09:13	%e4%b8%ba%e4%bb%80%e4%b9%88%e6%88%91%e7%9a%8412123%e8%b4%a6%e5%8f%b7%e5%9c%a8%e5%9b%bd%e5%a4%96%e6%97%a0%e6%b3%95%e7%99%bb%e5%bd%95%ef%bc%9f
2555	tiyu	CCTV5 IPTV源如何查找？	2024-11-18 15:44:28	cctv5-iptv%e6%ba%90%e5%a6%82%e4%bd%95%e6%9f%a5%e6%89%be%ef%bc%9f
2556	yinyue	如何解除iPhone上QQ音乐的海外限制？	2024-11-18 15:21:47	%e5%a6%82%e4%bd%95%e8%a7%a3%e9%99%a4iphone%e4%b8%8aqq%e9%9f%b3%e4%b9%90%e7%9a%84%e6%b5%b7%e5%a4%96%e9%99%90%e5%88%b6%ef%bc%9f
2557	yinyue	海外QQ音乐为什么没有音源	2024-11-16 17:39:08	%e6%b5%b7%e5%a4%96qq%e9%9f%b3%e4%b9%90%e4%b8%ba%e4%bb%80%e4%b9%88%e6%b2%a1%e6%9c%89%e9%9f%b3%e6%ba%90
2553	jiaocheng	国外无法访问国内网站的原因是什么？	2024-11-16 16:53:23	%e5%9b%bd%e5%a4%96%e6%97%a0%e6%b3%95%e8%ae%bf%e9%97%ae%e5%9b%bd%e5%86%85%e7%bd%91%e7%ab%99%e7%9a%84%e5%8e%9f%e5%9b%a0%e6%98%af%e4%bb%80%e4%b9%88%ef%bc%9f
2545	youxi	国外玩国内游戏加速器推荐	2024-11-12 16:33:26	%e5%9b%bd%e5%a4%96%e7%8e%a9%e5%9b%bd%e5%86%85%e6%b8%b8%e6%88%8f%e5%8a%a0%e9%80%9f%e5%99%a8%e6%8e%a8%e8%8d%90
2546	yinyue	网易云音乐台湾使用方法	2024-11-12 16:10:54	%e7%bd%91%e6%98%93%e4%ba%91%e9%9f%b3%e4%b9%90%e5%8f%b0%e6%b9%be%e4%bd%bf%e7%94%a8%e6%96%b9%e6%b3%95
2544	jiaocheng	回国加速器推荐有哪些？	2024-11-12 16:06:22	%e5%9b%9e%e5%9b%bd%e5%8a%a0%e9%80%9f%e5%99%a8%e6%8e%a8%e8%8d%90%e6%9c%89%e5%93%aa%e4%ba%9b%ef%bc%9f
2542	jiaocheng	如何选择适合回国的VPN节点？	2024-11-12 15:01:38	%e5%a6%82%e4%bd%95%e9%80%89%e6%8b%a9%e9%80%82%e5%90%88%e5%9b%9e%e5%9b%bd%e7%9a%84vpn%e8%8a%82%e7%82%b9%ef%bc%9f
2538	jiaocheng	百度网盘海外注册流程是怎样的？	2024-11-11 16:27:42	%e7%99%be%e5%ba%a6%e7%bd%91%e7%9b%98%e6%b5%b7%e5%a4%96%e6%b3%a8%e5%86%8c%e6%b5%81%e7%a8%8b%e6%98%af%e6%80%8e%e6%a0%b7%e7%9a%84%ef%bc%9f
2518	jiaocheng	Chrome浏览器运行缓慢的解决办法有哪些？	2024-11-06 16:56:33	chrome%e6%b5%8f%e8%a7%88%e5%99%a8%e8%bf%90%e8%a1%8c%e7%bc%93%e6%85%a2%e7%9a%84%e8%a7%a3%e5%86%b3%e5%8a%9e%e6%b3%95%e6%9c%89%e5%93%aa%e4%ba%9b%ef%bc%9f
2519	yinyue	如何破解酷我音乐电脑版的地域限制？	2024-11-06 16:47:28	%e5%a6%82%e4%bd%95%e7%a0%b4%e8%a7%a3%e9%85%b7%e6%88%91%e9%9f%b3%e4%b9%90%e7%94%b5%e8%84%91%e7%89%88%e7%9a%84%e5%9c%b0%e5%9f%9f%e9%99%90%e5%88%b6%ef%bc%9f
2517	jiaocheng	海外华人网访问指南包括哪些内容？	2024-11-06 16:39:55	%e6%b5%b7%e5%a4%96%e5%8d%8e%e4%ba%ba%e7%bd%91%e8%ae%bf%e9%97%ae%e6%8c%87%e5%8d%97%e5%8c%85%e6%8b%ac%e5%93%aa%e4%ba%9b%e5%86%85%e5%ae%b9%ef%bc%9f
2507	jiaocheng	全民K歌香港版怎么操作？	2024-11-04 17:02:21	%e5%85%a8%e6%b0%91k%e6%ad%8c%e9%a6%99%e6%b8%af%e7%89%88%e6%80%8e%e4%b9%88%e6%93%8d%e4%bd%9c%ef%bc%9f
2508	tiyu	CCTV5海外直播源怎么查找？	2024-11-04 16:48:21	cctv5%e6%b5%b7%e5%a4%96%e7%9b%b4%e6%92%ad%e6%ba%90%e6%80%8e%e4%b9%88%e6%9f%a5%e6%89%be%ef%bc%9f
2509	jiaocheng	今日头条新闻海外版怎么下载？	2024-11-04 16:14:01	%e4%bb%8a%e6%97%a5%e5%a4%b4%e6%9d%a1%e6%96%b0%e9%97%bb%e6%b5%b7%e5%a4%96%e7%89%88%e6%80%8e%e4%b9%88%e4%b8%8b%e8%bd%bd%ef%bc%9f
2510	jiaocheng	全民K歌地区无法提供服务的原因及解决办法	2024-11-04 16:06:52	%e5%85%a8%e6%b0%91k%e6%ad%8c%e5%9c%b0%e5%8c%ba%e6%97%a0%e6%b3%95%e6%8f%90%e4%be%9b%e6%9c%8d%e5%8a%a1%e7%9a%84%e5%8e%9f%e5%9b%a0%e5%8f%8a%e8%a7%a3%e5%86%b3%e5%8a%9e%e6%b3%95
2504	jiaocheng	如何使用阿里云盘海外版？	2024-10-31 15:28:58	%e5%a6%82%e4%bd%95%e4%bd%bf%e7%94%a8%e9%98%bf%e9%87%8c%e4%ba%91%e7%9b%98%e6%b5%b7%e5%a4%96%e7%89%88%ef%bc%9f
2503	jiaocheng	Safari浏览器无法打开页面怎么办？	2024-10-31 15:22:59	safari%e6%b5%8f%e8%a7%88%e5%99%a8%e6%97%a0%e6%b3%95%e6%89%93%e5%bc%80%e9%a1%b5%e9%9d%a2%e6%80%8e%e4%b9%88%e5%8a%9e%ef%bc%9f
2495	jiaocheng	iOS上全民K歌地区限制如何解除？	2024-10-31 15:07:47	ios%e4%b8%8a%e5%85%a8%e6%b0%91k%e6%ad%8c%e5%9c%b0%e5%8c%ba%e9%99%90%e5%88%b6%e5%a6%82%e4%bd%95%e8%a7%a3%e9%99%a4%ef%bc%9f
2496	jiaocheng	海外淘宝购物需要注意哪些事项？	2024-10-31 14:57:10	%e6%b5%b7%e5%a4%96%e6%b7%98%e5%ae%9d%e8%b4%ad%e7%89%a9%e9%9c%80%e8%a6%81%e6%b3%a8%e6%84%8f%e5%93%aa%e4%ba%9b%e4%ba%8b%e9%a1%b9%ef%bc%9f
2497	jiaocheng	如何选择合适的国内VPN节点？	2024-10-31 14:48:04	%e5%a6%82%e4%bd%95%e9%80%89%e6%8b%a9%e5%90%88%e9%80%82%e7%9a%84%e5%9b%bd%e5%86%85vpn%e8%8a%82%e7%82%b9%ef%bc%9f
2494	jiaocheng	全民K歌台湾版使用方法	2024-10-31 14:29:59	%e5%85%a8%e6%b0%91k%e6%ad%8c%e5%8f%b0%e6%b9%be%e7%89%88%e4%bd%bf%e7%94%a8%e6%96%b9%e6%b3%95
2482	jiaocheng	为什么国内网站访问不了？	2024-10-30 17:26:25	%e4%b8%ba%e4%bb%80%e4%b9%88%e5%9b%bd%e5%86%85%e7%bd%91%e7%ab%99%e8%ae%bf%e9%97%ae%e4%b8%8d%e4%ba%86%ef%bc%9f
2483	jiaocheng	书香门第论坛在海外访问时可能遇到的问题有哪些？	2024-10-30 16:16:17	%e4%b9%a6%e9%a6%99%e9%97%a8%e7%ac%ac%e8%ae%ba%e5%9d%9b%e5%9c%a8%e6%b5%b7%e5%a4%96%e8%ae%bf%e9%97%ae%e6%97%b6%e5%8f%af%e8%83%bd%e9%81%87%e5%88%b0%e7%9a%84%e9%97%ae%e9%a2%98%e6%9c%89%e5%93%aa%e4%ba%9b
2484	jiaocheng	为什么我的穿梭VPN无法使用了？	2024-10-30 15:51:09	%e4%b8%ba%e4%bb%80%e4%b9%88%e6%88%91%e7%9a%84%e7%a9%bf%e6%a2%advpn%e6%97%a0%e6%b3%95%e4%bd%bf%e7%94%a8%e4%ba%86%ef%bc%9f
2485	duanju	海外如何收看到中央电视台的直播？	2024-10-30 15:34:17	%e6%b5%b7%e5%a4%96%e5%a6%82%e4%bd%95%e6%94%b6%e7%9c%8b%e5%88%b0%e4%b8%ad%e5%a4%ae%e7%94%b5%e8%a7%86%e5%8f%b0%e7%9a%84%e7%9b%b4%e6%92%ad%ef%bc%9f
2486	jiaocheng	启信宝海外如何使用？	2024-10-30 15:17:50	%e5%90%af%e4%bf%a1%e5%ae%9d%e6%b5%b7%e5%a4%96%e5%a6%82%e4%bd%95%e4%bd%bf%e7%94%a8%ef%bc%9f
2481	yinyue	如何下载网易云音乐海外版？	2024-10-30 14:41:38	%e5%a6%82%e4%bd%95%e4%b8%8b%e8%bd%bd%e7%bd%91%e6%98%93%e4%ba%91%e9%9f%b3%e4%b9%90%e6%b5%b7%e5%a4%96%e7%89%88%ef%bc%9f
2475	jiaocheng	美国翻墙回国的最佳途径有哪些？	2024-10-29 15:50:50	%e7%be%8e%e5%9b%bd%e7%bf%bb%e5%a2%99%e5%9b%9e%e5%9b%bd%e7%9a%84%e6%9c%80%e4%bd%b3%e9%80%94%e5%be%84%e6%9c%89%e5%93%aa%e4%ba%9b%ef%bc%9f
2476	jiaocheng	海外如何使用美篇电脑版？	2024-10-29 15:09:00	%e6%b5%b7%e5%a4%96%e5%a6%82%e4%bd%95%e4%bd%bf%e7%94%a8%e7%be%8e%e7%af%87%e7%94%b5%e8%84%91%e7%89%88%ef%bc%9f
2474	jiaocheng	如何选择和使用传奇私服加速器？	2024-10-29 14:56:02	%e5%a6%82%e4%bd%95%e9%80%89%e6%8b%a9%e5%92%8c%e4%bd%bf%e7%94%a8%e4%bc%a0%e5%a5%87%e7%a7%81%e6%9c%8d%e5%8a%a0%e9%80%9f%e5%99%a8%ef%bc%9f
2468	jiaocheng	Wetv电脑版怎么使用	2024-10-29 14:17:12	wetv%e7%94%b5%e8%84%91%e7%89%88%e6%80%8e%e4%b9%88%e4%bd%bf%e7%94%a8
2469	jiaocheng	国内DNS服务器推荐及配置方法是什么？	2024-10-29 14:07:52	%e5%9b%bd%e5%86%85dns%e6%9c%8d%e5%8a%a1%e5%99%a8%e6%8e%a8%e8%8d%90%e5%8f%8a%e9%85%8d%e7%bd%ae%e6%96%b9%e6%b3%95%e6%98%af%e4%bb%80%e4%b9%88%ef%bc%9f
2466	jiaocheng	阿里云服务器搭建V2Ray回国节点的具体步骤是什么？	2024-10-29 14:01:50	%e9%98%bf%e9%87%8c%e4%ba%91%e6%9c%8d%e5%8a%a1%e5%99%a8%e6%90%ad%e5%bb%bav2ray%e5%9b%9e%e5%9b%bd%e8%8a%82%e7%82%b9%e7%9a%84%e5%85%b7%e4%bd%93%e6%ad%a5%e9%aa%a4%e6%98%af%e4%bb%80%e4%b9%88%ef%bc%9f
2462	jiaocheng	国外有哪些优秀的华人影视平台？	2024-10-28 14:29:37	%e5%9b%bd%e5%a4%96%e6%9c%89%e5%93%aa%e4%ba%9b%e4%bc%98%e7%a7%80%e7%9a%84%e5%8d%8e%e4%ba%ba%e5%bd%b1%e8%a7%86%e5%b9%b3%e5%8f%b0%ef%bc%9f
2461	jiaocheng	IP Change轻松换在海外的使用效果怎么样	2024-10-28 14:25:26	ip-change%e8%bd%bb%e6%9d%be%e6%8d%a2%e5%9c%a8%e6%b5%b7%e5%a4%96%e7%9a%84%e4%bd%bf%e7%94%a8%e6%95%88%e6%9e%9c%e6%80%8e%e4%b9%88%e6%a0%b7
2457	jiaocheng	如何解除地区限制？	2024-10-28 14:08:56	%e5%a6%82%e4%bd%95%e8%a7%a3%e9%99%a4%e5%9c%b0%e5%8c%ba%e9%99%90%e5%88%b6%ef%bc%9f
2456	yingyin	如何让腾讯视频在海外观看时加速？	2024-10-28 11:41:20	%e5%a6%82%e4%bd%95%e8%ae%a9%e8%85%be%e8%ae%af%e8%a7%86%e9%a2%91%e5%9c%a8%e6%b5%b7%e5%a4%96%e8%a7%82%e7%9c%8b%e6%97%b6%e5%8a%a0%e9%80%9f%ef%bc%9f
2447	jiaocheng	机场搭建的步骤是怎样的？	2024-10-28 11:25:33	%e6%9c%ba%e5%9c%ba%e6%90%ad%e5%bb%ba%e7%9a%84%e6%ad%a5%e9%aa%a4%e6%98%af%e6%80%8e%e6%a0%b7%e7%9a%84%ef%bc%9f
2446	jiaocheng	微博在海外使用方法及步骤	2024-10-28 11:05:00	%e5%be%ae%e5%8d%9a%e5%9c%a8%e6%b5%b7%e5%a4%96%e4%bd%bf%e7%94%a8%e6%96%b9%e6%b3%95%e5%8f%8a%e6%ad%a5%e9%aa%a4
2448	jiaocheng	如何解决无法访问国内网站的问题？	2024-10-25 17:43:09	%e5%a6%82%e4%bd%95%e8%a7%a3%e5%86%b3%e6%97%a0%e6%b3%95%e8%ae%bf%e9%97%ae%e5%9b%bd%e5%86%85%e7%bd%91%e7%ab%99%e7%9a%84%e9%97%ae%e9%a2%98%ef%bc%9f
2449	jiaocheng	携程海外版使用方法介绍	2024-10-25 17:28:02	%e6%90%ba%e7%a8%8b%e6%b5%b7%e5%a4%96%e7%89%88%e4%bd%bf%e7%94%a8%e6%96%b9%e6%b3%95%e4%bb%8b%e7%bb%8d
2443	jiaocheng	如何设置国内的DNS？	2024-10-24 17:07:22	%e5%a6%82%e4%bd%95%e8%ae%be%e7%bd%ae%e5%9b%bd%e5%86%85%e7%9a%84dns%ef%bc%9f
2442	jiaocheng	Clash回国节点配置指南包含哪些内容？	2024-10-24 15:59:10	clash%e5%9b%9e%e5%9b%bd%e8%8a%82%e7%82%b9%e9%85%8d%e7%bd%ae%e6%8c%87%e5%8d%97%e5%8c%85%e5%90%ab%e5%93%aa%e4%ba%9b%e5%86%85%e5%ae%b9%ef%bc%9f
2440	bangong	交管12123官网有哪些主要功能？	2024-10-24 15:46:22	%e4%ba%a4%e7%ae%a112123%e5%ae%98%e7%bd%91%e6%9c%89%e5%93%aa%e4%ba%9b%e4%b8%bb%e8%a6%81%e5%8a%9f%e8%83%bd%ef%bc%9f
2428	jiaocheng	夸克网盘使用过程中遇到的问题有哪些？	2024-10-24 15:26:58	%e5%a4%b8%e5%85%8b%e7%bd%91%e7%9b%98%e4%bd%bf%e7%94%a8%e8%bf%87%e7%a8%8b%e4%b8%ad%e9%81%87%e5%88%b0%e7%9a%84%e9%97%ae%e9%a2%98%e6%9c%89%e5%93%aa%e4%ba%9b%ef%bc%9f
2429	jiaocheng	如何创建一个自建回国节点的教程	2024-10-24 15:21:53	%e5%a6%82%e4%bd%95%e5%88%9b%e5%bb%ba%e4%b8%80%e4%b8%aa%e8%87%aa%e5%bb%ba%e5%9b%9e%e5%9b%bd%e8%8a%82%e7%82%b9%e7%9a%84%e6%95%99%e7%a8%8b
2430	jiaocheng	如何自建回国VPN服务器的步骤详细解答	2024-10-24 15:11:58	%e5%a6%82%e4%bd%95%e8%87%aa%e5%bb%ba%e5%9b%9e%e5%9b%bdvpn%e6%9c%8d%e5%8a%a1%e5%99%a8%e7%9a%84%e6%ad%a5%e9%aa%a4%e8%af%a6%e7%bb%86%e8%a7%a3%e7%ad%94
2431	jiaocheng	阿里云回国VPN搭建步骤详解	2024-10-24 14:59:38	%e9%98%bf%e9%87%8c%e4%ba%91%e5%9b%9e%e5%9b%bdvpn%e6%90%ad%e5%bb%ba%e6%ad%a5%e9%aa%a4%e8%af%a6%e8%a7%a3
2432	jiaocheng	Kook语音网页版海外使用遇到的问题及解决办法	2024-10-24 14:11:57	kook%e8%af%ad%e9%9f%b3%e7%bd%91%e9%a1%b5%e7%89%88%e6%b5%b7%e5%a4%96%e4%bd%bf%e7%94%a8%e9%81%87%e5%88%b0%e7%9a%84%e9%97%ae%e9%a2%98%e5%8f%8a%e8%a7%a3%e5%86%b3%e5%8a%9e%e6%b3%95
2433	yinyue	喜马拉雅的下载方式和内容有哪些？	2024-10-24 14:00:32	%e5%96%9c%e9%a9%ac%e6%8b%89%e9%9b%85%e7%9a%84%e4%b8%8b%e8%bd%bd%e6%96%b9%e5%bc%8f%e5%92%8c%e5%86%85%e5%ae%b9%e6%9c%89%e5%93%aa%e4%ba%9b%ef%bc%9f
2398	yingyin	在国外如何观看泥巴视频？	2024-10-23 15:30:41	%e5%9c%a8%e5%9b%bd%e5%a4%96%e5%a6%82%e4%bd%95%e8%a7%82%e7%9c%8b%e6%b3%a5%e5%b7%b4%e8%a7%86%e9%a2%91%ef%bc%9f
2399	jiaocheng	在国外如何观看国内电视剧？	2024-10-23 15:27:08	%e5%9c%a8%e5%9b%bd%e5%a4%96%e5%a6%82%e4%bd%95%e8%a7%82%e7%9c%8b%e5%9b%bd%e5%86%85%e7%94%b5%e8%a7%86%e5%89%a7%ef%bc%9f
2400	jiaocheng	在国外如何更改手机IP以访问国内网站？	2024-10-23 15:14:33	%e5%9c%a8%e5%9b%bd%e5%a4%96%e5%a6%82%e4%bd%95%e6%9b%b4%e6%94%b9%e6%89%8b%e6%9c%baip%e4%bb%a5%e8%ae%bf%e9%97%ae%e5%9b%bd%e5%86%85%e7%bd%91%e7%ab%99%ef%bc%9f
2415	yingyin	樱花视频海外版下载方法及使用教程	2024-10-23 14:46:47	%e6%a8%b1%e8%8a%b1%e8%a7%86%e9%a2%91%e6%b5%b7%e5%a4%96%e7%89%88%e4%b8%8b%e8%bd%bd%e6%96%b9%e6%b3%95%e5%8f%8a%e4%bd%bf%e7%94%a8%e6%95%99%e7%a8%8b
2416	yingyin	Bilibili港澳台解除区域限制iOS版具体操作步骤	2024-10-23 14:35:16	bilibili%e6%b8%af%e6%be%b3%e5%8f%b0%e8%a7%a3%e9%99%a4%e5%8c%ba%e5%9f%9f%e9%99%90%e5%88%b6ios%e7%89%88%e5%85%b7%e4%bd%93%e6%93%8d%e4%bd%9c%e6%ad%a5%e9%aa%a4
2417	yingyin	Bilibili海外版使用方法介绍	2024-10-23 14:25:03	bilibili%e6%b5%b7%e5%a4%96%e7%89%88%e4%bd%bf%e7%94%a8%e6%96%b9%e6%b3%95%e4%bb%8b%e7%bb%8d
2414	yingyin	优酷地区限制破解方法有哪些？	2024-10-23 13:55:12	%e4%bc%98%e9%85%b7%e5%9c%b0%e5%8c%ba%e9%99%90%e5%88%b6%e7%a0%b4%e8%a7%a3%e6%96%b9%e6%b3%95%e6%9c%89%e5%93%aa%e4%ba%9b%ef%bc%9f
2405	youxi	国外玩原神怎么加速	2024-10-22 18:02:28	%e5%9b%bd%e5%a4%96%e7%8e%a9%e5%8e%9f%e7%a5%9e%e6%80%8e%e4%b9%88%e5%8a%a0%e9%80%9f
2406	youxi	原神国服在海外的访问方式及游戏攻略	2024-10-22 16:59:38	%e5%8e%9f%e7%a5%9e%e5%9b%bd%e6%9c%8d%e5%9c%a8%e6%b5%b7%e5%a4%96%e7%9a%84%e8%ae%bf%e9%97%ae%e6%96%b9%e5%bc%8f%e5%8f%8a%e6%b8%b8%e6%88%8f%e6%94%bb%e7%95%a5
2407	yingyin	优酷地域限制如何突破？	2024-10-22 16:29:54	%e4%bc%98%e9%85%b7%e5%9c%b0%e5%9f%9f%e9%99%90%e5%88%b6%e5%a6%82%e4%bd%95%e7%aa%81%e7%a0%b4%ef%bc%9f
2401	jiaocheng	在国外如何方便地观看电视剧？	2024-10-19 13:36:46	%e5%9c%a8%e5%9b%bd%e5%a4%96%e5%a6%82%e4%bd%95%e6%96%b9%e4%be%bf%e5%9c%b0%e8%a7%82%e7%9c%8b%e7%94%b5%e8%a7%86%e5%89%a7%ef%bc%9f
2402	yingyin	在国外看电影最合适的APP推荐	2024-10-18 18:06:17	%e5%9c%a8%e5%9b%bd%e5%a4%96%e7%9c%8b%e7%94%b5%e5%bd%b1%e6%9c%80%e5%90%88%e9%80%82%e7%9a%84app%e6%8e%a8%e8%8d%90
2396	jiaocheng	在国外如何设置DNS服务器？	2024-10-16 14:10:47	%e5%9c%a8%e5%9b%bd%e5%a4%96%e5%a6%82%e4%bd%95%e8%ae%be%e7%bd%aedns%e6%9c%8d%e5%8a%a1%e5%99%a8%ef%bc%9f
2383	yingyin	在海外观看《三大队》电影的方法有哪些？	2024-10-16 14:05:03	%e5%9c%a8%e6%b5%b7%e5%a4%96%e8%a7%82%e7%9c%8b%e3%80%8a%e4%b8%89%e5%a4%a7%e9%98%9f%e3%80%8b%e7%94%b5%e5%bd%b1%e7%9a%84%e6%96%b9%e6%b3%95%e6%9c%89%e5%93%aa%e4%ba%9b%ef%bc%9f
2384	jiaocheng	在国外如何阅读番茄小说？	2024-10-16 14:00:37	%e5%9c%a8%e5%9b%bd%e5%a4%96%e5%a6%82%e4%bd%95%e9%98%85%e8%af%bb%e7%95%aa%e8%8c%84%e5%b0%8f%e8%af%b4%ef%bc%9f
2385	yinyue	在国外如何下载抖音音乐？	2024-10-16 13:54:24	%e5%9c%a8%e5%9b%bd%e5%a4%96%e5%a6%82%e4%bd%95%e4%b8%8b%e8%bd%bd%e6%8a%96%e9%9f%b3%e9%9f%b3%e4%b9%90%ef%bc%9f
2386	jiaocheng	App Store无法连接海外解决方案有哪些？	2024-10-16 13:47:50	app-store%e6%97%a0%e6%b3%95%e8%bf%9e%e6%8e%a5%e6%b5%b7%e5%a4%96%e8%a7%a3%e5%86%b3%e6%96%b9%e6%a1%88%e6%9c%89%e5%93%aa%e4%ba%9b%ef%bc%9f
2387	bangong	在国外如何使用交管12123 App？	2024-10-16 11:56:41	%e5%9c%a8%e5%9b%bd%e5%a4%96%e5%a6%82%e4%bd%95%e4%bd%bf%e7%94%a8%e4%ba%a4%e7%ae%a112123-app%ef%bc%9f
2388	bangong	在国外如何使用12123交警服务平台？	2024-10-16 11:50:56	%e5%9c%a8%e5%9b%bd%e5%a4%96%e5%a6%82%e4%bd%95%e4%bd%bf%e7%94%a812123%e4%ba%a4%e8%ad%a6%e6%9c%8d%e5%8a%a1%e5%b9%b3%e5%8f%b0%ef%bc%9f
2382	tiyu	在海外观看奥运会直播的方法有哪些？	2024-10-16 11:44:41	%e5%9c%a8%e6%b5%b7%e5%a4%96%e8%a7%82%e7%9c%8b%e5%a5%a5%e8%bf%90%e4%bc%9a%e7%9b%b4%e6%92%ad%e7%9a%84%e6%96%b9%e6%b3%95%e6%9c%89%e5%93%aa%e4%ba%9b%ef%bc%9f
2328	duanju	2024年欧洲杯海外直播平台有哪些？	2024-10-15 17:48:57	2024%e5%b9%b4%e6%ac%a7%e6%b4%b2%e6%9d%af%e6%b5%b7%e5%a4%96%e7%9b%b4%e6%92%ad%e5%b9%b3%e5%8f%b0%e6%9c%89%e5%93%aa%e4%ba%9b%ef%bc%9f
2373	tiyu	在海外如何收看CCTV5的体育直播？	2024-10-15 17:26:10	%e5%9c%a8%e6%b5%b7%e5%a4%96%e5%a6%82%e4%bd%95%e6%94%b6%e7%9c%8bcctv5%e7%9a%84%e4%bd%93%e8%82%b2%e7%9b%b4%e6%92%ad%ef%bc%9f
2374	yingyin	在海外如何使用央视频？	2024-10-15 17:20:59	%e5%9c%a8%e6%b5%b7%e5%a4%96%e5%a6%82%e4%bd%95%e4%bd%bf%e7%94%a8%e5%a4%ae%e8%a7%86%e9%a2%91%ef%bc%9f
2375	jiaocheng	在海外如何使用香港YY？	2024-10-15 17:16:23	%e5%9c%a8%e6%b5%b7%e5%a4%96%e5%a6%82%e4%bd%95%e4%bd%bf%e7%94%a8%e9%a6%99%e6%b8%afyy%ef%bc%9f
2376	jiaocheng	在海外如何使用论文下载网？	2024-10-15 17:11:27	%e5%9c%a8%e6%b5%b7%e5%a4%96%e5%a6%82%e4%bd%95%e4%bd%bf%e7%94%a8%e8%ae%ba%e6%96%87%e4%b8%8b%e8%bd%bd%e7%bd%91%ef%bc%9f
2372	tiyu	在海外如何收看CCTV5的直播？	2024-10-15 17:05:05	%e5%9c%a8%e6%b5%b7%e5%a4%96%e5%a6%82%e4%bd%95%e6%94%b6%e7%9c%8bcctv5%e7%9a%84%e7%9b%b4%e6%92%ad%ef%bc%9f
2360	jiaocheng	在海外如何在线观看《云之羽》	2024-10-06 16:27:55	%e5%9c%a8%e6%b5%b7%e5%a4%96%e5%a6%82%e4%bd%95%e5%9c%a8%e7%ba%bf%e8%a7%82%e7%9c%8b%e3%80%8a%e4%ba%91%e4%b9%8b%e7%be%bd%e3%80%8b
2359	yingyin	在海外如何在线观看电影《乌云之上》？	2024-10-06 12:27:45	%e5%9c%a8%e6%b5%b7%e5%a4%96%e5%a6%82%e4%bd%95%e5%9c%a8%e7%ba%bf%e8%a7%82%e7%9c%8b%e7%94%b5%e5%bd%b1%e3%80%8a%e4%b9%8c%e4%ba%91%e4%b9%8b%e4%b8%8a%e3%80%8b%ef%bc%9f
2361	yinyue	在海外如何下载喜马拉雅	2024-10-06 02:28:03	%e5%9c%a8%e6%b5%b7%e5%a4%96%e5%a6%82%e4%bd%95%e4%b8%8b%e8%bd%bd%e5%96%9c%e9%a9%ac%e6%8b%89%e9%9b%85
2327	jiaocheng	403 Forbidden错误是什么以及如何解决	2024-10-04 23:48:41	403-forbidden%e9%94%99%e8%af%af%e6%98%af%e4%bb%80%e4%b9%88%e4%bb%a5%e5%8f%8a%e5%a6%82%e4%bd%95%e8%a7%a3%e5%86%b3
2325	jiaocheng	服务异常请稍后再试9803故障原因及解决方法	2024-10-04 19:28:16	3%e6%9c%8d%e5%8a%a1%e5%bc%82%e5%b8%b8%e8%af%b7%e7%a8%8d%e5%90%8e%e5%86%8d%e8%af%959803%e6%95%85%e9%9a%9c%e5%8e%9f%e5%9b%a0%e5%8f%8a%e8%a7%a3%e5%86%b3%e6%96%b9%e6%b3%95
2326	jiaocheng	69书吧为什么在海外无法访问	2024-10-04 12:18:29	69%e4%b9%a6%e5%90%a7%e4%b8%ba%e4%bb%80%e4%b9%88%e5%9c%a8%e6%b5%b7%e5%a4%96%e6%97%a0%e6%b3%95%e8%ae%bf%e9%97%ae
2329	bangong	12123服务异常处理方法是什么？	2024-10-04 03:49:12	12123%e6%9c%8d%e5%8a%a1%e5%bc%82%e5%b8%b8%e5%a4%84%e7%90%86%e6%96%b9%e6%b3%95%e6%98%af%e4%bb%80%e4%b9%88%ef%bc%9f
2330	tiyu	在海外怎么才能看到CCTV5体育频道的网络直播？	2024-10-03 16:50:49	%e5%9c%a8%e6%b5%b7%e5%a4%96%e6%80%8e%e4%b9%88%e6%89%8d%e8%83%bd%e7%9c%8b%e5%88%b0cctv5%e4%bd%93%e8%82%b2%e9%a2%91%e9%81%93%e7%9a%84%e7%bd%91%e7%bb%9c%e7%9b%b4%e6%92%ad%ef%bc%9f
2331	yinyue	在海外使用喜马拉雅听书的方法	2024-10-03 11:51:08	%e5%9c%a8%e6%b5%b7%e5%a4%96%e4%bd%bf%e7%94%a8%e5%96%9c%e9%a9%ac%e6%8b%89%e9%9b%85%e5%90%ac%e4%b9%a6%e7%9a%84%e6%96%b9%e6%b3%95
2332	jiaocheng	在海外使用曲奇云盘的方法是什么？	2024-10-03 02:51:17	%e5%9c%a8%e6%b5%b7%e5%a4%96%e4%bd%bf%e7%94%a8%e6%9b%b2%e5%a5%87%e4%ba%91%e7%9b%98%e7%9a%84%e6%96%b9%e6%b3%95%e6%98%af%e4%bb%80%e4%b9%88%ef%bc%9f
2299	jiaocheng	《大江大河3》在哪里可以在线观看？	2024-10-02 19:29:07	%e3%80%8a%e5%a4%a7%e6%b1%9f%e5%a4%a7%e6%b2%b33%e3%80%8b%e5%9c%a8%e5%93%aa%e9%87%8c%e5%8f%af%e4%bb%a5%e5%9c%a8%e7%ba%bf%e8%a7%82%e7%9c%8b%ef%bc%9f
2300	jiaocheng	《画江湖之不良人》第六季在哪里可以观看？	2024-10-02 18:23:28	%e3%80%8a%e7%94%bb%e6%b1%9f%e6%b9%96%e4%b9%8b%e4%b8%8d%e8%89%af%e4%ba%ba%e3%80%8b%e7%ac%ac%e5%85%ad%e5%ad%a3%e5%9c%a8%e5%93%aa%e9%87%8c%e5%8f%af%e4%bb%a5%e8%a7%82%e7%9c%8b%ef%bc%9f
2301	jiaocheng	《莲花楼》在线观看的方法有哪些？	2024-10-02 17:53:39	%e3%80%8a%e8%8e%b2%e8%8a%b1%e6%a5%bc%e3%80%8b%e5%9c%a8%e7%ba%bf%e8%a7%82%e7%9c%8b%e7%9a%84%e6%96%b9%e6%b3%95%e6%9c%89%e5%93%aa%e4%ba%9b%ef%bc%9f
2303	jiaocheng	《唐朝诡事录2》在哪里可以观看？	2024-10-02 13:22:00	%e3%80%8a%e5%94%90%e6%9c%9d%e8%af%a1%e4%ba%8b%e5%bd%952%e3%80%8b%e5%9c%a8%e5%93%aa%e9%87%8c%e5%8f%af%e4%bb%a5%e8%a7%82%e7%9c%8b%ef%bc%9f
2302	jiaocheng	《三大队》电视剧在线观看平台	2024-10-02 12:51:50	%e3%80%8a%e4%b8%89%e5%a4%a7%e9%98%9f%e3%80%8b%e7%94%b5%e8%a7%86%e5%89%a7%e5%9c%a8%e7%ba%bf%e8%a7%82%e7%9c%8b%e5%b9%b3%e5%8f%b0
2304	jiaocheng	《西出玉门》在线观看方法	2024-10-02 10:01:12	%e3%80%8a%e8%a5%bf%e5%87%ba%e7%8e%89%e9%97%a8%e3%80%8b%e5%9c%a8%e7%ba%bf%e8%a7%82%e7%9c%8b%e6%96%b9%e6%b3%95
2298	jiaocheng	《保护我方城主大人》在海外观看的具体方法是什么？	2024-10-02 03:53:07	%e3%80%8a%e4%bf%9d%e6%8a%a4%e6%88%91%e6%96%b9%e5%9f%8e%e4%b8%bb%e5%a4%a7%e4%ba%ba%e3%80%8b%e5%9c%a8%e6%b5%b7%e5%a4%96%e8%a7%82%e7%9c%8b%e7%9a%84%e5%85%b7%e4%bd%93%e6%96%b9%e6%b3%95%e6%98%af%e4%bb%80
2268	tiyu	在香港如何观看CCTV5的直播？	2024-10-01 20:51:32	%e5%9c%a8%e9%a6%99%e6%b8%af%e5%a6%82%e4%bd%95%e8%a7%82%e7%9c%8bcctv5%e7%9a%84%e7%9b%b4%e6%92%ad%ef%bc%9f
2269	jiaocheng	在线玩掼蛋的方法有哪些？	2024-10-01 18:12:24	%e5%9c%a8%e7%ba%bf%e7%8e%a9%e6%8e%bc%e8%9b%8b%e7%9a%84%e6%96%b9%e6%b3%95%e6%9c%89%e5%93%aa%e4%ba%9b%ef%bc%9f
2270	jiaocheng	在线观看欧洲杯的方法有哪些？	2024-10-01 16:42:24	%e5%9c%a8%e7%ba%bf%e8%a7%82%e7%9c%8b%e6%ac%a7%e6%b4%b2%e6%9d%af%e7%9a%84%e6%96%b9%e6%b3%95%e6%9c%89%e5%93%aa%e4%ba%9b%ef%bc%9f
2273	yinyue	在台湾使用喜马拉雅FM的步骤和方法	2024-10-01 15:49:01	%e5%9c%a8%e5%8f%b0%e6%b9%be%e4%bd%bf%e7%94%a8%e5%96%9c%e9%a9%ac%e6%8b%89%e9%9b%85fm%e7%9a%84%e6%ad%a5%e9%aa%a4%e5%92%8c%e6%96%b9%e6%b3%95
2271	jiaocheng	在线观看《以爱为营》的方法有哪些？	2024-10-01 14:38:29	%e5%9c%a8%e7%ba%bf%e8%a7%82%e7%9c%8b%e3%80%8a%e4%bb%a5%e7%88%b1%e4%b8%ba%e8%90%a5%e3%80%8b%e7%9a%84%e6%96%b9%e6%b3%95%e6%9c%89%e5%93%aa%e4%ba%9b%ef%bc%9f
2272	jiaocheng	在线观看《惜花芷》的途径有哪些？	2024-10-01 14:27:22	%e5%9c%a8%e7%ba%bf%e8%a7%82%e7%9c%8b%e3%80%8a%e6%83%9c%e8%8a%b1%e8%8a%b7%e3%80%8b%e7%9a%84%e9%80%94%e5%be%84%e6%9c%89%e5%93%aa%e4%ba%9b%ef%bc%9f
2274	yingyin	在日本如何观看樱花视频？	2024-10-01 09:49:08	%e5%9c%a8%e6%97%a5%e6%9c%ac%e5%a6%82%e4%bd%95%e8%a7%82%e7%9c%8b%e6%a8%b1%e8%8a%b1%e8%a7%86%e9%a2%91%ef%bc%9f
2267	youxi	战舰世界亚服海外玩家如何进行游戏	2024-09-30 14:15:40	%e6%88%98%e8%88%b0%e4%b8%96%e7%95%8c%e4%ba%9a%e6%9c%8d%e6%b5%b7%e5%a4%96%e7%8e%a9%e5%ae%b6%e5%a6%82%e4%bd%95%e8%bf%9b%e8%a1%8c%e6%b8%b8%e6%88%8f
2276	jiaocheng	在美国如何使用淘宝购物	2024-09-30 14:12:22	%e5%9c%a8%e7%be%8e%e5%9b%bd%e5%a6%82%e4%bd%95%e4%bd%bf%e7%94%a8%e6%b7%98%e5%ae%9d%e8%b4%ad%e7%89%a9
2266	duanju	直播伴侣海外版如何使用？	2024-09-30 13:58:55	%e7%9b%b4%e6%92%ad%e4%bc%b4%e4%be%a3%e6%b5%b7%e5%a4%96%e7%89%88%e5%a6%82%e4%bd%95%e4%bd%bf%e7%94%a8%ef%bc%9f
2265	jiaocheng	中国地区VPN节点推荐如何选择？	2024-09-30 13:54:33	%e4%b8%ad%e5%9b%bd%e5%9c%b0%e5%8c%bavpn%e8%8a%82%e7%82%b9%e6%8e%a8%e8%8d%90%e5%a6%82%e4%bd%95%e9%80%89%e6%8b%a9%ef%bc%9f
2264	jiaocheng	中国节点的VPN有哪些推荐	2024-09-30 13:52:04	%e4%b8%ad%e5%9b%bd%e8%8a%82%e7%82%b9%e7%9a%84vpn%e6%9c%89%e5%93%aa%e4%ba%9b%e6%8e%a8%e8%8d%90
2262	jiaocheng	中央五套在海外如何收看？	2024-09-29 17:51:20	%e4%b8%ad%e5%a4%ae%e4%ba%94%e5%a5%97%e5%9c%a8%e6%b5%b7%e5%a4%96%e5%a6%82%e4%bd%95%e6%94%b6%e7%9c%8b%ef%bc%9f
2254	jiaocheng	自建回国VPN服务器的安全性如何评估	2024-09-29 17:46:10	%e8%87%aa%e5%bb%ba%e5%9b%9e%e5%9b%bdvpn%e6%9c%8d%e5%8a%a1%e5%99%a8%e7%9a%84%e5%ae%89%e5%85%a8%e6%80%a7%e5%a6%82%e4%bd%95%e8%af%84%e4%bc%b0
2256	duanju	抓饭直播海外版无法打开的原因是什么？	2024-09-29 17:37:59	%e6%8a%93%e9%a5%ad%e7%9b%b4%e6%92%ad%e6%b5%b7%e5%a4%96%e7%89%88%e6%97%a0%e6%b3%95%e6%89%93%e5%bc%80%e7%9a%84%e5%8e%9f%e5%9b%a0%e6%98%af%e4%bb%80%e4%b9%88%ef%bc%9f
2257	jiaocheng	抓饭网的海外用户访问技巧有哪些？	2024-09-29 17:30:23	%e6%8a%93%e9%a5%ad%e7%bd%91%e7%9a%84%e6%b5%b7%e5%a4%96%e7%94%a8%e6%88%b7%e8%ae%bf%e9%97%ae%e6%8a%80%e5%b7%a7%e6%9c%89%e5%93%aa%e4%ba%9b%ef%bc%9f
2255	jiaocheng	自己搭建回国VPN的安全性如何评估？	2024-09-29 17:24:50	%e8%87%aa%e5%b7%b1%e6%90%ad%e5%bb%ba%e5%9b%9e%e5%9b%bdvpn%e7%9a%84%e5%ae%89%e5%85%a8%e6%80%a7%e5%a6%82%e4%bd%95%e8%af%84%e4%bc%b0%ef%bc%9f
2238	jiaocheng	海外使用K歌软件推荐	2024-09-27 11:44:49	%e6%b5%b7%e5%a4%96%e4%bd%bf%e7%94%a8k%e6%ad%8c%e8%bd%af%e4%bb%b6%e6%8e%a8%e8%8d%90
2239	yinyue	海外使用QQ音乐的方法是什么？	2024-09-27 11:40:41	%e6%b5%b7%e5%a4%96%e4%bd%bf%e7%94%a8qq%e9%9f%b3%e4%b9%90%e7%9a%84%e6%96%b9%e6%b3%95%e6%98%af%e4%bb%80%e4%b9%88%ef%bc%9f
2240	jiaocheng	回国机场如何使用VPN？	2024-09-27 11:37:30	%e5%9b%9e%e5%9b%bd%e6%9c%ba%e5%9c%ba%e5%a6%82%e4%bd%95%e4%bd%bf%e7%94%a8vpn%ef%bc%9f
2241	jiaocheng	回国节点GitHub资源有哪些？	2024-09-27 11:34:49	%e5%9b%9e%e5%9b%bd%e8%8a%82%e7%82%b9github%e8%b5%84%e6%ba%90%e6%9c%89%e5%93%aa%e4%ba%9b%ef%bc%9f
2242	jiaocheng	如何翻墙回国？	2024-09-27 11:25:48	%e5%a6%82%e4%bd%95%e7%bf%bb%e5%a2%99%e5%9b%9e%e5%9b%bd%ef%bc%9f
2209	tiyu	CCTV5海外直播怎么观看？	2024-09-26 13:44:55	cctv5%e6%b5%b7%e5%a4%96%e7%9b%b4%e6%92%ad%e6%80%8e%e4%b9%88%e8%a7%82%e7%9c%8b%ef%bc%9f
2210	jiaocheng	wetvvpn是什么功能？	2024-09-26 11:52:40	wetvvpn%e6%98%af%e4%bb%80%e4%b9%88%e5%8a%9f%e8%83%bd%ef%bc%9f
2211	jiaocheng	地区限制如何被突破	2024-09-26 11:40:22	%e5%9c%b0%e5%8c%ba%e9%99%90%e5%88%b6%e5%a6%82%e4%bd%95%e8%a2%ab%e7%aa%81%e7%a0%b4
2212	jiaocheng	翻墙后国内网站无法访问的原因是什么？	2024-09-26 11:34:24	%e7%bf%bb%e5%a2%99%e5%90%8e%e5%9b%bd%e5%86%85%e7%bd%91%e7%ab%99%e6%97%a0%e6%b3%95%e8%ae%bf%e9%97%ae%e7%9a%84%e5%8e%9f%e5%9b%a0%e6%98%af%e4%bb%80%e4%b9%88%ef%bc%9f
2208	yingyin	Bilibili地区限制如何解除？	2024-09-26 11:30:18	bilibili%e5%9c%b0%e5%8c%ba%e9%99%90%e5%88%b6%e5%a6%82%e4%bd%95%e8%a7%a3%e9%99%a4%ef%bc%9f
2185	jiaocheng	回国节点搭建教程有哪些？	2024-09-25 11:12:12	%e5%9b%9e%e5%9b%bd%e8%8a%82%e7%82%b9%e6%90%ad%e5%bb%ba%e6%95%99%e7%a8%8b%e6%9c%89%e5%93%aa%e4%ba%9b%ef%bc%9f
2186	jiaocheng	回国时在机场如何选择合适的VPN服务？	2024-09-25 11:05:35	%e5%9b%9e%e5%9b%bd%e6%97%b6%e5%9c%a8%e6%9c%ba%e5%9c%ba%e5%a6%82%e4%bd%95%e9%80%89%e6%8b%a9%e5%90%88%e9%80%82%e7%9a%84vpn%e6%9c%8d%e5%8a%a1%ef%bc%9f
2187	yinyue	酷我音乐破解地区限制的方法有哪些？	2024-09-25 11:00:46	%e9%85%b7%e6%88%91%e9%9f%b3%e4%b9%90%e7%a0%b4%e8%a7%a3%e5%9c%b0%e5%8c%ba%e9%99%90%e5%88%b6%e7%9a%84%e6%96%b9%e6%b3%95%e6%9c%89%e5%93%aa%e4%ba%9b%ef%bc%9f
2188	jiaocheng	如何搭建回国VPN？搭建回国VPN需要哪些步骤？	2024-09-25 10:50:49	%e5%a6%82%e4%bd%95%e6%90%ad%e5%bb%ba%e5%9b%9e%e5%9b%bdvpn%ef%bc%9f%e6%90%ad%e5%bb%ba%e5%9b%9e%e5%9b%bdvpn%e9%9c%80%e8%a6%81%e5%93%aa%e4%ba%9b%e6%ad%a5%e9%aa%a4%ef%bc%9f
2184	jiaocheng	回国机场节点哪家机场的服务质量好？	2024-09-25 10:40:05	%e5%9b%9e%e5%9b%bd%e6%9c%ba%e5%9c%ba%e8%8a%82%e7%82%b9%e5%93%aa%e5%ae%b6%e6%9c%ba%e5%9c%ba%e7%9a%84%e6%9c%8d%e5%8a%a1%e8%b4%a8%e9%87%8f%e5%a5%bd%ef%bc%9f-2
2170	bangong	国外用户如何访问12123网站？	2024-09-24 17:32:50	%e5%9b%bd%e5%a4%96%e7%94%a8%e6%88%b7%e5%a6%82%e4%bd%95%e8%ae%bf%e9%97%ae12123%e7%bd%91%e7%ab%99%ef%bc%9f
2171	jiaocheng	海外党翻墙回国的方法有哪些？	2024-09-24 17:25:52	%e6%b5%b7%e5%a4%96%e5%85%9a%e7%bf%bb%e5%a2%99%e5%9b%9e%e5%9b%bd%e7%9a%84%e6%96%b9%e6%b3%95%e6%9c%89%e5%93%aa%e4%ba%9b%ef%bc%9f
2172	jiaocheng	海外党选择翻墙回国机场的原因是什么？	2024-09-24 17:13:12	%e6%b5%b7%e5%a4%96%e5%85%9a%e9%80%89%e6%8b%a9%e7%bf%bb%e5%a2%99%e5%9b%9e%e5%9b%bd%e6%9c%ba%e5%9c%ba%e7%9a%84%e5%8e%9f%e5%9b%a0%e6%98%af%e4%bb%80%e4%b9%88%ef%bc%9f
2173	jiaocheng	回国机场节点哪家机场的服务质量好？	2024-09-24 17:05:08	%e5%9b%9e%e5%9b%bd%e6%9c%ba%e5%9c%ba%e8%8a%82%e7%82%b9%e5%93%aa%e5%ae%b6%e6%9c%ba%e5%9c%ba%e7%9a%84%e6%9c%8d%e5%8a%a1%e8%b4%a8%e9%87%8f%e5%a5%bd%ef%bc%9f
2169	jiaocheng	国内网站无法访问的原因及解决办法	2024-09-24 16:53:16	%e5%9b%bd%e5%86%85%e7%bd%91%e7%ab%99%e6%97%a0%e6%b3%95%e8%ae%bf%e9%97%ae%e7%9a%84%e5%8e%9f%e5%9b%a0%e5%8f%8a%e8%a7%a3%e5%86%b3%e5%8a%9e%e6%b3%95
2165	yingyin	【迪拜微信地区限制】如何解决迪拜网络限制导致的微信视频语音通话问题	2024-09-23 17:05:54	%e3%80%90%e8%bf%aa%e6%8b%9c%e5%be%ae%e4%bf%a1%e5%9c%b0%e5%8c%ba%e9%99%90%e5%88%b6%e3%80%91%e5%a6%82%e4%bd%95%e8%a7%a3%e5%86%b3%e8%bf%aa%e6%8b%9c%e7%bd%91%e7%bb%9c%e9%99%90%e5%88%b6%e5%af%bc%e8%87%b4
2156	jiaocheng	【韓劇TV地區限制】如何突破韓劇TV App的地區限制，輕鬆觀看韓劇	2024-09-20 15:53:42	%e3%80%90%e9%9f%93%e5%8a%87tv%e5%9c%b0%e5%8d%80%e9%99%90%e5%88%b6%e3%80%91%e5%a6%82%e4%bd%95%e7%aa%81%e7%a0%b4%e9%9f%93%e5%8a%87tv-app%e7%9a%84%e5%9c%b0%e5%8d%80%e9%99%90%e5%88%b6%ef%bc%8c%e8%bc%95
2148	jiaocheng	【優酷台灣不能看】了解優酷播放受限的原因與解決方法	2024-09-19 17:21:56	%e3%80%90%e5%84%aa%e9%85%b7%e5%8f%b0%e7%81%a3%e4%b8%8d%e8%83%bd%e7%9c%8b%e3%80%91%e4%ba%86%e8%a7%a3%e5%84%aa%e9%85%b7%e6%92%ad%e6%94%be%e5%8f%97%e9%99%90%e7%9a%84%e5%8e%9f%e5%9b%a0%e8%88%87%e8%a7%a3
2142	yingyin	国外无法观看腾讯视频？有效解决方案指南	2024-09-18 17:57:48	%e5%9b%bd%e5%a4%96%e6%97%a0%e6%b3%95%e8%a7%82%e7%9c%8b%e8%85%be%e8%ae%af%e8%a7%86%e9%a2%91%ef%bc%9f%e6%9c%89%e6%95%88%e8%a7%a3%e5%86%b3%e6%96%b9%e6%a1%88%e6%8c%87%e5%8d%97
2135	yingyin	如何在海外顺利观看咪咕视频？有效解决方法推荐	2024-09-13 14:53:16	%e5%a6%82%e4%bd%95%e5%9c%a8%e6%b5%b7%e5%a4%96%e9%a1%ba%e5%88%a9%e8%a7%82%e7%9c%8b%e5%92%aa%e5%92%95%e8%a7%86%e9%a2%91%ef%bc%9f%e6%9c%89%e6%95%88%e8%a7%a3%e5%86%b3%e6%96%b9%e6%b3%95%e6%8e%a8%e8%8d%90
2123	jiaocheng	如何解决在国外使用粤省事App时显示网络问题查询失败	2024-09-12 17:06:50	%e5%a6%82%e4%bd%95%e8%a7%a3%e5%86%b3%e5%9c%a8%e5%9b%bd%e5%a4%96%e4%bd%bf%e7%94%a8%e7%b2%a4%e7%9c%81%e4%ba%8bapp%e6%97%b6%e6%98%be%e7%a4%ba%e7%bd%91%e7%bb%9c%e9%97%ae%e9%a2%98%e6%9f%a5%e8%af%a2
2122	jiaocheng	台灣地區如何使用騰訊服務：功能限制與解決方案	2024-09-12 16:15:54	%e5%8f%b0%e7%81%a3%e5%9c%b0%e5%8d%80%e5%a6%82%e4%bd%95%e4%bd%bf%e7%94%a8%e9%a8%b0%e8%a8%8a%e6%9c%8d%e5%8b%99%ef%bc%9a%e5%8a%9f%e8%83%bd%e9%99%90%e5%88%b6%e8%88%87%e8%a7%a3%e6%b1%ba%e6%96%b9%e6%a1%88
2117	yingyin	海外微信没有视频号的原因及解决方法	2024-09-12 15:28:04	%e6%b5%b7%e5%a4%96%e5%be%ae%e4%bf%a1%e6%b2%a1%e6%9c%89%e8%a7%86%e9%a2%91%e5%8f%b7%e7%9a%84%e5%8e%9f%e5%9b%a0%e5%8f%8a%e8%a7%a3%e5%86%b3%e6%96%b9%e6%b3%95
2111	bangong	如何解决海外用微信小程序加载失败和广告无法显示的问题	2024-09-11 15:48:55	%e5%a6%82%e4%bd%95%e8%a7%a3%e5%86%b3%e6%b5%b7%e5%a4%96%e5%be%ae%e4%bf%a1%e5%be%ae%e4%bf%a1%e5%b0%8f%e7%a8%8b%e5%ba%8f%e5%8a%a0%e8%bd%bd%e5%a4%b1%e8%b4%a5%e5%92%8c%e5%b9%bf%e5%91%8a%e6%97%a0%e6%b3%95
2101	jiaocheng	菲律宾如何使用加速器模拟国内网络访问	2024-09-11 11:33:16	%e8%8f%b2%e5%be%8b%e5%ae%be%e5%a6%82%e4%bd%95%e4%bd%bf%e7%94%a8%e5%8a%a0%e9%80%9f%e5%99%a8%e6%a8%a1%e6%8b%9f%e5%9b%bd%e5%86%85%e7%bd%91%e7%bb%9c%e8%ae%bf%e9%97%ae-2
2106	jiaocheng	如何解决国外听荔枝变慢和卡顿的问题	2024-09-10 16:54:42	%e5%a6%82%e4%bd%95%e8%a7%a3%e5%86%b3%e5%9b%bd%e5%a4%96%e5%90%ac%e8%8d%94%e6%9e%9d%e5%8f%98%e6%85%a2%e5%92%8c%e5%8d%a1%e9%a1%bf%e7%9a%84%e9%97%ae%e9%a2%98
2092	jiaocheng	小米盒子國際版如何觀看中國內地電視節目	2024-09-09 18:19:57	%e5%b0%8f%e7%b1%b3%e7%9b%92%e5%ad%90%e5%9c%8b%e9%9a%9b%e7%89%88%e5%a6%82%e4%bd%95%e8%a7%80%e7%9c%8b%e4%b8%ad%e5%9c%8b%e5%85%a7%e5%9c%b0%e9%9b%bb%e8%a6%96%e7%af%80%e7%9b%ae
2087	jiaocheng	韓劇tv app地區限制怎么解除	2024-09-09 18:10:48	%e9%9f%93%e5%8a%87tv-app%e5%9c%b0%e5%8d%80%e9%99%90%e5%88%b6%e6%80%8e%e4%b9%88%e8%a7%a3%e9%99%a4
2078	youxi	在国外怎么玩国内的和平精英	2024-09-07 17:57:54	%e5%9c%a8%e5%9b%bd%e5%a4%96%e6%80%8e%e4%b9%88%e7%8e%a9%e5%9b%bd%e5%86%85%e7%9a%84%e5%92%8c%e5%b9%b3%e7%b2%be%e8%8b%b1
2077	jiaocheng	如何在海外注册和登录百度网盘：新用户指南	2024-09-07 17:29:44	%e5%a6%82%e4%bd%95%e5%9c%a8%e6%b5%b7%e5%a4%96%e6%b3%a8%e5%86%8c%e5%92%8c%e7%99%bb%e5%bd%95%e7%99%be%e5%ba%a6%e7%bd%91%e7%9b%98%ef%bc%9a%e6%96%b0%e7%94%a8%e6%88%b7%e6%8c%87%e5%8d%97
2060	bangong	如何在海外访问知网资源？知网是否提供海外版本？	2024-09-06 16:46:35	%e5%a6%82%e4%bd%95%e5%9c%a8%e6%b5%b7%e5%a4%96%e8%ae%bf%e9%97%ae%e7%9f%a5%e7%bd%91%e8%b5%84%e6%ba%90%ef%bc%9f%e7%9f%a5%e7%bd%91%e6%98%af%e5%90%a6%e6%8f%90%e4%be%9b%e6%b5%b7%e5%a4%96%e7%89%88%e6%9c%ac
2058	jiaocheng	如何解決雲視聽小電視地區限制問題	2024-09-06 16:19:49	%e5%a6%82%e4%bd%95%e8%a7%a3%e6%b1%ba%e9%9b%b2%e8%a6%96%e8%81%bd%e5%b0%8f%e9%9b%bb%e8%a6%96%e5%9c%b0%e5%8d%80%e9%99%90%e5%88%b6%e5%95%8f%e9%a1%8c
2046	yingyin	B站直播地区限制，海外用户如何开启直播	2024-09-05 17:58:41	b%e7%ab%99%e7%9b%b4%e6%92%ad%e5%9c%b0%e5%8c%ba%e9%99%90%e5%88%b6%ef%bc%8c%e6%b5%b7%e5%a4%96%e7%94%a8%e6%88%b7%e5%a6%82%e4%bd%95%e5%bc%80%e5%90%af%e7%9b%b4%e6%92%ad
2044	jiaocheng	在美国如何看中国电视	2024-09-05 17:39:41	%e5%9c%a8%e7%be%8e%e5%9b%bd%e5%a6%82%e4%bd%95%e7%9c%8b%e4%b8%ad%e5%9b%bd%e7%94%b5%e8%a7%86
2039	yingyin	如何在海外观看咪咕视频上的体育赛事：有效解决方案	2024-09-04 16:50:44	%e5%a6%82%e4%bd%95%e5%9c%a8%e6%b5%b7%e5%a4%96%e8%a7%82%e7%9c%8b%e5%92%aa%e5%92%95%e8%a7%86%e9%a2%91%e4%b8%8a%e7%9a%84%e4%bd%93%e8%82%b2%e8%b5%9b%e4%ba%8b%ef%bc%9a%e6%9c%89%e6%95%88%e8%a7%a3%e5%86%b3
2035	yingyin	如何在国外使用B站云视听小电视：解决方法详解	2024-09-04 16:31:58	%e5%a6%82%e4%bd%95%e5%9c%a8%e5%9b%bd%e5%a4%96%e4%bd%bf%e7%94%a8b%e7%ab%99%e4%ba%91%e8%a7%86%e5%90%ac%e5%b0%8f%e7%94%b5%e8%a7%86%ef%bc%9a%e8%a7%a3%e5%86%b3%e6%96%b9%e6%b3%95%e8%af%a6%e8%a7%a3
2007	youxi	如何在海外畅玩国服《冒险岛》：解决地域IP限制的有效方法	2024-09-03 14:59:32	%e5%a6%82%e4%bd%95%e5%9c%a8%e6%b5%b7%e5%a4%96%e7%95%85%e7%8e%a9%e5%9b%bd%e6%9c%8d%e3%80%8a%e5%86%92%e9%99%a9%e5%b2%9b%e3%80%8b%ef%bc%9a%e8%a7%a3%e5%86%b3%e5%9c%b0%e5%9f%9fip%e9%99%90%e5%88%b6%e7%9a%84
1997	tiyu	全面指南：如何观看CCTV5海外直播	2024-09-02 16:30:53	%e5%85%a8%e9%9d%a2%e6%8c%87%e5%8d%97%ef%bc%9a%e5%a6%82%e4%bd%95%e8%a7%82%e7%9c%8bcctv5%e6%b5%b7%e5%a4%96%e7%9b%b4%e6%92%ad
1994	youxi	国外手机玩国内游戏，翻墙后还提示网络错误	2024-09-02 15:56:48	%e5%9b%bd%e5%a4%96%e6%89%8b%e6%9c%ba%e7%8e%a9%e5%9b%bd%e5%86%85%e6%b8%b8%e6%88%8f%ef%bc%8c%e7%bf%bb%e5%a2%99%e5%90%8e%e8%bf%98%e6%8f%90%e7%a4%ba%e7%bd%91%e7%bb%9c%e9%94%99%e8%af%af
1991	yinyue	喜马拉雅地区限制怎么办	2024-09-02 15:46:01	%e5%96%9c%e9%a9%ac%e6%8b%89%e9%9b%85%e5%9c%b0%e5%8c%ba%e9%99%90%e5%88%b6%e6%80%8e%e4%b9%88%e5%8a%9e
1989	jiaocheng	QuickFox VPN安全吗？	2024-09-02 15:22:26	quickfox-vpn%e5%ae%89%e5%85%a8%e5%90%97%ef%bc%9f
1976	yingyin	在台湾如何不受限制的观看优酷？详细指南与推荐工具	2024-08-30 17:57:43	%e5%9c%a8%e5%8f%b0%e6%b9%be%e5%a6%82%e4%bd%95%e4%b8%8d%e5%8f%97%e9%99%90%e5%88%b6%e7%9a%84%e8%a7%82%e7%9c%8b%e4%bc%98%e9%85%b7%ef%bc%9f%e8%af%a6%e7%bb%86%e6%8c%87%e5%8d%97%e4%b8%8e%e6%8e%a8%e8%8d%90
1973	jiaocheng	如何解决小米盒子海外版权限制	2024-08-30 17:28:39	%e5%a6%82%e4%bd%95%e8%a7%a3%e5%86%b3%e5%b0%8f%e7%b1%b3%e7%9b%92%e5%ad%90%e6%b5%b7%e5%a4%96%e7%89%88%e6%9d%83%e9%99%90%e5%88%b6
1873	youxi	为什么香港玩不了网易版我的世界	2024-08-29 18:01:41	%e4%b8%ba%e4%bb%80%e4%b9%88%e9%a6%99%e6%b8%af%e7%8e%a9%e4%b8%8d%e4%ba%86%e7%bd%91%e6%98%93%e7%89%88%e6%88%91%e7%9a%84%e4%b8%96%e7%95%8c
1962	yinyue	如何在海外畅听书旗小说？	2024-08-29 17:33:32	%e5%a6%82%e4%bd%95%e5%9c%a8%e6%b5%b7%e5%a4%96%e7%95%85%e5%90%ac%e4%b9%a6%e6%97%97%e5%b0%8f%e8%af%b4%ef%bc%9f
1566	jiaocheng	海外用户如何顺利下载百度网盘文件	2024-08-29 17:22:13	%e6%b5%b7%e5%a4%96%e7%94%a8%e6%88%b7%e5%a6%82%e4%bd%95%e9%a1%ba%e5%88%a9%e4%b8%8b%e8%bd%bd%e7%99%be%e5%ba%a6%e7%bd%91%e7%9b%98%e6%96%87%e4%bb%b6
1564	jiaocheng	国外能访问国内网站吗？如何在海外访问国内网站？	2024-08-29 14:56:12	%e5%9b%bd%e5%a4%96%e8%83%bd%e8%ae%bf%e9%97%ae%e5%9b%bd%e5%86%85%e7%bd%91%e7%ab%99%e5%90%97%ef%bc%9f%e5%a6%82%e4%bd%95%e5%9c%a8%e6%b5%b7%e5%a4%96%e8%ae%bf%e9%97%ae%e5%9b%bd%e5%86%85%e7%bd%91%e7%ab%99
1560	jiaocheng	小米盒子国际版能在国外看国内电视吗？	2024-08-28 19:09:05	%e5%b0%8f%e7%b1%b3%e7%9b%92%e5%ad%90%e5%9b%bd%e9%99%85%e7%89%88%e8%83%bd%e5%9c%a8%e5%9b%bd%e5%a4%96%e7%9c%8b%e5%9b%bd%e5%86%85%e7%94%b5%e8%a7%86%e5%90%97%ef%bc%9f
1556	yinyue	荔枝FM国外用不了,海外版权限制怎么解决	2024-08-28 18:24:18	%e8%8d%94%e6%9e%9dfm%e5%9b%bd%e5%a4%96%e7%94%a8%e4%b8%8d%e4%ba%86%e6%b5%b7%e5%a4%96%e7%89%88%e6%9d%83%e9%99%90%e5%88%b6%e6%80%8e%e4%b9%88%e8%a7%a3%e5%86%b3
1518	jiaocheng	翻墙回国免费工具推荐，海外快速翻墙回国	2024-08-27 18:41:26	%e7%bf%bb%e5%a2%99%e5%9b%9e%e5%9b%bd%e5%85%8d%e8%b4%b9%e5%b7%a5%e5%85%b7%e6%8e%a8%e8%8d%90%ef%bc%8c%e6%b5%b7%e5%a4%96%e5%bf%ab%e9%80%9f%e7%bf%bb%e5%a2%99%e5%9b%9e%e5%9b%bd
1511	youxi	海外我的世界中國版地區無法登入	2024-08-27 17:09:06	%e6%b5%b7%e5%a4%96%e6%88%91%e7%9a%84%e4%b8%96%e7%95%8c%e4%b8%ad%e5%9c%8b%e7%89%88%e5%9c%b0%e5%8d%80%e7%84%a1%e6%b3%95%e7%99%bb%e5%85%a5
1503	jiaocheng	韓劇TV app地區限制	2024-08-26 19:08:52	%e9%9f%93%e5%8a%87tv-app%e5%9c%b0%e5%8d%80%e9%99%90%e5%88%b6
1493	tiyu	CCTV5海外直播观看超级详细的方法步骤	2024-08-24 17:12:16	cctv5%e6%b5%b7%e5%a4%96%e7%9b%b4%e6%92%ad%e8%a7%82%e7%9c%8b%e8%b6%85%e7%ba%a7%e8%af%a6%e7%bb%86%e7%9a%84%e6%96%b9%e6%b3%95%e6%ad%a5%e9%aa%a4
1489	jiaocheng	在海外怎么翻墙回国，翻墙回国方法	2024-08-24 16:43:14	%e5%9c%a8%e6%b5%b7%e5%a4%96%e6%80%8e%e4%b9%88%e7%bf%bb%e5%a2%99%e5%9b%9e%e5%9b%bd%ef%bc%8c%e7%bf%bb%e5%a2%99%e5%9b%9e%e5%9b%bd%e6%96%b9%e6%b3%95
1484	jiaocheng	翻墙回国用什么工具稳定不掉线	2024-08-23 16:09:18	%e7%bf%bb%e5%a2%99%e5%9b%9e%e5%9b%bd%e7%94%a8%e4%bb%80%e4%b9%88%e5%b7%a5%e5%85%b7%e7%a8%b3%e5%ae%9a%e4%b8%8d%e6%8e%89%e7%ba%bf
1481	duanju	开启VPN翻墙回国后抖音直播还是有地区限制怎么办	2024-08-23 15:51:22	%e5%bc%80%e5%90%afvpn%e7%bf%bb%e5%a2%99%e5%9b%9e%e5%9b%bd%e5%90%8e%e6%8a%96%e9%9f%b3%e7%9b%b4%e6%92%ad%e8%bf%98%e6%98%af%e6%9c%89%e5%9c%b0%e5%8c%ba%e9%99%90%e5%88%b6%e6%80%8e%e4%b9%88%e5%8a%9e
1477	yingyin	手机在国外怎么看爱奇艺	2024-08-22 17:40:19	%e6%89%8b%e6%9c%ba%e5%9c%a8%e5%9b%bd%e5%a4%96%e6%80%8e%e4%b9%88%e7%9c%8b%e7%88%b1%e5%a5%87%e8%89%ba
1473	yingyin	海外爱奇艺播放不了怎么办？	2024-08-22 17:31:46	%e6%b5%b7%e5%a4%96%e7%88%b1%e5%a5%87%e8%89%ba%e6%92%ad%e6%94%be%e4%b8%8d%e4%ba%86%e6%80%8e%e4%b9%88%e5%8a%9e%ef%bc%9f
1469	jiaocheng	在香港使用国内购买的酷我畅听	2024-08-21 18:03:18	%e5%9c%a8%e9%a6%99%e6%b8%af%e4%bd%bf%e7%94%a8%e5%9b%bd%e5%86%85%e8%b4%ad%e4%b9%b0%e7%9a%84%e9%85%b7%e6%88%91%e7%95%85%e5%90%ac
1465	jiaocheng	在美国怎么挂Clash回国梯子访问国内	2024-08-21 17:54:18	%e5%9c%a8%e7%be%8e%e5%9b%bd%e6%80%8e%e4%b9%88%e6%8c%82clash%e5%9b%9e%e5%9b%bd%e6%a2%af%e5%ad%90%e8%ae%bf%e9%97%ae%e5%9b%bd%e5%86%85
1463	jiaocheng	如何在海外使用梯子访问国内网站的有效方法	2024-08-21 16:17:45	%e5%a6%82%e4%bd%95%e5%9c%a8%e6%b5%b7%e5%a4%96%e4%bd%bf%e7%94%a8%e6%a2%af%e5%ad%90%e8%ae%bf%e9%97%ae%e5%9b%bd%e5%86%85%e7%bd%91%e7%ab%99%e7%9a%84%e6%9c%89%e6%95%88%e6%96%b9%e6%b3%95
1459	jiaocheng	在迪拜网络限制怎么破解	2024-08-21 15:42:58	%e5%9c%a8%e8%bf%aa%e6%8b%9c%e7%bd%91%e7%bb%9c%e9%99%90%e5%88%b6%e6%80%8e%e4%b9%88%e7%a0%b4%e8%a7%a3
1447	youxi	如何在国外畅玩中国大陆游戏	2024-08-20 18:00:04	%e5%a6%82%e4%bd%95%e5%9c%a8%e5%9b%bd%e5%a4%96%e7%95%85%e7%8e%a9%e4%b8%ad%e5%9b%bd%e5%a4%a7%e9%99%86%e6%b8%b8%e6%88%8f
1442	bangong	如何在国外流畅使用微信小程序：回国节点设置指南	2024-08-20 11:34:26	%e5%a6%82%e4%bd%95%e5%9c%a8%e5%9b%bd%e5%a4%96%e6%b5%81%e7%95%85%e4%bd%bf%e7%94%a8%e5%be%ae%e4%bf%a1%e5%b0%8f%e7%a8%8b%e5%ba%8f%ef%bc%9a%e5%9b%9e%e5%9b%bd%e8%8a%82%e7%82%b9%e8%ae%be%e7%bd%ae%e6%8c%87
1439	yingyin	国外爱奇艺受限制怎么解决	2024-08-19 16:02:53	%e5%9b%bd%e5%a4%96%e7%88%b1%e5%a5%87%e8%89%ba%e5%8f%97%e9%99%90%e5%88%b6%e6%80%8e%e4%b9%88%e8%a7%a3%e5%86%b3
1434	yingyin	香港cctv视频看不了怎么办	2024-08-19 15:39:42	%e9%a6%99%e6%b8%afcctv%e8%a7%86%e9%a2%91%e7%9c%8b%e4%b8%8d%e4%ba%86%e6%80%8e%e4%b9%88%e5%8a%9e
1431	yingyin	cctv视频出国后怎么用	2024-08-19 15:18:38	cctv%e8%a7%86%e9%a2%91%e5%87%ba%e5%9b%bd%e5%90%8e%e6%80%8e%e4%b9%88%e7%94%a8
1425	youxi	在国外怎么玩国内手机游戏	2024-08-16 18:10:46	%e5%9c%a8%e5%9b%bd%e5%a4%96%e6%80%8e%e4%b9%88%e7%8e%a9%e5%9b%bd%e5%86%85%e6%89%8b%e6%9c%ba%e6%b8%b8%e6%88%8f
1419	jiaocheng	国外打不开税务网站	2024-08-14 11:07:16	%e5%9b%bd%e5%a4%96%e6%89%93%e4%b8%8d%e5%bc%80%e7%a8%8e%e5%8a%a1%e7%bd%91%e7%ab%99
1416	yinyue	在美国怎么用网易云音乐，如何破解地区限制	2024-08-13 16:49:04	%e5%9c%a8%e7%be%8e%e5%9b%bd%e6%80%8e%e4%b9%88%e7%94%a8%e7%bd%91%e6%98%93%e4%ba%91%e9%9f%b3%e4%b9%90%ef%bc%8c%e5%a6%82%e4%bd%95%e7%a0%b4%e8%a7%a3%e5%9c%b0%e5%8c%ba%e9%99%90%e5%88%b6
1414	bangong	在国外进不去微信小程序	2024-08-13 15:37:25	%e5%9c%a8%e5%9b%bd%e5%a4%96%e8%bf%9b%e4%b8%8d%e5%8e%bb%e5%be%ae%e4%bf%a1%e5%b0%8f%e7%a8%8b%e5%ba%8f
1412	jiaocheng	境外访问中国国内网站有防火墙吗？	2024-08-13 14:44:20	%e5%a2%83%e5%a4%96%e8%ae%bf%e9%97%ae%e4%b8%ad%e5%9b%bd%e5%9b%bd%e5%86%85%e7%bd%91%e7%ab%99%e6%9c%89%e9%98%b2%e7%81%ab%e5%a2%99%e5%90%97%ef%bc%9f
1408	tiyu	海外怎么看国内解说的英超联赛	2024-08-12 18:19:05	%e6%b5%b7%e5%a4%96%e6%80%8e%e4%b9%88%e7%9c%8b%e5%9b%bd%e5%86%85%e8%a7%a3%e8%af%b4%e7%9a%84%e8%8b%b1%e8%b6%85%e8%81%94%e8%b5%9b
1406	duanju	如何破解CCTV直播的地区限制	2024-08-12 18:11:22	%e5%a6%82%e4%bd%95%e7%a0%b4%e8%a7%a3cctv%e7%9b%b4%e6%92%ad%e7%9a%84%e5%9c%b0%e5%8c%ba%e9%99%90%e5%88%b6
1403	tiyu	海外电视盒子怎么看CCTV5	2024-08-10 15:50:59	%e6%b5%b7%e5%a4%96%e7%94%b5%e8%a7%86%e7%9b%92%e5%ad%90%e6%80%8e%e4%b9%88%e7%9c%8bcctv5
1401	tiyu	海外怎么看CCTV5直播	2024-08-10 15:46:18	%e6%b5%b7%e5%a4%96%e6%80%8e%e4%b9%88%e7%9c%8bcctv5%e7%9b%b4%e6%92%ad
1377	tiyu	海外看国内CCTV5小程序看不了怎么办	2024-08-08 17:27:52	%e6%b5%b7%e5%a4%96%e7%9c%8b%e5%9b%bd%e5%86%85cctv5%e5%b0%8f%e7%a8%8b%e5%ba%8f%e7%9c%8b%e4%b8%8d%e4%ba%86%e6%80%8e%e4%b9%88%e5%8a%9e
1371	bangong	海外玩寻道大千小程序暂无广告可看	2024-08-08 16:06:28	%e6%b5%b7%e5%a4%96%e7%8e%a9%e5%af%bb%e9%81%93%e5%a4%a7%e5%8d%83%e5%b0%8f%e7%a8%8b%e5%ba%8f%e6%9a%82%e6%97%a0%e5%b9%bf%e5%91%8a%e5%8f%af%e7%9c%8b
1369	tiyu	海外访问国内CCTV5线上直播有地区限制怎么办	2024-08-06 16:39:54	%e6%b5%b7%e5%a4%96%e8%ae%bf%e9%97%ae%e5%9b%bd%e5%86%85cctv5%e7%ba%bf%e4%b8%8a%e7%9b%b4%e6%92%ad%e6%9c%89%e5%9c%b0%e5%8c%ba%e9%99%90%e5%88%b6%e6%80%8e%e4%b9%88%e5%8a%9e
1365	tiyu	在美國怎麼看CCTV5直播	2024-08-05 18:28:54	%e5%9c%a8%e7%be%8e%e5%9c%8b%e6%80%8e%e9%ba%bc%e7%9c%8bcctv5%e7%9b%b4%e6%92%ad
1278	tiyu	海外看怎么看cctv5网页端直播，在那里可以看录播	2024-07-31 16:01:12	%e6%b5%b7%e5%a4%96%e7%9c%8b%e6%80%8e%e4%b9%88%e7%9c%8bcctv5%e7%bd%91%e9%a1%b5%e7%ab%af%e7%9b%b4%e6%92%ad%ef%bc%8c%e5%9c%a8%e9%82%a3%e9%87%8c%e5%8f%af%e4%bb%a5%e7%9c%8b%e5%bd%95%e6%92%ad
1276	tiyu	CCTV5海外直播有哪些平台转播可以线上看	2024-07-31 15:47:48	cctv5%e6%b5%b7%e5%a4%96%e7%9b%b4%e6%92%ad%e6%9c%89%e5%93%aa%e4%ba%9b%e5%b9%b3%e5%8f%b0%e8%bd%ac%e6%92%ad%e5%8f%af%e4%bb%a5%e7%ba%bf%e4%b8%8a%e7%9c%8b
1272	tiyu	2024國內CCTV5直播奧運會海外怎麼看	2024-07-30 14:16:33	2024%e5%9c%8b%e5%85%a7cctv5%e7%9b%b4%e6%92%ad%e5%a5%a7%e9%81%8b%e6%9c%83%e6%b5%b7%e5%a4%96%e6%80%8e%e9%ba%bc%e7%9c%8b
1268	tiyu	海外CCTV5如何在電腦線上看	2024-07-30 11:46:08	%e6%b5%b7%e5%a4%96cctv5%e5%a6%82%e4%bd%95%e5%9c%a8%e9%9b%bb%e8%85%a6%e7%b7%9a%e4%b8%8a%e7%9c%8b
1260	tiyu	在海外手机上怎么看CCTV5央视直播	2024-07-30 10:46:26	%e5%9c%a8%e6%b5%b7%e5%a4%96%e6%89%8b%e6%9c%ba%e4%b8%8a%e6%80%8e%e4%b9%88%e7%9c%8bcctv5%e5%a4%ae%e8%a7%86%e7%9b%b4%e6%92%ad
1251	tiyu	国外怎么看CCTV5奥运会直播	2024-07-27 14:30:28	%e5%9b%bd%e5%a4%96%e6%80%8e%e4%b9%88%e7%9c%8bcctv5%e5%a5%a5%e8%bf%90%e4%bc%9a%e7%9b%b4%e6%92%ad
1247	tiyu	海外怎么看央视直播	2024-07-27 14:09:11	%e6%b5%b7%e5%a4%96%e6%80%8e%e4%b9%88%e7%9c%8b%e5%a4%ae%e8%a7%86%e7%9b%b4%e6%92%ad-2
1238	jiaocheng	百度网盘海外地区限制怎么办	2024-07-26 15:13:00	%e7%99%be%e5%ba%a6%e7%bd%91%e7%9b%98%e6%b5%b7%e5%a4%96%e5%9c%b0%e5%8c%ba%e9%99%90%e5%88%b6%e6%80%8e%e4%b9%88%e5%8a%9e
1234	youxi	百度网盘海外登录不上怎么办？	2024-07-26 15:07:09	%e7%99%be%e5%ba%a6%e7%bd%91%e7%9b%98%e6%b5%b7%e5%a4%96%e7%99%bb%e5%bd%95%e4%b8%8d%e4%b8%8a%e6%80%8e%e4%b9%88%e5%8a%9e%ef%bc%9f
1230	jiaocheng	海外如何下载百度网盘文件	2024-07-26 15:01:52	%e6%b5%b7%e5%a4%96%e5%a6%82%e4%bd%95%e4%b8%8b%e8%bd%bd%e7%99%be%e5%ba%a6%e7%bd%91%e7%9b%98%e6%96%87%e4%bb%b6-2
1227	youxi	在国外怎么打国内游戏？	2024-07-26 14:44:44	%e5%9c%a8%e5%9b%bd%e5%a4%96%e6%80%8e%e4%b9%88%e6%89%93%e5%9b%bd%e5%86%85%e6%b8%b8%e6%88%8f%ef%bc%9f
1188	yinyue	喜马拉雅在国外有版权限制怎么办	2024-07-24 15:29:52	%e5%96%9c%e9%a9%ac%e6%8b%89%e9%9b%85%e5%9c%a8%e5%9b%bd%e5%a4%96%e6%9c%89%e7%89%88%e6%9d%83%e9%99%90%e5%88%b6%e6%80%8e%e4%b9%88%e5%8a%9e
1184	yingyin	B站区域限制手机上怎么解决	2024-07-24 15:14:39	b%e7%ab%99%e5%8c%ba%e5%9f%9f%e9%99%90%e5%88%b6%e6%89%8b%e6%9c%ba%e4%b8%8a%e6%80%8e%e4%b9%88%e8%a7%a3%e5%86%b3
1171	youxi	在海外怎么玩我的世界国服手游	2024-07-23 16:04:08	%e5%9c%a8%e6%b5%b7%e5%a4%96%e6%80%8e%e4%b9%88%e7%8e%a9%e6%88%91%e7%9a%84%e4%b8%96%e7%95%8c%e5%9b%bd%e6%9c%8d%e6%89%8b%e6%b8%b8
1173	youxi	在国外玩《原神》不卡的方法	2024-07-23 15:54:54	%e5%9c%a8%e5%9b%bd%e5%a4%96%e7%8e%a9%e3%80%8a%e5%8e%9f%e7%a5%9e%e3%80%8b%e4%b8%8d%e5%8d%a1%e7%9a%84%e6%96%b9%e6%b3%95
1170	jiaocheng	海外看国内电视剧的解决方法	2024-07-23 15:39:00	%e6%b5%b7%e5%a4%96%e7%9c%8b%e5%9b%bd%e5%86%85%e7%94%b5%e8%a7%86%e5%89%a7%e7%9a%84%e8%a7%a3%e5%86%b3%e6%96%b9%e6%b3%95
1167	jiaocheng	淘宝屏蔽海外用户怎么破解	2024-07-23 15:20:24	%e6%b7%98%e5%ae%9d%e5%b1%8f%e8%94%bd%e6%b5%b7%e5%a4%96%e7%94%a8%e6%88%b7%e6%80%8e%e4%b9%88%e7%a0%b4%e8%a7%a3
1163	yingyin	B站区域限制海外破解方法	2024-07-22 16:55:26	b%e7%ab%99%e5%8c%ba%e5%9f%9f%e9%99%90%e5%88%b6%e6%b5%b7%e5%a4%96%e7%a0%b4%e8%a7%a3%e6%96%b9%e6%b3%95
1159	jiaocheng	golink好用吗？	2024-07-22 16:42:00	golink%e5%a5%bd%e7%94%a8%e5%90%97%ef%bc%9f
1155	youxi	海外如何玩王者荣耀	2024-07-22 15:15:53	%e6%b5%b7%e5%a4%96%e5%a6%82%e4%bd%95%e7%8e%a9%e7%8e%8b%e8%80%85%e8%8d%a3%e8%80%80
1152	jiaocheng	你所在的国家或地区暂未开放微信豆充值服务怎么解决	2024-07-19 15:36:57	%e4%bd%a0%e6%89%80%e5%9c%a8%e7%9a%84%e5%9b%bd%e5%ae%b6%e6%88%96%e5%9c%b0%e5%8c%ba%e6%9a%82%e6%9c%aa%e5%bc%80%e6%94%be%e5%be%ae%e4%bf%a1%e8%b1%86%e5%85%85%e5%80%bc%e6%9c%8d%e5%8a%a1%e6%80%8e%e4%b9%88
1147	yinyue	喜马拉雅海外地区限制怎么解决	2024-07-19 15:01:19	%e5%96%9c%e9%a9%ac%e6%8b%89%e9%9b%85%e6%b5%b7%e5%a4%96%e5%9c%b0%e5%8c%ba%e9%99%90%e5%88%b6%e6%80%8e%e4%b9%88%e8%a7%a3%e5%86%b3
1143	bangong	在海外怎么用知网	2024-07-18 17:40:19	%e5%9c%a8%e6%b5%b7%e5%a4%96%e6%80%8e%e4%b9%88%e7%94%a8%e7%9f%a5%e7%bd%91
1138	tiyu	CCTV5直播在国外可以用吗？	2024-07-18 15:44:19	cctv5%e7%9b%b4%e6%92%ad%e5%9c%a8%e5%9b%bd%e5%a4%96%e5%8f%af%e4%bb%a5%e7%94%a8%e5%90%97%ef%bc%9f
1134	yinyue	解除QQ音乐海外限制	2024-07-18 14:36:53	%e8%a7%a3%e9%99%a4qq%e9%9f%b3%e4%b9%90%e6%b5%b7%e5%a4%96%e9%99%90%e5%88%b6
1132	yinyue	国外酷狗音乐版权限制破解	2024-07-18 14:21:07	%e5%9b%bd%e5%a4%96%e9%85%b7%e7%8b%97%e9%9f%b3%e4%b9%90%e7%89%88%e6%9d%83%e9%99%90%e5%88%b6%e7%a0%b4%e8%a7%a3
1127	yinyue	网易云音乐国外听歌版权限制怎么办？	2024-07-18 14:07:37	%e7%bd%91%e6%98%93%e4%ba%91%e9%9f%b3%e4%b9%90%e5%9b%bd%e5%a4%96%e5%90%ac%e6%ad%8c%e7%89%88%e6%9d%83%e9%99%90%e5%88%b6%e6%80%8e%e4%b9%88%e5%8a%9e%ef%bc%9f
1118	tiyu	柬埔寨看CCTV5海外直播地区限制怎么办	2024-07-17 11:53:35	%e6%9f%ac%e5%9f%94%e5%af%a8%e7%9c%8bcctv5%e6%b5%b7%e5%a4%96%e7%9b%b4%e6%92%ad%e5%9c%b0%e5%8c%ba%e9%99%90%e5%88%b6%e6%80%8e%e4%b9%88%e5%8a%9e
1115	yinyue	在国外怎么用酷狗音乐？	2024-07-17 11:45:37	%e5%9c%a8%e5%9b%bd%e5%a4%96%e6%80%8e%e4%b9%88%e7%94%a8%e9%85%b7%e7%8b%97%e9%9f%b3%e4%b9%90%ef%bc%9f
1113	jiaocheng	在美国用快帆和穿梭哪个好？	2024-07-17 11:24:20	%e5%9c%a8%e7%be%8e%e5%9b%bd%e7%94%a8%e5%bf%ab%e5%b8%86%e5%92%8c%e7%a9%bf%e6%a2%ad%e5%93%aa%e4%b8%aa%e5%a5%bd%ef%bc%9f
1107	tiyu	葡萄牙怎么在海外看CCTV5直播	2024-07-16 15:24:22	%e8%91%a1%e8%90%84%e7%89%99%e6%80%8e%e4%b9%88%e5%9c%a8%e6%b5%b7%e5%a4%96%e7%9c%8bcctv5%e7%9b%b4%e6%92%ad
1105	jiaocheng	百度网盘在国外下载速度非常慢：有效解决方法	2024-07-16 15:05:28	%e7%99%be%e5%ba%a6%e7%bd%91%e7%9b%98%e5%9c%a8%e5%9b%bd%e5%a4%96%e4%b8%8b%e8%bd%bd%e9%80%9f%e5%ba%a6%e9%9d%9e%e5%b8%b8%e6%85%a2%ef%bc%9a%e6%9c%89%e6%95%88%e8%a7%a3%e5%86%b3%e6%96%b9%e6%b3%95
1101	tiyu	CCTV5线上在香港看不了，有什么办法解决	2024-07-13 18:26:23	cctv5%e7%ba%bf%e4%b8%8a%e5%9c%a8%e9%a6%99%e6%b8%af%e7%9c%8b%e4%b8%8d%e4%ba%86%ef%bc%8c%e6%9c%89%e4%bb%80%e4%b9%88%e5%8a%9e%e6%b3%95%e8%a7%a3%e5%86%b3
1098	tiyu	海外电脑翻墙看CCTV5直播卡顿怎么办	2024-07-12 11:28:04	%e6%b5%b7%e5%a4%96%e7%94%b5%e8%84%91%e7%bf%bb%e5%a2%99%e7%9c%8bcctv5%e7%9b%b4%e6%92%ad%e5%8d%a1%e9%a1%bf%e6%80%8e%e4%b9%88%e5%8a%9e
1093	tiyu	在海外电视机上怎么看CCTV5直播？	2024-07-10 16:45:41	%e5%9c%a8%e6%b5%b7%e5%a4%96%e7%94%b5%e8%a7%86%e6%9c%ba%e4%b8%8a%e6%80%8e%e4%b9%88%e7%9c%8bcctv5%e7%9b%b4%e6%92%ad%ef%bc%9f
1090	bangong	海外微信小程序加载不出来广告，用不了怎么办	2024-07-10 14:39:52	%e6%b5%b7%e5%a4%96%e5%be%ae%e4%bf%a1%e5%b0%8f%e7%a8%8b%e5%ba%8f%e5%8a%a0%e8%bd%bd%e4%b8%8d%e5%87%ba%e6%9d%a5%e5%b9%bf%e5%91%8a%ef%bc%8c%e7%94%a8%e4%b8%8d%e4%ba%86%e6%80%8e%e4%b9%88%e5%8a%9e
1087	tiyu	海外看CCTV5需要翻墙吗？	2024-07-09 16:14:09	%e6%b5%b7%e5%a4%96%e7%9c%8bcctv5%e9%9c%80%e8%a6%81%e7%bf%bb%e5%a2%99%e5%90%97%ef%bc%9f
1084	youxi	在国外下载国内游戏慢怎么办？	2024-07-08 17:50:01	%e5%9c%a8%e5%9b%bd%e5%a4%96%e4%b8%8b%e8%bd%bd%e5%9b%bd%e5%86%85%e6%b8%b8%e6%88%8f%e6%85%a2%e6%80%8e%e4%b9%88%e5%8a%9e%ef%bc%9f
1080	tiyu	CCTV5国外手机上怎么看直播	2024-07-08 17:40:00	cctv5%e5%9b%bd%e5%a4%96%e6%89%8b%e6%9c%ba%e4%b8%8a%e6%80%8e%e4%b9%88%e7%9c%8b%e7%9b%b4%e6%92%ad
1077	jiaocheng	在国外如何登陆中国建造师网	2024-07-03 16:27:06	%e5%9c%a8%e5%9b%bd%e5%a4%96%e5%a6%82%e4%bd%95%e7%99%bb%e9%99%86%e4%b8%ad%e5%9b%bd%e5%bb%ba%e9%80%a0%e5%b8%88%e7%bd%91
1074	tiyu	CCTV-5怎么看奥运会直播	2024-07-03 16:06:06	cctv-5%e6%80%8e%e4%b9%88%e7%9c%8b%e5%a5%a5%e8%bf%90%e4%bc%9a%e7%9b%b4%e6%92%ad
1072	tiyu	国外怎么看奥运会	2024-07-03 15:14:50	%e5%9b%bd%e5%a4%96%e6%80%8e%e4%b9%88%e7%9c%8b%e5%a5%a5%e8%bf%90%e4%bc%9a
1070	jiaocheng	快帆和穿梭哪个速度好	2024-07-02 17:51:52	%e5%bf%ab%e5%b8%86%e5%92%8c%e7%a9%bf%e6%a2%ad%e5%93%aa%e4%b8%aa%e9%80%9f%e5%ba%a6%e5%a5%bd
1067	tiyu	在海外手机上就能看CCTV5的方法	2024-07-01 18:33:43	%e5%9c%a8%e6%b5%b7%e5%a4%96%e6%89%8b%e6%9c%ba%e4%b8%8a%e5%b0%b1%e8%83%bd%e7%9c%8bcctv5%e7%9a%84%e6%96%b9%e6%b3%95
1064	jiaocheng	海外留学生翻墙回国的方法有哪些	2024-06-29 16:41:51	%e6%b5%b7%e5%a4%96%e7%95%99%e5%ad%a6%e7%94%9f%e7%bf%bb%e5%a2%99%e5%9b%9e%e5%9b%bd%e7%9a%84%e6%96%b9%e6%b3%95%e6%9c%89%e5%93%aa%e4%ba%9b
1061	tiyu	海外CCTV5直播在线看方法，不需要第三方播放	2024-06-29 15:50:37	%e6%b5%b7%e5%a4%96cctv5%e7%9b%b4%e6%92%ad%e5%9c%a8%e7%ba%bf%e7%9c%8b%e6%96%b9%e6%b3%95%ef%bc%8c%e4%b8%8d%e9%9c%80%e8%a6%81%e7%ac%ac%e4%b8%89%e6%96%b9%e6%92%ad%e6%94%be
1057	yinyue	网易云音乐海外地区限制怎么解决	2024-06-29 15:00:28	%e7%bd%91%e6%98%93%e4%ba%91%e9%9f%b3%e4%b9%90%e6%b5%b7%e5%a4%96%e5%9c%b0%e5%8c%ba%e9%99%90%e5%88%b6%e6%80%8e%e4%b9%88%e8%a7%a3%e5%86%b3
1053	yinyue	国外酷我音乐有地区限制，该怎么使用	2024-06-28 19:19:42	%e5%9b%bd%e5%a4%96%e9%85%b7%e6%88%91%e9%9f%b3%e4%b9%90%e6%9c%89%e5%9c%b0%e5%8c%ba%e9%99%90%e5%88%b6%ef%bc%8c%e8%af%a5%e6%80%8e%e4%b9%88%e4%bd%bf%e7%94%a8
1049	jiaocheng	海外如何下载百度网盘文件	2024-06-27 16:31:26	%e6%b5%b7%e5%a4%96%e5%a6%82%e4%bd%95%e4%b8%8b%e8%bd%bd%e7%99%be%e5%ba%a6%e7%bd%91%e7%9b%98%e6%96%87%e4%bb%b6
1044	youxi	原神国服在国外怎么玩	2024-06-26 11:20:43	%e5%8e%9f%e7%a5%9e%e5%9b%bd%e6%9c%8d%e5%9c%a8%e5%9b%bd%e5%a4%96%e6%80%8e%e4%b9%88%e7%8e%a9
1041	tiyu	海外怎么看央视直播	2024-06-25 17:11:58	%e6%b5%b7%e5%a4%96%e6%80%8e%e4%b9%88%e7%9c%8b%e5%a4%ae%e8%a7%86%e7%9b%b4%e6%92%ad
1039	tiyu	CCTV5 Live在海外怎么看	2024-06-24 18:10:13	cctv5-live%e5%9c%a8%e6%b5%b7%e5%a4%96%e6%80%8e%e4%b9%88%e7%9c%8b
1035	tiyu	CCTV5海外直播：海外华人怎么看？CCTV5地区限制解决方法！	2024-06-21 17:53:16	cctv5%e6%b5%b7%e5%a4%96%e7%9b%b4%e6%92%ad%ef%bc%9a%e6%b5%b7%e5%a4%96%e5%8d%8e%e4%ba%ba%e6%80%8e%e4%b9%88%e7%9c%8b%ef%bc%9fcctv5%e5%9c%b0%e5%8c%ba%e9%99%90%e5%88%b6%e8%a7%a3%e5%86%b3%e6%96%b9%e6%b3%95
1017	tiyu	如何在海外观看CCTV5直播	2024-06-20 17:44:28	%e5%a6%82%e4%bd%95%e5%9c%a8%e6%b5%b7%e5%a4%96%e8%a7%82%e7%9c%8bcctv5%e7%9b%b4%e6%92%ad
1013	tiyu	海外看CCTV5欧洲杯怎么看	2024-06-18 17:46:01	%e6%b5%b7%e5%a4%96%e7%9c%8bcctv5%e6%ac%a7%e6%b4%b2%e6%9d%af%e6%80%8e%e4%b9%88%e7%9c%8b
1010	tiyu	海外CCTV5地区限制怎么看欧洲杯直播	2024-06-17 17:48:28	%e6%b5%b7%e5%a4%96cctv5%e5%9c%b0%e5%8c%ba%e9%99%90%e5%88%b6%e6%80%8e%e4%b9%88%e7%9c%8b%e6%ac%a7%e6%b4%b2%e6%9d%af%e7%9b%b4%e6%92%ad
995	jiaocheng	在国外登录不了国内学校的网站	2024-06-14 16:15:57	%e5%9c%a8%e5%9b%bd%e5%a4%96%e7%99%bb%e5%bd%95%e4%b8%8d%e4%ba%86%e5%9b%bd%e5%86%85%e5%ad%a6%e6%a0%a1%e7%9a%84%e7%bd%91%e7%ab%99
984	yinyue	iPhone QQ音乐您所在的地区没有音源怎么办？	2024-06-13 18:59:23	iphone-qq%e9%9f%b3%e4%b9%90%e6%82%a8%e6%89%80%e5%9c%a8%e7%9a%84%e5%9c%b0%e5%8c%ba%e6%b2%a1%e6%9c%89%e9%9f%b3%e6%ba%90%e6%80%8e%e4%b9%88%e5%8a%9e%ef%bc%9f
978	yinyue	解除网易云音乐播放限制	2024-06-12 14:13:03	%e8%a7%a3%e9%99%a4%e7%bd%91%e6%98%93%e4%ba%91%e9%9f%b3%e4%b9%90%e6%92%ad%e6%94%be%e9%99%90%e5%88%b6
976	tiyu	在德国留学生在境外如何观看CCTV5	2024-06-11 17:26:34	%e5%9c%a8%e5%be%b7%e5%9b%bd%e7%95%99%e5%ad%a6%e7%94%9f%e5%9c%a8%e5%a2%83%e5%a4%96%e5%a6%82%e4%bd%95%e8%a7%82%e7%9c%8bcctv5
974	jiaocheng	外国人访问中国网站有没有限制	2024-06-07 17:10:40	%e5%a4%96%e5%9b%bd%e4%ba%ba%e8%ae%bf%e9%97%ae%e4%b8%ad%e5%9b%bd%e7%bd%91%e7%ab%99%e6%9c%89%e6%b2%a1%e6%9c%89%e9%99%90%e5%88%b6
971	yingyin	在国外看国内视频受限怎么办	2024-06-07 15:10:56	%e5%9c%a8%e5%9b%bd%e5%a4%96%e7%9c%8b%e5%9b%bd%e5%86%85%e8%a7%86%e9%a2%91%e5%8f%97%e9%99%90%e6%80%8e%e4%b9%88%e5%8a%9e
968	jiaocheng	国外访问中国网站受限吗？	2024-06-05 16:48:05	%e5%9b%bd%e5%a4%96%e8%ae%bf%e9%97%ae%e4%b8%ad%e5%9b%bd%e7%bd%91%e7%ab%99%e5%8f%97%e9%99%90%e5%90%97%ef%bc%9f
966	jiaocheng	外网网络怎么访问中国内地网站	2024-06-05 16:33:32	%e5%a4%96%e7%bd%91%e7%bd%91%e7%bb%9c%e6%80%8e%e4%b9%88%e8%ae%bf%e9%97%ae%e4%b8%ad%e5%9b%bd%e5%86%85%e5%9c%b0%e7%bd%91%e7%ab%99
964	jiaocheng	在伊朗如何访问国内网站	2024-06-03 15:33:56	%e5%9c%a8%e4%bc%8a%e6%9c%97%e5%a6%82%e4%bd%95%e8%ae%bf%e9%97%ae%e5%9b%bd%e5%86%85%e7%bd%91%e7%ab%99
962	jiaocheng	怎样在境外登陆中国国内网页	2024-06-03 14:38:20	%e6%80%8e%e6%a0%b7%e5%9c%a8%e5%a2%83%e5%a4%96%e7%99%bb%e9%99%86%e4%b8%ad%e5%9b%bd%e5%9b%bd%e5%86%85%e7%bd%91%e9%a1%b5
960	youxi	美国玩国内游戏用什么加速器	2024-05-31 15:37:21	%e7%be%8e%e5%9b%bd%e7%8e%a9%e5%9b%bd%e5%86%85%e6%b8%b8%e6%88%8f%e7%94%a8%e4%bb%80%e4%b9%88%e5%8a%a0%e9%80%9f%e5%99%a8
954	jiaocheng	如何解决愛奇藝版權限制：创意方法探索	2024-05-27 16:25:22	%e5%a6%82%e4%bd%95%e8%a7%a3%e5%86%b3%e6%84%9b%e5%a5%87%e8%97%9d%e7%89%88%e6%ac%8a%e9%99%90%e5%88%b6%ef%bc%9a%e5%88%9b%e6%84%8f%e6%96%b9%e6%b3%95%e6%8e%a2%e7%b4%a2
952	jiaocheng	穿梭和快帆好用吗？	2024-05-25 10:59:05	%e7%a9%bf%e6%a2%ad%e5%92%8c%e5%bf%ab%e5%b8%86%e5%a5%bd%e7%94%a8%e5%90%97%ef%bc%9f
950	tiyu	CCTV5海外直播：如何解决地区限制观看国内直播	2024-05-23 15:47:26	cctv5%e6%b5%b7%e5%a4%96%e7%9b%b4%e6%92%ad%ef%bc%9a%e5%a6%82%e4%bd%95%e8%a7%a3%e5%86%b3%e5%9c%b0%e5%8c%ba%e9%99%90%e5%88%b6%e8%a7%82%e7%9c%8b%e5%9b%bd%e5%86%85%e7%9b%b4%e6%92%ad
943	jiaocheng	GoLink加速器好用吗？和番茄加速器对比哪个回国效果更好？	2024-05-22 15:42:25	golink%e5%8a%a0%e9%80%9f%e5%99%a8%e5%a5%bd%e7%94%a8%e5%90%97%ef%bc%9f%e5%92%8c%e7%95%aa%e8%8c%84%e5%8a%a0%e9%80%9f%e5%99%a8%e5%af%b9%e6%af%94%e5%93%aa%e4%b8%aa%e5%9b%9e%e5%9b%bd%e6%95%88%e6%9e%9c
939	jiaocheng	Sixfast加速器好用吗？和GoLink加速器对比哪个回国效果更好？	2024-05-22 15:17:20	sixfast%e5%8a%a0%e9%80%9f%e5%99%a8%e5%a5%bd%e7%94%a8%e5%90%97%ef%bc%9f%e5%92%8cgolink%e5%8a%a0%e9%80%9f%e5%99%a8%e5%af%b9%e6%af%94%e5%93%aa%e4%b8%aa%e5%9b%9e%e5%9b%bd%e6%95%88%e6%9e%9c%e6%9b%b4
936	jiaocheng	在国外上不了国内的网	2024-05-21 16:47:56	%e5%9c%a8%e5%9b%bd%e5%a4%96%e4%b8%8a%e4%b8%8d%e4%ba%86%e5%9b%bd%e5%86%85%e7%9a%84%e7%bd%91
932	jiaocheng	完美的她：国外怎么看？	2024-05-18 16:15:32	%e5%ae%8c%e7%be%8e%e7%9a%84%e5%a5%b9%ef%bc%9a%e5%9b%bd%e5%a4%96%e6%80%8e%e4%b9%88%e7%9c%8b%ef%bc%9f
925	yingyin	电视剧《老家伙》国外怎么看？爱奇艺海外观看	2024-05-15 17:17:26	%e7%94%b5%e8%a7%86%e5%89%a7%e3%80%8a%e8%80%81%e5%ae%b6%e4%bc%99%e3%80%8b%e5%9b%bd%e5%a4%96%e6%80%8e%e4%b9%88%e7%9c%8b%ef%bc%9f%e7%88%b1%e5%a5%87%e8%89%ba%e6%b5%b7%e5%a4%96%e8%a7%82%e7%9c%8b
920	jiaocheng	我的少年时代国外怎么看	2024-05-13 16:25:59	%e6%88%91%e7%9a%84%e5%b0%91%e5%b9%b4%e6%97%b6%e4%bb%a3%e5%9b%bd%e5%a4%96%e6%80%8e%e4%b9%88%e7%9c%8b
916	yingyin	《请和这样的我恋爱吧》海外观看指南：解锁爱奇艺地区限制	2024-05-13 16:05:40	%e3%80%8a%e8%af%b7%e5%92%8c%e8%bf%99%e6%a0%b7%e7%9a%84%e6%88%91%e6%81%8b%e7%88%b1%e5%90%a7%e3%80%8b%e6%b5%b7%e5%a4%96%e8%a7%82%e7%9c%8b%e6%8c%87%e5%8d%97%ef%bc%9a%e8%a7%a3%e9%94%81%e7%88%b1%e5%a5%87
911	jiaocheng	不可告人 在国外怎么看	2024-05-11 14:08:15	%e4%b8%8d%e5%8f%af%e5%91%8a%e4%ba%ba-%e5%9c%a8%e5%9b%bd%e5%a4%96%e6%80%8e%e4%b9%88%e7%9c%8b
909	yingyin	国外怎么看《哈哈哈哈哈第四季》？爱奇艺地区版权限制	2024-05-09 15:15:50	%e5%9b%bd%e5%a4%96%e6%80%8e%e4%b9%88%e7%9c%8b%e3%80%8a%e5%93%88%e5%93%88%e5%93%88%e5%93%88%e5%93%88%e7%ac%ac%e5%9b%9b%e5%ad%a3%e3%80%8b%ef%bc%9f%e7%88%b1%e5%a5%87%e8%89%ba%e5%9c%b0%e5%8c%ba%e7%89%88
907	yingyin	国外观看《种地吧》第二季：爱奇艺海外地区限制	2024-05-09 15:02:30	%e5%9b%bd%e5%a4%96%e8%a7%82%e7%9c%8b%e3%80%8a%e7%a7%8d%e5%9c%b0%e5%90%a7%e3%80%8b%e7%ac%ac%e4%ba%8c%e5%ad%a3%ef%bc%9a%e7%88%b1%e5%a5%87%e8%89%ba%e6%b5%b7%e5%a4%96%e5%9c%b0%e5%8c%ba%e9%99%90%e5%88%b6
893	yingyin	国外怎么看《我的阿勒泰》？爱奇艺海外地区限制	2024-05-08 14:49:11	%e5%9b%bd%e5%a4%96%e6%80%8e%e4%b9%88%e7%9c%8b%e3%80%8a%e6%88%91%e7%9a%84%e9%98%bf%e5%8b%92%e6%b3%b0%e3%80%8b%ef%bc%9f%e7%88%b1%e5%a5%87%e8%89%ba%e6%b5%b7%e5%a4%96%e5%9c%b0%e5%8c%ba%e9%99%90%e5%88%b6
887	yingyin	爱奇艺海外怎么看《宁安如梦》	2024-05-07 16:56:38	%e7%88%b1%e5%a5%87%e8%89%ba%e6%b5%b7%e5%a4%96%e6%80%8e%e4%b9%88%e7%9c%8b%e3%80%8a%e5%ae%81%e5%ae%89%e5%a6%82%e6%a2%a6%e3%80%8b
883	yingyin	爱奇艺电视剧版权限制：南来北往在国外怎么看？	2024-05-06 14:31:21	%e7%88%b1%e5%a5%87%e8%89%ba%e7%94%b5%e8%a7%86%e5%89%a7%e7%89%88%e6%9d%83%e9%99%90%e5%88%b6%ef%bc%9a%e5%8d%97%e6%9d%a5%e5%8c%97%e5%be%80%e5%9c%a8%e5%9b%bd%e5%a4%96%e6%80%8e%e4%b9%88%e7%9c%8b%ef%bc%9f
880	jiaocheng	免费访问中国的VPN有哪些	2024-04-30 16:43:30	%e5%85%8d%e8%b4%b9%e8%ae%bf%e9%97%ae%e4%b8%ad%e5%9b%bd%e7%9a%84vpn%e6%9c%89%e5%93%aa%e4%ba%9b
873	jiaocheng	在国外怎么降低国内延迟 访问国内加速	2024-04-29 16:59:00	%e5%9c%a8%e5%9b%bd%e5%a4%96%e6%80%8e%e4%b9%88%e9%99%8d%e4%bd%8e%e5%9b%bd%e5%86%85%e5%bb%b6%e8%bf%9f-%e8%ae%bf%e9%97%ae%e5%9b%bd%e5%86%85%e5%8a%a0%e9%80%9f
859	youxi	如何解决国外玩国内游戏延迟高的问题	2024-04-29 15:15:29	%e5%a6%82%e4%bd%95%e8%a7%a3%e5%86%b3%e5%9b%bd%e5%a4%96%e7%8e%a9%e5%9b%bd%e5%86%85%e6%b8%b8%e6%88%8f%e5%bb%b6%e8%bf%9f%e9%ab%98%e7%9a%84%e9%97%ae%e9%a2%98
857	youxi	美国玩王者荣耀用什么加速器	2024-04-27 18:10:33	%e7%be%8e%e5%9b%bd%e7%8e%a9%e7%8e%8b%e8%80%85%e8%8d%a3%e8%80%80%e7%94%a8%e4%bb%80%e4%b9%88%e5%8a%a0%e9%80%9f%e5%99%a8
852	jiaocheng	回国加速器能加速国内APP吗	2024-04-26 17:01:41	%e5%9b%9e%e5%9b%bd%e5%8a%a0%e9%80%9f%e5%99%a8%e8%83%bd%e5%8a%a0%e9%80%9f%e5%9b%bd%e5%86%85app%e5%90%97
849	jiaocheng	在国外登录中国网站需要VPN吗	2024-04-25 16:04:12	%e5%9c%a8%e5%9b%bd%e5%a4%96%e7%99%bb%e5%bd%95%e4%b8%ad%e5%9b%bd%e7%bd%91%e7%ab%99%e9%9c%80%e8%a6%81vpn%e5%90%97
847	jiaocheng	海外访问国内网站如何加速：翻墙回国指南	2024-04-24 18:56:59	%e6%b5%b7%e5%a4%96%e8%ae%bf%e9%97%ae%e5%9b%bd%e5%86%85%e7%bd%91%e7%ab%99%e5%a6%82%e4%bd%95%e5%8a%a0%e9%80%9f%ef%bc%9a%e7%bf%bb%e5%a2%99%e5%9b%9e%e5%9b%bd%e6%8c%87%e5%8d%97
844	youxi	国外玩DNF端游用什么回国加速器	2024-04-24 17:07:33	%e5%9b%bd%e5%a4%96%e7%8e%a9dnf%e7%ab%af%e6%b8%b8%e7%94%a8%e4%bb%80%e4%b9%88%e5%9b%9e%e5%9b%bd%e5%8a%a0%e9%80%9f%e5%99%a8
827	jiaocheng	翻墙回国最快的方法：海外华人留学生翻墙访问国内	2024-04-22 15:57:07	%e7%bf%bb%e5%a2%99%e5%9b%9e%e5%9b%bd%e6%9c%80%e5%bf%ab%e7%9a%84%e6%96%b9%e6%b3%95%ef%bc%9a%e6%b5%b7%e5%a4%96%e5%8d%8e%e4%ba%ba%e7%95%99%e5%ad%a6%e7%94%9f%e7%bf%bb%e5%a2%99%e8%ae%bf%e9%97%ae%e5%9b%bd
825	jiaocheng	有哪些好用的回国加速器	2024-04-20 18:22:25	%e6%9c%89%e5%93%aa%e4%ba%9b%e5%a5%bd%e7%94%a8%e7%9a%84%e5%9b%9e%e5%9b%bd%e5%8a%a0%e9%80%9f%e5%99%a8
816	jiaocheng	旋风 加速器 海外怎么用	2024-04-19 16:49:12	%e6%97%8b%e9%a3%8e-%e5%8a%a0%e9%80%9f%e5%99%a8
814	jiaocheng	uu 加速器海外怎么用	2024-04-19 16:28:21	uu-%e5%8a%a0%e9%80%9f%e5%99%a8%e6%b5%b7%e5%a4%96%e6%80%8e%e4%b9%88%e7%94%a8
811	jiaocheng	国外怎么访问国内政府网站 !登录不了怎么办?	2024-04-18 12:16:38	%e5%9b%bd%e5%a4%96%e6%80%8e%e4%b9%88%e8%ae%bf%e9%97%ae%e5%9b%bd%e5%86%85%e6%94%bf%e5%ba%9c%e7%bd%91%e7%ab%99-%e7%99%bb%e5%bd%95%e4%b8%8d%e4%ba%86%e6%80%8e%e4%b9%88%e5%8a%9e
809	jiaocheng	如何在国外登陆国内网站：国外翻墙回国指南	2024-04-18 11:19:46	%e5%a6%82%e4%bd%95%e5%9c%a8%e5%9b%bd%e5%a4%96%e7%99%bb%e9%99%86%e5%9b%bd%e5%86%85%e7%bd%91%e7%ab%99%ef%bc%9a%e5%9b%bd%e5%a4%96%e7%bf%bb%e5%a2%99%e5%9b%9e%e5%9b%bd%e6%8c%87%e5%8d%97
807	jiaocheng	免费 VPN 翻墙回国指南：回国VPN 地区限制解决方案	2024-04-17 15:42:41	%e5%85%8d%e8%b4%b9-vpn-%e7%bf%bb%e5%a2%99%e5%9b%9e%e5%9b%bd%e6%8c%87%e5%8d%97%ef%bc%9a%e5%9b%9e%e5%9b%bdvpn-%e5%9c%b0%e5%8c%ba%e9%99%90%e5%88%b6%e8%a7%a3%e5%86%b3%e6%96%b9%e6%a1%88
805	jiaocheng	回国VPN免费：如何使用回国VPN解决地区限制问题	2024-04-17 15:31:14	%e5%9b%9e%e5%9b%bdvpn%e5%85%8d%e8%b4%b9%ef%bc%9a%e5%a6%82%e4%bd%95%e4%bd%bf%e7%94%a8%e5%9b%9e%e5%9b%bdvpn%e8%a7%a3%e5%86%b3%e5%9c%b0%e5%8c%ba%e9%99%90%e5%88%b6%e9%97%ae%e9%a2%98
800	yinyue	酷狗音乐 海外 破解版：使用指南	2024-04-16 15:18:24	%e9%85%b7%e7%8b%97%e9%9f%b3%e4%b9%90-%e6%b5%b7%e5%a4%96-%e7%a0%b4%e8%a7%a3%e7%89%88%ef%bc%9a%e4%bd%bf%e7%94%a8%e6%8c%87%e5%8d%97
799	yinyue	如何在海外使用酷狗音乐海外版	2024-04-16 15:10:34	%e5%a6%82%e4%bd%95%e5%9c%a8%e6%b5%b7%e5%a4%96%e4%bd%bf%e7%94%a8%e9%85%b7%e7%8b%97%e9%9f%b3%e4%b9%90%e6%b5%b7%e5%a4%96%e7%89%88
797	tiyu	海外如何观看咪咕体育世界杯海外比赛？	2024-04-11 11:48:07	%e6%b5%b7%e5%a4%96%e5%a6%82%e4%bd%95%e8%a7%82%e7%9c%8b%e5%92%aa%e5%92%95%e4%bd%93%e8%82%b2%e4%b8%96%e7%95%8c%e6%9d%af%e6%b5%b7%e5%a4%96%e6%af%94%e8%b5%9b%ef%bc%9f
792	tiyu	如何在美国使用回国VPN观看咪咕体育？	2024-04-11 11:35:01	%e5%a6%82%e4%bd%95%e5%9c%a8%e7%be%8e%e5%9b%bd%e4%bd%bf%e7%94%a8%e5%9b%9e%e5%9b%bdvpn%e8%a7%82%e7%9c%8b%e5%92%aa%e5%92%95%e4%bd%93%e8%82%b2%ef%bc%9f
790	tiyu	在海外如何观看CCTV5？小米盒子解决方案	2024-04-10 17:13:00	%e5%9c%a8%e6%b5%b7%e5%a4%96%e5%a6%82%e4%bd%95%e8%a7%82%e7%9c%8bcctv5%ef%bc%9f%e5%b0%8f%e7%b1%b3%e7%9b%92%e5%ad%90%e8%a7%a3%e5%86%b3%e6%96%b9%e6%a1%88
786	tiyu	海外CCTV5在线直播有地区限制解决方法	2024-04-10 16:40:58	%e6%b5%b7%e5%a4%96cctv5%e5%9c%a8%e7%ba%bf%e7%9b%b4%e6%92%ad%e6%9c%89%e5%9c%b0%e5%8c%ba%e9%99%90%e5%88%b6%e8%a7%a3%e5%86%b3%e6%96%b9%e6%b3%95
781	tiyu	如何在海外观看CCTV5？一位华人的指南	2024-04-09 16:31:08	%e5%a6%82%e4%bd%95%e5%9c%a8%e6%b5%b7%e5%a4%96%e8%a7%82%e7%9c%8bcctv5%ef%bc%9f%e4%b8%80%e4%bd%8d%e5%8d%8e%e4%ba%ba%e7%9a%84%e6%8c%87%e5%8d%97
765	tiyu	CCTV5 Live 海外	2024-04-09 12:13:00	cctv5-live-%e6%b5%b7%e5%a4%96
759	yingyin	如何在国外观看国内电影	2024-04-07 14:46:22	%e5%a6%82%e4%bd%95%e5%9c%a8%e5%9b%bd%e5%a4%96%e8%a7%82%e7%9c%8b%e5%9b%bd%e5%86%85%e7%94%b5%e5%bd%b1
756	jiaocheng	全民K歌所在地区无法提供服务	2024-04-07 13:54:30	%e5%85%a8%e6%b0%91k%e6%ad%8c%e6%89%80%e5%9c%a8%e5%9c%b0%e5%8c%ba%e6%97%a0%e6%b3%95%e6%8f%90%e4%be%9b%e6%9c%8d%e5%8a%a1
754	yingyin	中东地区怎么解除微信地区限制，以及加速访问微信小程序视频通话等功能	2024-04-01 15:51:18	%e4%b8%ad%e4%b8%9c%e5%9c%b0%e5%8c%ba%e6%80%8e%e4%b9%88%e8%a7%a3%e9%99%a4%e5%be%ae%e4%bf%a1%e5%9c%b0%e5%8c%ba%e9%99%90%e5%88%b6%ef%bc%8c%e4%bb%a5%e5%8f%8a%e5%8a%a0%e9%80%9f%e8%ae%bf%e9%97%ae%e5%be%ae
746	youxi	原神国服在国外可以玩吗？国外玩原神国服的方法分享	2024-03-28 16:21:15	%e5%8e%9f%e7%a5%9e%e5%9b%bd%e6%9c%8d%e5%9c%a8%e5%9b%bd%e5%a4%96%e5%8f%af%e4%bb%a5%e7%8e%a9%e5%90%97%ef%bc%9f%e5%9b%bd%e5%a4%96%e7%8e%a9%e5%8e%9f%e7%a5%9e%e5%9b%bd%e6%9c%8d%e7%9a%84%e6%96%b9%e6%b3%95
742	jiaocheng	国外打开同花顺App太慢怎么解决	2024-03-27 15:39:36	%e5%9b%bd%e5%a4%96%e6%89%93%e5%bc%80%e5%90%8c%e8%8a%b1%e9%a1%baapp%e5%a4%aa%e6%85%a2%e6%80%8e%e4%b9%88%e8%a7%a3%e5%86%b3
739	yingyin	电视盒子上面的腾讯视频地区版权限制怎么办？怎么解除海外限制	2024-03-27 15:16:25	%e7%94%b5%e8%a7%86%e7%9b%92%e5%ad%90%e4%b8%8a%e9%9d%a2%e7%9a%84%e8%85%be%e8%ae%af%e8%a7%86%e9%a2%91%e5%9c%b0%e5%8c%ba%e7%89%88%e6%9d%83%e9%99%90%e5%88%b6%e6%80%8e%e4%b9%88%e5%8a%9e%ef%bc%9f%e6%80%8e
732	jiaocheng	国外打开钉钉很慢-钉钉地区限制	2024-03-26 16:02:50	%e5%9b%bd%e5%a4%96%e6%89%93%e5%bc%80%e9%92%89%e9%92%89%e5%be%88%e6%85%a2-%e9%92%89%e9%92%89%e5%9c%b0%e5%8c%ba%e9%99%90%e5%88%b6
729	jiaocheng	国外百度云下载太慢怎么办-国外怎么加速下载国内的东西	2024-03-26 15:30:17	%e5%9b%bd%e5%a4%96%e7%99%be%e5%ba%a6%e4%ba%91%e4%b8%8b%e8%bd%bd%e5%a4%aa%e6%85%a2%e6%80%8e%e4%b9%88%e5%8a%9e-%e5%9b%bd%e5%a4%96%e6%80%8e%e4%b9%88%e5%8a%a0%e9%80%9f%e4%b8%8b%e8%bd%bd%e5%9b%bd%e5%86%85
727	bangong	国外手机玩微信小程序打不开怎么办	2024-03-25 19:17:52	%e5%9b%bd%e5%a4%96%e6%89%8b%e6%9c%ba%e7%8e%a9%e5%be%ae%e4%bf%a1%e5%b0%8f%e7%a8%8b%e5%ba%8f%e6%89%93%e4%b8%8d%e5%bc%80%e6%80%8e%e4%b9%88%e5%8a%9e
713	yinyue	解除网易云音乐海外地区无法播放问题	2024-03-23 15:37:24	%e8%a7%a3%e9%99%a4%e7%bd%91%e6%98%93%e4%ba%91%e9%9f%b3%e4%b9%90%e6%b5%b7%e5%a4%96%e5%9c%b0%e5%8c%ba%e6%97%a0%e6%b3%95%e6%92%ad%e6%94%be%e9%97%ae%e9%a2%98
708	jiaocheng	在美国如何翻墙回国	2024-03-22 15:37:09	%e5%9c%a8%e7%be%8e%e5%9b%bd%e5%a6%82%e4%bd%95%e7%bf%bb%e5%a2%99%e5%9b%9e%e5%9b%bd
704	jiaocheng	在国外玩元梦之星用什么加速器	2024-03-22 15:13:37	%e5%9c%a8%e5%9b%bd%e5%a4%96%e7%8e%a9%e5%85%83%e6%a2%a6%e4%b9%8b%e6%98%9f%e7%94%a8%e4%bb%80%e4%b9%88%e5%8a%a0%e9%80%9f%e5%99%a8
698	jiaocheng	在国外怎么看国内的电视剧？	2024-03-21 15:21:07	%e5%9c%a8%e5%9b%bd%e5%a4%96%e6%80%8e%e4%b9%88%e7%9c%8b%e5%9b%bd%e5%86%85%e7%9a%84%e7%94%b5%e8%a7%86%e5%89%a7%ef%bc%9f
694	duanju	在美国可以用虎牙直播吗？	2024-03-21 14:56:48	%e5%9c%a8%e7%be%8e%e5%9b%bd%e5%8f%af%e4%bb%a5%e7%94%a8%e8%99%8e%e7%89%99%e7%9b%b4%e6%92%ad%e5%90%97%ef%bc%9f
691	jiaocheng	国外加载国内网页慢怎么解决	2024-03-20 16:00:56	%e5%9b%bd%e5%a4%96%e5%8a%a0%e8%bd%bd%e5%9b%bd%e5%86%85%e7%bd%91%e9%a1%b5%e6%85%a2%e6%80%8e%e4%b9%88%e8%a7%a3%e5%86%b3
690	jiaocheng	永劫無間 地區限制	2024-03-20 16:00:26	%e6%b0%b8%e5%8a%ab%e7%84%a1%e9%96%93-%e5%9c%b0%e5%8d%80%e9%99%90%e5%88%b6
686	yinyue	qq音乐海外能用吗？	2024-03-18 16:54:44	qq%e9%9f%b3%e4%b9%90%e6%b5%b7%e5%a4%96%e8%83%bd%e7%94%a8%e5%90%97%ef%bc%9f
681	jiaocheng	那种回国加速器可以不用实名	2024-03-18 15:43:22	%e9%82%a3%e7%a7%8d%e5%9b%9e%e5%9b%bd%e5%8a%a0%e9%80%9f%e5%99%a8%e5%8f%af%e4%bb%a5%e4%b8%8d%e7%94%a8%e5%ae%9e%e5%90%8d
657	duanju	国内电视直播地域限制怎么解除	2024-03-15 15:06:52	%e5%9b%bd%e5%86%85%e7%94%b5%e8%a7%86%e7%9b%b4%e6%92%ad%e5%9c%b0%e5%9f%9f%e9%99%90%e5%88%b6%e6%80%8e%e4%b9%88%e8%a7%a3%e9%99%a4
645	jiaocheng	海外访问国内地域取消限制	2024-03-15 14:20:32	%e6%b5%b7%e5%a4%96%e8%ae%bf%e9%97%ae%e5%9b%bd%e5%86%85%e5%9c%b0%e5%9f%9f%e5%8f%96%e6%b6%88%e9%99%90%e5%88%b6
651	jiaocheng	国外观看电视剧的地区限制解决方案	2024-03-15 14:20:01	%e5%9b%bd%e5%a4%96%e8%a7%82%e7%9c%8b%e7%94%b5%e8%a7%86%e5%89%a7%e7%9a%84%e5%9c%b0%e5%8c%ba%e9%99%90%e5%88%b6%e8%a7%a3%e5%86%b3%e6%96%b9%e6%a1%88
650	jiaocheng	国外访问中国网站的vpn	2024-03-15 14:18:19	%e5%9b%bd%e5%a4%96%e8%ae%bf%e9%97%ae%e4%b8%ad%e5%9b%bd%e7%bd%91%e7%ab%99%e7%9a%84vpn
648	jiaocheng	海外访问国内留学生常用番茄回国VPN	2024-03-14 18:28:59	%e6%b5%b7%e5%a4%96%e8%ae%bf%e9%97%ae%e5%9b%bd%e5%86%85%e7%95%99%e5%ad%a6%e7%94%9f%e5%b8%b8%e7%94%a8%e7%95%aa%e8%8c%84%e5%9b%9e%e5%9b%bdvpn
644	jiaocheng	海外访问国内取消地域限制	2024-03-14 18:05:05	%e6%b5%b7%e5%a4%96%e8%ae%bf%e9%97%ae%e5%9b%bd%e5%86%85%e5%8f%96%e6%b6%88%e5%9c%b0%e5%9f%9f%e9%99%90%e5%88%b6
640	youxi	在国外玩网易我的世界需要回国加速器吗？	2024-03-13 17:48:42	%e5%9c%a8%e5%9b%bd%e5%a4%96%e7%8e%a9%e7%bd%91%e6%98%93%e6%88%91%e7%9a%84%e4%b8%96%e7%95%8c%e9%9c%80%e8%a6%81%e5%9b%9e%e5%9b%bd%e5%8a%a0%e9%80%9f%e5%99%a8%e5%90%97%ef%bc%9f
635	youxi	国外怎么玩国服英雄联盟	2024-03-13 17:34:52	635-2
631	youxi	坦克世界免费回国加速器：提升游戏体验的终极秘籍	2024-03-12 16:10:21	%e5%9d%a6%e5%85%8b%e4%b8%96%e7%95%8c%e5%85%8d%e8%b4%b9%e5%9b%9e%e5%9b%bd%e5%8a%a0%e9%80%9f%e5%99%a8%ef%bc%9a%e6%8f%90%e5%8d%87%e6%b8%b8%e6%88%8f%e4%bd%93%e9%aa%8c%e7%9a%84%e7%bb%88%e6%9e%81%e7%a7%98
626	yingyin	国外如何访问国内爱奇艺 破解爱奇艺版权限制	2024-03-12 15:50:23	%e5%9b%bd%e5%a4%96%e5%a6%82%e4%bd%95%e8%ae%bf%e9%97%ae%e5%9b%bd%e5%86%85%e7%88%b1%e5%a5%87%e8%89%ba-%e7%a0%b4%e8%a7%a3%e7%88%b1%e5%a5%87%e8%89%ba%e7%89%88%e6%9d%83%e9%99%90%e5%88%b6
622	jiaocheng	国外无法连接西藏网络	2024-03-11 15:20:00	%e5%9b%bd%e5%a4%96%e6%97%a0%e6%b3%95%e8%bf%9e%e6%8e%a5%e8%a5%bf%e8%97%8f%e7%bd%91%e7%bb%9c
617	youxi	国外玩国内游戏怎么减少网络延迟-回国游戏加速器	2024-03-08 16:36:36	%e5%9b%bd%e5%a4%96%e7%8e%a9%e5%9b%bd%e5%86%85%e6%b8%b8%e6%88%8f%e6%80%8e%e4%b9%88%e5%87%8f%e5%b0%91%e7%bd%91%e7%bb%9c%e5%bb%b6%e8%bf%9f-%e5%9b%9e%e5%9b%bd%e6%b8%b8%e6%88%8f%e5%8a%a0%e9%80%9f%e5%99%a8
613	jiaocheng	为什么爱艺奇由于版权限制您所在的地区无法观看该电视剧	2024-03-07 16:07:21	%e4%b8%ba%e4%bb%80%e4%b9%88%e7%88%b1%e8%89%ba%e5%a5%87%e7%94%b1%e4%ba%8e%e7%89%88%e6%9d%83%e9%99%90%e5%88%b6%e6%82%a8%e6%89%80%e5%9c%a8%e7%9a%84%e5%9c%b0%e5%8c%ba%e6%97%a0%e6%b3%95%e8%a7%82%e7%9c%8b
607	jiaocheng	windows可用的回国加速器	2024-03-06 15:17:20	windows%e5%8f%af%e7%94%a8%e7%9a%84%e5%9b%9e%e5%9b%bd%e5%8a%a0%e9%80%9f%e5%99%a8
598	yingyin	爱奇艺如何更改国内地区？	2024-03-05 18:20:21	%e7%88%b1%e5%a5%87%e8%89%ba%e5%a6%82%e4%bd%95%e6%9b%b4%e6%94%b9%e5%9b%bd%e5%86%85%e5%9c%b0%e5%8c%ba%ef%bc%9f
595	jiaocheng	国外留学用什么vpn访问国内	2024-03-04 13:52:31	%e5%9b%bd%e5%a4%96%e7%95%99%e5%ad%a6%e7%94%a8%e4%bb%80%e4%b9%88vpn%e8%ae%bf%e9%97%ae%e5%9b%bd%e5%86%85
590	youxi	国外玩国内游戏用什么加速器	2024-02-29 17:07:34	%e5%9b%bd%e5%a4%96%e7%8e%a9%e5%9b%bd%e5%86%85%e6%b8%b8%e6%88%8f%e7%94%a8%e4%bb%80%e4%b9%88%e5%8a%a0%e9%80%9f%e5%99%a8
587	jiaocheng	欧洲留学生在国外怎么翻墙回国内	2024-02-28 15:57:24	%e6%ac%a7%e6%b4%b2%e7%95%99%e5%ad%a6%e7%94%9f%e5%9c%a8%e5%9b%bd%e5%a4%96%e6%80%8e%e4%b9%88%e7%bf%bb%e5%a2%99%e5%9b%9e%e5%9b%bd%e5%86%85
583	yingyin	安卓用户在国外如何观看国内的B站番剧？	2024-02-27 15:51:52	%e5%ae%89%e5%8d%93%e7%94%a8%e6%88%b7%e5%9c%a8%e5%9b%bd%e5%a4%96%e5%a6%82%e4%bd%95%e8%a7%82%e7%9c%8b%e5%9b%bd%e5%86%85%e7%9a%84b%e7%ab%99%e7%95%aa%e5%89%a7%ef%bc%9f
576	youxi	北美玩王者用什么加速器	2024-02-26 14:55:39	%e5%8c%97%e7%be%8e%e7%8e%a9%e7%8e%8b%e8%80%85%e7%94%a8%e4%bb%80%e4%b9%88%e5%8a%a0%e9%80%9f%e5%99%a8
578	jiaocheng	2024国外翻墙回国的方法	2024-02-26 14:27:20	2024%e5%9b%bd%e5%a4%96%e7%bf%bb%e5%a2%99%e5%9b%9e%e5%9b%bd%e7%9a%84%e6%96%b9%e6%b3%95
573	jiaocheng	解决国内App地域限制的有效方法	2024-02-22 16:06:58	%e8%a7%a3%e5%86%b3%e5%9b%bd%e5%86%85app%e5%9c%b0%e5%9f%9f%e9%99%90%e5%88%b6%e7%9a%84%e6%9c%89%e6%95%88%e6%96%b9%e6%b3%95
566	jiaocheng	如何在国外登录中国国内的网站？	2024-02-21 15:49:31	%e5%a6%82%e4%bd%95%e5%9c%a8%e5%9b%bd%e5%a4%96%e7%99%bb%e5%bd%95%e4%b8%ad%e5%9b%bd%e5%9b%bd%e5%86%85%e7%9a%84%e7%bd%91%e7%ab%99%ef%bc%9f
562	jiaocheng	海外华人翻墙回国有那些方法	2024-02-20 14:42:15	%e6%b5%b7%e5%a4%96%e5%8d%8e%e4%ba%ba%e7%bf%bb%e5%a2%99%e5%9b%9e%e5%9b%bd%e6%9c%89%e9%82%a3%e4%ba%9b%e6%96%b9%e6%b3%95
558	youxi	在国外玩国服 LOL用什么 加速器?lol国服需要加速器吗	2024-02-19 14:34:41	%e5%9c%a8%e5%9b%bd%e5%a4%96%e7%8e%a9%e5%9b%bd%e6%9c%8d-lol%e7%94%a8%e4%bb%80%e4%b9%88-%e5%8a%a0%e9%80%9f%e5%99%a8lol%e5%9b%bd%e6%9c%8d%e9%9c%80%e8%a6%81%e5%8a%a0%e9%80%9f%e5%99%a8%e5%90%97
554	yingyin	在国外看优酷怎么解除地域限制：海外华人超级简单的取消优酷限制的方法	2024-01-26 15:00:43	%e5%9c%a8%e5%9b%bd%e5%a4%96%e7%9c%8b%e4%bc%98%e9%85%b7%e6%80%8e%e4%b9%88%e8%a7%a3%e9%99%a4%e5%9c%b0%e5%9f%9f%e9%99%90%e5%88%b6%ef%bc%9a%e6%b5%b7%e5%a4%96%e5%8d%8e%e4%ba%ba%e8%b6%85%e7%ba%a7%e7%ae%80
550	yingyin	解除b站区域限制：海外华人B站地区限制破解方法	2024-01-26 14:46:53	%e8%a7%a3%e9%99%a4b%e7%ab%99%e5%8c%ba%e5%9f%9f%e9%99%90%e5%88%b6%ef%bc%9a%e6%b5%b7%e5%a4%96%e5%8d%8e%e4%ba%bab%e7%ab%99%e5%9c%b0%e5%8c%ba%e9%99%90%e5%88%b6%e7%a0%b4%e8%a7%a3%e6%96%b9%e6%b3%95
548	yingyin	爱奇艺解除区域限制手机：海外华人的音频挑战解决策略	2024-01-25 19:16:13	%e7%88%b1%e5%a5%87%e8%89%ba%e8%a7%a3%e9%99%a4%e5%8c%ba%e5%9f%9f%e9%99%90%e5%88%b6%e6%89%8b%e6%9c%ba%ef%bc%9a%e6%b5%b7%e5%a4%96%e5%8d%8e%e4%ba%ba%e7%9a%84%e9%9f%b3%e9%a2%91%e6%8c%91%e6%88%98%e8%a7%a3
545	yinyue	喜马拉雅版权限制：海外华人音乐与有声书籍的完美解决策略	2024-01-24 14:30:06	%e5%96%9c%e9%a9%ac%e6%8b%89%e9%9b%85%e7%89%88%e6%9d%83%e9%99%90%e5%88%b6%ef%bc%9a%e6%b5%b7%e5%a4%96%e5%8d%8e%e4%ba%ba%e9%9f%b3%e4%b9%90%e4%b8%8e%e6%9c%89%e5%a3%b0%e4%b9%a6%e7%b1%8d%e7%9a%84%e5%ae%8c
541	yinyue	喜马拉雅版权限制：海外华人如何绕过国内音乐APP的版权限制？	2024-01-24 14:22:32	%e5%96%9c%e9%a9%ac%e6%8b%89%e9%9b%85%e7%89%88%e6%9d%83%e9%99%90%e5%88%b6%ef%bc%9a%e6%b5%b7%e5%a4%96%e5%8d%8e%e4%ba%ba%e5%a6%82%e4%bd%95%e7%bb%95%e8%bf%87%e5%9b%bd%e5%86%85%e9%9f%b3%e4%b9%90app
537	yinyue	喜马拉雅版权限制：海外华人音乐需求的桎梏	2024-01-23 15:29:18	%e5%96%9c%e9%a9%ac%e6%8b%89%e9%9b%85%e7%89%88%e6%9d%83%e9%99%90%e5%88%b6%ef%bc%9a%e6%b5%b7%e5%a4%96%e5%8d%8e%e4%ba%ba%e9%9f%b3%e4%b9%90%e9%9c%80%e6%b1%82%e7%9a%84%e6%a1%8e%e6%a2%8f
534	yinyue	海外华人听喜马拉雅在国外地域限制怎么解决	2024-01-20 18:37:09	%e6%b5%b7%e5%a4%96%e5%8d%8e%e4%ba%ba%e5%90%ac%e5%96%9c%e9%a9%ac%e6%8b%89%e9%9b%85%e5%9c%a8%e5%9b%bd%e5%a4%96%e5%9c%b0%e5%9f%9f%e9%99%90%e5%88%b6%e6%80%8e%e4%b9%88%e8%a7%a3%e5%86%b3
530	yinyue	怎么取消喜马拉雅版权限制：海外华人看不了怎么办	2024-01-19 16:10:00	%e6%80%8e%e4%b9%88%e5%8f%96%e6%b6%88%e5%96%9c%e9%a9%ac%e6%8b%89%e9%9b%85%e7%89%88%e6%9d%83%e9%99%90%e5%88%b6%ef%bc%9a%e6%b5%b7%e5%a4%96%e5%8d%8e%e4%ba%ba%e7%9c%8b%e4%b8%8d%e4%ba%86%e6%80%8e%e4%b9%88
527	yinyue	喜马拉雅海外为什么用不了：在国外地区限制怎么办	2024-01-19 16:06:11	%e5%96%9c%e9%a9%ac%e6%8b%89%e9%9b%85%e6%b5%b7%e5%a4%96%e4%b8%ba%e4%bb%80%e4%b9%88%e7%94%a8%e4%b8%8d%e4%ba%86%ef%bc%9a%e5%9c%a8%e5%9b%bd%e5%a4%96%e5%9c%b0%e5%8c%ba%e9%99%90%e5%88%b6%e6%80%8e%e4%b9%88
524	yinyue	喜马拉雅版权限制：海外华人的国外听喜马拉雅地域限制解决方法	2024-01-18 18:20:47	%e5%96%9c%e9%a9%ac%e6%8b%89%e9%9b%85%e7%89%88%e6%9d%83%e9%99%90%e5%88%b6%ef%bc%9a%e6%b5%b7%e5%a4%96%e5%8d%8e%e4%ba%ba%e7%9a%84%e5%9b%bd%e5%a4%96%e5%90%ac%e5%96%9c%e9%a9%ac%e6%8b%89%e9%9b%85%e5%9c%b0
520	jiaocheng	海外华人和留学生的翻墙回中国vpn	2024-01-17 18:40:15	%e6%b5%b7%e5%a4%96%e5%8d%8e%e4%ba%ba%e5%92%8c%e7%95%99%e5%ad%a6%e7%94%9f%e7%9a%84%e7%bf%bb%e5%a2%99%e5%9b%9e%e4%b8%ad%e5%9b%bdvpn
504	jiaocheng	澳大利亚翻墙回国vpn:由于版权限制,您所在的地区无法观看该视,澳大利亚华人回国vpn推荐	2024-01-13 15:56:30	%e6%be%b3%e5%a4%a7%e5%88%a9%e4%ba%9a%e7%bf%bb%e5%a2%99%e5%9b%9e%e5%9b%bdvpn%e7%94%b1%e4%ba%8e%e7%89%88%e6%9d%83%e9%99%90%e5%88%b6%e6%82%a8%e6%89%80%e5%9c%a8%e7%9a%84%e5%9c%b0%e5%8c%ba%e6%97%a0
502	yingyin	柬埔寨回国vpn：由于版权限制,您所在的地区无法观看该视频 柬埔寨华人翻墙回国方法	2024-01-13 15:47:22	%e6%9f%ac%e5%9f%94%e5%af%a8%e5%9b%9e%e5%9b%bdvpn%ef%bc%9a%e7%94%b1%e4%ba%8e%e7%89%88%e6%9d%83%e9%99%90%e5%88%b6%e6%82%a8%e6%89%80%e5%9c%a8%e7%9a%84%e5%9c%b0%e5%8c%ba%e6%97%a0%e6%b3%95%e8%a7%82
492	jiaocheng	免费翻墙回国:由于版权限制,您所在的地区无法观看该视,海外华人的免费翻墙回国解决方案	2024-01-13 15:40:27	%e5%85%8d%e8%b4%b9%e7%bf%bb%e5%a2%99%e5%9b%9e%e5%9b%bd%e7%94%b1%e4%ba%8e%e7%89%88%e6%9d%83%e9%99%90%e5%88%b6%e6%82%a8%e6%89%80%e5%9c%a8%e7%9a%84%e5%9c%b0%e5%8c%ba%e6%97%a0%e6%b3%95%e8%a7%82%e7%9c%8b
485	jiaocheng	立陶宛回国vpn:由于版权限制,您所在的地区无法观看该视,立陶宛华人解决地区限制策略	2024-01-12 15:30:13	%e7%ab%8b%e9%99%b6%e5%ae%9b%e5%9b%9e%e5%9b%bdvpn%e7%94%b1%e4%ba%8e%e7%89%88%e6%9d%83%e9%99%90%e5%88%b6%e6%82%a8%e6%89%80%e5%9c%a8%e7%9a%84%e5%9c%b0%e5%8c%ba%e6%97%a0%e6%b3%95%e8%a7%82%e7%9c%8b
482	yingyin	尼日利亚回国vpn:由于版权限制您所在的地区无法观看该视频,尼日利亚华人的完美解决地区限制	2024-01-12 15:21:26	%e5%b0%bc%e6%97%a5%e5%88%a9%e4%ba%9a%e5%9b%9e%e5%9b%bdvpn%e7%94%b1%e4%ba%8e%e7%89%88%e6%9d%83%e9%99%90%e5%88%b6%e6%82%a8%e6%89%80%e5%9c%a8%e7%9a%84%e5%9c%b0%e5%8c%ba%e6%97%a0%e6%b3%95%e8%a7%82
478	yingyin	白俄罗斯回国vpn:由于版权限制,您所在的地区无法观看该视频，海外华人的影视解决神器	2024-01-12 15:08:22	%e7%99%bd%e4%bf%84%e7%bd%97%e6%96%af%e5%9b%9e%e5%9b%bdvpn%e7%94%b1%e4%ba%8e%e7%89%88%e6%9d%83%e9%99%90%e5%88%b6%e6%82%a8%e6%89%80%e5%9c%a8%e7%9a%84%e5%9c%b0%e5%8c%ba%e6%97%a0%e6%b3%95%e8%a7%82
474	yingyin	缅甸由于版权限制,您所在的地区无法观看该视频：海外华人的影视娱乐解决方案	2024-01-12 14:58:17	%e7%bc%85%e7%94%b8%e7%94%b1%e4%ba%8e%e7%89%88%e6%9d%83%e9%99%90%e5%88%b6%e6%82%a8%e6%89%80%e5%9c%a8%e7%9a%84%e5%9c%b0%e5%8c%ba%e6%97%a0%e6%b3%95%e8%a7%82%e7%9c%8b%e8%af%a5%e8%a7%86%e9%a2%91%ef%bc%9a
467	yingyin	意大利回国vpn:由于版权限制,您所在的地区无法观看该视频意大利华人的影视解决专家	2024-01-11 15:47:23	%e6%84%8f%e5%a4%a7%e5%88%a9%e5%9b%9e%e5%9b%bdvpn%e7%94%b1%e4%ba%8e%e7%89%88%e6%9d%83%e9%99%90%e5%88%b6%e6%82%a8%e6%89%80%e5%9c%a8%e7%9a%84%e5%9c%b0%e5%8c%ba%e6%97%a0%e6%b3%95%e8%a7%82%e7%9c%8b
464	jiaocheng	瑞典回国vpn:由于版权限制您所在的地区无法观看该视,瑞典华人影视的理想解决方案	2024-01-11 15:37:28	%e7%91%9e%e5%85%b8%e5%9b%9e%e5%9b%bdvpn%e7%94%b1%e4%ba%8e%e7%89%88%e6%9d%83%e9%99%90%e5%88%b6%e6%82%a8%e6%89%80%e5%9c%a8%e7%9a%84%e5%9c%b0%e5%8c%ba%e6%97%a0%e6%b3%95%e8%a7%82%e7%9c%8b%e8%af%a5
462	yingyin	美国翻墙回国:由于爱奇艺版权限制,您所在的地区无法观看该视	2024-01-11 15:19:53	%e7%be%8e%e5%9b%bd%e7%bf%bb%e5%a2%99%e5%9b%9e%e5%9b%bd%e7%94%b1%e4%ba%8e%e7%88%b1%e5%a5%87%e8%89%ba%e7%89%88%e6%9d%83%e9%99%90%e5%88%b6%e6%82%a8%e6%89%80%e5%9c%a8%e7%9a%84%e5%9c%b0%e5%8c%ba%e6%97%a0
455	jiaocheng	美国华人回国vpn连接祖国的桥梁：由于版权限制,您所在的地区无法观看该视	2024-01-10 11:52:12	%e7%be%8e%e5%9b%bd%e5%8d%8e%e4%ba%ba%e5%9b%9e%e5%9b%bdvpn%e8%bf%9e%e6%8e%a5%e7%a5%96%e5%9b%bd%e7%9a%84%e6%a1%a5%e6%a2%81%ef%bc%9a%e7%94%b1%e4%ba%8e%e7%89%88%e6%9d%83%e9%99%90%e5%88%b6%e6%82%a8
450	yingyin	英国华人回国vpn连接影视娱乐：英国回国加速器解决由于版权限制无法观看该视频	2024-01-10 11:40:16	%e8%8b%b1%e5%9b%bd%e5%8d%8e%e4%ba%ba%e5%9b%9e%e5%9b%bdvpn%e8%bf%9e%e6%8e%a5%e5%bd%b1%e8%a7%86%e5%a8%b1%e4%b9%90%ef%bc%9a%e5%9b%9e%e5%9b%bd%e5%8a%a0%e9%80%9f%e5%99%a8%e8%a7%a3%e5%86%b3%e7%94%b1
447	jiaocheng	澳大利亚华人链接祖国的有效方法：澳大利亚回国加速器解决您所在区域暂无此内容版权	2024-01-10 11:22:29	%e6%be%b3%e5%a4%a7%e5%88%a9%e4%ba%9a%e5%8d%8e%e4%ba%ba%e9%93%be%e6%8e%a5%e7%a5%96%e5%9b%bd%e7%9a%84%e6%9c%89%e6%95%88%e6%96%b9%e6%b3%95%ef%bc%9a%e6%be%b3%e5%a4%a7%e5%88%a9%e4%ba%9a%e5%9b%9e%e5%9b%bd
444	jiaocheng	新加坡华人连接国内娱乐的有效方法:新加坡回国加速器解决您所在区域暂无此内容版权	2024-01-10 11:06:27	%e6%96%b0%e5%8a%a0%e5%9d%a1%e5%8d%8e%e4%ba%ba%e8%bf%9e%e6%8e%a5%e5%9b%bd%e5%86%85%e5%a8%b1%e4%b9%90%e7%9a%84%e6%9c%89%e6%95%88%e6%96%b9%e6%b3%95%e6%96%b0%e5%8a%a0%e5%9d%a1%e5%9b%9e%e5%9b%bd%e5%8a%a0
440	jiaocheng	西班牙所在区域暂无此内容版权如设置VPN请关闭后重试：西班牙回国加速器华人克服版权限制的完美解决	2024-01-09 15:12:14	%e8%a5%bf%e7%8f%ad%e7%89%99%e6%89%80%e5%9c%a8%e5%8c%ba%e5%9f%9f%e6%9a%82%e6%97%a0%e6%ad%a4%e5%86%85%e5%ae%b9%e7%89%88%e6%9d%83%e5%a6%82%e8%ae%be%e7%bd%aevpn%e8%af%b7%e5%85%b3%e9%97%ad%e5%90%8e
437	jiaocheng	爱尔兰所在区域暂无此内容版权如设置VPN请关闭后重试：爱尔兰回国加速器华人解决版权限制的有效方法	2024-01-09 15:07:10	%e7%88%b1%e5%b0%94%e5%85%b0%e6%89%80%e5%9c%a8%e5%8c%ba%e5%9f%9f%e6%9a%82%e6%97%a0%e6%ad%a4%e5%86%85%e5%ae%b9%e7%89%88%e6%9d%83%e5%a6%82%e8%ae%be%e7%bd%aevpn%e8%af%b7%e5%85%b3%e9%97%ad%e5%90%8e
435	jiaocheng	在区域暂无此内容版权如设置vpn请关闭后重试：柬埔寨回国加速器华人解决版权限	2024-01-09 14:48:05	%e5%9c%a8%e5%8c%ba%e5%9f%9f%e6%9a%82%e6%97%a0%e6%ad%a4%e5%86%85%e5%ae%b9%e7%89%88%e6%9d%83%e5%a6%82%e8%ae%be%e7%bd%aevpn%e8%af%b7%e5%85%b3%e9%97%ad%e5%90%8e%e9%87%8d%e8%af%95%ef%bc%9a%e6%9f%ac
432	jiaocheng	阿根廷所在区域暂无此内容版权如设置VPN请关闭后重试：阿根廷华人的版权访问解决方案	2024-01-09 14:41:37	%e9%98%bf%e6%a0%b9%e5%bb%b7%e6%89%80%e5%9c%a8%e5%8c%ba%e5%9f%9f%e6%9a%82%e6%97%a0%e6%ad%a4%e5%86%85%e5%ae%b9%e7%89%88%e6%9d%83%e5%a6%82%e8%ae%be%e7%bd%aevpn%e8%af%b7%e5%85%b3%e9%97%ad%e5%90%8e
428	jiaocheng	阿拉伯回国加速器所在区域暂无此内容版权如设置VPN请关闭后重试：阿拉伯华人的版权访问解决方案	2024-01-09 14:34:12	%e9%98%bf%e6%8b%89%e4%bc%af%e5%9b%9e%e5%9b%bd%e5%8a%a0%e9%80%9f%e5%99%a8%e6%89%80%e5%9c%a8%e5%8c%ba%e5%9f%9f%e6%9a%82%e6%97%a0%e6%ad%a4%e5%86%85%e5%ae%b9%e7%89%88%e6%9d%83%e5%a6%82%e8%ae%be%e7%bd%aevp
424	jiaocheng	波多黎各所在区域暂无此内容版权如设置VPN请关闭后重试：波多黎各华人解决版权限制的有效方法	2024-01-09 14:12:07	%e6%b3%a2%e5%a4%9a%e9%bb%8e%e5%90%84%e6%89%80%e5%9c%a8%e5%8c%ba%e5%9f%9f%e6%9a%82%e6%97%a0%e6%ad%a4%e5%86%85%e5%ae%b9%e7%89%88%e6%9d%83%e5%a6%82%e8%ae%be%e7%bd%aevpn%e8%af%b7%e5%85%b3%e9%97%ad
421	jiaocheng	泰国您所在区域暂无此内容版权如设置VPN请关闭后重试：海外华人连接祖国的桥梁	2024-01-08 15:29:36	%e6%82%a8%e6%89%80%e5%9c%a8%e5%8c%ba%e5%9f%9f%e6%9a%82%e6%97%a0%e6%ad%a4%e5%86%85%e5%ae%b9%e7%89%88%e6%9d%83%e5%a6%82%e8%ae%be%e7%bd%aevpn%e8%af%b7%e5%85%b3%e9%97%ad%e5%90%8e%e9%87%8d%e8%af%95-2
416	jiaocheng	您所在区域暂无此内容版权如设置VPN请关闭后重试：海外华人链接中国多媒体内容的有效方法	2024-01-08 15:25:24	%e6%82%a8%e6%89%80%e5%9c%a8%e5%8c%ba%e5%9f%9f%e6%9a%82%e6%97%a0%e6%ad%a4%e5%86%85%e5%ae%b9%e7%89%88%e6%9d%83%e5%a6%82%e8%ae%be%e7%bd%aevpn%e8%af%b7%e5%85%b3%e9%97%ad%e5%90%8e%e9%87%8d%e8%af%95
413	yingyin	澳大利亚爱奇艺版权限制：海外华人的影视挑战	2024-01-08 15:09:23	%e6%be%b3%e5%a4%a7%e5%88%a9%e4%ba%9a%e7%88%b1%e5%a5%87%e8%89%ba%e7%89%88%e6%9d%83%e9%99%90%e5%88%b6%ef%bc%9a%e6%b5%b7%e5%a4%96%e5%8d%8e%e4%ba%ba%e7%9a%84%e5%bd%b1%e8%a7%86%e6%8c%91%e6%88%98
410	yingyin	西班牙爱奇艺版权限制：海外华人面临的版权限制挑战	2024-01-08 14:29:48	%e8%a5%bf%e7%8f%ad%e7%89%99%e7%88%b1%e5%a5%87%e8%89%ba%e7%89%88%e6%9d%83%e9%99%90%e5%88%b6%ef%bc%9a%e6%b5%b7%e5%a4%96%e5%8d%8e%e4%ba%ba%e9%9d%a2%e4%b8%b4%e7%9a%84%e7%89%88%e6%9d%83%e9%99%90%e5%88%b6
407	yingyin	越南爱奇艺版权限制：链接海外华人与国内影视内容的桥梁	2024-01-08 14:09:37	%e8%b6%8a%e5%8d%97%e7%88%b1%e5%a5%87%e8%89%ba%e7%89%88%e6%9d%83%e9%99%90%e5%88%b6%ef%bc%9a%e9%93%be%e6%8e%a5%e6%b5%b7%e5%a4%96%e5%8d%8e%e4%ba%ba%e4%b8%8e%e5%9b%bd%e5%86%85%e5%bd%b1%e8%a7%86%e5%86%85
400	yingyin	美国爱奇艺版权限制：海外华人如何绕过地理限制？	2024-01-08 11:34:10	%e7%be%8e%e5%9b%bd%e7%88%b1%e5%a5%87%e8%89%ba%e7%89%88%e6%9d%83%e9%99%90%e5%88%b6%ef%bc%9a%e6%b5%b7%e5%a4%96%e5%8d%8e%e4%ba%ba%e5%a6%82%e4%bd%95%e7%bb%95%e8%bf%87%e5%9c%b0%e7%90%86%e9%99%90%e5%88%b6
394	yingyin	爱奇艺版权限制：海外华人如何合理观看国内影视？	2024-01-06 14:48:06	%e7%88%b1%e5%a5%87%e8%89%ba%e7%89%88%e6%9d%83%e9%99%90%e5%88%b6%ef%bc%9a%e6%b5%b7%e5%a4%96%e5%8d%8e%e4%ba%ba%e5%a6%82%e4%bd%95%e5%90%88%e7%90%86%e8%a7%82%e7%9c%8b%e5%9b%bd%e5%86%85%e5%bd%b1%e8%a7%86
391	yingyin	爱奇艺国外版权限制：海外华人解决方法	2024-01-06 14:26:53	%e7%88%b1%e5%a5%87%e8%89%ba%e5%9b%bd%e5%a4%96%e7%89%88%e6%9d%83%e9%99%90%e5%88%b6%ef%bc%9a%e6%b5%b7%e5%a4%96%e5%8d%8e%e4%ba%ba%e8%a7%a3%e5%86%b3%e6%96%b9%e6%b3%95
388	yingyin	爱奇艺版权限制：海外华人的影视解决策略	2024-01-06 14:08:30	%e7%88%b1%e5%a5%87%e8%89%ba%e7%89%88%e6%9d%83%e9%99%90%e5%88%b6%ef%bc%9a%e6%b5%b7%e5%a4%96%e5%8d%8e%e4%ba%ba%e7%9a%84%e5%bd%b1%e8%a7%86%e8%a7%a3%e5%86%b3%e7%ad%96%e7%95%a5
383	yingyin	爱奇艺版权限制：海外华人的影视解决方案	2024-01-06 13:52:05	%e7%88%b1%e5%a5%87%e8%89%ba%e7%89%88%e6%9d%83%e9%99%90%e5%88%b6%ef%bc%9a%e6%b5%b7%e5%a4%96%e5%8d%8e%e4%ba%ba%e7%9a%84%e5%bd%b1%e8%a7%86%e8%a7%a3%e5%86%b3%e6%96%b9%e6%a1%88
378	yingyin	爱奇艺版权限制：海外华人如何克服国内影视app的版权限制？	2024-01-06 13:44:17	%e7%88%b1%e5%a5%87%e8%89%ba%e7%89%88%e6%9d%83%e9%99%90%e5%88%b6%ef%bc%9a%e6%b5%b7%e5%a4%96%e5%8d%8e%e4%ba%ba%e5%a6%82%e4%bd%95%e5%85%8b%e6%9c%8d%e5%9b%bd%e5%86%85%e5%bd%b1%e8%a7%86app%e7%9a%84
375	yingyin	爱奇艺版权限制：海外华人影视娱乐的桥梁	2024-01-06 11:48:07	%e7%88%b1%e5%a5%87%e8%89%ba%e7%89%88%e6%9d%83%e9%99%90%e5%88%b6%ef%bc%9a%e6%b5%b7%e5%a4%96%e5%8d%8e%e4%ba%ba%e5%bd%b1%e8%a7%86%e5%a8%b1%e4%b9%90%e7%9a%84%e6%a1%a5%e6%a2%81
370	yingyin	爱奇艺版权限制：海外华人解决版权访问的有效工具	2024-01-05 19:18:57	%e7%88%b1%e5%a5%87%e8%89%ba%e7%89%88%e6%9d%83%e9%99%90%e5%88%b6%ef%bc%9a%e6%b5%b7%e5%a4%96%e5%8d%8e%e4%ba%ba%e8%a7%a3%e5%86%b3%e7%89%88%e6%9d%83%e8%ae%bf%e9%97%ae%e7%9a%84%e6%9c%89%e6%95%88%e5%b7%a5
368	yingyin	爱奇艺版权限制：海外华人的番剧观看障碍解决	2024-01-05 19:14:34	%e7%88%b1%e5%a5%87%e8%89%ba%e7%89%88%e6%9d%83%e9%99%90%e5%88%b6%ef%bc%9a%e6%b5%b7%e5%a4%96%e5%8d%8e%e4%ba%ba%e7%9a%84%e7%95%aa%e5%89%a7%e8%a7%82%e7%9c%8b%e9%9a%9c%e7%a2%8d%e8%a7%a3%e5%86%b3
366	jiaocheng	由于版权限制您所在的地区无法观看：海外华人的理想解决方案	2024-01-05 14:32:20	%e7%94%b1%e4%ba%8e%e7%89%88%e6%9d%83%e9%99%90%e5%88%b6%e6%82%a8%e6%89%80%e5%9c%a8%e7%9a%84%e5%9c%b0%e5%8c%ba%e6%97%a0%e6%b3%95%e8%a7%82%e7%9c%8b%ef%bc%9a%e6%b5%b7%e5%a4%96%e5%8d%8e%e4%ba%ba%e7%9a%84-7
363	jiaocheng	由于版权限制您所在的地区无法观看：海外华人影视解决方案	2024-01-05 14:24:05	%e7%94%b1%e4%ba%8e%e7%89%88%e6%9d%83%e9%99%90%e5%88%b6%e6%82%a8%e6%89%80%e5%9c%a8%e7%9a%84%e5%9c%b0%e5%8c%ba%e6%97%a0%e6%b3%95%e8%a7%82%e7%9c%8b%ef%bc%9a%e6%b5%b7%e5%a4%96%e5%8d%8e%e4%ba%ba%e5%bd%b1
360	yingyin	由于版权限制您所在的地区无法观看该视频：海外华人的影视解决指南	2024-01-05 14:07:31	%e7%94%b1%e4%ba%8e%e7%89%88%e6%9d%83%e9%99%90%e5%88%b6%e6%82%a8%e6%89%80%e5%9c%a8%e7%9a%84%e5%9c%b0%e5%8c%ba%e6%97%a0%e6%b3%95%e8%a7%82%e7%9c%8b%e8%af%a5%e8%a7%86%e9%a2%91%ef%bc%9a%e6%b5%b7%e5%a4%96
357	jiaocheng	由于版权限制您所在的地区无法观看：海外华人的版权限制解决工具	2024-01-05 14:03:20	%e7%94%b1%e4%ba%8e%e7%89%88%e6%9d%83%e9%99%90%e5%88%b6%e6%82%a8%e6%89%80%e5%9c%a8%e7%9a%84%e5%9c%b0%e5%8c%ba%e6%97%a0%e6%b3%95%e8%a7%82%e7%9c%8b%ef%bc%9a%e6%b5%b7%e5%a4%96%e5%8d%8e%e4%ba%ba%e7%9a%84-6
355	jiaocheng	由于版权限制您所在的地区无法观看：海外华人的版权限制解决策略	2024-01-05 13:54:24	%e7%94%b1%e4%ba%8e%e7%89%88%e6%9d%83%e9%99%90%e5%88%b6%e6%82%a8%e6%89%80%e5%9c%a8%e7%9a%84%e5%9c%b0%e5%8c%ba%e6%97%a0%e6%b3%95%e8%a7%82%e7%9c%8b%ef%bc%9a%e6%b5%b7%e5%a4%96%e5%8d%8e%e4%ba%ba%e7%9a%84-5
351	yingyin	由于版权限制您所在的地区无法观看电影：链接海外华人与国内影视内容	2024-01-05 13:45:09	%e7%94%b1%e4%ba%8e%e7%89%88%e6%9d%83%e9%99%90%e5%88%b6%e6%82%a8%e6%89%80%e5%9c%a8%e7%9a%84%e5%9c%b0%e5%8c%ba%e6%97%a0%e6%b3%95%e8%a7%82%e7%9c%8b%e7%94%b5%e5%bd%b1%ef%bc%9a%e9%93%be%e6%8e%a5%e6%b5%b7
346	jiaocheng	由于版权限制您所在的地区无法观看该电视剧：海外华人解决版权限制的完美方案	2024-01-04 18:03:22	%e7%94%b1%e4%ba%8e%e7%89%88%e6%9d%83%e9%99%90%e5%88%b6%e6%82%a8%e6%89%80%e5%9c%a8%e7%9a%84%e5%9c%b0%e5%8c%ba%e6%97%a0%e6%b3%95%e8%a7%82%e7%9c%8b%e8%af%a5%e7%94%b5%e8%a7%86%e5%89%a7%ef%bc%9a%e6%b5%b7
342	jiaocheng	由于版权限制您所在的地区无法观看该视：海外华人的最佳解决方案	2024-01-04 17:47:13	%e7%94%b1%e4%ba%8e%e7%89%88%e6%9d%83%e9%99%90%e5%88%b6%e6%82%a8%e6%89%80%e5%9c%a8%e7%9a%84%e5%9c%b0%e5%8c%ba%e6%97%a0%e6%b3%95%e8%a7%82%e7%9c%8b%e8%af%a5%e8%a7%86%ef%bc%9a%e6%b5%b7%e5%a4%96%e5%8d%8e-6
339	jiaocheng	由于版权限制您所在的地区无法观看：海外华人的影视解决神器	2024-01-03 16:41:57	%e7%94%b1%e4%ba%8e%e7%89%88%e6%9d%83%e9%99%90%e5%88%b6%e6%82%a8%e6%89%80%e5%9c%a8%e7%9a%84%e5%9c%b0%e5%8c%ba%e6%97%a0%e6%b3%95%e8%a7%82%e7%9c%8b%ef%bc%9a%e6%b5%b7%e5%a4%96%e5%8d%8e%e4%ba%ba%e7%9a%84-4
336	jiaocheng	由于版权限制您所在的地区无法观看该视：海外华人的影视娱乐解决方案	2024-01-03 16:37:49	%e7%94%b1%e4%ba%8e%e7%89%88%e6%9d%83%e9%99%90%e5%88%b6%e6%82%a8%e6%89%80%e5%9c%a8%e7%9a%84%e5%9c%b0%e5%8c%ba%e6%97%a0%e6%b3%95%e8%a7%82%e7%9c%8b%e8%af%a5%e8%a7%86%ef%bc%9a%e6%b5%b7%e5%a4%96%e5%8d%8e-5
333	yingyin	由于版权限制您所在的地区无法观看该视：海外华人的视频观看解决策略	2024-01-03 16:32:08	%e7%94%b1%e4%ba%8e%e7%89%88%e6%9d%83%e9%99%90%e5%88%b6%e6%82%a8%e6%89%80%e5%9c%a8%e7%9a%84%e5%9c%b0%e5%8c%ba%e6%97%a0%e6%b3%95%e8%a7%82%e7%9c%8b%e8%af%a5%e8%a7%86%ef%bc%9a%e6%b5%b7%e5%a4%96%e5%8d%8e-4
328	jiaocheng	由于版权限制您所在的地区无法观看该视：海外华人的理想影视解决方案	2024-01-03 16:23:51	%e7%94%b1%e4%ba%8e%e7%89%88%e6%9d%83%e9%99%90%e5%88%b6%e6%82%a8%e6%89%80%e5%9c%a8%e7%9a%84%e5%9c%b0%e5%8c%ba%e6%97%a0%e6%b3%95%e8%a7%82%e7%9c%8b%e8%af%a5%e8%a7%86%ef%bc%9a%e6%b5%b7%e5%a4%96%e5%8d%8e-3
323	jiaocheng	由于版权限制您所在的地区无法观看该视：海外华人的理想影视解决方案	2024-01-02 14:09:39	%e7%94%b1%e4%ba%8e%e7%89%88%e6%9d%83%e9%99%90%e5%88%b6%e6%82%a8%e6%89%80%e5%9c%a8%e7%9a%84%e5%9c%b0%e5%8c%ba%e6%97%a0%e6%b3%95%e8%a7%82%e7%9c%8b%e8%af%a5%e8%a7%86%ef%bc%9a%e6%b5%b7%e5%a4%96%e5%8d%8e-2
321	jiaocheng	由于版权限制您所在的地区无法观看：海外华人的影视版权限制挑战	2024-01-02 14:05:58	%e7%94%b1%e4%ba%8e%e7%89%88%e6%9d%83%e9%99%90%e5%88%b6%e6%82%a8%e6%89%80%e5%9c%a8%e7%9a%84%e5%9c%b0%e5%8c%ba%e6%97%a0%e6%b3%95%e8%a7%82%e7%9c%8b%ef%bc%9a%e6%b5%b7%e5%a4%96%e5%8d%8e%e4%ba%ba%e7%9a%84-3
318	jiaocheng	由于版权限制您所在的地区无法观看：海外华人的影视解决神器	2024-01-02 13:59:46	%e7%94%b1%e4%ba%8e%e7%89%88%e6%9d%83%e9%99%90%e5%88%b6%e6%82%a8%e6%89%80%e5%9c%a8%e7%9a%84%e5%9c%b0%e5%8c%ba%e6%97%a0%e6%b3%95%e8%a7%82%e7%9c%8b%ef%bc%9a%e6%b5%b7%e5%a4%96%e5%8d%8e%e4%ba%ba%e7%9a%84-2
315	jiaocheng	由于版权限制您所在的地区无法观看：海外华人遇到的问题的完美解决策略	2024-01-02 13:52:12	%e7%94%b1%e4%ba%8e%e7%89%88%e6%9d%83%e9%99%90%e5%88%b6%e6%82%a8%e6%89%80%e5%9c%a8%e7%9a%84%e5%9c%b0%e5%8c%ba%e6%97%a0%e6%b3%95%e8%a7%82%e7%9c%8b%ef%bc%9a%e6%b5%b7%e5%a4%96%e5%8d%8e%e4%ba%ba%e9%81%87
312	jiaocheng	由于版权限制您所在的地区无法观看：海外华人的视听佳解决方案	2023-12-29 16:46:43	%e7%94%b1%e4%ba%8e%e7%89%88%e6%9d%83%e9%99%90%e5%88%b6%e6%82%a8%e6%89%80%e5%9c%a8%e7%9a%84%e5%9c%b0%e5%8c%ba%e6%97%a0%e6%b3%95%e8%a7%82%e7%9c%8b%ef%bc%9a%e6%b5%b7%e5%a4%96%e5%8d%8e%e4%ba%ba%e7%9a%84
308	jiaocheng	由于版权限制您所在的地区无法观看该视：海外华人的影视解决方案	2023-12-29 12:12:15	%e7%94%b1%e4%ba%8e%e7%89%88%e6%9d%83%e9%99%90%e5%88%b6%e6%82%a8%e6%89%80%e5%9c%a8%e7%9a%84%e5%9c%b0%e5%8c%ba%e6%97%a0%e6%b3%95%e8%a7%82%e7%9c%8b%e8%af%a5%e8%a7%86%ef%bc%9a%e6%b5%b7%e5%a4%96%e5%8d%8e
302	yingyin	爱奇艺 因版权限制：海外华人的影视解决方案	2023-12-28 14:35:06	%e7%88%b1%e5%a5%87%e8%89%ba-%e5%9b%a0%e7%89%88%e6%9d%83%e9%99%90%e5%88%b6%ef%bc%9a%e6%b5%b7%e5%a4%96%e5%8d%8e%e4%ba%ba%e7%9a%84%e5%bd%b1%e8%a7%86%e8%a7%a3%e5%86%b3%e6%96%b9%e6%a1%88
297	yingyin	爱奇艺因版权限制：海外华人的影视挑战解决策略	2023-12-28 14:03:29	%e7%88%b1%e5%a5%87%e8%89%ba%e5%9b%a0%e7%89%88%e6%9d%83%e9%99%90%e5%88%b6%ef%bc%9a%e6%b5%b7%e5%a4%96%e5%8d%8e%e4%ba%ba%e7%9a%84%e5%bd%b1%e8%a7%86%e6%8c%91%e6%88%98%e8%a7%a3%e5%86%b3%e7%ad%96%e7%95%a5
292	yingyin	爱奇艺因版权限制：海外华人的神器，回国加速器	2023-12-28 13:49:46	%e7%88%b1%e5%a5%87%e8%89%ba%e5%9b%a0%e7%89%88%e6%9d%83%e9%99%90%e5%88%b6%ef%bc%9a%e6%b5%b7%e5%a4%96%e5%8d%8e%e4%ba%ba%e7%9a%84%e7%a5%9e%e5%99%a8%ef%bc%8c%e5%9b%9e%e5%9b%bd%e5%8a%a0%e9%80%9f%e5%99%a8
288	yingyin	爱奇艺海外版权限制：海外华人的影视娱乐解决方案	2023-12-28 12:51:35	%e7%88%b1%e5%a5%87%e8%89%ba%e6%b5%b7%e5%a4%96%e7%89%88%e6%9d%83%e9%99%90%e5%88%b6%ef%bc%9a%e6%b5%b7%e5%a4%96%e5%8d%8e%e4%ba%ba%e7%9a%84%e5%bd%b1%e8%a7%86%e5%a8%b1%e4%b9%90%e8%a7%a3%e5%86%b3%e6%96%b9
284	yingyin	爱奇艺因版权限制：海外华人的理想影音平台	2023-12-27 15:14:05	%e7%88%b1%e5%a5%87%e8%89%ba%e5%9b%a0%e7%89%88%e6%9d%83%e9%99%90%e5%88%b6%ef%bc%9a%e6%b5%b7%e5%a4%96%e5%8d%8e%e4%ba%ba%e7%9a%84%e7%90%86%e6%83%b3%e5%bd%b1%e9%9f%b3%e5%b9%b3%e5%8f%b0
280	yingyin	爱奇艺因版权限制：海外华人的在线娱乐解决方案	2023-12-27 15:06:48	%e7%88%b1%e5%a5%87%e8%89%ba%e5%9b%a0%e7%89%88%e6%9d%83%e9%99%90%e5%88%b6%ef%bc%9a%e6%b5%b7%e5%a4%96%e5%8d%8e%e4%ba%ba%e7%9a%84%e5%9c%a8%e7%ba%bf%e5%a8%b1%e4%b9%90%e8%a7%a3%e5%86%b3%e6%96%b9%e6%a1%88
276	yingyin	爱奇艺因版权限制的绝佳解决策略	2023-12-27 14:53:29	%e7%88%b1%e5%a5%87%e8%89%ba%e5%9b%a0%e7%89%88%e6%9d%83%e9%99%90%e5%88%b6%e7%9a%84%e7%bb%9d%e4%bd%b3%e8%a7%a3%e5%86%b3%e7%ad%96%e7%95%a5
266	yingyin	爱奇艺，海外华人的娱乐桥梁	2023-12-27 14:42:04	%e7%88%b1%e5%a5%87%e8%89%ba%ef%bc%8c%e6%b5%b7%e5%a4%96%e5%8d%8e%e4%ba%ba%e7%9a%84%e5%a8%b1%e4%b9%90%e6%a1%a5%e6%a2%81
255	yingyin	爱奇艺因版权限制：海外华人的影音娱乐利器	2023-12-26 15:47:46	%e7%88%b1%e5%a5%87%e8%89%ba%e5%9b%a0%e7%89%88%e6%9d%83%e9%99%90%e5%88%b6%ef%bc%9a%e6%b5%b7%e5%a4%96%e5%8d%8e%e4%ba%ba%e7%9a%84%e5%bd%b1%e9%9f%b3%e5%a8%b1%e4%b9%90%e5%88%a9%e5%99%a8
253	yingyin	爱奇艺地区版权限制	2023-12-26 15:26:53	%e7%88%b1%e5%a5%87%e8%89%ba%e5%9c%b0%e5%8c%ba%e7%89%88%e6%9d%83%e9%99%90%e5%88%b6
237	yingyin	爱奇艺海外版权限制：连接海外华人与国内影视	2023-12-26 15:15:06	%e7%88%b1%e5%a5%87%e8%89%ba%e6%b5%b7%e5%a4%96%e7%89%88%e6%9d%83%e9%99%90%e5%88%b6%ef%bc%9a%e8%bf%9e%e6%8e%a5%e6%b5%b7%e5%a4%96%e5%8d%8e%e4%ba%ba%e4%b8%8e%e5%9b%bd%e5%86%85%e5%bd%b1%e8%a7%86
234	yingyin	爱奇艺 因版权限制：海外华人的影视娱乐解决方案	2023-12-26 15:06:21	%e7%88%b1%e5%a5%87%e8%89%ba-%e5%9b%a0%e7%89%88%e6%9d%83%e9%99%90%e5%88%b6%ef%bc%9a%e6%b5%b7%e5%a4%96%e5%8d%8e%e4%ba%ba%e7%9a%84%e5%bd%b1%e8%a7%86%e5%a8%b1%e4%b9%90%e8%a7%a3%e5%86%b3%e6%96%b9%e6%a1%88
230	jiaocheng	解决版权限制：海外华人的连接桥	2023-12-25 15:26:15	%e8%a7%a3%e5%86%b3%e7%89%88%e6%9d%83%e9%99%90%e5%88%b6%ef%bc%9a%e6%b5%b7%e5%a4%96%e5%8d%8e%e4%ba%ba%e7%9a%84%e8%bf%9e%e6%8e%a5%e6%a1%a5
215	yingyin	解决爱奇艺地区限制：海外华人的文娱桥梁	2023-12-25 15:20:26	%e8%a7%a3%e5%86%b3%e7%88%b1%e5%a5%87%e8%89%ba%e5%9c%b0%e5%8c%ba%e9%99%90%e5%88%b6%ef%bc%9a%e6%b5%b7%e5%a4%96%e5%8d%8e%e4%ba%ba%e7%9a%84%e6%96%87%e5%a8%b1%e6%a1%a5%e6%a2%81
210	youxi	《永劫无间》PC您所在的地区被限制登录怎么办？解决方法一网打尽	2023-12-18 18:47:29	%e3%80%8a%e6%b0%b8%e5%8a%ab%e6%97%a0%e9%97%b4%e3%80%8bpc%e6%82%a8%e6%89%80%e5%9c%a8%e7%9a%84%e5%9c%b0%e5%8c%ba%e8%a2%ab%e9%99%90%e5%88%b6%e7%99%bb%e5%bd%95%e6%80%8e%e4%b9%88%e5%8a%9e%ef%bc%9f%e8%a7%a3
192	youxi	在外国使用Steam国服？详细介绍国外玩国内游戏	2023-12-15 14:17:07	%e5%9c%a8%e5%a4%96%e5%9b%bd%e4%bd%bf%e7%94%a8steam%e5%9b%bd%e6%9c%8d%ef%bc%9f%e8%af%a6%e7%bb%86%e4%bb%8b%e7%bb%8d%e5%9b%bd%e5%a4%96%e7%8e%a9%e5%9b%bd%e5%86%85%e6%b8%b8%e6%88%8f
176	youxi	国外的玩家能不能玩国内的冒险岛？详细解决连接问题的步骤	2023-12-12 19:54:36	%e5%9b%bd%e5%a4%96%e7%9a%84%e7%8e%a9%e5%ae%b6%e8%83%bd%e4%b8%8d%e8%83%bd%e7%8e%a9%e5%9b%bd%e5%86%85%e7%9a%84%e5%86%92%e9%99%a9%e5%b2%9b%ef%bc%9f%e8%af%a6%e7%bb%86%e8%a7%a3%e5%86%b3%e8%bf%9e%e6%8e%a5
156	jiaocheng	翻墙回国VPN-推荐番茄加速器	2023-12-07 14:04:10	%e7%bf%bb%e5%a2%99%e5%9b%9e%e5%9b%bdvpn-%e6%8e%a8%e8%8d%90%e7%95%aa%e8%8c%84%e5%8a%a0%e9%80%9f%e5%99%a8
153	yingyin	轻松解除优酷区域限制-番茄加速器	2023-12-05 17:51:39	%e8%bd%bb%e6%9d%be%e8%a7%a3%e9%99%a4%e4%bc%98%e9%85%b7%e5%8c%ba%e5%9f%9f%e9%99%90%e5%88%b6-%e7%95%aa%e8%8c%84%e5%8a%a0%e9%80%9f%e5%99%a8
148	yingyin	在国内看国外视频限制如何解决，打破视听界限！	2023-12-04 20:33:11	%e5%9c%a8%e5%9b%bd%e5%86%85%e7%9c%8b%e5%9b%bd%e5%a4%96%e8%a7%86%e9%a2%91%e9%99%90%e5%88%b6%e5%a6%82%e4%bd%95%e8%a7%a3%e5%86%b3%ef%bc%8c%e6%89%93%e7%a0%b4%e8%a7%86%e5%90%ac%e7%95%8c%e9%99%90%ef%bc%81
132	jiaocheng	打破界限，尽在指尖：解锁海外地域限制App的终极指南	2023-12-02 19:01:38	%e6%89%93%e7%a0%b4%e7%95%8c%e9%99%90%ef%bc%8c%e5%b0%bd%e5%9c%a8%e6%8c%87%e5%b0%96%ef%bc%9a%e8%a7%a3%e9%94%81%e6%b5%b7%e5%a4%96%e5%9c%b0%e5%9f%9f%e9%99%90%e5%88%b6app%e7%9a%84%e7%bb%88%e6%9e%81
127	yingyin	国外地域限制如何使用爱奇艺-破解国外地域限制	2023-12-01 17:02:13	%e5%9b%bd%e5%a4%96%e5%9c%b0%e5%9f%9f%e9%99%90%e5%88%b6%e5%a6%82%e4%bd%95%e4%bd%bf%e7%94%a8%e7%88%b1%e5%a5%87%e8%89%ba-%e7%a0%b4%e8%a7%a3%e5%9b%bd%e5%a4%96%e5%9c%b0%e5%9f%9f%e9%99%90%e5%88%b6
108	jiaocheng	解锁国外地域限制的妙招：克服地域限制的指南	2023-12-01 15:54:56	%e8%a7%a3%e9%94%81%e5%9b%bd%e5%a4%96%e5%9c%b0%e5%9f%9f%e9%99%90%e5%88%b6%e7%9a%84%e5%a6%99%e6%8b%9b%ef%bc%9a%e5%85%8b%e6%9c%8d%e5%9c%b0%e5%9f%9f%e9%99%90%e5%88%b6%e7%9a%84%e6%8c%87%e5%8d%97
98	jiaocheng	免费加速器：解锁网络的便捷利器	2023-11-30 20:28:16	%e5%85%8d%e8%b4%b9%e5%8a%a0%e9%80%9f%e5%99%a8%ef%bc%9a%e8%a7%a3%e9%94%81%e7%bd%91%e7%bb%9c%e7%9a%84%e4%be%bf%e6%8d%b7%e5%88%a9%e5%99%a8
