[2026-09-10 18:02:32] batch start=30 n=50
  4806 -> posts/youxi-huiguo-youxi/2026-01-06-人在国外延迟太高？聊聊美国玩国服lol到底该怎么.md (27 chars)
  4805 -> posts/youxi-huiguo-youxi/2026-01-05-经常卡顿掉线，到底海外玩国服游戏用什么加速器.md (28 chars)
  4804 -> posts/youxi-huiguo-youxi/2026-01-05-聊聊穿梭可以玩游戏吗？国服延迟太高到底该怎么.md (38 chars)
  4803 -> posts/jiaocheng-shiyong-jiaocheng/2026-01-05-聊聊让人头疼的国外区域限制：为何连不上国内网.md (31 chars)
  4802 -> posts/youxi-huiguo-youxi/2026-01-05-留学生亲身体验：到底国外玩中国游戏什么加速器.md (34 chars)
  4801 -> posts/youxi-huiguo-youxi/2026-01-05-美国怎么玩国服lol经常掉线？教你如何稳定连接不.md (27 chars)
  4800 -> posts/youxi-huiguo-youxi/2026-01-05-免费海外游戏加速器真能降低延迟吗？解决国服卡.md (31 chars)
  4799 -> posts/youxi-huiguo-youxi/2026-01-05-欧洲玩港台游戏加速器哪个好？海外党亲测告诉你.md (34 chars)
  4798 -> posts/youxi-huiguo-youxi/2026-01-05-人在澳洲打王者延迟总是460？聊聊怎么稳定连回国.md (31 chars)
  4797 -> posts/jiaocheng-shiyong-jiaocheng/2026-01-05-人在澳洲玩国服加速器该怎么挑？我的低延迟心得.md (33 chars)
  4796 -> posts/youxi-huiguo-youxi/2026-01-05-人在澳洲玩王者荣耀用什么加速器？解决延迟的个.md (27 chars)
  4795 -> posts/youxi-huiguo-youxi/2026-01-05-人在多伦多玩国服总是卡？解决加拿大王者荣耀延.md (31 chars)
  4794 -> posts/youxi-huiguo-youxi/2026-01-05-人在国外很卡？聊聊海外玩国服加速器知乎都在用.md (37 chars)
  4793 -> posts/youxi-huiguo-youxi/2026-01-05-人在国外玩国服老掉线？聊聊怎么搞定海外回国加.md (37 chars)
  4792 -> posts/youxi-huiguo-youxi/2026-01-05-人在国外玩国服总是460？聊聊怎么挑选好用的海外.md (35 chars)
  4791 -> posts/yingyin-huiguo-yingyin/2026-01-04-人在国外追剧总受限？到底海外怎么看爱奇艺才顺.md (19 chars)
  4790 -> posts/yingyin-huiguo-yingyin/2026-01-04-人在海外想看nba直播？聊聊国外怎么看腾讯体育的.md (21 chars)
  4789 -> posts/yingyin-huiguo-yingyin/2026-01-04-人在海外想看剧听歌却受阻？聊聊地区限制怎么办.md (34 chars)
  4788 -> posts/yingyin-huiguo-yingyin/2026-01-04-人在海外想看剧玩国服遇到国外地域限制怎么办？.md (20 chars)
  4787 -> posts/yingyin-huiguo-yingyin/2026-01-04-人在海外怎么解除地区限制？国外怎么看腾讯视频.md (31 chars)
  4786 -> posts/yingyin-huiguo-yingyin/2026-01-04-人在海外怎么解除地区限制？聊聊国外看优酷的有.md (29 chars)
  4785 -> posts/yingyin-huiguo-yingyin/2025-12-30-人在国外想追剧？教你轻松搞定海外看爱奇艺的地.md (23 chars)
  4784 -> posts/yingyin-huiguo-yingyin/2025-12-30-人在国外想追剧？聊聊爱奇艺怎么解除地域限制的.md (30 chars)
  4783 -> posts/yingyin-huiguo-yingyin/2025-12-30-人在国外想追剧老显示地区限制，到底海外可以看.md (20 chars)
  4782 -> posts/jiaocheng-shiyong-jiaocheng/2025-12-30-人在国外心很累？教你一招快速搞定海外破解地域.md (22 chars)
  4781 -> posts/jiaocheng-shiyong-jiaocheng/2025-12-30-人在国外怎么搞定安卓解除app地区限制？聊聊我的.md (19 chars)
  4780 -> posts/yingyin-huiguo-yingyin/2025-12-30-人在国外总是看不了视频？试试这个解锁海外地域.md (30 chars)
  4779 -> posts/jiaocheng-shiyong-jiaocheng/2025-12-30-人在国外总遇版权受限？教你如何免费解除地域限.md (32 chars)
  4778 -> posts/youxi-huiguo-youxi/2025-12-30-人在海外除了找国外好玩的手游，到底怎么解决国.md (20 chars)
  4777 -> posts/yingyin-huiguo-yingyin/2025-12-30-人在海外很焦虑：想在美国看腾讯视频却总显示地.md (27 chars)
  4776 -> posts/jiaocheng-shiyong-jiaocheng/2025-12-30-人在海外看不了比赛？聊聊怎么搞定烦人的咪咕地.md (31 chars)
  4775 -> posts/yingyin-huiguo-yingyin/2025-12-30-人在海外看番总受阻？聊聊我是如何解锁bilibili地区限.md (17 chars)
  4773 -> posts/jiaocheng-shiyong-jiaocheng/2025-12-27-咪咕海外看不了怎么办？教你用简单方法解决地区.md (19 chars)
  4772 -> posts/jiaocheng-shiyong-jiaocheng/2025-12-27-人在国外如何顺畅使用国内app？聊聊海外破解地域.md (18 chars)
  4771 -> posts/yingyin-huiguo-yingyin/2025-12-27-人在国外视频总受限？搞懂海外如何看腾讯其实很.md (28 chars)
  4770 -> posts/yingyin-huiguo-yingyin/2025-12-27-人在国外突然发现解除bilibili地区限制失效了该怎么处.md (24 chars)
  4769 -> posts/jiaocheng-shiyong-jiaocheng/2025-12-27-人在国外怎么搞定地区限制？海外看国内电视剧的.md (28 chars)
  4768 -> posts/yingyin-huiguo-yingyin/2025-12-27-人在国外怎么看番？解除bilibili地区限制的操作心得.md (19 chars)
  4767 -> posts/jiaocheng-shiyong-jiaocheng/2025-12-27-人在国外怎么挑解除地域限制的软件才不踩雷？.md (20 chars)
  4766 -> posts/yinyue-yinyue-yinpin/2025-12-26-听不了书怎么办？海外喜马拉雅如何解除地域限制.md (23 chars)
  4765 -> posts/yingyin-huiguo-yingyin/2025-12-26-为什么屏幕上总跳出抱歉您访问的视频版权受限暂.md (31 chars)
  4764 -> posts/yingyin-huiguo-yingyin/2025-12-26-想追剧却受阻？聊聊海外看电视地区限制怎么办才.md (27 chars)
  4763 -> posts/jiaocheng-shiyong-jiaocheng/2025-12-26-遇到穿梭看不了咪咕这种情况到底该换什么软件？.md (19 chars)
  4762 -> posts/yingyin-huiguo-yingyin/2025-12-26-遇到解除b站区域限制非常抱歉提示时，我是怎么一.md (21 chars)
  4761 -> posts/jiaocheng-shiyong-jiaocheng/2025-12-26-遇到您所在的地区无法观看本片提示到底该怎么解.md (19 chars)
  4760 -> posts/yingyin-huiguo-yingyin/2025-12-23-到了海外追剧老受限？告诉你国外怎么看爱奇艺才.md (24 chars)
  4759 -> posts/yingyin-huiguo-yingyin/2025-12-23-为什么境外看不了腾讯视频？试试这个简单的解决.md (30 chars)
  4758 -> posts/yingyin-huiguo-yingyin/2025-12-23-怎样才能让海外看剧不受地域的限制并且告别加载.md (23 chars)
  4757 -> posts/jiaocheng-shiyong-jiaocheng/2025-12-23-这种地區限制無法觀看的情况到底怎么搞定？别再.md (22 chars)
  4756 -> posts/yingyin-huiguo-yingyin/2025-12-23-追剧党心累：爱奇艺在国外能用吗？试试这个简单.md (23 chars)
done: ok=50 fail=0
[main ff7228d] publish: posts batch start=30 n=50 (total 80)
 50 files changed, 450 insertions(+)
 create mode 100644 "posts/jiaocheng-shiyong-jiaocheng/2025-12-23-\350\277\231\347\247\215\345\234\260\345\215\200\351\231\220\345\210\266\347\204\241\346\263\225\350\247\200\347\234\213\347\232\204\346\203\205\345\206\265\345\210\260\345\272\225\346\200\216\344\271\210\346\220\236\345\256\232\357\274\237\345\210\253\345\206\215.md"
 create mode 100644 "posts/jiaocheng-shiyong-jiaocheng/2025-12-26-\351\201\207\345\210\260\346\202\250\346\211\200\345\234\250\347\232\204\345\234\260\345\214\272\346\227\240\346\263\225\350\247\202\347\234\213\346\234\254\347\211\207\346\217\220\347\244\272\345\210\260\345\272\225\350\257\245\346\200\216\344\271\210\350\247\243.md"
 create mode 100644 "posts/jiaocheng-shiyong-jiaocheng/2025-12-26-\351\201\207\345\210\260\347\251\277\346\242\255\347\234\213\344\270\215\344\272\206\345\222\252\345\222\225\350\277\231\347\247\215\346\203\205\345\206\265\345\210\260\345\272\225\350\257\245\346\215\242\344\273\200\344\271\210\350\275\257\344\273\266\357\274\237.md"
 create mode 100644 "posts/jiaocheng-shiyong-jiaocheng/2025-12-27-\344\272\272\345\234\250\345\233\275\345\244\226\345\246\202\344\275\225\351\241\272\347\225\205\344\275\277\347\224\250\345\233\275\345\206\205app\357\274\237\350\201\212\350\201\212\346\265\267\345\244\226\347\240\264\350\247\243\345\234\260\345\237\237.md"
 create mode 100644 "posts/jiaocheng-shiyong-jiaocheng/2025-12-27-\344\272\272\345\234\250\345\233\275\345\244\226\346\200\216\344\271\210\346\214\221\350\247\243\351\231\244\345\234\260\345\237\237\351\231\220\345\210\266\347\232\204\350\275\257\344\273\266\346\211\215\344\270\215\350\270\251\351\233\267\357\274\237.md"
 create mode 100644 "posts/jiaocheng-shiyong-jiaocheng/2025-12-27-\344\272\272\345\234\250\345\233\275\345\244\226\346\200\216\344\271\210\346\220\236\345\256\232\345\234\260\345\214\272\351\231\220\345\210\266\357\274\237\346\265\267\345\244\226\347\234\213\345\233\275\345\206\205\347\224\265\350\247\206\345\211\247\347\232\204.md"
 create mode 100644 "posts/jiaocheng-shiyong-jiaocheng/2025-12-27-\345\222\252\345\222\225\346\265\267\345\244\226\347\234\213\344\270\215\344\272\206\346\200\216\344\271\210\345\212\236\357\274\237\346\225\231\344\275\240\347\224\250\347\256\200\345\215\225\346\226\271\346\263\225\350\247\243\345\206\263\345\234\260\345\214\272.md"
 create mode 100644 "posts/jiaocheng-shiyong-jiaocheng/2025-12-30-\344\272\272\345\234\250\345\233\275\345\244\226\345\277\203\345\276\210\347\264\257\357\274\237\346\225\231\344\275\240\344\270\200\346\213\233\345\277\253\351\200\237\346\220\236\345\256\232\346\265\267\345\244\226\347\240\264\350\247\243\345\234\260\345\237\237.md"
 create mode 100644 "posts/jiaocheng-shiyong-jiaocheng/2025-12-30-\344\272\272\345\234\250\345\233\275\345\244\226\346\200\216\344\271\210\346\220\236\345\256\232\345\256\211\345\215\223\350\247\243\351\231\244app\345\234\260\345\214\272\351\231\220\345\210\266\357\274\237\350\201\212\350\201\212\346\210\221\347\232\204.md"
 create mode 100644 "posts/jiaocheng-shiyong-jiaocheng/2025-12-30-\344\272\272\345\234\250\345\233\275\345\244\226\346\200\273\351\201\207\347\211\210\346\235\203\345\217\227\351\231\220\357\274\237\346\225\231\344\275\240\345\246\202\344\275\225\345\205\215\350\264\271\350\247\243\351\231\244\345\234\260\345\237\237\351\231\220.md"
 create mode 100644 "posts/jiaocheng-shiyong-jiaocheng/2025-12-30-\344\272\272\345\234\250\346\265\267\345\244\226\347\234\213\344\270\215\344\272\206\346\257\224\350\265\233\357\274\237\350\201\212\350\201\212\346\200\216\344\271\210\346\220\236\345\256\232\347\203\246\344\272\272\347\232\204\345\222\252\345\222\225\345\234\260.md"
 create mode 100644 "posts/jiaocheng-shiyong-jiaocheng/2026-01-05-\344\272\272\345\234\250\346\276\263\346\264\262\347\216\251\345\233\275\346\234\215\345\212\240\351\200\237\345\231\250\350\257\245\346\200\216\344\271\210\346\214\221\357\274\237\346\210\221\347\232\204\344\275\216\345\273\266\350\277\237\345\277\203\345\276\227.md"
 create mode 100644 "posts/jiaocheng-shiyong-jiaocheng/2026-01-05-\350\201\212\350\201\212\350\256\251\344\272\272\345\244\264\347\226\274\347\232\204\345\233\275\345\244\226\345\214\272\345\237\237\351\231\220\345\210\266\357\274\232\344\270\272\344\275\225\350\277\236\344\270\215\344\270\212\345\233\275\345\206\205\347\275\221.md"
 create mode 100644 "posts/yingyin-huiguo-yingyin/2025-12-23-\344\270\272\344\273\200\344\271\210\345\242\203\345\244\226\347\234\213\344\270\215\344\272\206\350\205\276\350\256\257\350\247\206\351\242\221\357\274\237\350\257\225\350\257\225\350\277\231\344\270\252\347\256\200\345\215\225\347\232\204\350\247\243\345\206\263.md"
 create mode 100644 "posts/yingyin-huiguo-yingyin/2025-12-23-\345\210\260\344\272\206\346\265\267\345\244\226\350\277\275\345\211\247\350\200\201\345\217\227\351\231\220\357\274\237\345\221\212\350\257\211\344\275\240\345\233\275\345\244\226\346\200\216\344\271\210\347\234\213\347\210\261\345\245\207\350\211\272\346\211\215.md"
 create mode 100644 "posts/yingyin-huiguo-yingyin/2025-12-23-\346\200\216\346\240\267\346\211\215\350\203\275\350\256\251\346\265\267\345\244\226\347\234\213\345\211\247\344\270\215\345\217\227\345\234\260\345\237\237\347\232\204\351\231\220\345\210\266\345\271\266\344\270\224\345\221\212\345\210\253\345\212\240\350\275\275.md"
 create mode 100644 "posts/yingyin-huiguo-yingyin/2025-12-23-\350\277\275\345\211\247\345\205\232\345\277\203\347\264\257\357\274\232\347\210\261\345\245\207\350\211\272\345\234\250\345\233\275\345\244\226\350\203\275\347\224\250\345\220\227\357\274\237\350\257\225\350\257\225\350\277\231\344\270\252\347\256\200\345\215\225.md"
 create mode 100644 "posts/yingyin-huiguo-yingyin/2025-12-26-\344\270\272\344\273\200\344\271\210\345\261\217\345\271\225\344\270\212\346\200\273\350\267\263\345\207\272\346\212\261\346\255\211\346\202\250\350\256\277\351\227\256\347\232\204\350\247\206\351\242\221\347\211\210\346\235\203\345\217\227\351\231\220\346\232\202.md"
 create mode 100644 "posts/yingyin-huiguo-yingyin/2025-12-26-\346\203\263\350\277\275\345\211\247\345\215\264\345\217\227\351\230\273\357\274\237\350\201\212\350\201\212\346\265\267\345\244\226\347\234\213\347\224\265\350\247\206\345\234\260\345\214\272\351\231\220\345\210\266\346\200\216\344\271\210\345\212\236\346\211\215.md"
 create mode 100644 "posts/yingyin-huiguo-yingyin/2025-12-26-\351\201\207\345\210\260\350\247\243\351\231\244b\347\253\231\345\214\272\345\237\237\351\231\220\345\210\266\351\235\236\345\270\270\346\212\261\346\255\211\346\217\220\347\244\272\346\227\266\357\274\214\346\210\221\346\230\257\346\200\216\344\271\210\344\270\200.md"
 create mode 100644 "posts/yingyin-huiguo-yingyin/2025-12-27-\344\272\272\345\234\250\345\233\275\345\244\226\346\200\216\344\271\210\347\234\213\347\225\252\357\274\237\350\247\243\351\231\244bilibili\345\234\260\345\214\272\351\231\220\345\210\266\347\232\204\346\223\215\344\275\234\345\277\203\345\276\227.md"
 create mode 100644 "posts/yingyin-huiguo-yingyin/2025-12-27-\344\272\272\345\234\250\345\233\275\345\244\226\347\252\201\347\204\266\345\217\221\347\216\260\350\247\243\351\231\244bilibili\345\234\260\345\214\272\351\231\220\345\210\266\345\244\261\346\225\210\344\272\206\350\257\245\346\200\216\344\271\210\345\244\204.md"
 create mode 100644 "posts/yingyin-huiguo-yingyin/2025-12-27-\344\272\272\345\234\250\345\233\275\345\244\226\350\247\206\351\242\221\346\200\273\345\217\227\351\231\220\357\274\237\346\220\236\346\207\202\346\265\267\345\244\226\345\246\202\344\275\225\347\234\213\350\205\276\350\256\257\345\205\266\345\256\236\345\276\210.md"
 create mode 100644 "posts/yingyin-huiguo-yingyin/2025-12-30-\344\272\272\345\234\250\345\233\275\345\244\226\346\200\273\346\230\257\347\234\213\344\270\215\344\272\206\350\247\206\351\242\221\357\274\237\350\257\225\350\257\225\350\277\231\344\270\252\350\247\243\351\224\201\346\265\267\345\244\226\345\234\260\345\237\237.md"
 create mode 100644 "posts/yingyin-huiguo-yingyin/2025-12-30-\344\272\272\345\234\250\345\233\275\345\244\226\346\203\263\350\277\275\345\211\247\350\200\201\346\230\276\347\244\272\345\234\260\345\214\272\351\231\220\345\210\266\357\274\214\345\210\260\345\272\225\346\265\267\345\244\226\345\217\257\344\273\245\347\234\213.md"
 create mode 100644 "posts/yingyin-huiguo-yingyin/2025-12-30-\344\272\272\345\234\250\345\233\275\345\244\226\346\203\263\350\277\275\345\211\247\357\274\237\346\225\231\344\275\240\350\275\273\346\235\276\346\220\236\345\256\232\346\265\267\345\244\226\347\234\213\347\210\261\345\245\207\350\211\272\347\232\204\345\234\260.md"
 create mode 100644 "posts/yingyin-huiguo-yingyin/2025-12-30-\344\272\272\345\234\250\345\233\275\345\244\226\346\203\263\350\277\275\345\211\247\357\274\237\350\201\212\350\201\212\347\210\261\345\245\207\350\211\272\346\200\216\344\271\210\350\247\243\351\231\244\345\234\260\345\237\237\351\231\220\345\210\266\347\232\204.md"
 create mode 100644 "posts/yingyin-huiguo-yingyin/2025-12-30-\344\272\272\345\234\250\346\265\267\345\244\226\345\276\210\347\204\246\350\231\221\357\274\232\346\203\263\345\234\250\347\276\216\345\233\275\347\234\213\350\205\276\350\256\257\350\247\206\351\242\221\345\215\264\346\200\273\346\230\276\347\244\272\345\234\260.md"
 create mode 100644 "posts/yingyin-huiguo-yingyin/2025-12-30-\344\272\272\345\234\250\346\265\267\345\244\226\347\234\213\347\225\252\346\200\273\345\217\227\351\230\273\357\274\237\350\201\212\350\201\212\346\210\221\346\230\257\345\246\202\344\275\225\350\247\243\351\224\201bilibili\345\234\260\345\214\272\351\231\220.md"
 create mode 100644 "posts/yingyin-huiguo-yingyin/2026-01-04-\344\272\272\345\234\250\345\233\275\345\244\226\350\277\275\345\211\247\346\200\273\345\217\227\351\231\220\357\274\237\345\210\260\345\272\225\346\265\267\345\244\226\346\200\216\344\271\210\347\234\213\347\210\261\345\245\207\350\211\272\346\211\215\351\241\272.md"
 create mode 100644 "posts/yingyin-huiguo-yingyin/2026-01-04-\344\272\272\345\234\250\346\265\267\345\244\226\346\200\216\344\271\210\350\247\243\351\231\244\345\234\260\345\214\272\351\231\220\345\210\266\357\274\237\345\233\275\345\244\226\346\200\216\344\271\210\347\234\213\350\205\276\350\256\257\350\247\206\351\242\221.md"
 create mode 100644 "posts/yingyin-huiguo-yingyin/2026-01-04-\344\272\272\345\234\250\346\265\267\345\244\226\346\200\216\344\271\210\350\247\243\351\231\244\345\234\260\345\214\272\351\231\220\345\210\266\357\274\237\350\201\212\350\201\212\345\233\275\345\244\226\347\234\213\344\274\230\351\205\267\347\232\204\346\234\211.md"
 create mode 100644 "posts/yingyin-huiguo-yingyin/2026-01-04-\344\272\272\345\234\250\346\265\267\345\244\226\346\203\263\347\234\213nba\347\233\264\346\222\255\357\274\237\350\201\212\350\201\212\345\233\275\345\244\226\346\200\216\344\271\210\347\234\213\350\205\276\350\256\257\344\275\223\350\202\262\347\232\204.md"
 create mode 100644 "posts/yingyin-huiguo-yingyin/2026-01-04-\344\272\272\345\234\250\346\265\267\345\244\226\346\203\263\347\234\213\345\211\247\345\220\254\346\255\214\345\215\264\345\217\227\351\230\273\357\274\237\350\201\212\350\201\212\345\234\260\345\214\272\351\231\220\345\210\266\346\200\216\344\271\210\345\212\236.md"
 create mode 100644 "posts/yingyin-huiguo-yingyin/2026-01-04-\344\272\272\345\234\250\346\265\267\345\244\226\346\203\263\347\234\213\345\211\247\347\216\251\345\233\275\346\234\215\351\201\207\345\210\260\345\233\275\345\244\226\345\234\260\345\237\237\351\231\220\345\210\266\346\200\216\344\271\210\345\212\236\357\274\237.md"
 create mode 100644 "posts/yinyue-yinyue-yinpin/2025-12-26-\345\220\254\344\270\215\344\272\206\344\271\246\346\200\216\344\271\210\345\212\236\357\274\237\346\265\267\345\244\226\345\226\234\351\251\254\346\213\211\351\233\205\345\246\202\344\275\225\350\247\243\351\231\244\345\234\260\345\237\237\351\231\220\345\210\266.md"
 create mode 100644 "posts/youxi-huiguo-youxi/2025-12-30-\344\272\272\345\234\250\346\265\267\345\244\226\351\231\244\344\272\206\346\211\276\345\233\275\345\244\226\345\245\275\347\216\251\347\232\204\346\211\213\346\270\270\357\274\214\345\210\260\345\272\225\346\200\216\344\271\210\350\247\243\345\206\263\345\233\275.md"
 create mode 100644 "posts/youxi-huiguo-youxi/2026-01-05-\344\272\272\345\234\250\345\233\275\345\244\226\345\276\210\345\215\241\357\274\237\350\201\212\350\201\212\346\265\267\345\244\226\347\216\251\345\233\275\346\234\215\345\212\240\351\200\237\345\231\250\347\237\245\344\271\216\351\203\275\345\234\250\347\224\250.md"
 create mode 100644 "posts/youxi-huiguo-youxi/2026-01-05-\344\272\272\345\234\250\345\233\275\345\244\226\347\216\251\345\233\275\346\234\215\346\200\273\346\230\257460\357\274\237\350\201\212\350\201\212\346\200\216\344\271\210\346\214\221\351\200\211\345\245\275\347\224\250\347\232\204\346\265\267\345\244\226.md"
 create mode 100644 "posts/youxi-huiguo-youxi/2026-01-05-\344\272\272\345\234\250\345\233\275\345\244\226\347\216\251\345\233\275\346\234\215\350\200\201\346\216\211\347\272\277\357\274\237\350\201\212\350\201\212\346\200\216\344\271\210\346\220\236\345\256\232\346\265\267\345\244\226\345\233\236\345\233\275\345\212\240.md"
 create mode 100644 "posts/youxi-huiguo-youxi/2026-01-05-\344\272\272\345\234\250\345\244\232\344\274\246\345\244\232\347\216\251\345\233\275\346\234\215\346\200\273\346\230\257\345\215\241\357\274\237\350\247\243\345\206\263\345\212\240\346\213\277\345\244\247\347\216\213\350\200\205\350\215\243\350\200\200\345\273\266.md"
 create mode 100644 "posts/youxi-huiguo-youxi/2026-01-05-\344\272\272\345\234\250\346\276\263\346\264\262\346\211\223\347\216\213\350\200\205\345\273\266\350\277\237\346\200\273\346\230\257460\357\274\237\350\201\212\350\201\212\346\200\216\344\271\210\347\250\263\345\256\232\350\277\236\345\233\236\345\233\275.md"
 create mode 100644 "posts/youxi-huiguo-youxi/2026-01-05-\344\272\272\345\234\250\346\276\263\346\264\262\347\216\251\347\216\213\350\200\205\350\215\243\350\200\200\347\224\250\344\273\200\344\271\210\345\212\240\351\200\237\345\231\250\357\274\237\350\247\243\345\206\263\345\273\266\350\277\237\347\232\204\344\270\252.md"
 create mode 100644 "posts/youxi-huiguo-youxi/2026-01-05-\345\205\215\350\264\271\346\265\267\345\244\226\346\270\270\346\210\217\345\212\240\351\200\237\345\231\250\347\234\237\350\203\275\351\231\215\344\275\216\345\273\266\350\277\237\345\220\227\357\274\237\350\247\243\345\206\263\345\233\275\346\234\215\345\215\241.md"
 create mode 100644 "posts/youxi-huiguo-youxi/2026-01-05-\346\254\247\346\264\262\347\216\251\346\270\257\345\217\260\346\270\270\346\210\217\345\212\240\351\200\237\345\231\250\345\223\252\344\270\252\345\245\275\357\274\237\346\265\267\345\244\226\345\205\232\344\272\262\346\265\213\345\221\212\350\257\211\344\275\240.md"
 create mode 100644 "posts/youxi-huiguo-youxi/2026-01-05-\347\225\231\345\255\246\347\224\237\344\272\262\350\272\253\344\275\223\351\252\214\357\274\232\345\210\260\345\272\225\345\233\275\345\244\226\347\216\251\344\270\255\345\233\275\346\270\270\346\210\217\344\273\200\344\271\210\345\212\240\351\200\237\345\231\250.md"
 create mode 100644 "posts/youxi-huiguo-youxi/2026-01-05-\347\273\217\345\270\270\345\215\241\351\241\277\346\216\211\347\272\277\357\274\214\345\210\260\345\272\225\346\265\267\345\244\226\347\216\251\345\233\275\346\234\215\346\270\270\346\210\217\347\224\250\344\273\200\344\271\210\345\212\240\351\200\237\345\231\250.md"
 create mode 100644 "posts/youxi-huiguo-youxi/2026-01-05-\347\276\216\345\233\275\346\200\216\344\271\210\347\216\251\345\233\275\346\234\215lol\347\273\217\345\270\270\346\216\211\347\272\277\357\274\237\346\225\231\344\275\240\345\246\202\344\275\225\347\250\263\345\256\232\350\277\236\346\216\245\344\270\215.md"
 create mode 100644 "posts/youxi-huiguo-youxi/2026-01-05-\350\201\212\350\201\212\347\251\277\346\242\255\345\217\257\344\273\245\347\216\251\346\270\270\346\210\217\345\220\227\357\274\237\345\233\275\346\234\215\345\273\266\350\277\237\345\244\252\351\253\230\345\210\260\345\272\225\350\257\245\346\200\216\344\271\210.md"
 create mode 100644 "posts/youxi-huiguo-youxi/2026-01-06-\344\272\272\345\234\250\345\233\275\345\244\226\345\273\266\350\277\237\345\244\252\351\253\230\357\274\237\350\201\212\350\201\212\347\276\216\345\233\275\347\216\251\345\233\275\346\234\215lol\345\210\260\345\272\225\350\257\245\346\200\216\344\271\210.md"
To https://github.com/huiguojiasuqi/huiguojiasuqi.git
   9913afd..ff7228d  main -> main
[2026-09-10 18:02:57] batch start=80 n=50
  4755 -> posts/yingyin-huiguo-yingyin/2025-12-23-总是加载失败？海外微信视频号怎么解除地域限制.md (25 chars)
  4754 -> posts/jiaocheng-shiyong-jiaocheng/2025-12-23-总是遇到版权受限？聊聊有效的海外地区限制解除.md (22 chars)
  4753 -> posts/yingyin-huiguo-yingyin/2025-12-22-刚出国想追剧却受限？聊聊爱奇艺在国外可以用吗.md (20 chars)
  4752 -> posts/yingyin-huiguo-yingyin/2025-12-22-刚出国想追剧怎么办？聊聊美国如何看爱奇艺才顺.md (20 chars)
  4751 -> posts/yingyin-huiguo-yingyin/2025-12-22-刚出国追剧总受限？聊聊怎么解决海外看中国电视.md (21 chars)
  4750 -> posts/yingyin-huiguo-yingyin/2025-12-22-刚到多伦多发现追剧受阻，究竟加拿大可以看爱奇.md (31 chars)
  4749 -> posts/yingyin-huiguo-yingyin/2025-12-22-海外党怎么搞定解除b站区域限制v8-4-3参数设置？.md (20 chars)
  4747 -> posts/yinyue-yinyue-yinpin/2025-12-19-地区限制太烦人，究竟如何在国外听喜马拉雅？这.md (28 chars)
  4746 -> posts/yingyin-huiguo-yingyin/2025-12-19-刚出国想追剧受限制？到底如何在海外看腾讯才顺.md (31 chars)
  4745 -> posts/yingyin-huiguo-yingyin/2025-12-19-人在国外想追剧老受限？到底如何在海外看优酷？.md (27 chars)
  4744 -> posts/yingyin-huiguo-yingyin/2025-12-19-人在国外心累追剧，到底如何在海外看爱奇艺？.md (20 chars)
  4743 -> posts/yingyin-huiguo-yingyin/2025-12-19-人在国外总遇版权限制？究竟如何看国内视频才能.md (19 chars)
  4742 -> posts/yingyin-huiguo-yingyin/2025-12-19-人在海外追剧太心累？聊聊如何在国外看腾讯的解.md (24 chars)
  4741 -> posts/yingyin-huiguo-yingyin/2025-12-18-人在国外追剧总受限？聊聊腾讯视频海外怎么看才.md (21 chars)
  4740 -> posts/yingyin-huiguo-yingyin/2025-12-18-人在国外追剧总受阻？腾讯视频地域限制解决其实.md (17 chars)
  4739 -> posts/yingyin-huiguo-yingyin/2025-12-18-人在国外追剧总显示地区版权？聊聊腾讯视频播放.md (19 chars)
  4738 -> posts/yingyin-huiguo-yingyin/2025-12-18-腾讯视频vip在国外可以用吗？海外党必须知道的解.md (30 chars)
  4737 -> posts/yingyin-huiguo-yingyin/2025-12-18-腾讯视频地域限制怎么解决？人在海外不再头疼的.md (19 chars)
  4736 -> posts/yingyin-huiguo-yingyin/2025-12-18-遇到腾讯视频海外限制，我是怎么一键解锁国内剧.md (22 chars)
  4735 -> posts/jiaocheng-shiyong-jiaocheng/2025-12-15-海外党必看：解决騰訊你所在的地區無法觀看最简.md (19 chars)
  4734 -> posts/yingyin-huiguo-yingyin/2025-12-15-留学生亲测：腾讯视频在国外遇到地域限制怎么办.md (20 chars)
  4733 -> posts/yingyin-huiguo-yingyin/2025-12-15-人在国外想追剧，腾讯视频怎么改地区限制才能看.md (21 chars)
  4732 -> posts/yingyin-huiguo-yingyin/2025-12-15-人在海外遇到騰訊地區限制无法播放视频该怎么解.md (29 chars)
  4731 -> posts/jiaocheng-shiyong-jiaocheng/2025-12-15-人在海外遇到騰訊視頻地區限制怎么办？我的解决.md (20 chars)
  4730 -> posts/jiaocheng-shiyong-jiaocheng/2025-12-15-騰訊視頻台灣不能看怎么办？教你一招轻松解除地.md (20 chars)
  4729 -> posts/youxi-huiguo-youxi/2025-12-13-国外玩游戏太卡？试试王者荣耀加速器海外免费的.md (21 chars)
  4728 -> posts/youxi-huiguo-youxi/2025-12-13-海外玩国服总掉线？好用的王者荣耀加速器免费尝.md (28 chars)
  4727 -> posts/youxi-huiguo-youxi/2025-12-13-人在大马想打国服？聊聊王者荣耀加速器马来西亚.md (23 chars)
  4726 -> posts/youxi-huiguo-youxi/2025-12-13-人在国外打团总掉线？到底王者荣耀加速器哪个好.md (30 chars)
  4725 -> posts/youxi-huiguo-youxi/2025-12-13-王者荣耀加速器有用吗？海外党亲测告诉你真相.md (27 chars)
  4724 -> posts/youxi-huiguo-youxi/2025-12-13-在美留学生玩国服太卡？王者荣耀加速器美国地区.md (25 chars)
  4723 -> posts/yinyue-yinyue-yinpin/2025-12-11-刚出国歌单全灰？网易云国外听歌怎么解除限制？.md (22 chars)
  4722 -> posts/yinyue-yinyue-yinpin/2025-12-11-海外党听歌总变灰？告诉你网易云地区限制怎么解.md (19 chars)
  4721 -> posts/yingyin-huiguo-yingyin/2025-12-11-人在国外追剧心累，到底为什么爱奇艺不能看？解.md (17 chars)
  4720 -> posts/yinyue-yinyue-yinpin/2025-12-11-人在海外，网易云音乐地区限制怎么办？这里有个.md (23 chars)
  4719 -> posts/yingyin-huiguo-yingyin/2025-12-11-身在海外遇到微信视频号地域限制该怎么解决才好.md (21 chars)
  4689 -> posts/youxi-huiguo-youxi/2025-12-03-英国玩国服lol延迟太高没法打？这有个简单的解决.md (1768 chars)
  4688 -> posts/youxi-huiguo-youxi/2025-12-03-英国玩王者荣耀总是460？教你稳定上分不卡顿.md (1578 chars)
  4687 -> posts/youxi-huiguo-youxi/2025-12-03-在英国玩王者用什么加速器？解决延迟卡顿的办法-2.md (2025 chars)
  4686 -> posts/youxi-huiguo-youxi/2025-12-03-在英国玩王者用什么加速器？解决延迟卡顿的办法.md (2014 chars)
  4684 -> posts/youxi-huiguo-youxi/2025-12-02-人在国外玩国服总是卡，到底用vpn可以玩游戏吗？.md (1789 chars)
  4683 -> posts/youxi-huiguo-youxi/2025-12-02-人在海外如何搞定英雄联盟国服下载？解决延迟与.md (1899 chars)
  4682 -> posts/youxi-huiguo-youxi/2025-12-02-人在海外想玩lol？哪款英雄联盟国服加速器才真正.md (1777 chars)
  4681 -> posts/youxi-huiguo-youxi/2025-12-02-身在海外想打排位？聊聊到底用什么加速器能玩王.md (2222 chars)
  4680 -> posts/youxi-huiguo-youxi/2025-12-02-在海外想玩英雄联盟手游国服？试试这个能解决延.md (1907 chars)
  4679 -> posts/youxi-huiguo-youxi/2025-12-01-都在问游戏加速器海外版怎么选？其实还得看具体.md (1744 chars)
  4678 -> posts/jiaocheng-shiyong-jiaocheng/2025-12-01-碰到由于版权限制您所在的地区无法观看该视该怎.md (1845 chars)
  4677 -> posts/yingyin-huiguo-yingyin/2025-12-01-人在国外想追剧？搞定优酷怎么解除地区限制其实.md (2069 chars)
  4676 -> posts/youxi-huiguo-youxi/2025-12-01-玩国服总掉线？聊聊好用的游戏加速器海外版该怎.md (1876 chars)
  4675 -> posts/jiaocheng-shiyong-jiaocheng/2025-12-01-总是遇到優酷台灣不能看的问题？试试这个简单的.md (1739 chars)
done: ok=50 fail=0
[main 5412d5f] publish: posts batch start=80 n=50 (total 130)
 50 files changed, 959 insertions(+)
 create mode 100644 "posts/jiaocheng-shiyong-jiaocheng/2025-12-01-\346\200\273\346\230\257\351\201\207\345\210\260\345\204\252\351\205\267\345\217\260\347\201\243\344\270\215\350\203\275\347\234\213\347\232\204\351\227\256\351\242\230\357\274\237\350\257\225\350\257\225\350\277\231\344\270\252\347\256\200\345\215\225\347\232\204.md"
 create mode 100644 "posts/jiaocheng-shiyong-jiaocheng/2025-12-01-\347\242\260\345\210\260\347\224\261\344\272\216\347\211\210\346\235\203\351\231\220\345\210\266\346\202\250\346\211\200\345\234\250\347\232\204\345\234\260\345\214\272\346\227\240\346\263\225\350\247\202\347\234\213\350\257\245\350\247\206\350\257\245\346\200\216.md"
 create mode 100644 "posts/jiaocheng-shiyong-jiaocheng/2025-12-15-\344\272\272\345\234\250\346\265\267\345\244\226\351\201\207\345\210\260\351\250\260\350\250\212\350\246\226\351\240\273\345\234\260\345\215\200\351\231\220\345\210\266\346\200\216\344\271\210\345\212\236\357\274\237\346\210\221\347\232\204\350\247\243\345\206\263.md"
 create mode 100644 "posts/jiaocheng-shiyong-jiaocheng/2025-12-15-\346\265\267\345\244\226\345\205\232\345\277\205\347\234\213\357\274\232\350\247\243\345\206\263\351\250\260\350\250\212\344\275\240\346\211\200\345\234\250\347\232\204\345\234\260\345\215\200\347\204\241\346\263\225\350\247\200\347\234\213\346\234\200\347\256\200.md"
 create mode 100644 "posts/jiaocheng-shiyong-jiaocheng/2025-12-15-\351\250\260\350\250\212\350\246\226\351\240\273\345\217\260\347\201\243\344\270\215\350\203\275\347\234\213\346\200\216\344\271\210\345\212\236\357\274\237\346\225\231\344\275\240\344\270\200\346\213\233\350\275\273\346\235\276\350\247\243\351\231\244\345\234\260.md"
 create mode 100644 "posts/jiaocheng-shiyong-jiaocheng/2025-12-23-\346\200\273\346\230\257\351\201\207\345\210\260\347\211\210\346\235\203\345\217\227\351\231\220\357\274\237\350\201\212\350\201\212\346\234\211\346\225\210\347\232\204\346\265\267\345\244\226\345\234\260\345\214\272\351\231\220\345\210\266\350\247\243\351\231\244.md"
 create mode 100644 "posts/yingyin-huiguo-yingyin/2025-12-01-\344\272\272\345\234\250\345\233\275\345\244\226\346\203\263\350\277\275\345\211\247\357\274\237\346\220\236\345\256\232\344\274\230\351\205\267\346\200\216\344\271\210\350\247\243\351\231\244\345\234\260\345\214\272\351\231\220\345\210\266\345\205\266\345\256\236.md"
 create mode 100644 "posts/yingyin-huiguo-yingyin/2025-12-11-\344\272\272\345\234\250\345\233\275\345\244\226\350\277\275\345\211\247\345\277\203\347\264\257\357\274\214\345\210\260\345\272\225\344\270\272\344\273\200\344\271\210\347\210\261\345\245\207\350\211\272\344\270\215\350\203\275\347\234\213\357\274\237\350\247\243.md"
 create mode 100644 "posts/yingyin-huiguo-yingyin/2025-12-11-\350\272\253\345\234\250\346\265\267\345\244\226\351\201\207\345\210\260\345\276\256\344\277\241\350\247\206\351\242\221\345\217\267\345\234\260\345\237\237\351\231\220\345\210\266\350\257\245\346\200\216\344\271\210\350\247\243\345\206\263\346\211\215\345\245\275.md"
 create mode 100644 "posts/yingyin-huiguo-yingyin/2025-12-15-\344\272\272\345\234\250\345\233\275\345\244\226\346\203\263\350\277\275\345\211\247\357\274\214\350\205\276\350\256\257\350\247\206\351\242\221\346\200\216\344\271\210\346\224\271\345\234\260\345\214\272\351\231\220\345\210\266\346\211\215\350\203\275\347\234\213.md"
 create mode 100644 "posts/yingyin-huiguo-yingyin/2025-12-15-\344\272\272\345\234\250\346\265\267\345\244\226\351\201\207\345\210\260\351\250\260\350\250\212\345\234\260\345\215\200\351\231\220\345\210\266\346\227\240\346\263\225\346\222\255\346\224\276\350\247\206\351\242\221\350\257\245\346\200\216\344\271\210\350\247\243.md"
 create mode 100644 "posts/yingyin-huiguo-yingyin/2025-12-15-\347\225\231\345\255\246\347\224\237\344\272\262\346\265\213\357\274\232\350\205\276\350\256\257\350\247\206\351\242\221\345\234\250\345\233\275\345\244\226\351\201\207\345\210\260\345\234\260\345\237\237\351\231\220\345\210\266\346\200\216\344\271\210\345\212\236.md"
 create mode 100644 "posts/yingyin-huiguo-yingyin/2025-12-18-\344\272\272\345\234\250\345\233\275\345\244\226\350\277\275\345\211\247\346\200\273\345\217\227\351\230\273\357\274\237\350\205\276\350\256\257\350\247\206\351\242\221\345\234\260\345\237\237\351\231\220\345\210\266\350\247\243\345\206\263\345\205\266\345\256\236.md"
 create mode 100644 "posts/yingyin-huiguo-yingyin/2025-12-18-\344\272\272\345\234\250\345\233\275\345\244\226\350\277\275\345\211\247\346\200\273\345\217\227\351\231\220\357\274\237\350\201\212\350\201\212\350\205\276\350\256\257\350\247\206\351\242\221\346\265\267\345\244\226\346\200\216\344\271\210\347\234\213\346\211\215.md"
 create mode 100644 "posts/yingyin-huiguo-yingyin/2025-12-18-\344\272\272\345\234\250\345\233\275\345\244\226\350\277\275\345\211\247\346\200\273\346\230\276\347\244\272\345\234\260\345\214\272\347\211\210\346\235\203\357\274\237\350\201\212\350\201\212\350\205\276\350\256\257\350\247\206\351\242\221\346\222\255\346\224\276.md"
 create mode 100644 "posts/yingyin-huiguo-yingyin/2025-12-18-\350\205\276\350\256\257\350\247\206\351\242\221vip\345\234\250\345\233\275\345\244\226\345\217\257\344\273\245\347\224\250\345\220\227\357\274\237\346\265\267\345\244\226\345\205\232\345\277\205\351\241\273\347\237\245\351\201\223\347\232\204\350\247\243.md"
 create mode 100644 "posts/yingyin-huiguo-yingyin/2025-12-18-\350\205\276\350\256\257\350\247\206\351\242\221\345\234\260\345\237\237\351\231\220\345\210\266\346\200\216\344\271\210\350\247\243\345\206\263\357\274\237\344\272\272\345\234\250\346\265\267\345\244\226\344\270\215\345\206\215\345\244\264\347\226\274\347\232\204.md"
 create mode 100644 "posts/yingyin-huiguo-yingyin/2025-12-18-\351\201\207\345\210\260\350\205\276\350\256\257\350\247\206\351\242\221\346\265\267\345\244\226\351\231\220\345\210\266\357\274\214\346\210\221\346\230\257\346\200\216\344\271\210\344\270\200\351\224\256\350\247\243\351\224\201\345\233\275\345\206\205\345\211\247.md"
 create mode 100644 "posts/yingyin-huiguo-yingyin/2025-12-19-\344\272\272\345\234\250\345\233\275\345\244\226\345\277\203\347\264\257\350\277\275\345\211\247\357\274\214\345\210\260\345\272\225\345\246\202\344\275\225\345\234\250\346\265\267\345\244\226\347\234\213\347\210\261\345\245\207\350\211\272\357\274\237.md"
 create mode 100644 "posts/yingyin-huiguo-yingyin/2025-12-19-\344\272\272\345\234\250\345\233\275\345\244\226\346\200\273\351\201\207\347\211\210\346\235\203\351\231\220\345\210\266\357\274\237\347\251\266\347\253\237\345\246\202\344\275\225\347\234\213\345\233\275\345\206\205\350\247\206\351\242\221\346\211\215\350\203\275.md"
 create mode 100644 "posts/yingyin-huiguo-yingyin/2025-12-19-\344\272\272\345\234\250\345\233\275\345\244\226\346\203\263\350\277\275\345\211\247\350\200\201\345\217\227\351\231\220\357\274\237\345\210\260\345\272\225\345\246\202\344\275\225\345\234\250\346\265\267\345\244\226\347\234\213\344\274\230\351\205\267\357\274\237.md"
 create mode 100644 "posts/yingyin-huiguo-yingyin/2025-12-19-\344\272\272\345\234\250\346\265\267\345\244\226\350\277\275\345\211\247\345\244\252\345\277\203\347\264\257\357\274\237\350\201\212\350\201\212\345\246\202\344\275\225\345\234\250\345\233\275\345\244\226\347\234\213\350\205\276\350\256\257\347\232\204\350\247\243.md"
 create mode 100644 "posts/yingyin-huiguo-yingyin/2025-12-19-\345\210\232\345\207\272\345\233\275\346\203\263\350\277\275\345\211\247\345\217\227\351\231\220\345\210\266\357\274\237\345\210\260\345\272\225\345\246\202\344\275\225\345\234\250\346\265\267\345\244\226\347\234\213\350\205\276\350\256\257\346\211\215\351\241\272.md"
 create mode 100644 "posts/yingyin-huiguo-yingyin/2025-12-22-\345\210\232\345\207\272\345\233\275\346\203\263\350\277\275\345\211\247\345\215\264\345\217\227\351\231\220\357\274\237\350\201\212\350\201\212\347\210\261\345\245\207\350\211\272\345\234\250\345\233\275\345\244\226\345\217\257\344\273\245\347\224\250\345\220\227.md"
 create mode 100644 "posts/yingyin-huiguo-yingyin/2025-12-22-\345\210\232\345\207\272\345\233\275\346\203\263\350\277\275\345\211\247\346\200\216\344\271\210\345\212\236\357\274\237\350\201\212\350\201\212\347\276\216\345\233\275\345\246\202\344\275\225\347\234\213\347\210\261\345\245\207\350\211\272\346\211\215\351\241\272.md"
 create mode 100644 "posts/yingyin-huiguo-yingyin/2025-12-22-\345\210\232\345\207\272\345\233\275\350\277\275\345\211\247\346\200\273\345\217\227\351\231\220\357\274\237\350\201\212\350\201\212\346\200\216\344\271\210\350\247\243\345\206\263\346\265\267\345\244\226\347\234\213\344\270\255\345\233\275\347\224\265\350\247\206.md"
 create mode 100644 "posts/yingyin-huiguo-yingyin/2025-12-22-\345\210\232\345\210\260\345\244\232\344\274\246\345\244\232\345\217\221\347\216\260\350\277\275\345\211\247\345\217\227\351\230\273\357\274\214\347\251\266\347\253\237\345\212\240\346\213\277\345\244\247\345\217\257\344\273\245\347\234\213\347\210\261\345\245\207.md"
 create mode 100644 "posts/yingyin-huiguo-yingyin/2025-12-22-\346\265\267\345\244\226\345\205\232\346\200\216\344\271\210\346\220\236\345\256\232\350\247\243\351\231\244b\347\253\231\345\214\272\345\237\237\351\231\220\345\210\266v8-4-3\345\217\202\346\225\260\350\256\276\347\275\256\357\274\237.md"
 create mode 100644 "posts/yingyin-huiguo-yingyin/2025-12-23-\346\200\273\346\230\257\345\212\240\350\275\275\345\244\261\350\264\245\357\274\237\346\265\267\345\244\226\345\276\256\344\277\241\350\247\206\351\242\221\345\217\267\346\200\216\344\271\210\350\247\243\351\231\244\345\234\260\345\237\237\351\231\220\345\210\266.md"
 create mode 100644 "posts/yinyue-yinyue-yinpin/2025-12-11-\344\272\272\345\234\250\346\265\267\345\244\226\357\274\214\347\275\221\346\230\223\344\272\221\351\237\263\344\271\220\345\234\260\345\214\272\351\231\220\345\210\266\346\200\216\344\271\210\345\212\236\357\274\237\350\277\231\351\207\214\346\234\211\344\270\252.md"
 create mode 100644 "posts/yinyue-yinyue-yinpin/2025-12-11-\345\210\232\345\207\272\345\233\275\346\255\214\345\215\225\345\205\250\347\201\260\357\274\237\347\275\221\346\230\223\344\272\221\345\233\275\345\244\226\345\220\254\346\255\214\346\200\216\344\271\210\350\247\243\351\231\244\351\231\220\345\210\266\357\274\237.md"
 create mode 100644 "posts/yinyue-yinyue-yinpin/2025-12-11-\346\265\267\345\244\226\345\205\232\345\220\254\346\255\214\346\200\273\345\217\230\347\201\260\357\274\237\345\221\212\350\257\211\344\275\240\347\275\221\346\230\223\344\272\221\345\234\260\345\214\272\351\231\220\345\210\266\346\200\216\344\271\210\350\247\243.md"
 create mode 100644 "posts/yinyue-yinyue-yinpin/2025-12-19-\345\234\260\345\214\272\351\231\220\345\210\266\345\244\252\347\203\246\344\272\272\357\274\214\347\251\266\347\253\237\345\246\202\344\275\225\345\234\250\345\233\275\345\244\226\345\220\254\345\226\234\351\251\254\346\213\211\351\233\205\357\274\237\350\277\231.md"
 create mode 100644 "posts/youxi-huiguo-youxi/2025-12-01-\347\216\251\345\233\275\346\234\215\346\200\273\346\216\211\347\272\277\357\274\237\350\201\212\350\201\212\345\245\275\347\224\250\347\232\204\346\270\270\346\210\217\345\212\240\351\200\237\345\231\250\346\265\267\345\244\226\347\211\210\350\257\245\346\200\216.md"
 create mode 100644 "posts/youxi-huiguo-youxi/2025-12-01-\351\203\275\345\234\250\351\227\256\346\270\270\346\210\217\345\212\240\351\200\237\345\231\250\346\265\267\345\244\226\347\211\210\346\200\216\344\271\210\351\200\211\357\274\237\345\205\266\345\256\236\350\277\230\345\276\227\347\234\213\345\205\267\344\275\223.md"
 create mode 100644 "posts/youxi-huiguo-youxi/2025-12-02-\344\272\272\345\234\250\345\233\275\345\244\226\347\216\251\345\233\275\346\234\215\346\200\273\346\230\257\345\215\241\357\274\214\345\210\260\345\272\225\347\224\250vpn\345\217\257\344\273\245\347\216\251\346\270\270\346\210\217\345\220\227\357\274\237.md"
 create mode 100644 "posts/youxi-huiguo-youxi/2025-12-02-\344\272\272\345\234\250\346\265\267\345\244\226\345\246\202\344\275\225\346\220\236\345\256\232\350\213\261\351\233\204\350\201\224\347\233\237\345\233\275\346\234\215\344\270\213\350\275\275\357\274\237\350\247\243\345\206\263\345\273\266\350\277\237\344\270\216.md"
 create mode 100644 "posts/youxi-huiguo-youxi/2025-12-02-\344\272\272\345\234\250\346\265\267\345\244\226\346\203\263\347\216\251lol\357\274\237\345\223\252\346\254\276\350\213\261\351\233\204\350\201\224\347\233\237\345\233\275\346\234\215\345\212\240\351\200\237\345\231\250\346\211\215\347\234\237\346\255\243.md"
 create mode 100644 "posts/youxi-huiguo-youxi/2025-12-02-\345\234\250\346\265\267\345\244\226\346\203\263\347\216\251\350\213\261\351\233\204\350\201\224\347\233\237\346\211\213\346\270\270\345\233\275\346\234\215\357\274\237\350\257\225\350\257\225\350\277\231\344\270\252\350\203\275\350\247\243\345\206\263\345\273\266.md"
 create mode 100644 "posts/youxi-huiguo-youxi/2025-12-02-\350\272\253\345\234\250\346\265\267\345\244\226\346\203\263\346\211\223\346\216\222\344\275\215\357\274\237\350\201\212\350\201\212\345\210\260\345\272\225\347\224\250\344\273\200\344\271\210\345\212\240\351\200\237\345\231\250\350\203\275\347\216\251\347\216\213.md"
 create mode 100644 "posts/youxi-huiguo-youxi/2025-12-03-\345\234\250\350\213\261\345\233\275\347\216\251\347\216\213\350\200\205\347\224\250\344\273\200\344\271\210\345\212\240\351\200\237\345\231\250\357\274\237\350\247\243\345\206\263\345\273\266\350\277\237\345\215\241\351\241\277\347\232\204\345\212\236\346\263\225-2.md"
 create mode 100644 "posts/youxi-huiguo-youxi/2025-12-03-\345\234\250\350\213\261\345\233\275\347\216\251\347\216\213\350\200\205\347\224\250\344\273\200\344\271\210\345\212\240\351\200\237\345\231\250\357\274\237\350\247\243\345\206\263\345\273\266\350\277\237\345\215\241\351\241\277\347\232\204\345\212\236\346\263\225.md"
 create mode 100644 "posts/youxi-huiguo-youxi/2025-12-03-\350\213\261\345\233\275\347\216\251\345\233\275\346\234\215lol\345\273\266\350\277\237\345\244\252\351\253\230\346\262\241\346\263\225\346\211\223\357\274\237\350\277\231\346\234\211\344\270\252\347\256\200\345\215\225\347\232\204\350\247\243\345\206\263.md"
 create mode 100644 "posts/youxi-huiguo-youxi/2025-12-03-\350\213\261\345\233\275\347\216\251\347\216\213\350\200\205\350\215\243\350\200\200\346\200\273\346\230\257460\357\274\237\346\225\231\344\275\240\347\250\263\345\256\232\344\270\212\345\210\206\344\270\215\345\215\241\351\241\277.md"
 create mode 100644 "posts/youxi-huiguo-youxi/2025-12-13-\344\272\272\345\234\250\345\233\275\345\244\226\346\211\223\345\233\242\346\200\273\346\216\211\347\272\277\357\274\237\345\210\260\345\272\225\347\216\213\350\200\205\350\215\243\350\200\200\345\212\240\351\200\237\345\231\250\345\223\252\344\270\252\345\245\275.md"
 create mode 100644 "posts/youxi-huiguo-youxi/2025-12-13-\344\272\272\345\234\250\345\244\247\351\251\254\346\203\263\346\211\223\345\233\275\346\234\215\357\274\237\350\201\212\350\201\212\347\216\213\350\200\205\350\215\243\350\200\200\345\212\240\351\200\237\345\231\250\351\251\254\346\235\245\350\245\277\344\272\232.md"
 create mode 100644 "posts/youxi-huiguo-youxi/2025-12-13-\345\233\275\345\244\226\347\216\251\346\270\270\346\210\217\345\244\252\345\215\241\357\274\237\350\257\225\350\257\225\347\216\213\350\200\205\350\215\243\350\200\200\345\212\240\351\200\237\345\231\250\346\265\267\345\244\226\345\205\215\350\264\271\347\232\204.md"
 create mode 100644 "posts/youxi-huiguo-youxi/2025-12-13-\345\234\250\347\276\216\347\225\231\345\255\246\347\224\237\347\216\251\345\233\275\346\234\215\345\244\252\345\215\241\357\274\237\347\216\213\350\200\205\350\215\243\350\200\200\345\212\240\351\200\237\345\231\250\347\276\216\345\233\275\345\234\260\345\214\272.md"
 create mode 100644 "posts/youxi-huiguo-youxi/2025-12-13-\346\265\267\345\244\226\347\216\251\345\233\275\346\234\215\346\200\273\346\216\211\347\272\277\357\274\237\345\245\275\347\224\250\347\232\204\347\216\213\350\200\205\350\215\243\350\200\200\345\212\240\351\200\237\345\231\250\345\205\215\350\264\271\345\260\235.md"
 create mode 100644 "posts/youxi-huiguo-youxi/2025-12-13-\347\216\213\350\200\205\350\215\243\350\200\200\345\212\240\351\200\237\345\231\250\346\234\211\347\224\250\345\220\227\357\274\237\346\265\267\345\244\226\345\205\232\344\272\262\346\265\213\345\221\212\350\257\211\344\275\240\347\234\237\347\233\270.md"
To https://github.com/huiguojiasuqi/huiguojiasuqi.git
   ff7228d..5412d5f  main -> main
[2026-09-10 18:03:23] batch start=130 n=50
  4674 -> posts/yingyin-huiguo-yingyin/2025-11-28-到了海外才发现追剧难，究竟在国外怎么看爱奇艺.md (1863 chars)
  4673 -> posts/yingyin-huiguo-yingyin/2025-11-28-到了海外才发现追剧难？聊聊在国外怎么看国内电.md (1676 chars)
  4672 -> posts/jiaocheng-shiyong-jiaocheng/2025-11-28-刚出国发现看不了剧？告诉你在国外怎么看国内的.md (1785 chars)
  4671 -> posts/yingyin-huiguo-yingyin/2025-11-28-留学生都在问：在国外怎么看哔哩哔哩？真的很难.md (1736 chars)
  4670 -> posts/youxi-huiguo-youxi/2025-11-27-人在海外很卡？聊聊在国外怎么玩网易我的世界？.md (1744 chars)
  4669 -> posts/yingyin-huiguo-yingyin/2025-11-27-人在国外想追剧怎么办？怎么解除优酷海外限制的.md (2190 chars)
  4668 -> posts/yingyin-huiguo-yingyin/2025-11-27-人在国外看视频受阻？聊聊怎么破解国家地区限制.md (1881 chars)
  4667 -> posts/yingyin-huiguo-yingyin/2025-11-27-人在国外看剧总受阻？聊聊在海外爱奇艺解除地区.md (1823 chars)
  4666 -> posts/jiaocheng-shiyong-jiaocheng/2025-11-27-人在国外到底怎么解除地区限制？聊聊我的亲身经.md (1831 chars)
  4665 -> posts/youxi-huiguo-youxi/2025-11-27-人在北美想开黑，到底在美国玩国服lol卡吗？如何.md (1946 chars)
  4664 -> posts/youxi-huiguo-youxi/2025-11-27-人在北美经常卡顿？在加拿大玩王者荣耀用什么加.md (2029 chars)
  4663 -> posts/yinyue-yinyue-yinpin/2025-11-27-歌单全变灰？教你在国外怎么用qq音乐？这招亲测好.md (2028 chars)
  4662 -> posts/youxi-huiguo-youxi/2025-11-27-刚落地留学想知道在美国可以玩王者荣耀吗？这一.md (1736 chars)
  4661 -> posts/jiaocheng-shiyong-jiaocheng/2025-11-27-刚到这边各种不习惯？聊聊在美国怎么看中国电视.md (2314 chars)
  4660 -> posts/youxi-huiguo-youxi/2025-11-27-刚到海外想打国服？聊聊在美国怎么玩英雄联盟？.md (2074 chars)
  4659 -> posts/yingyin-huiguo-yingyin/2025-11-27-刚出国追剧受阻？聊聊在海外怎么看爱奇艺的几个.md (1887 chars)
  4658 -> posts/jiaocheng-shiyong-jiaocheng/2025-11-27-刚出国心态崩了？聊聊在国外怎样解决地区限制这.md (2076 chars)
  4657 -> posts/yingyin-huiguo-yingyin/2025-11-27-刚出国想追剧受阻？到底在国外怎么用爱奇艺？才.md (1791 chars)
  4656 -> posts/yingyin-huiguo-yingyin/2025-11-27-刚出国想知道怎么在国外看腾讯？这几个办法亲测.md (1911 chars)
  4655 -> posts/youxi-huiguo-youxi/2025-11-27-刚出国想开黑？到底在美国能玩王者吗？手把手教.md (1849 chars)
  4654 -> posts/youxi-huiguo-youxi/2025-11-27-刚出国留学，想知道大家在海外玩国内游戏用什么.md (1783 chars)
  4653 -> posts/youxi-huiguo-youxi/2025-11-27-刚出国就被延迟劝退？聊聊在国外怎么玩国内的游.md (1895 chars)
  4652 -> posts/yinyue-yinyue-yinpin/2025-11-27-刚出国发现歌单变灰？在海外听歌如何解除地域限.md (2028 chars)
  4651 -> posts/yinyue-yinyue-yinpin/2025-11-27-刚出国发现歌单变灰？聊聊到底在国外怎么听歌才.md (1695 chars)
  4650 -> posts/youxi-huiguo-youxi/2025-11-27-到了海外总掉线？聊聊在美国怎么玩王者荣耀才不.md (1770 chars)
  4649 -> posts/yingyin-huiguo-yingyin/2025-11-27-出了国追剧受限真头大，到底怎么在海外看爱奇艺.md (1737 chars)
  4644 -> posts/jiaocheng-shiyong-jiaocheng/2025-10-27-中国使用的vpn如何解决海外访问难题.md (2394 chars)
  4643 -> posts/jiaocheng-shiyong-jiaocheng/2025-10-27-中国留学vpn，海外访问国内服务的真实体验与解决.md (2702 chars)
  4642 -> posts/jiaocheng-shiyong-jiaocheng/2025-10-27-中国翻墙到国外遇阻？解锁国内服务没那么难.md (2703 chars)
  4641 -> posts/jiaocheng-shiyong-jiaocheng/2025-10-27-在美国看中文电视有多难？亲测解决办法来了.md (2838 chars)
  4640 -> posts/jiaocheng-shiyong-jiaocheng/2025-10-27-在海外如何完美平台海外注册？这些问题你可能也.md (2916 chars)
  4639 -> posts/yinyue-yinyue-yinpin/2025-10-27-在国外怎么用网易云音乐听国内的歌最全解答（亲.md (2359 chars)
  4638 -> posts/youxi-huiguo-youxi/2025-10-27-在国外怎么玩网易我的世界？回国网络解决方案解.md (2111 chars)
  4637 -> posts/youxi-huiguo-youxi/2025-10-27-在国外怎么玩国内的游戏怎么办？亲测好用的回国.md (3211 chars)
  4636 -> posts/jiaocheng-shiyong-jiaocheng/2025-10-27-在国外怎么上魔兽怀旧服国服？这些限制与解决方.md (2583 chars)
  4635 -> posts/yingyin-huiguo-yingyin/2025-10-27-在国外怎么看国内的网站视频怎么办？亲测有效方.md (2843 chars)
  4634 -> posts/bangong-bangong-baokao/2025-10-27-在国外怎么登录交管12123？海外党这样做.md (2776 chars)
  4633 -> posts/bangong-bangong-baokao/2025-10-27-在国外用不了12123怎么办？.md (2431 chars)
  4632 -> posts/youxi-huiguo-youxi/2025-10-27-在国外玩和平精英用什么加速器？这些国内服务都.md (2682 chars)
  4631 -> posts/jiaocheng-shiyong-jiaocheng/2025-10-27-在国外突然无法访问国内网站怎么办？亲测有效方.md (2421 chars)
  4630 -> posts/yingyin-huiguo-yingyin/2025-10-27-在国外看腾讯视频，国内app全方位解锁指南.md (2278 chars)
  4629 -> posts/tiyu-tiyu-zhibo/2025-10-27-在国外看cctv5？解锁国内热门服务的真实体验.md (2474 chars)
  4628 -> posts/jiaocheng-shiyong-jiaocheng/2025-10-27-在国外打不开国内的网站怎么办？海外党亲测有效.md (3111 chars)
  4627 -> posts/bangong-bangong-baokao/2025-10-27-在国外12123登录不了怎么办？海外党看这里.md (2445 chars)
  4626 -> posts/bangong-bangong-baokao/2025-10-27-在国外12123不能用-海外党如何顺畅访问国内网络.md (2214 chars)
  4625 -> posts/jiaocheng-shiyong-jiaocheng/2025-10-27-優酷台灣不能註冊怎么办？海外党回国网络解决方.md (2351 chars)
  4623 -> posts/jiaocheng-shiyong-jiaocheng/2025-10-18-怎么在国外听地区限制的歌？回国网络全解析.md (2458 chars)
  4622 -> posts/youxi-huiguo-youxi/2025-10-18-在海外怎么玩永劫无间？那些年我们一起绕过的坑.md (2437 chars)
  4621 -> posts/yinyue-yinyue-yinpin/2025-10-18-在国外怎么用网易云听歌？这些服务亲测有效.md (2420 chars)
  4620 -> posts/jiaocheng-shiyong-jiaocheng/2025-10-18-在国外怎么玩国服魔兽世界？回国网络解决方案.md (2892 chars)
done: ok=50 fail=0
[main 4c85985] publish: posts batch start=130 n=50 (total 180)
 50 files changed, 3060 insertions(+)
 create mode 100644 "posts/bangong-bangong-baokao/2025-10-27-\345\234\250\345\233\275\345\244\22612123\344\270\215\350\203\275\347\224\250-\346\265\267\345\244\226\345\205\232\345\246\202\344\275\225\351\241\272\347\225\205\350\256\277\351\227\256\345\233\275\345\206\205\347\275\221\347\273\234.md"
 create mode 100644 "posts/bangong-bangong-baokao/2025-10-27-\345\234\250\345\233\275\345\244\22612123\347\231\273\345\275\225\344\270\215\344\272\206\346\200\216\344\271\210\345\212\236\357\274\237\346\265\267\345\244\226\345\205\232\347\234\213\350\277\231\351\207\214.md"
 create mode 100644 "posts/bangong-bangong-baokao/2025-10-27-\345\234\250\345\233\275\345\244\226\346\200\216\344\271\210\347\231\273\345\275\225\344\272\244\347\256\24112123\357\274\237\346\265\267\345\244\226\345\205\232\350\277\231\346\240\267\345\201\232.md"
 create mode 100644 "posts/bangong-bangong-baokao/2025-10-27-\345\234\250\345\233\275\345\244\226\347\224\250\344\270\215\344\272\20612123\346\200\216\344\271\210\345\212\236\357\274\237.md"
 create mode 100644 "posts/jiaocheng-shiyong-jiaocheng/2025-10-18-\345\234\250\345\233\275\345\244\226\346\200\216\344\271\210\347\216\251\345\233\275\346\234\215\351\255\224\345\205\275\344\270\226\347\225\214\357\274\237\345\233\236\345\233\275\347\275\221\347\273\234\350\247\243\345\206\263\346\226\271\346\241\210.md"
 create mode 100644 "posts/jiaocheng-shiyong-jiaocheng/2025-10-18-\346\200\216\344\271\210\345\234\250\345\233\275\345\244\226\345\220\254\345\234\260\345\214\272\351\231\220\345\210\266\347\232\204\346\255\214\357\274\237\345\233\236\345\233\275\347\275\221\347\273\234\345\205\250\350\247\243\346\236\220.md"
 create mode 100644 "posts/jiaocheng-shiyong-jiaocheng/2025-10-27-\344\270\255\345\233\275\344\275\277\347\224\250\347\232\204vpn\345\246\202\344\275\225\350\247\243\345\206\263\346\265\267\345\244\226\350\256\277\351\227\256\351\232\276\351\242\230.md"
 create mode 100644 "posts/jiaocheng-shiyong-jiaocheng/2025-10-27-\344\270\255\345\233\275\347\225\231\345\255\246vpn\357\274\214\346\265\267\345\244\226\350\256\277\351\227\256\345\233\275\345\206\205\346\234\215\345\212\241\347\232\204\347\234\237\345\256\236\344\275\223\351\252\214\344\270\216\350\247\243\345\206\263.md"
 create mode 100644 "posts/jiaocheng-shiyong-jiaocheng/2025-10-27-\344\270\255\345\233\275\347\277\273\345\242\231\345\210\260\345\233\275\345\244\226\351\201\207\351\230\273\357\274\237\350\247\243\351\224\201\345\233\275\345\206\205\346\234\215\345\212\241\346\262\241\351\202\243\344\271\210\351\232\276.md"
 create mode 100644 "posts/jiaocheng-shiyong-jiaocheng/2025-10-27-\345\204\252\351\205\267\345\217\260\347\201\243\344\270\215\350\203\275\350\250\273\345\206\212\346\200\216\344\271\210\345\212\236\357\274\237\346\265\267\345\244\226\345\205\232\345\233\236\345\233\275\347\275\221\347\273\234\350\247\243\345\206\263\346\226\271.md"
 create mode 100644 "posts/jiaocheng-shiyong-jiaocheng/2025-10-27-\345\234\250\345\233\275\345\244\226\346\200\216\344\271\210\344\270\212\351\255\224\345\205\275\346\200\200\346\227\247\346\234\215\345\233\275\346\234\215\357\274\237\350\277\231\344\272\233\351\231\220\345\210\266\344\270\216\350\247\243\345\206\263\346\226\271.md"
 create mode 100644 "posts/jiaocheng-shiyong-jiaocheng/2025-10-27-\345\234\250\345\233\275\345\244\226\346\211\223\344\270\215\345\274\200\345\233\275\345\206\205\347\232\204\347\275\221\347\253\231\346\200\216\344\271\210\345\212\236\357\274\237\346\265\267\345\244\226\345\205\232\344\272\262\346\265\213\346\234\211\346\225\210.md"
 create mode 100644 "posts/jiaocheng-shiyong-jiaocheng/2025-10-27-\345\234\250\345\233\275\345\244\226\347\252\201\347\204\266\346\227\240\346\263\225\350\256\277\351\227\256\345\233\275\345\206\205\347\275\221\347\253\231\346\200\216\344\271\210\345\212\236\357\274\237\344\272\262\346\265\213\346\234\211\346\225\210\346\226\271.md"
 create mode 100644 "posts/jiaocheng-shiyong-jiaocheng/2025-10-27-\345\234\250\346\265\267\345\244\226\345\246\202\344\275\225\345\256\214\347\276\216\345\271\263\345\217\260\346\265\267\345\244\226\346\263\250\345\206\214\357\274\237\350\277\231\344\272\233\351\227\256\351\242\230\344\275\240\345\217\257\350\203\275\344\271\237.md"
 create mode 100644 "posts/jiaocheng-shiyong-jiaocheng/2025-10-27-\345\234\250\347\276\216\345\233\275\347\234\213\344\270\255\346\226\207\347\224\265\350\247\206\346\234\211\345\244\232\351\232\276\357\274\237\344\272\262\346\265\213\350\247\243\345\206\263\345\212\236\346\263\225\346\235\245\344\272\206.md"
 create mode 100644 "posts/jiaocheng-shiyong-jiaocheng/2025-11-27-\344\272\272\345\234\250\345\233\275\345\244\226\345\210\260\345\272\225\346\200\216\344\271\210\350\247\243\351\231\244\345\234\260\345\214\272\351\231\220\345\210\266\357\274\237\350\201\212\350\201\212\346\210\221\347\232\204\344\272\262\350\272\253\347\273\217.md"
 create mode 100644 "posts/jiaocheng-shiyong-jiaocheng/2025-11-27-\345\210\232\345\207\272\345\233\275\345\277\203\346\200\201\345\264\251\344\272\206\357\274\237\350\201\212\350\201\212\345\234\250\345\233\275\345\244\226\346\200\216\346\240\267\350\247\243\345\206\263\345\234\260\345\214\272\351\231\220\345\210\266\350\277\231.md"
 create mode 100644 "posts/jiaocheng-shiyong-jiaocheng/2025-11-27-\345\210\232\345\210\260\350\277\231\350\276\271\345\220\204\347\247\215\344\270\215\344\271\240\346\203\257\357\274\237\350\201\212\350\201\212\345\234\250\347\276\216\345\233\275\346\200\216\344\271\210\347\234\213\344\270\255\345\233\275\347\224\265\350\247\206.md"
 create mode 100644 "posts/jiaocheng-shiyong-jiaocheng/2025-11-28-\345\210\232\345\207\272\345\233\275\345\217\221\347\216\260\347\234\213\344\270\215\344\272\206\345\211\247\357\274\237\345\221\212\350\257\211\344\275\240\345\234\250\345\233\275\345\244\226\346\200\216\344\271\210\347\234\213\345\233\275\345\206\205\347\232\204.md"
 create mode 100644 "posts/tiyu-tiyu-zhibo/2025-10-27-\345\234\250\345\233\275\345\244\226\347\234\213cctv5\357\274\237\350\247\243\351\224\201\345\233\275\345\206\205\347\203\255\351\227\250\346\234\215\345\212\241\347\232\204\347\234\237\345\256\236\344\275\223\351\252\214.md"
 create mode 100644 "posts/yingyin-huiguo-yingyin/2025-10-27-\345\234\250\345\233\275\345\244\226\346\200\216\344\271\210\347\234\213\345\233\275\345\206\205\347\232\204\347\275\221\347\253\231\350\247\206\351\242\221\346\200\216\344\271\210\345\212\236\357\274\237\344\272\262\346\265\213\346\234\211\346\225\210\346\226\271.md"
 create mode 100644 "posts/yingyin-huiguo-yingyin/2025-10-27-\345\234\250\345\233\275\345\244\226\347\234\213\350\205\276\350\256\257\350\247\206\351\242\221\357\274\214\345\233\275\345\206\205app\345\205\250\346\226\271\344\275\215\350\247\243\351\224\201\346\214\207\345\215\227.md"
 create mode 100644 "posts/yingyin-huiguo-yingyin/2025-11-27-\344\272\272\345\234\250\345\233\275\345\244\226\346\203\263\350\277\275\345\211\247\346\200\216\344\271\210\345\212\236\357\274\237\346\200\216\344\271\210\350\247\243\351\231\244\344\274\230\351\205\267\346\265\267\345\244\226\351\231\220\345\210\266\347\232\204.md"
 create mode 100644 "posts/yingyin-huiguo-yingyin/2025-11-27-\344\272\272\345\234\250\345\233\275\345\244\226\347\234\213\345\211\247\346\200\273\345\217\227\351\230\273\357\274\237\350\201\212\350\201\212\345\234\250\346\265\267\345\244\226\347\210\261\345\245\207\350\211\272\350\247\243\351\231\244\345\234\260\345\214\272.md"
 create mode 100644 "posts/yingyin-huiguo-yingyin/2025-11-27-\344\272\272\345\234\250\345\233\275\345\244\226\347\234\213\350\247\206\351\242\221\345\217\227\351\230\273\357\274\237\350\201\212\350\201\212\346\200\216\344\271\210\347\240\264\350\247\243\345\233\275\345\256\266\345\234\260\345\214\272\351\231\220\345\210\266.md"
 create mode 100644 "posts/yingyin-huiguo-yingyin/2025-11-27-\345\207\272\344\272\206\345\233\275\350\277\275\345\211\247\345\217\227\351\231\220\347\234\237\345\244\264\345\244\247\357\274\214\345\210\260\345\272\225\346\200\216\344\271\210\345\234\250\346\265\267\345\244\226\347\234\213\347\210\261\345\245\207\350\211\272.md"
 create mode 100644 "posts/yingyin-huiguo-yingyin/2025-11-27-\345\210\232\345\207\272\345\233\275\346\203\263\347\237\245\351\201\223\346\200\216\344\271\210\345\234\250\345\233\275\345\244\226\347\234\213\350\205\276\350\256\257\357\274\237\350\277\231\345\207\240\344\270\252\345\212\236\346\263\225\344\272\262\346\265\213.md"
 create mode 100644 "posts/yingyin-huiguo-yingyin/2025-11-27-\345\210\232\345\207\272\345\233\275\346\203\263\350\277\275\345\211\247\345\217\227\351\230\273\357\274\237\345\210\260\345\272\225\345\234\250\345\233\275\345\244\226\346\200\216\344\271\210\347\224\250\347\210\261\345\245\207\350\211\272\357\274\237\346\211\215.md"
 create mode 100644 "posts/yingyin-huiguo-yingyin/2025-11-27-\345\210\232\345\207\272\345\233\275\350\277\275\345\211\247\345\217\227\351\230\273\357\274\237\350\201\212\350\201\212\345\234\250\346\265\267\345\244\226\346\200\216\344\271\210\347\234\213\347\210\261\345\245\207\350\211\272\347\232\204\345\207\240\344\270\252.md"
 create mode 100644 "posts/yingyin-huiguo-yingyin/2025-11-28-\345\210\260\344\272\206\346\265\267\345\244\226\346\211\215\345\217\221\347\216\260\350\277\275\345\211\247\351\232\276\357\274\214\347\251\266\347\253\237\345\234\250\345\233\275\345\244\226\346\200\216\344\271\210\347\234\213\347\210\261\345\245\207\350\211\272.md"
 create mode 100644 "posts/yingyin-huiguo-yingyin/2025-11-28-\345\210\260\344\272\206\346\265\267\345\244\226\346\211\215\345\217\221\347\216\260\350\277\275\345\211\247\351\232\276\357\274\237\350\201\212\350\201\212\345\234\250\345\233\275\345\244\226\346\200\216\344\271\210\347\234\213\345\233\275\345\206\205\347\224\265.md"
 create mode 100644 "posts/yingyin-huiguo-yingyin/2025-11-28-\347\225\231\345\255\246\347\224\237\351\203\275\345\234\250\351\227\256\357\274\232\345\234\250\345\233\275\345\244\226\346\200\216\344\271\210\347\234\213\345\223\224\345\223\251\345\223\224\345\223\251\357\274\237\347\234\237\347\232\204\345\276\210\351\232\276.md"
 create mode 100644 "posts/yinyue-yinyue-yinpin/2025-10-18-\345\234\250\345\233\275\345\244\226\346\200\216\344\271\210\347\224\250\347\275\221\346\230\223\344\272\221\345\220\254\346\255\214\357\274\237\350\277\231\344\272\233\346\234\215\345\212\241\344\272\262\346\265\213\346\234\211\346\225\210.md"
 create mode 100644 "posts/yinyue-yinyue-yinpin/2025-10-27-\345\234\250\345\233\275\345\244\226\346\200\216\344\271\210\347\224\250\347\275\221\346\230\223\344\272\221\351\237\263\344\271\220\345\220\254\345\233\275\345\206\205\347\232\204\346\255\214\346\234\200\345\205\250\350\247\243\347\255\224\357\274\210\344\272\262.md"
 create mode 100644 "posts/yinyue-yinyue-yinpin/2025-11-27-\345\210\232\345\207\272\345\233\275\345\217\221\347\216\260\346\255\214\345\215\225\345\217\230\347\201\260\357\274\237\345\234\250\346\265\267\345\244\226\345\220\254\346\255\214\345\246\202\344\275\225\350\247\243\351\231\244\345\234\260\345\237\237\351\231\220.md"
 create mode 100644 "posts/yinyue-yinyue-yinpin/2025-11-27-\345\210\232\345\207\272\345\233\275\345\217\221\347\216\260\346\255\214\345\215\225\345\217\230\347\201\260\357\274\237\350\201\212\350\201\212\345\210\260\345\272\225\345\234\250\345\233\275\345\244\226\346\200\216\344\271\210\345\220\254\346\255\214\346\211\215.md"
 create mode 100644 "posts/yinyue-yinyue-yinpin/2025-11-27-\346\255\214\345\215\225\345\205\250\345\217\230\347\201\260\357\274\237\346\225\231\344\275\240\345\234\250\345\233\275\345\244\226\346\200\216\344\271\210\347\224\250qq\351\237\263\344\271\220\357\274\237\350\277\231\346\213\233\344\272\262\346\265\213\345\245\275.md"
 create mode 100644 "posts/youxi-huiguo-youxi/2025-10-18-\345\234\250\346\265\267\345\244\226\346\200\216\344\271\210\347\216\251\346\260\270\345\212\253\346\227\240\351\227\264\357\274\237\351\202\243\344\272\233\345\271\264\346\210\221\344\273\254\344\270\200\350\265\267\347\273\225\350\277\207\347\232\204\345\235\221.md"
 create mode 100644 "posts/youxi-huiguo-youxi/2025-10-27-\345\234\250\345\233\275\345\244\226\346\200\216\344\271\210\347\216\251\345\233\275\345\206\205\347\232\204\346\270\270\346\210\217\346\200\216\344\271\210\345\212\236\357\274\237\344\272\262\346\265\213\345\245\275\347\224\250\347\232\204\345\233\236\345\233\275.md"
 create mode 100644 "posts/youxi-huiguo-youxi/2025-10-27-\345\234\250\345\233\275\345\244\226\346\200\216\344\271\210\347\216\251\347\275\221\346\230\223\346\210\221\347\232\204\344\270\226\347\225\214\357\274\237\345\233\236\345\233\275\347\275\221\347\273\234\350\247\243\345\206\263\346\226\271\346\241\210\350\247\243.md"
 create mode 100644 "posts/youxi-huiguo-youxi/2025-10-27-\345\234\250\345\233\275\345\244\226\347\216\251\345\222\214\345\271\263\347\262\276\350\213\261\347\224\250\344\273\200\344\271\210\345\212\240\351\200\237\345\231\250\357\274\237\350\277\231\344\272\233\345\233\275\345\206\205\346\234\215\345\212\241\351\203\275.md"
 create mode 100644 "posts/youxi-huiguo-youxi/2025-11-27-\344\272\272\345\234\250\345\214\227\347\276\216\346\203\263\345\274\200\351\273\221\357\274\214\345\210\260\345\272\225\345\234\250\347\276\216\345\233\275\347\216\251\345\233\275\346\234\215lol\345\215\241\345\220\227\357\274\237\345\246\202\344\275\225.md"
 create mode 100644 "posts/youxi-huiguo-youxi/2025-11-27-\344\272\272\345\234\250\345\214\227\347\276\216\347\273\217\345\270\270\345\215\241\351\241\277\357\274\237\345\234\250\345\212\240\346\213\277\345\244\247\347\216\251\347\216\213\350\200\205\350\215\243\350\200\200\347\224\250\344\273\200\344\271\210\345\212\240.md"
 create mode 100644 "posts/youxi-huiguo-youxi/2025-11-27-\344\272\272\345\234\250\346\265\267\345\244\226\345\276\210\345\215\241\357\274\237\350\201\212\350\201\212\345\234\250\345\233\275\345\244\226\346\200\216\344\271\210\347\216\251\347\275\221\346\230\223\346\210\221\347\232\204\344\270\226\347\225\214\357\274\237.md"
 create mode 100644 "posts/youxi-huiguo-youxi/2025-11-27-\345\210\232\345\207\272\345\233\275\345\260\261\350\242\253\345\273\266\350\277\237\345\212\235\351\200\200\357\274\237\350\201\212\350\201\212\345\234\250\345\233\275\345\244\226\346\200\216\344\271\210\347\216\251\345\233\275\345\206\205\347\232\204\346\270\270.md"
 create mode 100644 "posts/youxi-huiguo-youxi/2025-11-27-\345\210\232\345\207\272\345\233\275\346\203\263\345\274\200\351\273\221\357\274\237\345\210\260\345\272\225\345\234\250\347\276\216\345\233\275\350\203\275\347\216\251\347\216\213\350\200\205\345\220\227\357\274\237\346\211\213\346\212\212\346\211\213\346\225\231.md"
 create mode 100644 "posts/youxi-huiguo-youxi/2025-11-27-\345\210\232\345\207\272\345\233\275\347\225\231\345\255\246\357\274\214\346\203\263\347\237\245\351\201\223\345\244\247\345\256\266\345\234\250\346\265\267\345\244\226\347\216\251\345\233\275\345\206\205\346\270\270\346\210\217\347\224\250\344\273\200\344\271\210.md"
 create mode 100644 "posts/youxi-huiguo-youxi/2025-11-27-\345\210\232\345\210\260\346\265\267\345\244\226\346\203\263\346\211\223\345\233\275\346\234\215\357\274\237\350\201\212\350\201\212\345\234\250\347\276\216\345\233\275\346\200\216\344\271\210\347\216\251\350\213\261\351\233\204\350\201\224\347\233\237\357\274\237.md"
 create mode 100644 "posts/youxi-huiguo-youxi/2025-11-27-\345\210\232\350\220\275\345\234\260\347\225\231\345\255\246\346\203\263\347\237\245\351\201\223\345\234\250\347\276\216\345\233\275\345\217\257\344\273\245\347\216\251\347\216\213\350\200\205\350\215\243\350\200\200\345\220\227\357\274\237\350\277\231\344\270\200.md"
 create mode 100644 "posts/youxi-huiguo-youxi/2025-11-27-\345\210\260\344\272\206\346\265\267\345\244\226\346\200\273\346\216\211\347\272\277\357\274\237\350\201\212\350\201\212\345\234\250\347\276\216\345\233\275\346\200\216\344\271\210\347\216\251\347\216\213\350\200\205\350\215\243\350\200\200\346\211\215\344\270\215.md"
To https://github.com/huiguojiasuqi/huiguojiasuqi.git
   5412d5f..4c85985  main -> main
[2026-09-10 18:03:49] batch start=180 n=50
  4619 -> posts/jiaocheng-shiyong-jiaocheng/2025-10-18-在国外怎么使用国内的app，回国网络怎么搞？.md (2623 chars)
  4618 -> posts/jiaocheng-shiyong-jiaocheng/2025-10-18-在国外怎么看国内的网站信息？海外党亲测有效.md (2546 chars)
  4617 -> posts/bangong-bangong-baokao/2025-10-18-在国外用不了交管12123怎么办？原因与真实解决经验.md (2748 chars)
  4616 -> posts/jiaocheng-shiyong-jiaocheng/2025-10-18-在国外玩国服魔兽世界用什么加速器？海外党访问.md (2807 chars)
  4615 -> posts/bangong-bangong-baokao/2025-10-18-在国外如何注册12123的那些事儿，以及国内应用访问.md (2373 chars)
  4614 -> posts/bangong-bangong-baokao/2025-10-18-在国外能用交管12123么？海外党如何顺畅访问国内服.md (2250 chars)
  4613 -> posts/bangong-bangong-baokao/2025-10-18-在国外登录不了国内小程序怎么办：亲测有效的回.md (2620 chars)
  4612 -> posts/jiaocheng-shiyong-jiaocheng/2025-10-18-央視頻vpn：海外党如何流畅访问国内受限服务.md (2497 chars)
  4611 -> posts/youxi-huiguo-youxi/2025-10-18-我的世界中國版地區無法登入？海外黨回國網絡體-2.md (2202 chars)
  4610 -> posts/jiaocheng-shiyong-jiaocheng/2025-10-18-微信遊戲不能看廣告怎么办？海外党亲测有效回国.md (2515 chars)
  4609 -> posts/jiaocheng-shiyong-jiaocheng/2025-10-18-台灣如何註冊夸克網盤？海外黨回國网络疑难解答.md (2400 chars)
  4608 -> posts/jiaocheng-shiyong-jiaocheng/2025-10-18-咪咕海外遇阻？这些国内服务海外无法访问的真实.md (2436 chars)
  4607 -> posts/bangong-bangong-baokao/2025-10-18-交管12123国外网络异常405怎么办？试试这个方法.md (2496 chars)
  4606 -> posts/jiaocheng-shiyong-jiaocheng/2025-10-18-海外访问国内服务，快帆vpn下载是首选？.md (2419 chars)
  4605 -> posts/yinyue-yinyue-yinpin/2025-10-18-国外怎么用咪咕音乐？轻松解决访问限制.md (2451 chars)
  4604 -> posts/tiyu-tiyu-zhibo/2025-10-17-怎么在海外看cctv5？海外党亲测回国网络解决之道.md (2280 chars)
  4603 -> posts/jiaocheng-shiyong-jiaocheng/2025-10-17-怎么翻墙到国内才能流畅访问？海外党必看！.md (2891 chars)
  4602 -> posts/yinyue-yinyue-yinpin/2025-10-17-在美国能听qq音乐吗？海外党回国网络问题的亲测分.md (2328 chars)
  4601 -> posts/yinyue-yinyue-yinpin/2025-10-17-在海外如何顺利解除喜马拉雅限制的方法？.md (2431 chars)
  4600 -> posts/bangong-bangong-baokao/2025-10-17-在海外如果使用交管12123怎么办？亲测有效回国网络.md (2533 chars)
  4599 -> posts/bangong-bangong-baokao/2025-10-17-在国外怎么注册交管12123？这些麻烦事儿该咋办.md (2630 chars)
  4598 -> posts/jiaocheng-shiyong-jiaocheng/2025-10-17-在国外怎么用国内软件？这里有真实的回国网络解.md (2744 chars)
  4597 -> posts/jiaocheng-shiyong-jiaocheng/2025-10-17-在国外怎么听中国歌曲：亲测有效的回国网络解决.md (2790 chars)
  4596 -> posts/jiaocheng-shiyong-jiaocheng/2025-10-17-在国外怎么看国内电视？这些回国网络限制怎么办.md (2525 chars)
  4595 -> posts/jiaocheng-shiyong-jiaocheng/2025-10-17-在国外怎么电脑翻墙回国访问国内服务？.md (2940 chars)
  4594 -> posts/youxi-huiguo-youxi/2025-10-17-在国外玩国服原神-遇阻？这些国内服务也能用.md (2739 chars)
  4593 -> posts/bangong-bangong-baokao/2025-10-17-在国外可以登陆12123吗？海外党回国网络实测分享.md (2983 chars)
  4592 -> posts/bangong-bangong-baokao/2025-10-17-在国外登录12123的注意事项与常见问题解答.md (2455 chars)
  4591 -> posts/bangong-bangong-baokao/2025-10-17-在国外12123登不上去怎么办？海外党访问国内受限服.md (2374 chars)
  4590 -> posts/yingyin-huiguo-yingyin/2025-10-17-优酷台灣怎么解决？海外党亲测回国加速方法.md (2555 chars)
  4589 -> posts/yingyin-huiguo-yingyin/2025-10-17-优酷地区限制怎么办？海外党亲测有效回国网络解.md (2513 chars)
  4588 -> posts/jiaocheng-shiyong-jiaocheng/2025-10-17-小米電視翻牆：海外黨如何順暢訪問國內服務.md (2244 chars)
  4587 -> posts/jiaocheng-shiyong-jiaocheng/2025-10-17-小红书更改ip，海外党访问国内服务那些事儿.md (2527 chars)
  4586 -> posts/yinyue-yinyue-yinpin/2025-10-17-喜马拉雅怎么解决海外版权问题？海外党回国上网.md (2800 chars)
  4585 -> posts/jiaocheng-shiyong-jiaocheng/2025-10-17-我在国外浏览不了国内的网站怎么办？.md (2239 chars)
  4584 -> posts/jiaocheng-shiyong-jiaocheng/2025-10-17-为什么有些歌在国外不能听？海外党回国网络畅通.md (2413 chars)
  4583 -> posts/jiaocheng-shiyong-jiaocheng/2025-10-17-为什么v2ray延迟高？亲测有效的回国网络方法.md (2844 chars)
  4582 -> posts/jiaocheng-shiyong-jiaocheng/2025-10-17-微信豆海外充值难？海外党访问国内服务全解析.md (2928 chars)
  4581 -> posts/bangong-bangong-baokao/2025-10-17-如何在国外打开12123？亲测有效的回国网络解决之道.md (2481 chars)
  4580 -> posts/jiaocheng-shiyong-jiaocheng/2025-10-17-全民k歌国外怎么用原唱？海外党亲测有效的方法来.md (2593 chars)
  4579 -> posts/jiaocheng-shiyong-jiaocheng/2025-10-17-夸克盤：海外党访问国内服务卡顿的真实原因与解.md (2718 chars)
  4578 -> posts/jiaocheng-shiyong-jiaocheng/2025-10-17-回国机场搭建那些事儿：让国内服务畅行无阻.md (2347 chars)
  4577 -> posts/youxi-huiguo-youxi/2025-10-17-国外怎么玩国内的游戏：解除区域限制的真实分享.md (2232 chars)
  4576 -> posts/jiaocheng-shiyong-jiaocheng/2025-10-17-国外翻墙到国内：海外党如何顺畅访问国内网络.md (2705 chars)
  4575 -> posts/yinyue-yinyue-yinpin/2025-10-16-怎样在国外听国内音乐最全参考（亲测有效）.md (2774 chars)
  4574 -> posts/yinyue-yinyue-yinpin/2025-10-16-怎么在国外能听到qq音乐？海外党回国网络解析.md (2830 chars)
  4573 -> posts/tiyu-tiyu-zhibo/2025-10-16-在日本怎么看nba？这些国内服务如何顺利访问.md (2437 chars)
  4572 -> posts/jiaocheng-shiyong-jiaocheng/2025-10-16-在加拿大看国内电视遇到限制怎么办？亲测有效回.md (2158 chars)
  4571 -> posts/jiaocheng-shiyong-jiaocheng/2025-10-16-在海外如何顺畅访问國內服務：電腦vpn大陸的真實.md (2475 chars)
  4570 -> posts/youxi-huiguo-youxi/2025-10-16-在国外怎么玩我的世界国服？海外党亲测可用方法.md (2206 chars)
done: ok=50 fail=0
[main 1c5b77f] publish: posts batch start=180 n=50 (total 230)
 50 files changed, 3904 insertions(+)
 create mode 100644 "posts/bangong-bangong-baokao/2025-10-17-\345\234\250\345\233\275\345\244\22612123\347\231\273\344\270\215\344\270\212\345\216\273\346\200\216\344\271\210\345\212\236\357\274\237\346\265\267\345\244\226\345\205\232\350\256\277\351\227\256\345\233\275\345\206\205\345\217\227\351\231\220\346\234\215.md"
 create mode 100644 "posts/bangong-bangong-baokao/2025-10-17-\345\234\250\345\233\275\345\244\226\345\217\257\344\273\245\347\231\273\351\231\20612123\345\220\227\357\274\237\346\265\267\345\244\226\345\205\232\345\233\236\345\233\275\347\275\221\347\273\234\345\256\236\346\265\213\345\210\206\344\272\253.md"
 create mode 100644 "posts/bangong-bangong-baokao/2025-10-17-\345\234\250\345\233\275\345\244\226\346\200\216\344\271\210\346\263\250\345\206\214\344\272\244\347\256\24112123\357\274\237\350\277\231\344\272\233\351\272\273\347\203\246\344\272\213\345\204\277\350\257\245\345\222\213\345\212\236.md"
 create mode 100644 "posts/bangong-bangong-baokao/2025-10-17-\345\234\250\345\233\275\345\244\226\347\231\273\345\275\22512123\347\232\204\346\263\250\346\204\217\344\272\213\351\241\271\344\270\216\345\270\270\350\247\201\351\227\256\351\242\230\350\247\243\347\255\224.md"
 create mode 100644 "posts/bangong-bangong-baokao/2025-10-17-\345\234\250\346\265\267\345\244\226\345\246\202\346\236\234\344\275\277\347\224\250\344\272\244\347\256\24112123\346\200\216\344\271\210\345\212\236\357\274\237\344\272\262\346\265\213\346\234\211\346\225\210\345\233\236\345\233\275\347\275\221\347\273\234.md"
 create mode 100644 "posts/bangong-bangong-baokao/2025-10-17-\345\246\202\344\275\225\345\234\250\345\233\275\345\244\226\346\211\223\345\274\20012123\357\274\237\344\272\262\346\265\213\346\234\211\346\225\210\347\232\204\345\233\236\345\233\275\347\275\221\347\273\234\350\247\243\345\206\263\344\271\213\351\201\223.md"
 create mode 100644 "posts/bangong-bangong-baokao/2025-10-18-\344\272\244\347\256\24112123\345\233\275\345\244\226\347\275\221\347\273\234\345\274\202\345\270\270405\346\200\216\344\271\210\345\212\236\357\274\237\350\257\225\350\257\225\350\277\231\344\270\252\346\226\271\346\263\225.md"
 create mode 100644 "posts/bangong-bangong-baokao/2025-10-18-\345\234\250\345\233\275\345\244\226\345\246\202\344\275\225\346\263\250\345\206\21412123\347\232\204\351\202\243\344\272\233\344\272\213\345\204\277\357\274\214\344\273\245\345\217\212\345\233\275\345\206\205\345\272\224\347\224\250\350\256\277\351\227\256.md"
 create mode 100644 "posts/bangong-bangong-baokao/2025-10-18-\345\234\250\345\233\275\345\244\226\347\224\250\344\270\215\344\272\206\344\272\244\347\256\24112123\346\200\216\344\271\210\345\212\236\357\274\237\345\216\237\345\233\240\344\270\216\347\234\237\345\256\236\350\247\243\345\206\263\347\273\217\351\252\214.md"
 create mode 100644 "posts/bangong-bangong-baokao/2025-10-18-\345\234\250\345\233\275\345\244\226\347\231\273\345\275\225\344\270\215\344\272\206\345\233\275\345\206\205\345\260\217\347\250\213\345\272\217\346\200\216\344\271\210\345\212\236\357\274\232\344\272\262\346\265\213\346\234\211\346\225\210\347\232\204\345\233\236.md"
 create mode 100644 "posts/bangong-bangong-baokao/2025-10-18-\345\234\250\345\233\275\345\244\226\350\203\275\347\224\250\344\272\244\347\256\24112123\344\271\210\357\274\237\346\265\267\345\244\226\345\205\232\345\246\202\344\275\225\351\241\272\347\225\205\350\256\277\351\227\256\345\233\275\345\206\205\346\234\215.md"
 create mode 100644 "posts/jiaocheng-shiyong-jiaocheng/2025-10-16-\345\234\250\345\212\240\346\213\277\345\244\247\347\234\213\345\233\275\345\206\205\347\224\265\350\247\206\351\201\207\345\210\260\351\231\220\345\210\266\346\200\216\344\271\210\345\212\236\357\274\237\344\272\262\346\265\213\346\234\211\346\225\210\345\233\236.md"
 create mode 100644 "posts/jiaocheng-shiyong-jiaocheng/2025-10-16-\345\234\250\346\265\267\345\244\226\345\246\202\344\275\225\351\241\272\347\225\205\350\256\277\351\227\256\345\234\213\345\205\247\346\234\215\345\213\231\357\274\232\351\233\273\350\205\246vpn\345\244\247\351\231\270\347\232\204\347\234\237\345\257\246.md"
 create mode 100644 "posts/jiaocheng-shiyong-jiaocheng/2025-10-17-\344\270\272\344\273\200\344\271\210v2ray\345\273\266\350\277\237\351\253\230\357\274\237\344\272\262\346\265\213\346\234\211\346\225\210\347\232\204\345\233\236\345\233\275\347\275\221\347\273\234\346\226\271\346\263\225.md"
 create mode 100644 "posts/jiaocheng-shiyong-jiaocheng/2025-10-17-\344\270\272\344\273\200\344\271\210\346\234\211\344\272\233\346\255\214\345\234\250\345\233\275\345\244\226\344\270\215\350\203\275\345\220\254\357\274\237\346\265\267\345\244\226\345\205\232\345\233\236\345\233\275\347\275\221\347\273\234\347\225\205\351\200\232.md"
 create mode 100644 "posts/jiaocheng-shiyong-jiaocheng/2025-10-17-\345\205\250\346\260\221k\346\255\214\345\233\275\345\244\226\346\200\216\344\271\210\347\224\250\345\216\237\345\224\261\357\274\237\346\265\267\345\244\226\345\205\232\344\272\262\346\265\213\346\234\211\346\225\210\347\232\204\346\226\271\346\263\225\346\235\245.md"
 create mode 100644 "posts/jiaocheng-shiyong-jiaocheng/2025-10-17-\345\233\236\345\233\275\346\234\272\345\234\272\346\220\255\345\273\272\351\202\243\344\272\233\344\272\213\345\204\277\357\274\232\350\256\251\345\233\275\345\206\205\346\234\215\345\212\241\347\225\205\350\241\214\346\227\240\351\230\273.md"
 create mode 100644 "posts/jiaocheng-shiyong-jiaocheng/2025-10-17-\345\233\275\345\244\226\347\277\273\345\242\231\345\210\260\345\233\275\345\206\205\357\274\232\346\265\267\345\244\226\345\205\232\345\246\202\344\275\225\351\241\272\347\225\205\350\256\277\351\227\256\345\233\275\345\206\205\347\275\221\347\273\234.md"
 create mode 100644 "posts/jiaocheng-shiyong-jiaocheng/2025-10-17-\345\234\250\345\233\275\345\244\226\346\200\216\344\271\210\345\220\254\344\270\255\345\233\275\346\255\214\346\233\262\357\274\232\344\272\262\346\265\213\346\234\211\346\225\210\347\232\204\345\233\236\345\233\275\347\275\221\347\273\234\350\247\243\345\206\263.md"
 create mode 100644 "posts/jiaocheng-shiyong-jiaocheng/2025-10-17-\345\234\250\345\233\275\345\244\226\346\200\216\344\271\210\347\224\250\345\233\275\345\206\205\350\275\257\344\273\266\357\274\237\350\277\231\351\207\214\346\234\211\347\234\237\345\256\236\347\232\204\345\233\236\345\233\275\347\275\221\347\273\234\350\247\243.md"
 create mode 100644 "posts/jiaocheng-shiyong-jiaocheng/2025-10-17-\345\234\250\345\233\275\345\244\226\346\200\216\344\271\210\347\224\265\350\204\221\347\277\273\345\242\231\345\233\236\345\233\275\350\256\277\351\227\256\345\233\275\345\206\205\346\234\215\345\212\241\357\274\237.md"
 create mode 100644 "posts/jiaocheng-shiyong-jiaocheng/2025-10-17-\345\234\250\345\233\275\345\244\226\346\200\216\344\271\210\347\234\213\345\233\275\345\206\205\347\224\265\350\247\206\357\274\237\350\277\231\344\272\233\345\233\236\345\233\275\347\275\221\347\273\234\351\231\220\345\210\266\346\200\216\344\271\210\345\212\236.md"
 create mode 100644 "posts/jiaocheng-shiyong-jiaocheng/2025-10-17-\345\244\270\345\205\213\347\233\244\357\274\232\346\265\267\345\244\226\345\205\232\350\256\277\351\227\256\345\233\275\345\206\205\346\234\215\345\212\241\345\215\241\351\241\277\347\232\204\347\234\237\345\256\236\345\216\237\345\233\240\344\270\216\350\247\243.md"
 create mode 100644 "posts/jiaocheng-shiyong-jiaocheng/2025-10-17-\345\260\217\347\261\263\351\233\273\350\246\226\347\277\273\347\211\206\357\274\232\346\265\267\345\244\226\351\273\250\345\246\202\344\275\225\351\240\206\346\232\242\350\250\252\345\225\217\345\234\213\345\205\247\346\234\215\345\213\231.md"
 create mode 100644 "posts/jiaocheng-shiyong-jiaocheng/2025-10-17-\345\260\217\347\272\242\344\271\246\346\233\264\346\224\271ip\357\274\214\346\265\267\345\244\226\345\205\232\350\256\277\351\227\256\345\233\275\345\206\205\346\234\215\345\212\241\351\202\243\344\272\233\344\272\213\345\204\277.md"
 create mode 100644 "posts/jiaocheng-shiyong-jiaocheng/2025-10-17-\345\276\256\344\277\241\350\261\206\346\265\267\345\244\226\345\205\205\345\200\274\351\232\276\357\274\237\346\265\267\345\244\226\345\205\232\350\256\277\351\227\256\345\233\275\345\206\205\346\234\215\345\212\241\345\205\250\350\247\243\346\236\220.md"
 create mode 100644 "posts/jiaocheng-shiyong-jiaocheng/2025-10-17-\346\200\216\344\271\210\347\277\273\345\242\231\345\210\260\345\233\275\345\206\205\346\211\215\350\203\275\346\265\201\347\225\205\350\256\277\351\227\256\357\274\237\346\265\267\345\244\226\345\205\232\345\277\205\347\234\213\357\274\201.md"
 create mode 100644 "posts/jiaocheng-shiyong-jiaocheng/2025-10-17-\346\210\221\345\234\250\345\233\275\345\244\226\346\265\217\350\247\210\344\270\215\344\272\206\345\233\275\345\206\205\347\232\204\347\275\221\347\253\231\346\200\216\344\271\210\345\212\236\357\274\237.md"
 create mode 100644 "posts/jiaocheng-shiyong-jiaocheng/2025-10-18-\345\217\260\347\201\243\345\246\202\344\275\225\350\250\273\345\206\212\345\244\270\345\205\213\347\266\262\347\233\244\357\274\237\346\265\267\345\244\226\351\273\250\345\233\236\345\234\213\347\275\221\347\273\234\347\226\221\351\232\276\350\247\243\347\255\224.md"
 create mode 100644 "posts/jiaocheng-shiyong-jiaocheng/2025-10-18-\345\222\252\345\222\225\346\265\267\345\244\226\351\201\207\351\230\273\357\274\237\350\277\231\344\272\233\345\233\275\345\206\205\346\234\215\345\212\241\346\265\267\345\244\226\346\227\240\346\263\225\350\256\277\351\227\256\347\232\204\347\234\237\345\256\236.md"
 create mode 100644 "posts/jiaocheng-shiyong-jiaocheng/2025-10-18-\345\234\250\345\233\275\345\244\226\346\200\216\344\271\210\344\275\277\347\224\250\345\233\275\345\206\205\347\232\204app\357\274\214\345\233\236\345\233\275\347\275\221\347\273\234\346\200\216\344\271\210\346\220\236\357\274\237.md"
 create mode 100644 "posts/jiaocheng-shiyong-jiaocheng/2025-10-18-\345\234\250\345\233\275\345\244\226\346\200\216\344\271\210\347\234\213\345\233\275\345\206\205\347\232\204\347\275\221\347\253\231\344\277\241\346\201\257\357\274\237\346\265\267\345\244\226\345\205\232\344\272\262\346\265\213\346\234\211\346\225\210.md"
 create mode 100644 "posts/jiaocheng-shiyong-jiaocheng/2025-10-18-\345\234\250\345\233\275\345\244\226\347\216\251\345\233\275\346\234\215\351\255\224\345\205\275\344\270\226\347\225\214\347\224\250\344\273\200\344\271\210\345\212\240\351\200\237\345\231\250\357\274\237\346\265\267\345\244\226\345\205\232\350\256\277\351\227\256.md"
 create mode 100644 "posts/jiaocheng-shiyong-jiaocheng/2025-10-18-\345\244\256\350\246\226\351\240\273vpn\357\274\232\346\265\267\345\244\226\345\205\232\345\246\202\344\275\225\346\265\201\347\225\205\350\256\277\351\227\256\345\233\275\345\206\205\345\217\227\351\231\220\346\234\215\345\212\241.md"
 create mode 100644 "posts/jiaocheng-shiyong-jiaocheng/2025-10-18-\345\276\256\344\277\241\351\201\212\346\210\262\344\270\215\350\203\275\347\234\213\345\273\243\345\221\212\346\200\216\344\271\210\345\212\236\357\274\237\346\265\267\345\244\226\345\205\232\344\272\262\346\265\213\346\234\211\346\225\210\345\233\236\345\233\275.md"
 create mode 100644 "posts/jiaocheng-shiyong-jiaocheng/2025-10-18-\346\265\267\345\244\226\350\256\277\351\227\256\345\233\275\345\206\205\346\234\215\345\212\241\357\274\214\345\277\253\345\270\206vpn\344\270\213\350\275\275\346\230\257\351\246\226\351\200\211\357\274\237.md"
 create mode 100644 "posts/tiyu-tiyu-zhibo/2025-10-16-\345\234\250\346\227\245\346\234\254\346\200\216\344\271\210\347\234\213nba\357\274\237\350\277\231\344\272\233\345\233\275\345\206\205\346\234\215\345\212\241\345\246\202\344\275\225\351\241\272\345\210\251\350\256\277\351\227\256.md"
 create mode 100644 "posts/tiyu-tiyu-zhibo/2025-10-17-\346\200\216\344\271\210\345\234\250\346\265\267\345\244\226\347\234\213cctv5\357\274\237\346\265\267\345\244\226\345\205\232\344\272\262\346\265\213\345\233\236\345\233\275\347\275\221\347\273\234\350\247\243\345\206\263\344\271\213\351\201\223.md"
 create mode 100644 "posts/yingyin-huiguo-yingyin/2025-10-17-\344\274\230\351\205\267\345\217\260\347\201\243\346\200\216\344\271\210\350\247\243\345\206\263\357\274\237\346\265\267\345\244\226\345\205\232\344\272\262\346\265\213\345\233\236\345\233\275\345\212\240\351\200\237\346\226\271\346\263\225.md"
 create mode 100644 "posts/yingyin-huiguo-yingyin/2025-10-17-\344\274\230\351\205\267\345\234\260\345\214\272\351\231\220\345\210\266\346\200\216\344\271\210\345\212\236\357\274\237\346\265\267\345\244\226\345\205\232\344\272\262\346\265\213\346\234\211\346\225\210\345\233\236\345\233\275\347\275\221\347\273\234\350\247\243.md"
 create mode 100644 "posts/yinyue-yinyue-yinpin/2025-10-16-\346\200\216\344\271\210\345\234\250\345\233\275\345\244\226\350\203\275\345\220\254\345\210\260qq\351\237\263\344\271\220\357\274\237\346\265\267\345\244\226\345\205\232\345\233\236\345\233\275\347\275\221\347\273\234\350\247\243\346\236\220.md"
 create mode 100644 "posts/yinyue-yinyue-yinpin/2025-10-16-\346\200\216\346\240\267\345\234\250\345\233\275\345\244\226\345\220\254\345\233\275\345\206\205\351\237\263\344\271\220\346\234\200\345\205\250\345\217\202\350\200\203\357\274\210\344\272\262\346\265\213\346\234\211\346\225\210\357\274\211.md"
 create mode 100644 "posts/yinyue-yinyue-yinpin/2025-10-17-\345\226\234\351\251\254\346\213\211\351\233\205\346\200\216\344\271\210\350\247\243\345\206\263\346\265\267\345\244\226\347\211\210\346\235\203\351\227\256\351\242\230\357\274\237\346\265\267\345\244\226\345\205\232\345\233\236\345\233\275\344\270\212\347\275\221.md"
 create mode 100644 "posts/yinyue-yinyue-yinpin/2025-10-17-\345\234\250\346\265\267\345\244\226\345\246\202\344\275\225\351\241\272\345\210\251\350\247\243\351\231\244\345\226\234\351\251\254\346\213\211\351\233\205\351\231\220\345\210\266\347\232\204\346\226\271\346\263\225\357\274\237.md"
 create mode 100644 "posts/yinyue-yinyue-yinpin/2025-10-17-\345\234\250\347\276\216\345\233\275\350\203\275\345\220\254qq\351\237\263\344\271\220\345\220\227\357\274\237\346\265\267\345\244\226\345\205\232\345\233\236\345\233\275\347\275\221\347\273\234\351\227\256\351\242\230\347\232\204\344\272\262\346\265\213\345\210\206.md"
 create mode 100644 "posts/yinyue-yinyue-yinpin/2025-10-18-\345\233\275\345\244\226\346\200\216\344\271\210\347\224\250\345\222\252\345\222\225\351\237\263\344\271\220\357\274\237\350\275\273\346\235\276\350\247\243\345\206\263\350\256\277\351\227\256\351\231\220\345\210\266.md"
 create mode 100644 "posts/youxi-huiguo-youxi/2025-10-16-\345\234\250\345\233\275\345\244\226\346\200\216\344\271\210\347\216\251\346\210\221\347\232\204\344\270\226\347\225\214\345\233\275\346\234\215\357\274\237\346\265\267\345\244\226\345\205\232\344\272\262\346\265\213\345\217\257\347\224\250\346\226\271\346\263\225.md"
 create mode 100644 "posts/youxi-huiguo-youxi/2025-10-17-\345\233\275\345\244\226\346\200\216\344\271\210\347\216\251\345\233\275\345\206\205\347\232\204\346\270\270\346\210\217\357\274\232\350\247\243\351\231\244\345\214\272\345\237\237\351\231\220\345\210\266\347\232\204\347\234\237\345\256\236\345\210\206\344\272\253.md"
 create mode 100644 "posts/youxi-huiguo-youxi/2025-10-17-\345\234\250\345\233\275\345\244\226\347\216\251\345\233\275\346\234\215\345\216\237\347\245\236-\351\201\207\351\230\273\357\274\237\350\277\231\344\272\233\345\233\275\345\206\205\346\234\215\345\212\241\344\271\237\350\203\275\347\224\250.md"
 create mode 100644 "posts/youxi-huiguo-youxi/2025-10-18-\346\210\221\347\232\204\344\270\226\347\225\214\344\270\255\345\234\213\347\211\210\345\234\260\345\215\200\347\204\241\346\263\225\347\231\273\345\205\245\357\274\237\346\265\267\345\244\226\351\273\250\345\233\236\345\234\213\347\266\262\347\265\241\351\253\224-2.md"
To https://github.com/huiguojiasuqi/huiguojiasuqi.git
   4c85985..1c5b77f  main -> main
[2026-09-10 18:04:15] batch start=230 n=50
  4569 -> posts/youxi-huiguo-youxi/2025-10-16-在国外怎么玩国内的游戏？老用户亲测有效解决办.md (2360 chars)
  4568 -> posts/yinyue-yinyue-yinpin/2025-10-16-在国外怎么听酷狗音乐最全解答（亲测有效）.md (2155 chars)
  4567 -> posts/jiaocheng-shiyong-jiaocheng/2025-10-16-在国外怎么进中国网站？解决国内服务访问难题.md (2478 chars)
  4566 -> posts/bangong-bangong-baokao/2025-10-16-在国外怎么登录12123？海外访问国内服务实测分享.md (2513 chars)
  4565 -> posts/jiaocheng-shiyong-jiaocheng/2025-10-16-在国外为什么打不了微信语音？国内服务访问受限.md (2899 chars)
  4564 -> posts/yinyue-yinyue-yinpin/2025-10-16-在国外听不了网易云怎么办？海外党看这里.md (2719 chars)
  4563 -> posts/yingyin-huiguo-yingyin/2025-10-16-在国外听不了歌怎么办？海外党访问国内音乐视频.md (2657 chars)
  4562 -> posts/bangong-bangong-baokao/2025-10-16-在国外如何登录12123？海外党亲测有效解决办法.md (3099 chars)
  4561 -> posts/jiaocheng-shiyong-jiaocheng/2025-10-16-在国外能正常使用国内软件吗？这些限制与破解办.md (2550 chars)
  4560 -> posts/jiaocheng-shiyong-jiaocheng/2025-10-16-在国外能访问国内网站吗？海外党回国网络痛点与.md (2315 chars)
  4559 -> posts/youxi-huiguo-youxi/2025-10-16-在国外交管12123登录不上怎么办？海外党亲测有效解.md (2381 chars)
  4558 -> posts/yinyue-yinyue-yinpin/2025-10-16-在国外qq音乐地区限制怎么办？海外党回国畅享音乐.md (2733 chars)
  4557 -> posts/jiaocheng-shiyong-jiaocheng/2025-10-16-一亩三分地是什么网站？海外用户回国加速器真实.md (2566 chars)
  4556 -> posts/jiaocheng-shiyong-jiaocheng/2025-10-16-小米手機更改地區是怎么回事？海外用户访问国内.md (2860 chars)
  4555 -> posts/jiaocheng-shiyong-jiaocheng/2025-10-16-小红书怎么关闭ip地址：海外访问国内受限服务的亲.md (2504 chars)
  4554 -> posts/jiaocheng-shiyong-jiaocheng/2025-10-16-小红书修改ip，海外党访问国内服务总受限？.md (2645 chars)
  4553 -> posts/jiaocheng-shiyong-jiaocheng/2025-10-16-喜馬拉雅實名認證难？海外访问国内受限服务这样.md (2902 chars)
  4552 -> posts/yinyue-yinyue-yinpin/2025-10-16-喜马拉雅怎么解除限制播放？海外党必看回国方法.md (2524 chars)
  4551 -> posts/yinyue-yinyue-yinpin/2025-10-16-喜马拉雅国外用不了怎么办？真实回国网络解决心.md (2270 chars)
  4550 -> posts/yinyue-yinyue-yinpin/2025-10-16-喜马拉雅地区限制怎么办？海外党亲测回国网络疏.md (2853 chars)
  4549 -> posts/youxi-huiguo-youxi/2025-10-16-为什么香港玩不了我的世界？海外访问国内服务遇.md (3005 chars)
  4548 -> posts/jiaocheng-shiyong-jiaocheng/2025-10-16-为什么出国后微信不能打电话了？海外访问国内服.md (2880 chars)
  4547 -> posts/jiaocheng-shiyong-jiaocheng/2025-10-16-微信小遊戲無法看廣告怎么办？海外用户亲测有效.md (2777 chars)
  4546 -> posts/jiaocheng-shiyong-jiaocheng/2025-10-16-微信豆充值链接，海外用户如何顺利访问？.md (2390 chars)
  4545 -> posts/jiaocheng-shiyong-jiaocheng/2025-10-16-天籁k歌因版權原因？海外用户回国加速，这样解决.md (2493 chars)
  4544 -> posts/jiaocheng-shiyong-jiaocheng/2025-10-16-台湾人怎么用全民k歌？海外访问常见问题与解决之.md (2355 chars)
  4543 -> posts/jiaocheng-shiyong-jiaocheng/2025-10-16-如何快速访问中国国内的网站网址，海外党亲测有.md (2116 chars)
  4542 -> posts/jiaocheng-shiyong-jiaocheng/2025-10-16-人在海外，韩剧tv-访问受限？这些国内服务也一样.md (2385 chars)
  4541 -> posts/bangong-bangong-baokao/2025-10-16-人在国外登陆不了12123账号怎么办？亲测有效的方法.md (2452 chars)
  4540 -> posts/jiaocheng-shiyong-jiaocheng/2025-10-16-全民k歌所在地區無法提供服務怎么办？海外党亲测.md (2749 chars)
  4539 -> posts/yingyin-huiguo-yingyin/2025-10-16-您所在的地区，暂不支持播放该视频？海外党回国.md (1768 chars)
  4538 -> posts/jiaocheng-shiyong-jiaocheng/2025-10-16-快帆云怎么样，海外党访问国内受限服务的烦恼与.md (3154 chars)
  4537 -> posts/bangong-bangong-baokao/2025-10-16-交管12123在国外不能登录吗？海外党回国网络亲测有.md (2645 chars)
  4536 -> posts/jiaocheng-shiyong-jiaocheng/2025-10-16-回国vpn破解版apk：海外党访问国内服务的那些事.md (2079 chars)
  4535 -> posts/jiaocheng-shiyong-jiaocheng/2025-10-16-国外怎么免费听国内的歌，亲测有效的方法来了.md (2715 chars)
  4534 -> posts/duanju-duanju-zhibo/2025-10-16-大陸抖音不能看直播，海外党如何顺利解锁？.md (2462 chars)
  4532 -> posts/youxi-huiguo-youxi/2025-10-15-我的世界中國版地區無法登入？海外黨回國網絡體.md (2199 chars)
  4531 -> posts/jiaocheng-shiyong-jiaocheng/2025-10-15-为什么在国外打不开国内网站？海外党亲测有效解.md (2880 chars)
  4530 -> posts/bangong-bangong-baokao/2025-10-15-为什么12123在国外登录不了？这几个回国加速器或许.md (3133 chars)
  4529 -> posts/jiaocheng-shiyong-jiaocheng/2025-10-15-受区域限制，无法使用cici-的海外困扰与真实解决之.md (2565 chars)
  4528 -> posts/yinyue-yinyue-yinpin/2025-10-15-如何在国外听喜马拉雅？海外党亲测有效回国网络.md (2760 chars)
  4527 -> posts/jiaocheng-shiyong-jiaocheng/2025-10-15-人在海外，怎么听国内的歌？回国网络全解析.md (2735 chars)
  4526 -> posts/jiaocheng-shiyong-jiaocheng/2025-10-15-人在海外，国内翻墙难？解锁访问限制的经验之谈.md (2710 chars)
  4525 -> posts/jiaocheng-shiyong-jiaocheng/2025-10-15-全民k歌在国外唱歌没有原音怎么办？回国网络这样.md (2592 chars)
  4524 -> posts/yingyin-huiguo-yingyin/2025-10-15-您所在的地区暂不支持播放该视频cctv怎么办？.md (2794 chars)
  4523 -> posts/yinyue-yinyue-yinpin/2025-10-15-咪咕音乐海外限制怎么办？解锁中国精彩的亲测办.md (2593 chars)
  4522 -> posts/jiaocheng-shiyong-jiaocheng/2025-10-15-懶人聽書地區限制怎么办？海外党亲测有效回国网.md (2757 chars)
  4521 -> posts/yingyin-huiguo-yingyin/2025-10-15-夸克下載台灣怎么用？海外党回国看视频的真实体.md (2703 chars)
  4520 -> posts/jiaocheng-shiyong-jiaocheng/2025-10-15-夸克网盘海外怎么连？国内服务流畅访问.md (2712 chars)
  4519 -> posts/jiaocheng-shiyong-jiaocheng/2025-10-15-境外访问国内网站用什么软件看，海外党亲测有效.md (2703 chars)
done: ok=50 fail=0
[main bafe3db] publish: posts batch start=230 n=50 (total 280)
 50 files changed, 3816 insertions(+)
 create mode 100644 "posts/bangong-bangong-baokao/2025-10-15-\344\270\272\344\273\200\344\271\21012123\345\234\250\345\233\275\345\244\226\347\231\273\345\275\225\344\270\215\344\272\206\357\274\237\350\277\231\345\207\240\344\270\252\345\233\236\345\233\275\345\212\240\351\200\237\345\231\250\346\210\226\350\256\270.md"
 create mode 100644 "posts/bangong-bangong-baokao/2025-10-16-\344\272\244\347\256\24112123\345\234\250\345\233\275\345\244\226\344\270\215\350\203\275\347\231\273\345\275\225\345\220\227\357\274\237\346\265\267\345\244\226\345\205\232\345\233\236\345\233\275\347\275\221\347\273\234\344\272\262\346\265\213\346\234\211.md"
 create mode 100644 "posts/bangong-bangong-baokao/2025-10-16-\344\272\272\345\234\250\345\233\275\345\244\226\347\231\273\351\231\206\344\270\215\344\272\20612123\350\264\246\345\217\267\346\200\216\344\271\210\345\212\236\357\274\237\344\272\262\346\265\213\346\234\211\346\225\210\347\232\204\346\226\271\346\263\225.md"
 create mode 100644 "posts/bangong-bangong-baokao/2025-10-16-\345\234\250\345\233\275\345\244\226\345\246\202\344\275\225\347\231\273\345\275\22512123\357\274\237\346\265\267\345\244\226\345\205\232\344\272\262\346\265\213\346\234\211\346\225\210\350\247\243\345\206\263\345\212\236\346\263\225.md"
 create mode 100644 "posts/bangong-bangong-baokao/2025-10-16-\345\234\250\345\233\275\345\244\226\346\200\216\344\271\210\347\231\273\345\275\22512123\357\274\237\346\265\267\345\244\226\350\256\277\351\227\256\345\233\275\345\206\205\346\234\215\345\212\241\345\256\236\346\265\213\345\210\206\344\272\253.md"
 create mode 100644 "posts/duanju-duanju-zhibo/2025-10-16-\345\244\247\351\231\270\346\212\226\351\237\263\344\270\215\350\203\275\347\234\213\347\233\264\346\222\255\357\274\214\346\265\267\345\244\226\345\205\232\345\246\202\344\275\225\351\241\272\345\210\251\350\247\243\351\224\201\357\274\237.md"
 create mode 100644 "posts/jiaocheng-shiyong-jiaocheng/2025-10-15-\344\270\272\344\273\200\344\271\210\345\234\250\345\233\275\345\244\226\346\211\223\344\270\215\345\274\200\345\233\275\345\206\205\347\275\221\347\253\231\357\274\237\346\265\267\345\244\226\345\205\232\344\272\262\346\265\213\346\234\211\346\225\210\350\247\243.md"
 create mode 100644 "posts/jiaocheng-shiyong-jiaocheng/2025-10-15-\344\272\272\345\234\250\346\265\267\345\244\226\357\274\214\345\233\275\345\206\205\347\277\273\345\242\231\351\232\276\357\274\237\350\247\243\351\224\201\350\256\277\351\227\256\351\231\220\345\210\266\347\232\204\347\273\217\351\252\214\344\271\213\350\260\210.md"
 create mode 100644 "posts/jiaocheng-shiyong-jiaocheng/2025-10-15-\344\272\272\345\234\250\346\265\267\345\244\226\357\274\214\346\200\216\344\271\210\345\220\254\345\233\275\345\206\205\347\232\204\346\255\214\357\274\237\345\233\236\345\233\275\347\275\221\347\273\234\345\205\250\350\247\243\346\236\220.md"
 create mode 100644 "posts/jiaocheng-shiyong-jiaocheng/2025-10-15-\345\205\250\346\260\221k\346\255\214\345\234\250\345\233\275\345\244\226\345\224\261\346\255\214\346\262\241\346\234\211\345\216\237\351\237\263\346\200\216\344\271\210\345\212\236\357\274\237\345\233\236\345\233\275\347\275\221\347\273\234\350\277\231\346\240\267.md"
 create mode 100644 "posts/jiaocheng-shiyong-jiaocheng/2025-10-15-\345\217\227\345\214\272\345\237\237\351\231\220\345\210\266\357\274\214\346\227\240\346\263\225\344\275\277\347\224\250cici-\347\232\204\346\265\267\345\244\226\345\233\260\346\211\260\344\270\216\347\234\237\345\256\236\350\247\243\345\206\263\344\271\213.md"
 create mode 100644 "posts/jiaocheng-shiyong-jiaocheng/2025-10-15-\345\242\203\345\244\226\350\256\277\351\227\256\345\233\275\345\206\205\347\275\221\347\253\231\347\224\250\344\273\200\344\271\210\350\275\257\344\273\266\347\234\213\357\274\214\346\265\267\345\244\226\345\205\232\344\272\262\346\265\213\346\234\211\346\225\210.md"
 create mode 100644 "posts/jiaocheng-shiyong-jiaocheng/2025-10-15-\345\244\270\345\205\213\347\275\221\347\233\230\346\265\267\345\244\226\346\200\216\344\271\210\350\277\236\357\274\237\345\233\275\345\206\205\346\234\215\345\212\241\346\265\201\347\225\205\350\256\277\351\227\256.md"
 create mode 100644 "posts/jiaocheng-shiyong-jiaocheng/2025-10-15-\346\207\266\344\272\272\350\201\275\346\233\270\345\234\260\345\215\200\351\231\220\345\210\266\346\200\216\344\271\210\345\212\236\357\274\237\346\265\267\345\244\226\345\205\232\344\272\262\346\265\213\346\234\211\346\225\210\345\233\236\345\233\275\347\275\221.md"
 create mode 100644 "posts/jiaocheng-shiyong-jiaocheng/2025-10-16-\344\270\200\344\272\251\344\270\211\345\210\206\345\234\260\346\230\257\344\273\200\344\271\210\347\275\221\347\253\231\357\274\237\346\265\267\345\244\226\347\224\250\346\210\267\345\233\236\345\233\275\345\212\240\351\200\237\345\231\250\347\234\237\345\256\236.md"
 create mode 100644 "posts/jiaocheng-shiyong-jiaocheng/2025-10-16-\344\270\272\344\273\200\344\271\210\345\207\272\345\233\275\345\220\216\345\276\256\344\277\241\344\270\215\350\203\275\346\211\223\347\224\265\350\257\235\344\272\206\357\274\237\346\265\267\345\244\226\350\256\277\351\227\256\345\233\275\345\206\205\346\234\215.md"
 create mode 100644 "posts/jiaocheng-shiyong-jiaocheng/2025-10-16-\344\272\272\345\234\250\346\265\267\345\244\226\357\274\214\351\237\251\345\211\247tv-\350\256\277\351\227\256\345\217\227\351\231\220\357\274\237\350\277\231\344\272\233\345\233\275\345\206\205\346\234\215\345\212\241\344\271\237\344\270\200\346\240\267.md"
 create mode 100644 "posts/jiaocheng-shiyong-jiaocheng/2025-10-16-\345\205\250\346\260\221k\346\255\214\346\211\200\345\234\250\345\234\260\345\215\200\347\204\241\346\263\225\346\217\220\344\276\233\346\234\215\345\213\231\346\200\216\344\271\210\345\212\236\357\274\237\346\265\267\345\244\226\345\205\232\344\272\262\346\265\213.md"
 create mode 100644 "posts/jiaocheng-shiyong-jiaocheng/2025-10-16-\345\217\260\346\271\276\344\272\272\346\200\216\344\271\210\347\224\250\345\205\250\346\260\221k\346\255\214\357\274\237\346\265\267\345\244\226\350\256\277\351\227\256\345\270\270\350\247\201\351\227\256\351\242\230\344\270\216\350\247\243\345\206\263\344\271\213.md"
 create mode 100644 "posts/jiaocheng-shiyong-jiaocheng/2025-10-16-\345\226\234\351\246\254\346\213\211\351\233\205\345\257\246\345\220\215\350\252\215\350\255\211\351\232\276\357\274\237\346\265\267\345\244\226\350\256\277\351\227\256\345\233\275\345\206\205\345\217\227\351\231\220\346\234\215\345\212\241\350\277\231\346\240\267.md"
 create mode 100644 "posts/jiaocheng-shiyong-jiaocheng/2025-10-16-\345\233\236\345\233\275vpn\347\240\264\350\247\243\347\211\210apk\357\274\232\346\265\267\345\244\226\345\205\232\350\256\277\351\227\256\345\233\275\345\206\205\346\234\215\345\212\241\347\232\204\351\202\243\344\272\233\344\272\213.md"
 create mode 100644 "posts/jiaocheng-shiyong-jiaocheng/2025-10-16-\345\233\275\345\244\226\346\200\216\344\271\210\345\205\215\350\264\271\345\220\254\345\233\275\345\206\205\347\232\204\346\255\214\357\274\214\344\272\262\346\265\213\346\234\211\346\225\210\347\232\204\346\226\271\346\263\225\346\235\245\344\272\206.md"
 create mode 100644 "posts/jiaocheng-shiyong-jiaocheng/2025-10-16-\345\234\250\345\233\275\345\244\226\344\270\272\344\273\200\344\271\210\346\211\223\344\270\215\344\272\206\345\276\256\344\277\241\350\257\255\351\237\263\357\274\237\345\233\275\345\206\205\346\234\215\345\212\241\350\256\277\351\227\256\345\217\227\351\231\220.md"
 create mode 100644 "posts/jiaocheng-shiyong-jiaocheng/2025-10-16-\345\234\250\345\233\275\345\244\226\346\200\216\344\271\210\350\277\233\344\270\255\345\233\275\347\275\221\347\253\231\357\274\237\350\247\243\345\206\263\345\233\275\345\206\205\346\234\215\345\212\241\350\256\277\351\227\256\351\232\276\351\242\230.md"
 create mode 100644 "posts/jiaocheng-shiyong-jiaocheng/2025-10-16-\345\234\250\345\233\275\345\244\226\350\203\275\346\255\243\345\270\270\344\275\277\347\224\250\345\233\275\345\206\205\350\275\257\344\273\266\345\220\227\357\274\237\350\277\231\344\272\233\351\231\220\345\210\266\344\270\216\347\240\264\350\247\243\345\212\236.md"
 create mode 100644 "posts/jiaocheng-shiyong-jiaocheng/2025-10-16-\345\234\250\345\233\275\345\244\226\350\203\275\350\256\277\351\227\256\345\233\275\345\206\205\347\275\221\347\253\231\345\220\227\357\274\237\346\265\267\345\244\226\345\205\232\345\233\236\345\233\275\347\275\221\347\273\234\347\227\233\347\202\271\344\270\216.md"
 create mode 100644 "posts/jiaocheng-shiyong-jiaocheng/2025-10-16-\345\244\251\347\261\201k\346\255\214\345\233\240\347\211\210\346\254\212\345\216\237\345\233\240\357\274\237\346\265\267\345\244\226\347\224\250\346\210\267\345\233\236\345\233\275\345\212\240\351\200\237\357\274\214\350\277\231\346\240\267\350\247\243\345\206\263.md"
 create mode 100644 "posts/jiaocheng-shiyong-jiaocheng/2025-10-16-\345\246\202\344\275\225\345\277\253\351\200\237\350\256\277\351\227\256\344\270\255\345\233\275\345\233\275\345\206\205\347\232\204\347\275\221\347\253\231\347\275\221\345\235\200\357\274\214\346\265\267\345\244\226\345\205\232\344\272\262\346\265\213\346\234\211.md"
 create mode 100644 "posts/jiaocheng-shiyong-jiaocheng/2025-10-16-\345\260\217\347\261\263\346\211\213\346\251\237\346\233\264\346\224\271\345\234\260\345\215\200\346\230\257\346\200\216\344\271\210\345\233\236\344\272\213\357\274\237\346\265\267\345\244\226\347\224\250\346\210\267\350\256\277\351\227\256\345\233\275\345\206\205.md"
 create mode 100644 "posts/jiaocheng-shiyong-jiaocheng/2025-10-16-\345\260\217\347\272\242\344\271\246\344\277\256\346\224\271ip\357\274\214\346\265\267\345\244\226\345\205\232\350\256\277\351\227\256\345\233\275\345\206\205\346\234\215\345\212\241\346\200\273\345\217\227\351\231\220\357\274\237.md"
 create mode 100644 "posts/jiaocheng-shiyong-jiaocheng/2025-10-16-\345\260\217\347\272\242\344\271\246\346\200\216\344\271\210\345\205\263\351\227\255ip\345\234\260\345\235\200\357\274\232\346\265\267\345\244\226\350\256\277\351\227\256\345\233\275\345\206\205\345\217\227\351\231\220\346\234\215\345\212\241\347\232\204\344\272\262.md"
 create mode 100644 "posts/jiaocheng-shiyong-jiaocheng/2025-10-16-\345\276\256\344\277\241\345\260\217\351\201\212\346\210\262\347\204\241\346\263\225\347\234\213\345\273\243\345\221\212\346\200\216\344\271\210\345\212\236\357\274\237\346\265\267\345\244\226\347\224\250\346\210\267\344\272\262\346\265\213\346\234\211\346\225\210.md"
 create mode 100644 "posts/jiaocheng-shiyong-jiaocheng/2025-10-16-\345\276\256\344\277\241\350\261\206\345\205\205\345\200\274\351\223\276\346\216\245\357\274\214\346\265\267\345\244\226\347\224\250\346\210\267\345\246\202\344\275\225\351\241\272\345\210\251\350\256\277\351\227\256\357\274\237.md"
 create mode 100644 "posts/jiaocheng-shiyong-jiaocheng/2025-10-16-\345\277\253\345\270\206\344\272\221\346\200\216\344\271\210\346\240\267\357\274\214\346\265\267\345\244\226\345\205\232\350\256\277\351\227\256\345\233\275\345\206\205\345\217\227\351\231\220\346\234\215\345\212\241\347\232\204\347\203\246\346\201\274\344\270\216.md"
 create mode 100644 "posts/yingyin-huiguo-yingyin/2025-10-15-\345\244\270\345\205\213\344\270\213\350\274\211\345\217\260\347\201\243\346\200\216\344\271\210\347\224\250\357\274\237\346\265\267\345\244\226\345\205\232\345\233\236\345\233\275\347\234\213\350\247\206\351\242\221\347\232\204\347\234\237\345\256\236\344\275\223.md"
 create mode 100644 "posts/yingyin-huiguo-yingyin/2025-10-15-\346\202\250\346\211\200\345\234\250\347\232\204\345\234\260\345\214\272\346\232\202\344\270\215\346\224\257\346\214\201\346\222\255\346\224\276\350\257\245\350\247\206\351\242\221cctv\346\200\216\344\271\210\345\212\236\357\274\237.md"
 create mode 100644 "posts/yingyin-huiguo-yingyin/2025-10-16-\345\234\250\345\233\275\345\244\226\345\220\254\344\270\215\344\272\206\346\255\214\346\200\216\344\271\210\345\212\236\357\274\237\346\265\267\345\244\226\345\205\232\350\256\277\351\227\256\345\233\275\345\206\205\351\237\263\344\271\220\350\247\206\351\242\221.md"
 create mode 100644 "posts/yingyin-huiguo-yingyin/2025-10-16-\346\202\250\346\211\200\345\234\250\347\232\204\345\234\260\345\214\272\357\274\214\346\232\202\344\270\215\346\224\257\346\214\201\346\222\255\346\224\276\350\257\245\350\247\206\351\242\221\357\274\237\346\265\267\345\244\226\345\205\232\345\233\236\345\233\275.md"
 create mode 100644 "posts/yinyue-yinyue-yinpin/2025-10-15-\345\222\252\345\222\225\351\237\263\344\271\220\346\265\267\345\244\226\351\231\220\345\210\266\346\200\216\344\271\210\345\212\236\357\274\237\350\247\243\351\224\201\344\270\255\345\233\275\347\262\276\345\275\251\347\232\204\344\272\262\346\265\213\345\212\236.md"
 create mode 100644 "posts/yinyue-yinyue-yinpin/2025-10-15-\345\246\202\344\275\225\345\234\250\345\233\275\345\244\226\345\220\254\345\226\234\351\251\254\346\213\211\351\233\205\357\274\237\346\265\267\345\244\226\345\205\232\344\272\262\346\265\213\346\234\211\346\225\210\345\233\236\345\233\275\347\275\221\347\273\234.md"
 create mode 100644 "posts/yinyue-yinyue-yinpin/2025-10-16-\345\226\234\351\251\254\346\213\211\351\233\205\345\233\275\345\244\226\347\224\250\344\270\215\344\272\206\346\200\216\344\271\210\345\212\236\357\274\237\347\234\237\345\256\236\345\233\236\345\233\275\347\275\221\347\273\234\350\247\243\345\206\263\345\277\203.md"
 create mode 100644 "posts/yinyue-yinyue-yinpin/2025-10-16-\345\226\234\351\251\254\346\213\211\351\233\205\345\234\260\345\214\272\351\231\220\345\210\266\346\200\216\344\271\210\345\212\236\357\274\237\346\265\267\345\244\226\345\205\232\344\272\262\346\265\213\345\233\236\345\233\275\347\275\221\347\273\234\347\226\217.md"
 create mode 100644 "posts/yinyue-yinyue-yinpin/2025-10-16-\345\226\234\351\251\254\346\213\211\351\233\205\346\200\216\344\271\210\350\247\243\351\231\244\351\231\220\345\210\266\346\222\255\346\224\276\357\274\237\346\265\267\345\244\226\345\205\232\345\277\205\347\234\213\345\233\236\345\233\275\346\226\271\346\263\225.md"
 create mode 100644 "posts/yinyue-yinyue-yinpin/2025-10-16-\345\234\250\345\233\275\345\244\226qq\351\237\263\344\271\220\345\234\260\345\214\272\351\231\220\345\210\266\346\200\216\344\271\210\345\212\236\357\274\237\346\265\267\345\244\226\345\205\232\345\233\236\345\233\275\347\225\205\344\272\253\351\237\263\344\271\220.md"
 create mode 100644 "posts/yinyue-yinyue-yinpin/2025-10-16-\345\234\250\345\233\275\345\244\226\345\220\254\344\270\215\344\272\206\347\275\221\346\230\223\344\272\221\346\200\216\344\271\210\345\212\236\357\274\237\346\265\267\345\244\226\345\205\232\347\234\213\350\277\231\351\207\214.md"
 create mode 100644 "posts/yinyue-yinyue-yinpin/2025-10-16-\345\234\250\345\233\275\345\244\226\346\200\216\344\271\210\345\220\254\351\205\267\347\213\227\351\237\263\344\271\220\346\234\200\345\205\250\350\247\243\347\255\224\357\274\210\344\272\262\346\265\213\346\234\211\346\225\210\357\274\211.md"
 create mode 100644 "posts/youxi-huiguo-youxi/2025-10-15-\346\210\221\347\232\204\344\270\226\347\225\214\344\270\255\345\234\213\347\211\210\345\234\260\345\215\200\347\204\241\346\263\225\347\231\273\345\205\245\357\274\237\346\265\267\345\244\226\351\273\250\345\233\236\345\234\213\347\266\262\347\265\241\351\253\224.md"
 create mode 100644 "posts/youxi-huiguo-youxi/2025-10-16-\344\270\272\344\273\200\344\271\210\351\246\231\346\270\257\347\216\251\344\270\215\344\272\206\346\210\221\347\232\204\344\270\226\347\225\214\357\274\237\346\265\267\345\244\226\350\256\277\351\227\256\345\233\275\345\206\205\346\234\215\345\212\241\351\201\207.md"
 create mode 100644 "posts/youxi-huiguo-youxi/2025-10-16-\345\234\250\345\233\275\345\244\226\344\272\244\347\256\24112123\347\231\273\345\275\225\344\270\215\344\270\212\346\200\216\344\271\210\345\212\236\357\274\237\346\265\267\345\244\226\345\205\232\344\272\262\346\265\213\346\234\211\346\225\210\350\247\243.md"
 create mode 100644 "posts/youxi-huiguo-youxi/2025-10-16-\345\234\250\345\233\275\345\244\226\346\200\216\344\271\210\347\216\251\345\233\275\345\206\205\347\232\204\346\270\270\346\210\217\357\274\237\350\200\201\347\224\250\346\210\267\344\272\262\346\265\213\346\234\211\346\225\210\350\247\243\345\206\263\345\212\236.md"
To https://github.com/huiguojiasuqi/huiguojiasuqi.git
   1c5b77f..bafe3db  main -> main
[2026-09-10 18:04:41] batch start=280 n=50
  4518 -> posts/bangong-bangong-baokao/2025-10-15-交管12123在国外不能注册什么情况？亲测有效解决方.md (2886 chars)
  4517 -> posts/jiaocheng-shiyong-jiaocheng/2025-10-15-回国vpnchrome：海外党访问国内服务解锁秘籍.md (2165 chars)
  4516 -> posts/jiaocheng-shiyong-jiaocheng/2025-10-15-华人电视app在海外如何顺畅访问？亲测有效办法.md (2380 chars)
  4515 -> posts/youxi-huiguo-youxi/2025-10-15-国外怎么玩和平精英不卡？海外党回国网络秘籍.md (2108 chars)
  4514 -> posts/bangong-bangong-baokao/2025-10-15-国外怎么登录12123？海外访问国内服务的朋友们看过.md (2748 chars)
  4513 -> posts/jiaocheng-shiyong-jiaocheng/2025-10-15-国外翻墙回国内vpn怎么用？海外党亲测好用.md (2420 chars)
  4512 -> posts/jiaocheng-shiyong-jiaocheng/2025-10-15-qq音樂台灣付費：海外用户如何无障碍畅听.md (2142 chars)
  4511 -> posts/yinyue-yinyue-yinpin/2025-10-14-在国外听歌限制怎么办？海外党必看回国网络解决.md (2530 chars)
  4510 -> posts/jiaocheng-shiyong-jiaocheng/2025-10-14-在国外如何访问国内的网站？海外党亲测有效解答.md (2437 chars)
  4509 -> posts/bangong-bangong-baokao/2025-10-14-在国外登录不了微信小程序怎么办？一文说清原因.md (2039 chars)
  4508 -> posts/bangong-bangong-baokao/2025-10-14-在国外登不上交管12123怎么办？亲测有效的回国网络.md (2781 chars)
  4507 -> posts/jiaocheng-shiyong-jiaocheng/2025-10-14-在国外不能访问国内的网站怎么办？亲测有效的回.md (2631 chars)
  4506 -> posts/youxi-huiguo-youxi/2025-10-14-原神亚服玩腻了？解锁国内服务才是重点.md (2226 chars)
  4505 -> posts/tiyu-tiyu-zhibo/2025-10-14-央视直播海外：海外党如何畅享国内精彩？.md (2253 chars)
  4504 -> posts/jiaocheng-shiyong-jiaocheng/2025-10-14-小米账号无法更改地区？海外用户解锁国内服务全.md (2547 chars)
  4503 -> posts/jiaocheng-shiyong-jiaocheng/2025-10-14-小米摄像头地区限制怎么办？海外党回国网络解法.md (2565 chars)
  4502 -> posts/jiaocheng-shiyong-jiaocheng/2025-10-14-小米地區設定困扰海外党？回国网络这样调！.md (2484 chars)
  4501 -> posts/jiaocheng-shiyong-jiaocheng/2025-10-14-小红书你所在的地区暂不支持怎么办？海外党回国.md (2456 chars)
  4500 -> posts/jiaocheng-shiyong-jiaocheng/2025-10-14-喜馬拉雅fm台灣的海外烦恼，回国网络这样解.md (1865 chars)
  4499 -> posts/yinyue-yinyue-yinpin/2025-10-14-喜马拉雅地区限制怎么解除，海外访问国内服务实.md (2470 chars)
  4498 -> posts/jiaocheng-shiyong-jiaocheng/2025-10-14-我在海外，如何解决西游vpn访问受限？.md (2248 chars)
  4497 -> posts/youxi-huiguo-youxi/2025-10-14-我的世界在国外可以玩吗？亲测有效的国内网络解.md (2768 chars)
  4496 -> posts/duanju-duanju-zhibo/2025-10-14-为什么大陆抖音看不了直播？海外党亲测解决方法.md (2701 chars)
  4495 -> posts/jiaocheng-shiyong-jiaocheng/2025-10-14-为什么yy語音台灣不能註冊？海外党访问受限的真实.md (2758 chars)
  4494 -> posts/duanju-duanju-zhibo/2025-10-14-微信直播那些事儿，海外党如何顺畅访问国内精彩.md (4007 chars)
  4493 -> posts/duanju-duanju-zhibo/2025-10-14-微信如何直播怎么办？海外访问国内服务全攻略.md (2236 chars)
  4492 -> posts/jiaocheng-shiyong-jiaocheng/2025-10-14-同花顺海外版遇阻？海外访问国内服务难题破解.md (3341 chars)
  4491 -> posts/jiaocheng-shiyong-jiaocheng/2025-10-14-台灣qq音樂怎么办？海外用户访问国内服务详解.md (2521 chars)
  4490 -> posts/jiaocheng-shiyong-jiaocheng/2025-10-14-人在海外，中国ip加速器怎么用？.md (2738 chars)
  4489 -> posts/jiaocheng-shiyong-jiaocheng/2025-10-14-人在海外，免费解除地域限制的那些事儿.md (2372 chars)
  4488 -> posts/jiaocheng-shiyong-jiaocheng/2025-10-14-人在国外打不开国内网站怎么办？回国网络问题全.md (2461 chars)
  4487 -> posts/jiaocheng-shiyong-jiaocheng/2025-10-14-全民k歌海外怎么开原唱？国外党亲测有效解法.md (2493 chars)
  4486 -> posts/jiaocheng-shiyong-jiaocheng/2025-10-14-全民k歌電腦版登入困扰？海外党回国网络解决之道.md (2255 chars)
  4485 -> posts/jiaocheng-shiyong-jiaocheng/2025-10-14-您所在的地区访问受限怎么办？海外党回国网络实.md (2221 chars)
  4484 -> posts/jiaocheng-shiyong-jiaocheng/2025-10-14-免费国内节点：海外党畅享国内服务的真实体验.md (2717 chars)
  4483 -> posts/yinyue-yinyue-yinpin/2025-10-14-懒人听书在国外怎么听？亲测有效回国网络优化方.md (2857 chars)
  4482 -> posts/jiaocheng-shiyong-jiaocheng/2025-10-14-夸克網盤台灣手機怎么才能顺畅访问？.md (2633 chars)
  4481 -> posts/bangong-bangong-baokao/2025-10-14-交管12123国外网络异常怎么办？真实回国加速方案.md (2306 chars)
  4480 -> posts/bangong-bangong-baokao/2025-10-14-交管12123-海外无法访问？这里有解决办法.md (2685 chars)
  4479 -> posts/youxi-huiguo-youxi/2025-10-14-国外怎么玩中国游戏的软件？海外党亲测回国网络.md (2874 chars)
  4478 -> posts/jiaocheng-shiyong-jiaocheng/2025-10-14-国外微信加速器：海外党如何畅享国内网络.md (2932 chars)
  4477 -> posts/jiaocheng-shiyong-jiaocheng/2025-10-14-国外听国内歌曲的方法怎么办？亲测有效经验分享.md (2367 chars)
  4476 -> posts/yinyue-yinyue-yinpin/2025-10-14-国外如何听国内音乐软件：海外党真实解封指南.md (2031 chars)
  4475 -> posts/jiaocheng-shiyong-jiaocheng/2025-10-14-国外翻回国内：海外访问国内受限服务怎么办？.md (2477 chars)
  4474 -> posts/jiaocheng-shiyong-jiaocheng/2025-10-14-穿梭mac回国，海外访问国内服务无忧.md (2618 chars)
  4473 -> posts/yingyin-huiguo-yingyin/2025-10-14-哔哩哔哩地区限制怎么破？海外党回国网络亲测分.md (2473 chars)
  4472 -> posts/tiyu-tiyu-zhibo/2025-10-14-cctv5live海外怎么办？解决国内服务访问难题.md (2462 chars)
  4471 -> posts/yinyue-yinyue-yinpin/2025-10-13-网易云音乐海外破解版apk：海外党如何顺畅访问国.md (2803 chars)
  4470 -> posts/jiaocheng-shiyong-jiaocheng/2025-10-13-全民k歌海外限制原因与亲测回国加速方法.md (2545 chars)
  4469 -> posts/jiaocheng-shiyong-jiaocheng/2025-10-13-全民k歌海外版怎么用？这些回国网络难题的解决办.md (2761 chars)
done: ok=50 fail=0
[main b227543] publish: posts batch start=280 n=50 (total 330)
 50 files changed, 3784 insertions(+)
 create mode 100644 "posts/bangong-bangong-baokao/2025-10-14-\344\272\244\347\256\24112123-\346\265\267\345\244\226\346\227\240\346\263\225\350\256\277\351\227\256\357\274\237\350\277\231\351\207\214\346\234\211\350\247\243\345\206\263\345\212\236\346\263\225.md"
 create mode 100644 "posts/bangong-bangong-baokao/2025-10-14-\344\272\244\347\256\24112123\345\233\275\345\244\226\347\275\221\347\273\234\345\274\202\345\270\270\346\200\216\344\271\210\345\212\236\357\274\237\347\234\237\345\256\236\345\233\236\345\233\275\345\212\240\351\200\237\346\226\271\346\241\210.md"
 create mode 100644 "posts/bangong-bangong-baokao/2025-10-14-\345\234\250\345\233\275\345\244\226\347\231\273\344\270\215\344\270\212\344\272\244\347\256\24112123\346\200\216\344\271\210\345\212\236\357\274\237\344\272\262\346\265\213\346\234\211\346\225\210\347\232\204\345\233\236\345\233\275\347\275\221\347\273\234.md"
 create mode 100644 "posts/bangong-bangong-baokao/2025-10-14-\345\234\250\345\233\275\345\244\226\347\231\273\345\275\225\344\270\215\344\272\206\345\276\256\344\277\241\345\260\217\347\250\213\345\272\217\346\200\216\344\271\210\345\212\236\357\274\237\344\270\200\346\226\207\350\257\264\346\270\205\345\216\237\345\233\240.md"
 create mode 100644 "posts/bangong-bangong-baokao/2025-10-15-\344\272\244\347\256\24112123\345\234\250\345\233\275\345\244\226\344\270\215\350\203\275\346\263\250\345\206\214\344\273\200\344\271\210\346\203\205\345\206\265\357\274\237\344\272\262\346\265\213\346\234\211\346\225\210\350\247\243\345\206\263\346\226\271.md"
 create mode 100644 "posts/bangong-bangong-baokao/2025-10-15-\345\233\275\345\244\226\346\200\216\344\271\210\347\231\273\345\275\22512123\357\274\237\346\265\267\345\244\226\350\256\277\351\227\256\345\233\275\345\206\205\346\234\215\345\212\241\347\232\204\346\234\213\345\217\213\344\273\254\347\234\213\350\277\207.md"
 create mode 100644 "posts/duanju-duanju-zhibo/2025-10-14-\344\270\272\344\273\200\344\271\210\345\244\247\351\231\206\346\212\226\351\237\263\347\234\213\344\270\215\344\272\206\347\233\264\346\222\255\357\274\237\346\265\267\345\244\226\345\205\232\344\272\262\346\265\213\350\247\243\345\206\263\346\226\271\346\263\225.md"
 create mode 100644 "posts/duanju-duanju-zhibo/2025-10-14-\345\276\256\344\277\241\345\246\202\344\275\225\347\233\264\346\222\255\346\200\216\344\271\210\345\212\236\357\274\237\346\265\267\345\244\226\350\256\277\351\227\256\345\233\275\345\206\205\346\234\215\345\212\241\345\205\250\346\224\273\347\225\245.md"
 create mode 100644 "posts/duanju-duanju-zhibo/2025-10-14-\345\276\256\344\277\241\347\233\264\346\222\255\351\202\243\344\272\233\344\272\213\345\204\277\357\274\214\346\265\267\345\244\226\345\205\232\345\246\202\344\275\225\351\241\272\347\225\205\350\256\277\351\227\256\345\233\275\345\206\205\347\262\276\345\275\251.md"
 create mode 100644 "posts/jiaocheng-shiyong-jiaocheng/2025-10-13-\345\205\250\346\260\221k\346\255\214\346\265\267\345\244\226\347\211\210\346\200\216\344\271\210\347\224\250\357\274\237\350\277\231\344\272\233\345\233\236\345\233\275\347\275\221\347\273\234\351\232\276\351\242\230\347\232\204\350\247\243\345\206\263\345\212\236.md"
 create mode 100644 "posts/jiaocheng-shiyong-jiaocheng/2025-10-13-\345\205\250\346\260\221k\346\255\214\346\265\267\345\244\226\351\231\220\345\210\266\345\216\237\345\233\240\344\270\216\344\272\262\346\265\213\345\233\236\345\233\275\345\212\240\351\200\237\346\226\271\346\263\225.md"
 create mode 100644 "posts/jiaocheng-shiyong-jiaocheng/2025-10-14-\344\270\272\344\273\200\344\271\210yy\350\252\236\351\237\263\345\217\260\347\201\243\344\270\215\350\203\275\350\250\273\345\206\212\357\274\237\346\265\267\345\244\226\345\205\232\350\256\277\351\227\256\345\217\227\351\231\220\347\232\204\347\234\237\345\256\236.md"
 create mode 100644 "posts/jiaocheng-shiyong-jiaocheng/2025-10-14-\344\272\272\345\234\250\345\233\275\345\244\226\346\211\223\344\270\215\345\274\200\345\233\275\345\206\205\347\275\221\347\253\231\346\200\216\344\271\210\345\212\236\357\274\237\345\233\236\345\233\275\347\275\221\347\273\234\351\227\256\351\242\230\345\205\250.md"
 create mode 100644 "posts/jiaocheng-shiyong-jiaocheng/2025-10-14-\344\272\272\345\234\250\346\265\267\345\244\226\357\274\214\344\270\255\345\233\275ip\345\212\240\351\200\237\345\231\250\346\200\216\344\271\210\347\224\250\357\274\237.md"
 create mode 100644 "posts/jiaocheng-shiyong-jiaocheng/2025-10-14-\344\272\272\345\234\250\346\265\267\345\244\226\357\274\214\345\205\215\350\264\271\350\247\243\351\231\244\345\234\260\345\237\237\351\231\220\345\210\266\347\232\204\351\202\243\344\272\233\344\272\213\345\204\277.md"
 create mode 100644 "posts/jiaocheng-shiyong-jiaocheng/2025-10-14-\345\205\215\350\264\271\345\233\275\345\206\205\350\212\202\347\202\271\357\274\232\346\265\267\345\244\226\345\205\232\347\225\205\344\272\253\345\233\275\345\206\205\346\234\215\345\212\241\347\232\204\347\234\237\345\256\236\344\275\223\351\252\214.md"
 create mode 100644 "posts/jiaocheng-shiyong-jiaocheng/2025-10-14-\345\205\250\346\260\221k\346\255\214\346\265\267\345\244\226\346\200\216\344\271\210\345\274\200\345\216\237\345\224\261\357\274\237\345\233\275\345\244\226\345\205\232\344\272\262\346\265\213\346\234\211\346\225\210\350\247\243\346\263\225.md"
 create mode 100644 "posts/jiaocheng-shiyong-jiaocheng/2025-10-14-\345\205\250\346\260\221k\346\255\214\351\233\273\350\205\246\347\211\210\347\231\273\345\205\245\345\233\260\346\211\260\357\274\237\346\265\267\345\244\226\345\205\232\345\233\236\345\233\275\347\275\221\347\273\234\350\247\243\345\206\263\344\271\213\351\201\223.md"
 create mode 100644 "posts/jiaocheng-shiyong-jiaocheng/2025-10-14-\345\217\260\347\201\243qq\351\237\263\346\250\202\346\200\216\344\271\210\345\212\236\357\274\237\346\265\267\345\244\226\347\224\250\346\210\267\350\256\277\351\227\256\345\233\275\345\206\205\346\234\215\345\212\241\350\257\246\350\247\243.md"
 create mode 100644 "posts/jiaocheng-shiyong-jiaocheng/2025-10-14-\345\220\214\350\212\261\351\241\272\346\265\267\345\244\226\347\211\210\351\201\207\351\230\273\357\274\237\346\265\267\345\244\226\350\256\277\351\227\256\345\233\275\345\206\205\346\234\215\345\212\241\351\232\276\351\242\230\347\240\264\350\247\243.md"
 create mode 100644 "posts/jiaocheng-shiyong-jiaocheng/2025-10-14-\345\226\234\351\246\254\346\213\211\351\233\205fm\345\217\260\347\201\243\347\232\204\346\265\267\345\244\226\347\203\246\346\201\274\357\274\214\345\233\236\345\233\275\347\275\221\347\273\234\350\277\231\346\240\267\350\247\243.md"
 create mode 100644 "posts/jiaocheng-shiyong-jiaocheng/2025-10-14-\345\233\275\345\244\226\345\220\254\345\233\275\345\206\205\346\255\214\346\233\262\347\232\204\346\226\271\346\263\225\346\200\216\344\271\210\345\212\236\357\274\237\344\272\262\346\265\213\346\234\211\346\225\210\347\273\217\351\252\214\345\210\206\344\272\253.md"
 create mode 100644 "posts/jiaocheng-shiyong-jiaocheng/2025-10-14-\345\233\275\345\244\226\345\276\256\344\277\241\345\212\240\351\200\237\345\231\250\357\274\232\346\265\267\345\244\226\345\205\232\345\246\202\344\275\225\347\225\205\344\272\253\345\233\275\345\206\205\347\275\221\347\273\234.md"
 create mode 100644 "posts/jiaocheng-shiyong-jiaocheng/2025-10-14-\345\233\275\345\244\226\347\277\273\345\233\236\345\233\275\345\206\205\357\274\232\346\265\267\345\244\226\350\256\277\351\227\256\345\233\275\345\206\205\345\217\227\351\231\220\346\234\215\345\212\241\346\200\216\344\271\210\345\212\236\357\274\237.md"
 create mode 100644 "posts/jiaocheng-shiyong-jiaocheng/2025-10-14-\345\234\250\345\233\275\345\244\226\344\270\215\350\203\275\350\256\277\351\227\256\345\233\275\345\206\205\347\232\204\347\275\221\347\253\231\346\200\216\344\271\210\345\212\236\357\274\237\344\272\262\346\265\213\346\234\211\346\225\210\347\232\204\345\233\236.md"
 create mode 100644 "posts/jiaocheng-shiyong-jiaocheng/2025-10-14-\345\234\250\345\233\275\345\244\226\345\246\202\344\275\225\350\256\277\351\227\256\345\233\275\345\206\205\347\232\204\347\275\221\347\253\231\357\274\237\346\265\267\345\244\226\345\205\232\344\272\262\346\265\213\346\234\211\346\225\210\350\247\243\347\255\224.md"
 create mode 100644 "posts/jiaocheng-shiyong-jiaocheng/2025-10-14-\345\244\270\345\205\213\347\266\262\347\233\244\345\217\260\347\201\243\346\211\213\346\251\237\346\200\216\344\271\210\346\211\215\350\203\275\351\241\272\347\225\205\350\256\277\351\227\256\357\274\237.md"
 create mode 100644 "posts/jiaocheng-shiyong-jiaocheng/2025-10-14-\345\260\217\347\261\263\345\234\260\345\215\200\350\250\255\345\256\232\345\233\260\346\211\260\346\265\267\345\244\226\345\205\232\357\274\237\345\233\236\345\233\275\347\275\221\347\273\234\350\277\231\346\240\267\350\260\203\357\274\201.md"
 create mode 100644 "posts/jiaocheng-shiyong-jiaocheng/2025-10-14-\345\260\217\347\261\263\346\221\204\345\203\217\345\244\264\345\234\260\345\214\272\351\231\220\345\210\266\346\200\216\344\271\210\345\212\236\357\274\237\346\265\267\345\244\226\345\205\232\345\233\236\345\233\275\347\275\221\347\273\234\350\247\243\346\263\225.md"
 create mode 100644 "posts/jiaocheng-shiyong-jiaocheng/2025-10-14-\345\260\217\347\261\263\350\264\246\345\217\267\346\227\240\346\263\225\346\233\264\346\224\271\345\234\260\345\214\272\357\274\237\346\265\267\345\244\226\347\224\250\346\210\267\350\247\243\351\224\201\345\233\275\345\206\205\346\234\215\345\212\241\345\205\250.md"
 create mode 100644 "posts/jiaocheng-shiyong-jiaocheng/2025-10-14-\345\260\217\347\272\242\344\271\246\344\275\240\346\211\200\345\234\250\347\232\204\345\234\260\345\214\272\346\232\202\344\270\215\346\224\257\346\214\201\346\200\216\344\271\210\345\212\236\357\274\237\346\265\267\345\244\226\345\205\232\345\233\236\345\233\275.md"
 create mode 100644 "posts/jiaocheng-shiyong-jiaocheng/2025-10-14-\346\202\250\346\211\200\345\234\250\347\232\204\345\234\260\345\214\272\350\256\277\351\227\256\345\217\227\351\231\220\346\200\216\344\271\210\345\212\236\357\274\237\346\265\267\345\244\226\345\205\232\345\233\236\345\233\275\347\275\221\347\273\234\345\256\236.md"
 create mode 100644 "posts/jiaocheng-shiyong-jiaocheng/2025-10-14-\346\210\221\345\234\250\346\265\267\345\244\226\357\274\214\345\246\202\344\275\225\350\247\243\345\206\263\350\245\277\346\270\270vpn\350\256\277\351\227\256\345\217\227\351\231\220\357\274\237.md"
 create mode 100644 "posts/jiaocheng-shiyong-jiaocheng/2025-10-14-\347\251\277\346\242\255mac\345\233\236\345\233\275\357\274\214\346\265\267\345\244\226\350\256\277\351\227\256\345\233\275\345\206\205\346\234\215\345\212\241\346\227\240\345\277\247.md"
 create mode 100644 "posts/jiaocheng-shiyong-jiaocheng/2025-10-15-qq\351\237\263\346\250\202\345\217\260\347\201\243\344\273\230\350\262\273\357\274\232\346\265\267\345\244\226\347\224\250\346\210\267\345\246\202\344\275\225\346\227\240\351\232\234\347\242\215\347\225\205\345\220\254.md"
 create mode 100644 "posts/jiaocheng-shiyong-jiaocheng/2025-10-15-\345\215\216\344\272\272\347\224\265\350\247\206app\345\234\250\346\265\267\345\244\226\345\246\202\344\275\225\351\241\272\347\225\205\350\256\277\351\227\256\357\274\237\344\272\262\346\265\213\346\234\211\346\225\210\345\212\236\346\263\225.md"
 create mode 100644 "posts/jiaocheng-shiyong-jiaocheng/2025-10-15-\345\233\236\345\233\275vpnchrome\357\274\232\346\265\267\345\244\226\345\205\232\350\256\277\351\227\256\345\233\275\345\206\205\346\234\215\345\212\241\350\247\243\351\224\201\347\247\230\347\261\215.md"
 create mode 100644 "posts/jiaocheng-shiyong-jiaocheng/2025-10-15-\345\233\275\345\244\226\347\277\273\345\242\231\345\233\236\345\233\275\345\206\205vpn\346\200\216\344\271\210\347\224\250\357\274\237\346\265\267\345\244\226\345\205\232\344\272\262\346\265\213\345\245\275\347\224\250.md"
 create mode 100644 "posts/tiyu-tiyu-zhibo/2025-10-14-cctv5live\346\265\267\345\244\226\346\200\216\344\271\210\345\212\236\357\274\237\350\247\243\345\206\263\345\233\275\345\206\205\346\234\215\345\212\241\350\256\277\351\227\256\351\232\276\351\242\230.md"
 create mode 100644 "posts/tiyu-tiyu-zhibo/2025-10-14-\345\244\256\350\247\206\347\233\264\346\222\255\346\265\267\345\244\226\357\274\232\346\265\267\345\244\226\345\205\232\345\246\202\344\275\225\347\225\205\344\272\253\345\233\275\345\206\205\347\262\276\345\275\251\357\274\237.md"
 create mode 100644 "posts/yingyin-huiguo-yingyin/2025-10-14-\345\223\224\345\223\251\345\223\224\345\223\251\345\234\260\345\214\272\351\231\220\345\210\266\346\200\216\344\271\210\347\240\264\357\274\237\346\265\267\345\244\226\345\205\232\345\233\236\345\233\275\347\275\221\347\273\234\344\272\262\346\265\213\345\210\206.md"
 create mode 100644 "posts/yinyue-yinyue-yinpin/2025-10-13-\347\275\221\346\230\223\344\272\221\351\237\263\344\271\220\346\265\267\345\244\226\347\240\264\350\247\243\347\211\210apk\357\274\232\346\265\267\345\244\226\345\205\232\345\246\202\344\275\225\351\241\272\347\225\205\350\256\277\351\227\256\345\233\275.md"
 create mode 100644 "posts/yinyue-yinyue-yinpin/2025-10-14-\345\226\234\351\251\254\346\213\211\351\233\205\345\234\260\345\214\272\351\231\220\345\210\266\346\200\216\344\271\210\350\247\243\351\231\244\357\274\214\346\265\267\345\244\226\350\256\277\351\227\256\345\233\275\345\206\205\346\234\215\345\212\241\345\256\236.md"
 create mode 100644 "posts/yinyue-yinyue-yinpin/2025-10-14-\345\233\275\345\244\226\345\246\202\344\275\225\345\220\254\345\233\275\345\206\205\351\237\263\344\271\220\350\275\257\344\273\266\357\274\232\346\265\267\345\244\226\345\205\232\347\234\237\345\256\236\350\247\243\345\260\201\346\214\207\345\215\227.md"
 create mode 100644 "posts/yinyue-yinyue-yinpin/2025-10-14-\345\234\250\345\233\275\345\244\226\345\220\254\346\255\214\351\231\220\345\210\266\346\200\216\344\271\210\345\212\236\357\274\237\346\265\267\345\244\226\345\205\232\345\277\205\347\234\213\345\233\236\345\233\275\347\275\221\347\273\234\350\247\243\345\206\263.md"
 create mode 100644 "posts/yinyue-yinyue-yinpin/2025-10-14-\346\207\222\344\272\272\345\220\254\344\271\246\345\234\250\345\233\275\345\244\226\346\200\216\344\271\210\345\220\254\357\274\237\344\272\262\346\265\213\346\234\211\346\225\210\345\233\236\345\233\275\347\275\221\347\273\234\344\274\230\345\214\226\346\226\271.md"
 create mode 100644 "posts/youxi-huiguo-youxi/2025-10-14-\345\216\237\347\245\236\344\272\232\346\234\215\347\216\251\350\205\273\344\272\206\357\274\237\350\247\243\351\224\201\345\233\275\345\206\205\346\234\215\345\212\241\346\211\215\346\230\257\351\207\215\347\202\271.md"
 create mode 100644 "posts/youxi-huiguo-youxi/2025-10-14-\345\233\275\345\244\226\346\200\216\344\271\210\347\216\251\344\270\255\345\233\275\346\270\270\346\210\217\347\232\204\350\275\257\344\273\266\357\274\237\346\265\267\345\244\226\345\205\232\344\272\262\346\265\213\345\233\236\345\233\275\347\275\221\347\273\234.md"
 create mode 100644 "posts/youxi-huiguo-youxi/2025-10-14-\346\210\221\347\232\204\344\270\226\347\225\214\345\234\250\345\233\275\345\244\226\345\217\257\344\273\245\347\216\251\345\220\227\357\274\237\344\272\262\346\265\213\346\234\211\346\225\210\347\232\204\345\233\275\345\206\205\347\275\221\347\273\234\350\247\243.md"
 create mode 100644 "posts/youxi-huiguo-youxi/2025-10-15-\345\233\275\345\244\226\346\200\216\344\271\210\347\216\251\345\222\214\345\271\263\347\262\276\350\213\261\344\270\215\345\215\241\357\274\237\346\265\267\345\244\226\345\205\232\345\233\236\345\233\275\347\275\221\347\273\234\347\247\230\347\261\215.md"
To https://github.com/huiguojiasuqi/huiguojiasuqi.git
   bafe3db..b227543  main -> main
[2026-09-10 18:05:06] batch start=330 n=50
  4468 -> posts/jiaocheng-shiyong-jiaocheng/2025-10-13-全民k歌mac卡顿是怎么回事？回国网络-제대로-해결.md (2581 chars)
  4467 -> posts/yingyin-huiguo-yingyin/2025-10-13-您所在的地区，暂不支持播放该视频cctv怎么办？原.md (2590 chars)
  4466 -> posts/jiaocheng-shiyong-jiaocheng/2025-10-13-夸克網盤台灣註冊：海外用户访问国内受限服务的.md (2506 chars)
  4465 -> posts/jiaocheng-shiyong-jiaocheng/2025-10-13-夸克网盘海外能用吗？解决访问限制的亲测办法.md (2184 chars)
  4464 -> posts/yinyue-yinyue-yinpin/2025-10-13-可以在外国听歌的音乐软件，海外党回国网络这样.md (2336 chars)
  4463 -> posts/jiaocheng-shiyong-jiaocheng/2025-10-13-境外访问国内网站用什么软件好，海外党回国路在.md (3183 chars)
  4462 -> posts/bangong-bangong-baokao/2025-10-13-交管12123在国外可以用吗？这些国内服务如何轻松访.md (2274 chars)
  4461 -> posts/bangong-bangong-baokao/2025-10-13-交管12123在国外登录不了怎么办？.md (3073 chars)
  4460 -> posts/bangong-bangong-baokao/2025-10-13-交管12123国外注册不了？这些国内服务也一样！.md (2337 chars)
  4459 -> posts/jiaocheng-shiyong-jiaocheng/2025-10-13-回国翻墙怎么办？海外党访问国内服务实测分享.md (2492 chars)
  4458 -> posts/jiaocheng-shiyong-jiaocheng/2025-10-13-回国vpn机场：海外党访问国内服务的亲测心得.md (2388 chars)
  4457 -> posts/jiaocheng-shiyong-jiaocheng/2025-10-13-华为海外客服电话：海外党访问国内服务难题解析.md (3016 chars)
  4456 -> posts/jiaocheng-shiyong-jiaocheng/2025-10-13-国外注册qq与海外访问国内服务的那些事.md (2355 chars)
  4455 -> posts/youxi-huiguo-youxi/2025-10-13-国外怎么玩王者荣耀？回国网络问题全解析.md (2328 chars)
  4454 -> posts/youxi-huiguo-youxi/2025-10-13-国外怎么玩国服英雄联盟怎么办？亲测解决之道.md (2589 chars)
  4453 -> posts/jiaocheng-shiyong-jiaocheng/2025-10-13-国外怎么翻回国内？海外党访问国内服务的那些事.md (2827 chars)
  4452 -> posts/jiaocheng-shiyong-jiaocheng/2025-10-13-国外上国内网站要梯子吗？亲测有效访问国内网络.md (2339 chars)
  4451 -> posts/youxi-huiguo-youxi/2025-10-13-国外如何玩国服王者？海外访问受限的真实解法.md (2585 chars)
  4450 -> posts/yingyin-huiguo-yingyin/2025-10-13-国外看电影的网站，我在海外怎么办？.md (2625 chars)
  4449 -> posts/jiaocheng-shiyong-jiaocheng/2025-10-13-国内翻墙国外：海外党轻松访问国内受限服务.md (2742 chars)
  4448 -> posts/yinyue-yinyue-yinpin/2025-10-13-qq音乐在日本用不了怎么办？亲测有效的回国网络解.md (2531 chars)
  4447 -> posts/yingyin-huiguo-yingyin/2025-10-13-b站直播看不了？海外党回国网络难题亲测破解.md (2594 chars)
  4446 -> posts/jiaocheng-shiyong-jiaocheng/2025-10-11-全民k歌地區限制ios：海外游子回国网络解封之道.md (2605 chars)
  4445 -> posts/jiaocheng-shiyong-jiaocheng/2025-10-11-全民k歌vpn难用？海外党访问国内服务的三种常见问.md (2539 chars)
  4444 -> posts/jiaocheng-shiyong-jiaocheng/2025-10-11-夸克台灣下載卡顿？海外用户访问国内服务的烦恼.md (2424 chars)
  4443 -> posts/bangong-bangong-baokao/2025-10-11-交管12123在国外怎么登陆不上？亲测有效的解决方法.md (2613 chars)
  4442 -> posts/bangong-bangong-baokao/2025-10-11-交管12123香港註冊-遇到障碍？回国网络难题亲测解决.md (2676 chars)
  4441 -> posts/bangong-bangong-baokao/2025-10-11-交管12123国外下载不了？这些国内服务海外访问受限.md (2449 chars)
  4440 -> posts/bangong-bangong-baokao/2025-10-11-交管12123国外登录难？一文搞懂限制原因与回国网络.md (2128 chars)
  4439 -> posts/jiaocheng-shiyong-jiaocheng/2025-10-11-回中国的-vpn，海外党如何顺畅访问国内服务？.md (2542 chars)
  4438 -> posts/jiaocheng-shiyong-jiaocheng/2025-10-11-回国加速器推荐，海外党访问国内应用怎么办？.md (2987 chars)
  4437 -> posts/jiaocheng-shiyong-jiaocheng/2025-10-11-华为怎么翻墙？海外用户访问国内服务实测指南.md (2572 chars)
  4436 -> posts/jiaocheng-shiyong-jiaocheng/2025-10-11-华为手机国外使用？这些国内服务卡在哪儿了？.md (2210 chars)
  4435 -> posts/youxi-huiguo-youxi/2025-10-11-国外怎么玩中国游戏网站，回国加速器帮你解决.md (2715 chars)
  4434 -> posts/youxi-huiguo-youxi/2025-10-11-国外怎么玩国内游戏，这些服务怎么才能正常用？.md (2351 chars)
  4433 -> posts/jiaocheng-shiyong-jiaocheng/2025-10-11-国外怎么听国内的歌？海外党亲测有效回国网络解.md (2680 chars)
  4432 -> posts/yingyin-huiguo-yingyin/2025-10-11-国外用什么看电影？解决海外党访问国内服务的烦.md (2569 chars)
  4431 -> posts/youxi-huiguo-youxi/2025-10-11-国外玩国内游戏要挂梯子吗？海外党访问国内服务.md (2718 chars)
  4430 -> posts/youxi-huiguo-youxi/2025-10-11-国外玩国内手游很卡怎么办：海外党访问国内服务.md (2905 chars)
  4429 -> posts/yingyin-huiguo-yingyin/2025-10-11-国外视频平台，海外党怎么顺畅访问？.md (2318 chars)
  4428 -> posts/jiaocheng-shiyong-jiaocheng/2025-10-11-国外上不了国内网站怎么办？真实回国网络解决之.md (2872 chars)
  4427 -> posts/jiaocheng-shiyong-jiaocheng/2025-10-11-国外如何玩国服碧蓝航线：海外党畅享国内精彩世.md (2689 chars)
  4426 -> posts/yinyue-yinyue-yinpin/2025-10-11-国外qq音乐怎么听国内的歌：海外访问国内服务的真.md (2544 chars)
  4425 -> posts/youxi-huiguo-youxi/2025-10-11-国外12123登录不上？海外访问国内服务这样解决.md (2623 chars)
  4424 -> posts/duanju-duanju-zhibo/2025-10-11-抖音本區域未開放？海外党如何顺畅访问国内应用.md (2571 chars)
  4423 -> posts/jiaocheng-shiyong-jiaocheng/2025-10-11-yy語音香港：海外用户访问国内服务的那些事儿.md (2418 chars)
  4422 -> posts/yinyue-yinyue-yinpin/2025-10-11-qq音乐国外使用教程：海外党解锁音乐的那些事.md (2272 chars)
  4421 -> posts/bangong-bangong-baokao/2025-10-11-12123境外登录不了怎么办？海外党亲测有效解决之道.md (2528 chars)
  4420 -> posts/yinyue-yinyue-yinpin/2025-10-10-怎么在海外听音乐怎么办？亲测有效方法来了.md (2684 chars)
  4419 -> posts/jiaocheng-shiyong-jiaocheng/2025-10-10-怎么翻墙回国内畅享网络（海外党必看）.md (2478 chars)
done: ok=50 fail=0
[main 9adf0ae] publish: posts batch start=330 n=50 (total 380)
 50 files changed, 3793 insertions(+)
 create mode 100644 "posts/bangong-bangong-baokao/2025-10-11-12123\345\242\203\345\244\226\347\231\273\345\275\225\344\270\215\344\272\206\346\200\216\344\271\210\345\212\236\357\274\237\346\265\267\345\244\226\345\205\232\344\272\262\346\265\213\346\234\211\346\225\210\350\247\243\345\206\263\344\271\213\351\201\223.md"
 create mode 100644 "posts/bangong-bangong-baokao/2025-10-11-\344\272\244\347\256\24112123\345\233\275\345\244\226\344\270\213\350\275\275\344\270\215\344\272\206\357\274\237\350\277\231\344\272\233\345\233\275\345\206\205\346\234\215\345\212\241\346\265\267\345\244\226\350\256\277\351\227\256\345\217\227\351\231\220.md"
 create mode 100644 "posts/bangong-bangong-baokao/2025-10-11-\344\272\244\347\256\24112123\345\233\275\345\244\226\347\231\273\345\275\225\351\232\276\357\274\237\344\270\200\346\226\207\346\220\236\346\207\202\351\231\220\345\210\266\345\216\237\345\233\240\344\270\216\345\233\236\345\233\275\347\275\221\347\273\234.md"
 create mode 100644 "posts/bangong-bangong-baokao/2025-10-11-\344\272\244\347\256\24112123\345\234\250\345\233\275\345\244\226\346\200\216\344\271\210\347\231\273\351\231\206\344\270\215\344\270\212\357\274\237\344\272\262\346\265\213\346\234\211\346\225\210\347\232\204\350\247\243\345\206\263\346\226\271\346\263\225.md"
 create mode 100644 "posts/bangong-bangong-baokao/2025-10-11-\344\272\244\347\256\24112123\351\246\231\346\270\257\350\250\273\345\206\212-\351\201\207\345\210\260\351\232\234\347\242\215\357\274\237\345\233\236\345\233\275\347\275\221\347\273\234\351\232\276\351\242\230\344\272\262\346\265\213\350\247\243\345\206\263.md"
 create mode 100644 "posts/bangong-bangong-baokao/2025-10-13-\344\272\244\347\256\24112123\345\233\275\345\244\226\346\263\250\345\206\214\344\270\215\344\272\206\357\274\237\350\277\231\344\272\233\345\233\275\345\206\205\346\234\215\345\212\241\344\271\237\344\270\200\346\240\267\357\274\201.md"
 create mode 100644 "posts/bangong-bangong-baokao/2025-10-13-\344\272\244\347\256\24112123\345\234\250\345\233\275\345\244\226\345\217\257\344\273\245\347\224\250\345\220\227\357\274\237\350\277\231\344\272\233\345\233\275\345\206\205\346\234\215\345\212\241\345\246\202\344\275\225\350\275\273\346\235\276\350\256\277.md"
 create mode 100644 "posts/bangong-bangong-baokao/2025-10-13-\344\272\244\347\256\24112123\345\234\250\345\233\275\345\244\226\347\231\273\345\275\225\344\270\215\344\272\206\346\200\216\344\271\210\345\212\236\357\274\237.md"
 create mode 100644 "posts/duanju-duanju-zhibo/2025-10-11-\346\212\226\351\237\263\346\234\254\345\215\200\345\237\237\346\234\252\351\226\213\346\224\276\357\274\237\346\265\267\345\244\226\345\205\232\345\246\202\344\275\225\351\241\272\347\225\205\350\256\277\351\227\256\345\233\275\345\206\205\345\272\224\347\224\250.md"
 create mode 100644 "posts/jiaocheng-shiyong-jiaocheng/2025-10-10-\346\200\216\344\271\210\347\277\273\345\242\231\345\233\236\345\233\275\345\206\205\347\225\205\344\272\253\347\275\221\347\273\234\357\274\210\346\265\267\345\244\226\345\205\232\345\277\205\347\234\213\357\274\211.md"
 create mode 100644 "posts/jiaocheng-shiyong-jiaocheng/2025-10-11-yy\350\252\236\351\237\263\351\246\231\346\270\257\357\274\232\346\265\267\345\244\226\347\224\250\346\210\267\350\256\277\351\227\256\345\233\275\345\206\205\346\234\215\345\212\241\347\232\204\351\202\243\344\272\233\344\272\213\345\204\277.md"
 create mode 100644 "posts/jiaocheng-shiyong-jiaocheng/2025-10-11-\345\205\250\346\260\221k\346\255\214vpn\351\232\276\347\224\250\357\274\237\346\265\267\345\244\226\345\205\232\350\256\277\351\227\256\345\233\275\345\206\205\346\234\215\345\212\241\347\232\204\344\270\211\347\247\215\345\270\270\350\247\201\351\227\256.md"
 create mode 100644 "posts/jiaocheng-shiyong-jiaocheng/2025-10-11-\345\205\250\346\260\221k\346\255\214\345\234\260\345\215\200\351\231\220\345\210\266ios\357\274\232\346\265\267\345\244\226\346\270\270\345\255\220\345\233\236\345\233\275\347\275\221\347\273\234\350\247\243\345\260\201\344\271\213\351\201\223.md"
 create mode 100644 "posts/jiaocheng-shiyong-jiaocheng/2025-10-11-\345\215\216\344\270\272\346\200\216\344\271\210\347\277\273\345\242\231\357\274\237\346\265\267\345\244\226\347\224\250\346\210\267\350\256\277\351\227\256\345\233\275\345\206\205\346\234\215\345\212\241\345\256\236\346\265\213\346\214\207\345\215\227.md"
 create mode 100644 "posts/jiaocheng-shiyong-jiaocheng/2025-10-11-\345\215\216\344\270\272\346\211\213\346\234\272\345\233\275\345\244\226\344\275\277\347\224\250\357\274\237\350\277\231\344\272\233\345\233\275\345\206\205\346\234\215\345\212\241\345\215\241\345\234\250\345\223\252\345\204\277\344\272\206\357\274\237.md"
 create mode 100644 "posts/jiaocheng-shiyong-jiaocheng/2025-10-11-\345\233\236\344\270\255\345\233\275\347\232\204-vpn\357\274\214\346\265\267\345\244\226\345\205\232\345\246\202\344\275\225\351\241\272\347\225\205\350\256\277\351\227\256\345\233\275\345\206\205\346\234\215\345\212\241\357\274\237.md"
 create mode 100644 "posts/jiaocheng-shiyong-jiaocheng/2025-10-11-\345\233\236\345\233\275\345\212\240\351\200\237\345\231\250\346\216\250\350\215\220\357\274\214\346\265\267\345\244\226\345\205\232\350\256\277\351\227\256\345\233\275\345\206\205\345\272\224\347\224\250\346\200\216\344\271\210\345\212\236\357\274\237.md"
 create mode 100644 "posts/jiaocheng-shiyong-jiaocheng/2025-10-11-\345\233\275\345\244\226\344\270\212\344\270\215\344\272\206\345\233\275\345\206\205\347\275\221\347\253\231\346\200\216\344\271\210\345\212\236\357\274\237\347\234\237\345\256\236\345\233\236\345\233\275\347\275\221\347\273\234\350\247\243\345\206\263\344\271\213.md"
 create mode 100644 "posts/jiaocheng-shiyong-jiaocheng/2025-10-11-\345\233\275\345\244\226\345\246\202\344\275\225\347\216\251\345\233\275\346\234\215\347\242\247\350\223\235\350\210\252\347\272\277\357\274\232\346\265\267\345\244\226\345\205\232\347\225\205\344\272\253\345\233\275\345\206\205\347\262\276\345\275\251\344\270\226.md"
 create mode 100644 "posts/jiaocheng-shiyong-jiaocheng/2025-10-11-\345\233\275\345\244\226\346\200\216\344\271\210\345\220\254\345\233\275\345\206\205\347\232\204\346\255\214\357\274\237\346\265\267\345\244\226\345\205\232\344\272\262\346\265\213\346\234\211\346\225\210\345\233\236\345\233\275\347\275\221\347\273\234\350\247\243.md"
 create mode 100644 "posts/jiaocheng-shiyong-jiaocheng/2025-10-11-\345\244\270\345\205\213\345\217\260\347\201\243\344\270\213\350\274\211\345\215\241\351\241\277\357\274\237\346\265\267\345\244\226\347\224\250\346\210\267\350\256\277\351\227\256\345\233\275\345\206\205\346\234\215\345\212\241\347\232\204\347\203\246\346\201\274.md"
 create mode 100644 "posts/jiaocheng-shiyong-jiaocheng/2025-10-13-\345\205\250\346\260\221k\346\255\214mac\345\215\241\351\241\277\346\230\257\346\200\216\344\271\210\345\233\236\344\272\213\357\274\237\345\233\236\345\233\275\347\275\221\347\273\234-\354\240\234\353\214\200\353\241\234-\355\225\264\352\262\260.md"
 create mode 100644 "posts/jiaocheng-shiyong-jiaocheng/2025-10-13-\345\215\216\344\270\272\346\265\267\345\244\226\345\256\242\346\234\215\347\224\265\350\257\235\357\274\232\346\265\267\345\244\226\345\205\232\350\256\277\351\227\256\345\233\275\345\206\205\346\234\215\345\212\241\351\232\276\351\242\230\350\247\243\346\236\220.md"
 create mode 100644 "posts/jiaocheng-shiyong-jiaocheng/2025-10-13-\345\233\236\345\233\275vpn\346\234\272\345\234\272\357\274\232\346\265\267\345\244\226\345\205\232\350\256\277\351\227\256\345\233\275\345\206\205\346\234\215\345\212\241\347\232\204\344\272\262\346\265\213\345\277\203\345\276\227.md"
 create mode 100644 "posts/jiaocheng-shiyong-jiaocheng/2025-10-13-\345\233\236\345\233\275\347\277\273\345\242\231\346\200\216\344\271\210\345\212\236\357\274\237\346\265\267\345\244\226\345\205\232\350\256\277\351\227\256\345\233\275\345\206\205\346\234\215\345\212\241\345\256\236\346\265\213\345\210\206\344\272\253.md"
 create mode 100644 "posts/jiaocheng-shiyong-jiaocheng/2025-10-13-\345\233\275\345\206\205\347\277\273\345\242\231\345\233\275\345\244\226\357\274\232\346\265\267\345\244\226\345\205\232\350\275\273\346\235\276\350\256\277\351\227\256\345\233\275\345\206\205\345\217\227\351\231\220\346\234\215\345\212\241.md"
 create mode 100644 "posts/jiaocheng-shiyong-jiaocheng/2025-10-13-\345\233\275\345\244\226\344\270\212\345\233\275\345\206\205\347\275\221\347\253\231\350\246\201\346\242\257\345\255\220\345\220\227\357\274\237\344\272\262\346\265\213\346\234\211\346\225\210\350\256\277\351\227\256\345\233\275\345\206\205\347\275\221\347\273\234.md"
 create mode 100644 "posts/jiaocheng-shiyong-jiaocheng/2025-10-13-\345\233\275\345\244\226\346\200\216\344\271\210\347\277\273\345\233\236\345\233\275\345\206\205\357\274\237\346\265\267\345\244\226\345\205\232\350\256\277\351\227\256\345\233\275\345\206\205\346\234\215\345\212\241\347\232\204\351\202\243\344\272\233\344\272\213.md"
 create mode 100644 "posts/jiaocheng-shiyong-jiaocheng/2025-10-13-\345\233\275\345\244\226\346\263\250\345\206\214qq\344\270\216\346\265\267\345\244\226\350\256\277\351\227\256\345\233\275\345\206\205\346\234\215\345\212\241\347\232\204\351\202\243\344\272\233\344\272\213.md"
 create mode 100644 "posts/jiaocheng-shiyong-jiaocheng/2025-10-13-\345\242\203\345\244\226\350\256\277\351\227\256\345\233\275\345\206\205\347\275\221\347\253\231\347\224\250\344\273\200\344\271\210\350\275\257\344\273\266\345\245\275\357\274\214\346\265\267\345\244\226\345\205\232\345\233\236\345\233\275\350\267\257\345\234\250.md"
 create mode 100644 "posts/jiaocheng-shiyong-jiaocheng/2025-10-13-\345\244\270\345\205\213\347\266\262\347\233\244\345\217\260\347\201\243\350\250\273\345\206\212\357\274\232\346\265\267\345\244\226\347\224\250\346\210\267\350\256\277\351\227\256\345\233\275\345\206\205\345\217\227\351\231\220\346\234\215\345\212\241\347\232\204.md"
 create mode 100644 "posts/jiaocheng-shiyong-jiaocheng/2025-10-13-\345\244\270\345\205\213\347\275\221\347\233\230\346\265\267\345\244\226\350\203\275\347\224\250\345\220\227\357\274\237\350\247\243\345\206\263\350\256\277\351\227\256\351\231\220\345\210\266\347\232\204\344\272\262\346\265\213\345\212\236\346\263\225.md"
 create mode 100644 "posts/yingyin-huiguo-yingyin/2025-10-11-\345\233\275\345\244\226\347\224\250\344\273\200\344\271\210\347\234\213\347\224\265\345\275\261\357\274\237\350\247\243\345\206\263\346\265\267\345\244\226\345\205\232\350\256\277\351\227\256\345\233\275\345\206\205\346\234\215\345\212\241\347\232\204\347\203\246.md"
 create mode 100644 "posts/yingyin-huiguo-yingyin/2025-10-11-\345\233\275\345\244\226\350\247\206\351\242\221\345\271\263\345\217\260\357\274\214\346\265\267\345\244\226\345\205\232\346\200\216\344\271\210\351\241\272\347\225\205\350\256\277\351\227\256\357\274\237.md"
 create mode 100644 "posts/yingyin-huiguo-yingyin/2025-10-13-b\347\253\231\347\233\264\346\222\255\347\234\213\344\270\215\344\272\206\357\274\237\346\265\267\345\244\226\345\205\232\345\233\236\345\233\275\347\275\221\347\273\234\351\232\276\351\242\230\344\272\262\346\265\213\347\240\264\350\247\243.md"
 create mode 100644 "posts/yingyin-huiguo-yingyin/2025-10-13-\345\233\275\345\244\226\347\234\213\347\224\265\345\275\261\347\232\204\347\275\221\347\253\231\357\274\214\346\210\221\345\234\250\346\265\267\345\244\226\346\200\216\344\271\210\345\212\236\357\274\237.md"
 create mode 100644 "posts/yingyin-huiguo-yingyin/2025-10-13-\346\202\250\346\211\200\345\234\250\347\232\204\345\234\260\345\214\272\357\274\214\346\232\202\344\270\215\346\224\257\346\214\201\346\222\255\346\224\276\350\257\245\350\247\206\351\242\221cctv\346\200\216\344\271\210\345\212\236\357\274\237\345\216\237.md"
 create mode 100644 "posts/yinyue-yinyue-yinpin/2025-10-10-\346\200\216\344\271\210\345\234\250\346\265\267\345\244\226\345\220\254\351\237\263\344\271\220\346\200\216\344\271\210\345\212\236\357\274\237\344\272\262\346\265\213\346\234\211\346\225\210\346\226\271\346\263\225\346\235\245\344\272\206.md"
 create mode 100644 "posts/yinyue-yinyue-yinpin/2025-10-11-qq\351\237\263\344\271\220\345\233\275\345\244\226\344\275\277\347\224\250\346\225\231\347\250\213\357\274\232\346\265\267\345\244\226\345\205\232\350\247\243\351\224\201\351\237\263\344\271\220\347\232\204\351\202\243\344\272\233\344\272\213.md"
 create mode 100644 "posts/yinyue-yinyue-yinpin/2025-10-11-\345\233\275\345\244\226qq\351\237\263\344\271\220\346\200\216\344\271\210\345\220\254\345\233\275\345\206\205\347\232\204\346\255\214\357\274\232\346\265\267\345\244\226\350\256\277\351\227\256\345\233\275\345\206\205\346\234\215\345\212\241\347\232\204\347\234\237.md"
 create mode 100644 "posts/yinyue-yinyue-yinpin/2025-10-13-qq\351\237\263\344\271\220\345\234\250\346\227\245\346\234\254\347\224\250\344\270\215\344\272\206\346\200\216\344\271\210\345\212\236\357\274\237\344\272\262\346\265\213\346\234\211\346\225\210\347\232\204\345\233\236\345\233\275\347\275\221\347\273\234\350\247\243.md"
 create mode 100644 "posts/yinyue-yinyue-yinpin/2025-10-13-\345\217\257\344\273\245\345\234\250\345\244\226\345\233\275\345\220\254\346\255\214\347\232\204\351\237\263\344\271\220\350\275\257\344\273\266\357\274\214\346\265\267\345\244\226\345\205\232\345\233\236\345\233\275\347\275\221\347\273\234\350\277\231\346\240\267.md"
 create mode 100644 "posts/youxi-huiguo-youxi/2025-10-11-\345\233\275\345\244\22612123\347\231\273\345\275\225\344\270\215\344\270\212\357\274\237\346\265\267\345\244\226\350\256\277\351\227\256\345\233\275\345\206\205\346\234\215\345\212\241\350\277\231\346\240\267\350\247\243\345\206\263.md"
 create mode 100644 "posts/youxi-huiguo-youxi/2025-10-11-\345\233\275\345\244\226\346\200\216\344\271\210\347\216\251\344\270\255\345\233\275\346\270\270\346\210\217\347\275\221\347\253\231\357\274\214\345\233\236\345\233\275\345\212\240\351\200\237\345\231\250\345\270\256\344\275\240\350\247\243\345\206\263.md"
 create mode 100644 "posts/youxi-huiguo-youxi/2025-10-11-\345\233\275\345\244\226\346\200\216\344\271\210\347\216\251\345\233\275\345\206\205\346\270\270\346\210\217\357\274\214\350\277\231\344\272\233\346\234\215\345\212\241\346\200\216\344\271\210\346\211\215\350\203\275\346\255\243\345\270\270\347\224\250\357\274\237.md"
 create mode 100644 "posts/youxi-huiguo-youxi/2025-10-11-\345\233\275\345\244\226\347\216\251\345\233\275\345\206\205\346\211\213\346\270\270\345\276\210\345\215\241\346\200\216\344\271\210\345\212\236\357\274\232\346\265\267\345\244\226\345\205\232\350\256\277\351\227\256\345\233\275\345\206\205\346\234\215\345\212\241.md"
 create mode 100644 "posts/youxi-huiguo-youxi/2025-10-11-\345\233\275\345\244\226\347\216\251\345\233\275\345\206\205\346\270\270\346\210\217\350\246\201\346\214\202\346\242\257\345\255\220\345\220\227\357\274\237\346\265\267\345\244\226\345\205\232\350\256\277\351\227\256\345\233\275\345\206\205\346\234\215\345\212\241.md"
 create mode 100644 "posts/youxi-huiguo-youxi/2025-10-13-\345\233\275\345\244\226\345\246\202\344\275\225\347\216\251\345\233\275\346\234\215\347\216\213\350\200\205\357\274\237\346\265\267\345\244\226\350\256\277\351\227\256\345\217\227\351\231\220\347\232\204\347\234\237\345\256\236\350\247\243\346\263\225.md"
 create mode 100644 "posts/youxi-huiguo-youxi/2025-10-13-\345\233\275\345\244\226\346\200\216\344\271\210\347\216\251\345\233\275\346\234\215\350\213\261\351\233\204\350\201\224\347\233\237\346\200\216\344\271\210\345\212\236\357\274\237\344\272\262\346\265\213\350\247\243\345\206\263\344\271\213\351\201\223.md"
 create mode 100644 "posts/youxi-huiguo-youxi/2025-10-13-\345\233\275\345\244\226\346\200\216\344\271\210\347\216\251\347\216\213\350\200\205\350\215\243\350\200\200\357\274\237\345\233\236\345\233\275\347\275\221\347\273\234\351\227\256\351\242\230\345\205\250\350\247\243\346\236\220.md"
To https://github.com/huiguojiasuqi/huiguojiasuqi.git
   b227543..9adf0ae  main -> main
[2026-09-10 18:05:32] batch start=380 n=50
  4418 -> posts/yinyue-yinyue-yinpin/2025-10-10-在日本怎么听国内音乐怎么办？亲测有效的方法来.md (2602 chars)
  4417 -> posts/jiaocheng-shiyong-jiaocheng/2025-10-10-在海外怎么快速访问中国网站呢？这份回国加速器.md (2957 chars)
  4416 -> posts/jiaocheng-shiyong-jiaocheng/2025-10-10-在海外如何顺利騰訊視頻下載？原因与实测解决.md (2292 chars)
  4415 -> posts/bangong-bangong-baokao/2025-10-10-在海外如果使用交管12123会怎么样？深度解析与实用.md (2539 chars)
  4414 -> posts/youxi-huiguo-youxi/2025-10-10-在国外怎么玩和平精英？海外党亲测有效方法.md (3080 chars)
  4413 -> posts/yinyue-yinyue-yinpin/2025-10-10-在国外怎么听网易云？亲测有效的回国网络分享.md (2525 chars)
  4412 -> posts/bangong-bangong-baokao/2025-10-10-在国外怎么使用国内的小程序软件？这些问题你遇.md (2885 chars)
  4411 -> posts/jiaocheng-shiyong-jiaocheng/2025-10-10-在国外怎么看国内的网站？解决方法来了.md (2522 chars)
  4410 -> posts/jiaocheng-shiyong-jiaocheng/2025-10-10-在国外怎么打开国内app？亲测有效的回国网络解决.md (2984 chars)
  4409 -> posts/bangong-bangong-baokao/2025-10-10-在国外用12123换证怎么解决？亲测有效的方法.md (2698 chars)
  4408 -> posts/yinyue-yinyue-yinpin/2025-10-10-在国外听歌有地区限制怎么办？亲测有效回国网络.md (2457 chars)
  4407 -> posts/jiaocheng-shiyong-jiaocheng/2025-10-10-在国外如何浏览国内网站：那些年我们一起遇到的.md (2328 chars)
  4406 -> posts/yinyue-yinyue-yinpin/2025-10-10-在国外能用酷狗音乐吗？海外访问国内服务限制与.md (3159 chars)
  4405 -> posts/yinyue-yinyue-yinpin/2025-10-10-在国外可以听歌的软件怎么办？亲测有效回国网络.md (2419 chars)
  4404 -> posts/bangong-bangong-baokao/2025-10-10-在国外交管12123app登不上？海外党回国网络常见难题解.md (2105 chars)
  4403 -> posts/jiaocheng-shiyong-jiaocheng/2025-10-10-在国外翻墙回国内访问受限服务全解析.md (2486 chars)
  4402 -> posts/yinyue-yinyue-yinpin/2025-10-10-在国外的听qq音乐方法该怎么办？亲测有效的方法分.md (2708 chars)
  4401 -> posts/jiaocheng-shiyong-jiaocheng/2025-10-10-在国外打不开国内软件怎么办？海外党亲测有效.md (2393 chars)
  4400 -> posts/jiaocheng-shiyong-jiaocheng/2025-10-10-在国外不能访问国内的网站怎么办？亲测有效的解.md (2710 chars)
  4399 -> posts/bangong-bangong-baokao/2025-10-10-在国外不能登录交管12123？这些国内服务同样受限，.md (2564 chars)
  4398 -> posts/yinyue-yinyue-yinpin/2025-10-10-在国外qq音乐版权限制怎么办？海外用户访问国内服.md (2553 chars)
  4397 -> posts/jiaocheng-shiyong-jiaocheng/2025-10-10-在国内可以访问一亩三分地吗？海外党回国网络畅.md (2330 chars)
  4396 -> posts/yingyin-huiguo-yingyin/2025-10-10-优酷海外版叫什么？人在海外如何畅享国内精彩内.md (3061 chars)
  4395 -> posts/jiaocheng-shiyong-jiaocheng/2025-10-10-永劫無間伺服器選擇：海外黨回國網路疑難解.md (2237 chars)
  4394 -> posts/jiaocheng-shiyong-jiaocheng/2025-10-10-小米电视翻墙：海外用户畅享国内精彩的必要之道.md (2386 chars)
  4393 -> posts/jiaocheng-shiyong-jiaocheng/2025-10-10-小紅書該功能尚未在你所在地區開放？回国网络问.md (2721 chars)
  4392 -> posts/yinyue-yinyue-yinpin/2025-10-10-喜马拉雅海外怎么办？亲测有效的回国网络解决方.md (2256 chars)
  4391 -> posts/yinyue-yinyue-yinpin/2025-10-10-喜马拉雅国外怎么听？解决国内服务访问难题.md (2314 chars)
  4390 -> posts/yinyue-yinyue-yinpin/2025-10-10-喜马拉雅该地区无法播放怎么办？亲测有效解决办.md (2739 chars)
  4389 -> posts/yinyue-yinyue-yinpin/2025-10-10-喜马拉雅app无法下载怎么办？海外党亲测有效的方.md (2352 chars)
  4388 -> posts/jiaocheng-shiyong-jiaocheng/2025-10-10-为什么有的歌在国外听不了？海外党这样解决.md (2974 chars)
  4387 -> posts/jiaocheng-shiyong-jiaocheng/2025-10-10-国内网站在国外如何快速打开网页？回国网络畅通.md (2643 chars)
  4386 -> posts/youxi-huiguo-youxi/2025-10-10-vpnlol，海外党访问国内受限服务有哪些不便？.md (2871 chars)
  4385 -> posts/tiyu-tiyu-zhibo/2025-10-10-cctv5海外直播怎么办？原因与亲测有效的解决之道.md (2297 chars)
  4384 -> posts/bangong-bangong-baokao/2025-10-09-境外如何登录交管12123？这些问题真实存在，我来分.md (2609 chars)
  4383 -> posts/youxi-huiguo-youxi/2025-10-09-交管12123在国外怎么登录不上？原因与解决之道.md (2748 chars)
  4382 -> posts/bangong-bangong-baokao/2025-10-09-交管12123在国外可以登录吗？这些服务限制怎么破.md (2724 chars)
  4381 -> posts/bangong-bangong-baokao/2025-10-09-交管12123在国外不能登录什么情况？揭秘与解决之道.md (3008 chars)
  4380 -> posts/bangong-bangong-baokao/2025-10-09-交管123在国外能登录吗？海外党回国网络畅享之道.md (2792 chars)
  4379 -> posts/jiaocheng-shiyong-jiaocheng/2025-10-09-回国最好用的vpn-怎么选？海外党亲测有效.md (2736 chars)
  4378 -> posts/jiaocheng-shiyong-jiaocheng/2025-10-09-回国机场节点：海外党访问国内服务，就这样解决.md (2565 chars)
  4377 -> posts/jiaocheng-shiyong-jiaocheng/2025-10-09-回国ssr：海外党畅享国内服务的实用方法.md (1902 chars)
  4376 -> posts/jiaocheng-shiyong-jiaocheng/2025-10-09-华为翻墙：海外党访问国内服务的那些事儿.md (2716 chars)
  4375 -> posts/jiaocheng-shiyong-jiaocheng/2025-10-09-海外怎么玩全明星街球派对？回国网络难题一次解-2.md (2743 chars)
  4374 -> posts/jiaocheng-shiyong-jiaocheng/2025-10-09-国外怎么注册qq？海外党访问国内限制与解决之道.md (2746 chars)
  4373 -> posts/youxi-huiguo-youxi/2025-10-09-国外怎么玩国服原神？那些限制与归途.md (2441 chars)
  4372 -> posts/jiaocheng-shiyong-jiaocheng/2025-10-09-国外怎么玩国服？海外党亲测回国网络解决方案.md (2753 chars)
  4371 -> posts/yinyue-yinyue-yinpin/2025-10-09-国外怎么听歌软件？海外党亲测有效解决方法.md (2998 chars)
  4370 -> posts/jiaocheng-shiyong-jiaocheng/2025-10-09-国外怎么使用国内软件，海外党回国加速必看！.md (2478 chars)
  4369 -> posts/yingyin-huiguo-yingyin/2025-10-09-国外怎么看腾讯视频？亲测有效的回国网络解决办.md (2068 chars)
done: ok=50 fail=0
[main 037cffd] publish: posts batch start=380 n=50 (total 430)
 50 files changed, 3959 insertions(+)
 create mode 100644 "posts/bangong-bangong-baokao/2025-10-09-\344\272\244\347\256\24112123\345\234\250\345\233\275\345\244\226\344\270\215\350\203\275\347\231\273\345\275\225\344\273\200\344\271\210\346\203\205\345\206\265\357\274\237\346\217\255\347\247\230\344\270\216\350\247\243\345\206\263\344\271\213\351\201\223.md"
 create mode 100644 "posts/bangong-bangong-baokao/2025-10-09-\344\272\244\347\256\24112123\345\234\250\345\233\275\345\244\226\345\217\257\344\273\245\347\231\273\345\275\225\345\220\227\357\274\237\350\277\231\344\272\233\346\234\215\345\212\241\351\231\220\345\210\266\346\200\216\344\271\210\347\240\264.md"
 create mode 100644 "posts/bangong-bangong-baokao/2025-10-09-\344\272\244\347\256\241123\345\234\250\345\233\275\345\244\226\350\203\275\347\231\273\345\275\225\345\220\227\357\274\237\346\265\267\345\244\226\345\205\232\345\233\236\345\233\275\347\275\221\347\273\234\347\225\205\344\272\253\344\271\213\351\201\223.md"
 create mode 100644 "posts/bangong-bangong-baokao/2025-10-09-\345\242\203\345\244\226\345\246\202\344\275\225\347\231\273\345\275\225\344\272\244\347\256\24112123\357\274\237\350\277\231\344\272\233\351\227\256\351\242\230\347\234\237\345\256\236\345\255\230\345\234\250\357\274\214\346\210\221\346\235\245\345\210\206.md"
 create mode 100644 "posts/bangong-bangong-baokao/2025-10-10-\345\234\250\345\233\275\345\244\226\344\270\215\350\203\275\347\231\273\345\275\225\344\272\244\347\256\24112123\357\274\237\350\277\231\344\272\233\345\233\275\345\206\205\346\234\215\345\212\241\345\220\214\346\240\267\345\217\227\351\231\220\357\274\214.md"
 create mode 100644 "posts/bangong-bangong-baokao/2025-10-10-\345\234\250\345\233\275\345\244\226\344\272\244\347\256\24112123app\347\231\273\344\270\215\344\270\212\357\274\237\346\265\267\345\244\226\345\205\232\345\233\236\345\233\275\347\275\221\347\273\234\345\270\270\350\247\201\351\232\276\351\242\230\350\247\243.md"
 create mode 100644 "posts/bangong-bangong-baokao/2025-10-10-\345\234\250\345\233\275\345\244\226\346\200\216\344\271\210\344\275\277\347\224\250\345\233\275\345\206\205\347\232\204\345\260\217\347\250\213\345\272\217\350\275\257\344\273\266\357\274\237\350\277\231\344\272\233\351\227\256\351\242\230\344\275\240\351\201\207.md"
 create mode 100644 "posts/bangong-bangong-baokao/2025-10-10-\345\234\250\345\233\275\345\244\226\347\224\25012123\346\215\242\350\257\201\346\200\216\344\271\210\350\247\243\345\206\263\357\274\237\344\272\262\346\265\213\346\234\211\346\225\210\347\232\204\346\226\271\346\263\225.md"
 create mode 100644 "posts/bangong-bangong-baokao/2025-10-10-\345\234\250\346\265\267\345\244\226\345\246\202\346\236\234\344\275\277\347\224\250\344\272\244\347\256\24112123\344\274\232\346\200\216\344\271\210\346\240\267\357\274\237\346\267\261\345\272\246\350\247\243\346\236\220\344\270\216\345\256\236\347\224\250.md"
 create mode 100644 "posts/jiaocheng-shiyong-jiaocheng/2025-10-09-\345\215\216\344\270\272\347\277\273\345\242\231\357\274\232\346\265\267\345\244\226\345\205\232\350\256\277\351\227\256\345\233\275\345\206\205\346\234\215\345\212\241\347\232\204\351\202\243\344\272\233\344\272\213\345\204\277.md"
 create mode 100644 "posts/jiaocheng-shiyong-jiaocheng/2025-10-09-\345\233\236\345\233\275ssr\357\274\232\346\265\267\345\244\226\345\205\232\347\225\205\344\272\253\345\233\275\345\206\205\346\234\215\345\212\241\347\232\204\345\256\236\347\224\250\346\226\271\346\263\225.md"
 create mode 100644 "posts/jiaocheng-shiyong-jiaocheng/2025-10-09-\345\233\236\345\233\275\346\234\200\345\245\275\347\224\250\347\232\204vpn-\346\200\216\344\271\210\351\200\211\357\274\237\346\265\267\345\244\226\345\205\232\344\272\262\346\265\213\346\234\211\346\225\210.md"
 create mode 100644 "posts/jiaocheng-shiyong-jiaocheng/2025-10-09-\345\233\236\345\233\275\346\234\272\345\234\272\350\212\202\347\202\271\357\274\232\346\265\267\345\244\226\345\205\232\350\256\277\351\227\256\345\233\275\345\206\205\346\234\215\345\212\241\357\274\214\345\260\261\350\277\231\346\240\267\350\247\243\345\206\263.md"
 create mode 100644 "posts/jiaocheng-shiyong-jiaocheng/2025-10-09-\345\233\275\345\244\226\346\200\216\344\271\210\344\275\277\347\224\250\345\233\275\345\206\205\350\275\257\344\273\266\357\274\214\346\265\267\345\244\226\345\205\232\345\233\236\345\233\275\345\212\240\351\200\237\345\277\205\347\234\213\357\274\201.md"
 create mode 100644 "posts/jiaocheng-shiyong-jiaocheng/2025-10-09-\345\233\275\345\244\226\346\200\216\344\271\210\346\263\250\345\206\214qq\357\274\237\346\265\267\345\244\226\345\205\232\350\256\277\351\227\256\345\233\275\345\206\205\351\231\220\345\210\266\344\270\216\350\247\243\345\206\263\344\271\213\351\201\223.md"
 create mode 100644 "posts/jiaocheng-shiyong-jiaocheng/2025-10-09-\345\233\275\345\244\226\346\200\216\344\271\210\347\216\251\345\233\275\346\234\215\357\274\237\346\265\267\345\244\226\345\205\232\344\272\262\346\265\213\345\233\236\345\233\275\347\275\221\347\273\234\350\247\243\345\206\263\346\226\271\346\241\210.md"
 create mode 100644 "posts/jiaocheng-shiyong-jiaocheng/2025-10-09-\346\265\267\345\244\226\346\200\216\344\271\210\347\216\251\345\205\250\346\230\216\346\230\237\350\241\227\347\220\203\346\264\276\345\257\271\357\274\237\345\233\236\345\233\275\347\275\221\347\273\234\351\232\276\351\242\230\344\270\200\346\254\241\350\247\243-2.md"
 create mode 100644 "posts/jiaocheng-shiyong-jiaocheng/2025-10-10-\344\270\272\344\273\200\344\271\210\346\234\211\347\232\204\346\255\214\345\234\250\345\233\275\345\244\226\345\220\254\344\270\215\344\272\206\357\274\237\346\265\267\345\244\226\345\205\232\350\277\231\346\240\267\350\247\243\345\206\263.md"
 create mode 100644 "posts/jiaocheng-shiyong-jiaocheng/2025-10-10-\345\233\275\345\206\205\347\275\221\347\253\231\345\234\250\345\233\275\345\244\226\345\246\202\344\275\225\345\277\253\351\200\237\346\211\223\345\274\200\347\275\221\351\241\265\357\274\237\345\233\236\345\233\275\347\275\221\347\273\234\347\225\205\351\200\232.md"
 create mode 100644 "posts/jiaocheng-shiyong-jiaocheng/2025-10-10-\345\234\250\345\233\275\345\206\205\345\217\257\344\273\245\350\256\277\351\227\256\344\270\200\344\272\251\344\270\211\345\210\206\345\234\260\345\220\227\357\274\237\346\265\267\345\244\226\345\205\232\345\233\236\345\233\275\347\275\221\347\273\234\347\225\205.md"
 create mode 100644 "posts/jiaocheng-shiyong-jiaocheng/2025-10-10-\345\234\250\345\233\275\345\244\226\344\270\215\350\203\275\350\256\277\351\227\256\345\233\275\345\206\205\347\232\204\347\275\221\347\253\231\346\200\216\344\271\210\345\212\236\357\274\237\344\272\262\346\265\213\346\234\211\346\225\210\347\232\204\350\247\243.md"
 create mode 100644 "posts/jiaocheng-shiyong-jiaocheng/2025-10-10-\345\234\250\345\233\275\345\244\226\345\246\202\344\275\225\346\265\217\350\247\210\345\233\275\345\206\205\347\275\221\347\253\231\357\274\232\351\202\243\344\272\233\345\271\264\346\210\221\344\273\254\344\270\200\350\265\267\351\201\207\345\210\260\347\232\204.md"
 create mode 100644 "posts/jiaocheng-shiyong-jiaocheng/2025-10-10-\345\234\250\345\233\275\345\244\226\346\200\216\344\271\210\346\211\223\345\274\200\345\233\275\345\206\205app\357\274\237\344\272\262\346\265\213\346\234\211\346\225\210\347\232\204\345\233\236\345\233\275\347\275\221\347\273\234\350\247\243\345\206\263.md"
 create mode 100644 "posts/jiaocheng-shiyong-jiaocheng/2025-10-10-\345\234\250\345\233\275\345\244\226\346\200\216\344\271\210\347\234\213\345\233\275\345\206\205\347\232\204\347\275\221\347\253\231\357\274\237\350\247\243\345\206\263\346\226\271\346\263\225\346\235\245\344\272\206.md"
 create mode 100644 "posts/jiaocheng-shiyong-jiaocheng/2025-10-10-\345\234\250\345\233\275\345\244\226\346\211\223\344\270\215\345\274\200\345\233\275\345\206\205\350\275\257\344\273\266\346\200\216\344\271\210\345\212\236\357\274\237\346\265\267\345\244\226\345\205\232\344\272\262\346\265\213\346\234\211\346\225\210.md"
 create mode 100644 "posts/jiaocheng-shiyong-jiaocheng/2025-10-10-\345\234\250\345\233\275\345\244\226\347\277\273\345\242\231\345\233\236\345\233\275\345\206\205\350\256\277\351\227\256\345\217\227\351\231\220\346\234\215\345\212\241\345\205\250\350\247\243\346\236\220.md"
 create mode 100644 "posts/jiaocheng-shiyong-jiaocheng/2025-10-10-\345\234\250\346\265\267\345\244\226\345\246\202\344\275\225\351\241\272\345\210\251\351\250\260\350\250\212\350\246\226\351\240\273\344\270\213\350\274\211\357\274\237\345\216\237\345\233\240\344\270\216\345\256\236\346\265\213\350\247\243\345\206\263.md"
 create mode 100644 "posts/jiaocheng-shiyong-jiaocheng/2025-10-10-\345\234\250\346\265\267\345\244\226\346\200\216\344\271\210\345\277\253\351\200\237\350\256\277\351\227\256\344\270\255\345\233\275\347\275\221\347\253\231\345\221\242\357\274\237\350\277\231\344\273\275\345\233\236\345\233\275\345\212\240\351\200\237\345\231\250.md"
 create mode 100644 "posts/jiaocheng-shiyong-jiaocheng/2025-10-10-\345\260\217\347\261\263\347\224\265\350\247\206\347\277\273\345\242\231\357\274\232\346\265\267\345\244\226\347\224\250\346\210\267\347\225\205\344\272\253\345\233\275\345\206\205\347\262\276\345\275\251\347\232\204\345\277\205\350\246\201\344\271\213\351\201\223.md"
 create mode 100644 "posts/jiaocheng-shiyong-jiaocheng/2025-10-10-\345\260\217\347\264\205\346\233\270\350\251\262\345\212\237\350\203\275\345\260\232\346\234\252\345\234\250\344\275\240\346\211\200\345\234\250\345\234\260\345\215\200\351\226\213\346\224\276\357\274\237\345\233\236\345\233\275\347\275\221\347\273\234\351\227\256.md"
 create mode 100644 "posts/jiaocheng-shiyong-jiaocheng/2025-10-10-\346\260\270\345\212\253\347\204\241\351\226\223\344\274\272\346\234\215\345\231\250\351\201\270\346\223\207\357\274\232\346\265\267\345\244\226\351\273\250\345\233\236\345\234\213\347\266\262\350\267\257\347\226\221\351\233\243\350\247\243.md"
 create mode 100644 "posts/tiyu-tiyu-zhibo/2025-10-10-cctv5\346\265\267\345\244\226\347\233\264\346\222\255\346\200\216\344\271\210\345\212\236\357\274\237\345\216\237\345\233\240\344\270\216\344\272\262\346\265\213\346\234\211\346\225\210\347\232\204\350\247\243\345\206\263\344\271\213\351\201\223.md"
 create mode 100644 "posts/yingyin-huiguo-yingyin/2025-10-09-\345\233\275\345\244\226\346\200\216\344\271\210\347\234\213\350\205\276\350\256\257\350\247\206\351\242\221\357\274\237\344\272\262\346\265\213\346\234\211\346\225\210\347\232\204\345\233\236\345\233\275\347\275\221\347\273\234\350\247\243\345\206\263\345\212\236.md"
 create mode 100644 "posts/yingyin-huiguo-yingyin/2025-10-10-\344\274\230\351\205\267\346\265\267\345\244\226\347\211\210\345\217\253\344\273\200\344\271\210\357\274\237\344\272\272\345\234\250\346\265\267\345\244\226\345\246\202\344\275\225\347\225\205\344\272\253\345\233\275\345\206\205\347\262\276\345\275\251\345\206\205.md"
 create mode 100644 "posts/yinyue-yinyue-yinpin/2025-10-09-\345\233\275\345\244\226\346\200\216\344\271\210\345\220\254\346\255\214\350\275\257\344\273\266\357\274\237\346\265\267\345\244\226\345\205\232\344\272\262\346\265\213\346\234\211\346\225\210\350\247\243\345\206\263\346\226\271\346\263\225.md"
 create mode 100644 "posts/yinyue-yinyue-yinpin/2025-10-10-\345\226\234\351\251\254\346\213\211\351\233\205app\346\227\240\346\263\225\344\270\213\350\275\275\346\200\216\344\271\210\345\212\236\357\274\237\346\265\267\345\244\226\345\205\232\344\272\262\346\265\213\346\234\211\346\225\210\347\232\204\346\226\271.md"
 create mode 100644 "posts/yinyue-yinyue-yinpin/2025-10-10-\345\226\234\351\251\254\346\213\211\351\233\205\345\233\275\345\244\226\346\200\216\344\271\210\345\220\254\357\274\237\350\247\243\345\206\263\345\233\275\345\206\205\346\234\215\345\212\241\350\256\277\351\227\256\351\232\276\351\242\230.md"
 create mode 100644 "posts/yinyue-yinyue-yinpin/2025-10-10-\345\226\234\351\251\254\346\213\211\351\233\205\346\265\267\345\244\226\346\200\216\344\271\210\345\212\236\357\274\237\344\272\262\346\265\213\346\234\211\346\225\210\347\232\204\345\233\236\345\233\275\347\275\221\347\273\234\350\247\243\345\206\263\346\226\271.md"
 create mode 100644 "posts/yinyue-yinyue-yinpin/2025-10-10-\345\226\234\351\251\254\346\213\211\351\233\205\350\257\245\345\234\260\345\214\272\346\227\240\346\263\225\346\222\255\346\224\276\346\200\216\344\271\210\345\212\236\357\274\237\344\272\262\346\265\213\346\234\211\346\225\210\350\247\243\345\206\263\345\212\236.md"
 create mode 100644 "posts/yinyue-yinyue-yinpin/2025-10-10-\345\234\250\345\233\275\345\244\226qq\351\237\263\344\271\220\347\211\210\346\235\203\351\231\220\345\210\266\346\200\216\344\271\210\345\212\236\357\274\237\346\265\267\345\244\226\347\224\250\346\210\267\350\256\277\351\227\256\345\233\275\345\206\205\346\234\215.md"
 create mode 100644 "posts/yinyue-yinyue-yinpin/2025-10-10-\345\234\250\345\233\275\345\244\226\345\217\257\344\273\245\345\220\254\346\255\214\347\232\204\350\275\257\344\273\266\346\200\216\344\271\210\345\212\236\357\274\237\344\272\262\346\265\213\346\234\211\346\225\210\345\233\236\345\233\275\347\275\221\347\273\234.md"
 create mode 100644 "posts/yinyue-yinyue-yinpin/2025-10-10-\345\234\250\345\233\275\345\244\226\345\220\254\346\255\214\346\234\211\345\234\260\345\214\272\351\231\220\345\210\266\346\200\216\344\271\210\345\212\236\357\274\237\344\272\262\346\265\213\346\234\211\346\225\210\345\233\236\345\233\275\347\275\221\347\273\234.md"
 create mode 100644 "posts/yinyue-yinyue-yinpin/2025-10-10-\345\234\250\345\233\275\345\244\226\346\200\216\344\271\210\345\220\254\347\275\221\346\230\223\344\272\221\357\274\237\344\272\262\346\265\213\346\234\211\346\225\210\347\232\204\345\233\236\345\233\275\347\275\221\347\273\234\345\210\206\344\272\253.md"
 create mode 100644 "posts/yinyue-yinyue-yinpin/2025-10-10-\345\234\250\345\233\275\345\244\226\347\232\204\345\220\254qq\351\237\263\344\271\220\346\226\271\346\263\225\350\257\245\346\200\216\344\271\210\345\212\236\357\274\237\344\272\262\346\265\213\346\234\211\346\225\210\347\232\204\346\226\271\346\263\225\345\210\206.md"
 create mode 100644 "posts/yinyue-yinyue-yinpin/2025-10-10-\345\234\250\345\233\275\345\244\226\350\203\275\347\224\250\351\205\267\347\213\227\351\237\263\344\271\220\345\220\227\357\274\237\346\265\267\345\244\226\350\256\277\351\227\256\345\233\275\345\206\205\346\234\215\345\212\241\351\231\220\345\210\266\344\270\216.md"
 create mode 100644 "posts/yinyue-yinyue-yinpin/2025-10-10-\345\234\250\346\227\245\346\234\254\346\200\216\344\271\210\345\220\254\345\233\275\345\206\205\351\237\263\344\271\220\346\200\216\344\271\210\345\212\236\357\274\237\344\272\262\346\265\213\346\234\211\346\225\210\347\232\204\346\226\271\346\263\225\346\235\245.md"
 create mode 100644 "posts/youxi-huiguo-youxi/2025-10-09-\344\272\244\347\256\24112123\345\234\250\345\233\275\345\244\226\346\200\216\344\271\210\347\231\273\345\275\225\344\270\215\344\270\212\357\274\237\345\216\237\345\233\240\344\270\216\350\247\243\345\206\263\344\271\213\351\201\223.md"
 create mode 100644 "posts/youxi-huiguo-youxi/2025-10-09-\345\233\275\345\244\226\346\200\216\344\271\210\347\216\251\345\233\275\346\234\215\345\216\237\347\245\236\357\274\237\351\202\243\344\272\233\351\231\220\345\210\266\344\270\216\345\275\222\351\200\224.md"
 create mode 100644 "posts/youxi-huiguo-youxi/2025-10-10-vpnlol\357\274\214\346\265\267\345\244\226\345\205\232\350\256\277\351\227\256\345\233\275\345\206\205\345\217\227\351\231\220\346\234\215\345\212\241\346\234\211\345\223\252\344\272\233\344\270\215\344\276\277\357\274\237.md"
 create mode 100644 "posts/youxi-huiguo-youxi/2025-10-10-\345\234\250\345\233\275\345\244\226\346\200\216\344\271\210\347\216\251\345\222\214\345\271\263\347\262\276\350\213\261\357\274\237\346\265\267\345\244\226\345\205\232\344\272\262\346\265\213\346\234\211\346\225\210\346\226\271\346\263\225.md"
To https://github.com/huiguojiasuqi/huiguojiasuqi.git
   9adf0ae..037cffd  main -> main
[2026-09-10 18:05:58] batch start=430 n=50
  4368 -> posts/yinyue-yinyue-yinpin/2025-10-09-国外用网易云听歌方法最全解决方案（亲测有效）.md (2793 chars)
  4367 -> posts/youxi-huiguo-youxi/2025-10-09-国外玩国内游戏卡怎么办：海外党访问国内服务全.md (2843 chars)
  4366 -> posts/youxi-huiguo-youxi/2025-10-09-国外玩国内手游延迟高怎么办？亲测有效回国加速.md (3356 chars)
  4365 -> posts/yinyue-yinyue-yinpin/2025-10-09-国外听国内音乐用什么软件？海外党亲测有效的方.md (2418 chars)
  4364 -> posts/youxi-huiguo-youxi/2025-10-09-国外如何玩王者荣耀？解决国内服务访问限制.md (3019 chars)
  4363 -> posts/youxi-huiguo-youxi/2025-10-09-国外如何玩国服原神手游？海外党回国网络适配方.md (2518 chars)
  4362 -> posts/yinyue-yinyue-yinpin/2025-10-09-国外如何使用qq音乐？这些服务都打不开怎么办？.md (2649 chars)
  4361 -> posts/yinyue-yinyue-yinpin/2025-10-09-国外可以用酷我音乐吗？海外党访问国内网络实测.md (2323 chars)
  4360 -> posts/duanju-duanju-zhibo/2025-10-09-国外看国内抖音：那些绕不开的区域限制与亲测回.md (2469 chars)
  4359 -> posts/bangong-bangong-baokao/2025-10-09-国外登录交管12123怎么登录？实测有效回国网络办法.md (2848 chars)
  4358 -> posts/jiaocheng-shiyong-jiaocheng/2025-10-09-关于全民k歌台灣下載，海外用户常遇到的那些事.md (2768 chars)
  4357 -> posts/duanju-duanju-zhibo/2025-10-09-当前直播间在本区域未开放？海外党如何顺利回国.md (2802 chars)
  4356 -> posts/duanju-duanju-zhibo/2025-10-09-大陸抖音直播看不了怎么办？海外党亲测有效的方.md (2444 chars)
  4355 -> posts/jiaocheng-shiyong-jiaocheng/2025-10-09-从国外正常访问国内网站的插件有哪些？亲测有效.md (2854 chars)
  4354 -> posts/jiaocheng-shiyong-jiaocheng/2025-10-09-yy語音台灣不能說話？海外用戶回國加速器實測解析.md (2883 chars)
  4353 -> posts/yinyue-yinyue-yinpin/2025-10-09-qq音乐海外限制怎么办？亲测有效的回国网络解决方.md (2109 chars)
  4352 -> posts/tiyu-tiyu-zhibo/2025-10-09-cctv5m3u8为何卡顿？海外党回国网络实测.md (2441 chars)
  4350 -> posts/jiaocheng-shiyong-jiaocheng/2025-09-30-蝦米音樂破解香港？海外党解锁国内服务那些事儿.md (2483 chars)
  4349 -> posts/duanju-duanju-zhibo/2025-09-30-为什么抖音看不了直播？海外党回国网络实测分享.md (2779 chars)
  4348 -> posts/yinyue-yinyue-yinpin/2025-09-30-网易云vpn：海外访问国内服务的心得分享.md (1989 chars)
  4347 -> posts/yingyin-huiguo-yingyin/2025-09-30-台灣看bilibili-不再是夢：親測有效回國網絡解決方案.md (2050 chars)
  4346 -> posts/jiaocheng-shiyong-jiaocheng/2025-09-30-如何从美国访问中国的网站最全指南（亲测有效）.md (2469 chars)
  4345 -> posts/jiaocheng-shiyong-jiaocheng/2025-09-30-您所在区域暂无此内容版权如设置vpn请关闭后重试-3.md (3625 chars)
  4344 -> posts/jiaocheng-shiyong-jiaocheng/2025-09-30-咪咕台灣註冊：海外访问国内服务受限的那些事儿.md (2239 chars)
  4343 -> posts/jiaocheng-shiyong-jiaocheng/2025-09-30-快帆破解pc：海外访问国内受限服务的真实困境与解.md (2421 chars)
  4342 -> posts/jiaocheng-shiyong-jiaocheng/2025-09-30-夸克网盘海外注册难？海外党访问国内服务问题全.md (2327 chars)
  4341 -> posts/bangong-bangong-baokao/2025-09-30-境外不能登录12123？海外党访问国内服务全解.md (2354 chars)
  4340 -> posts/bangong-bangong-baokao/2025-09-30-交管12123在国外可以使用吗？原因与亲测有效回国网.md (2941 chars)
  4339 -> posts/bangong-bangong-baokao/2025-09-30-交管12123認證失敗，海外访问国内服务难的真实原因.md (2766 chars)
  4338 -> posts/jiaocheng-shiyong-jiaocheng/2025-09-30-国外玩国服用什么加速器最全解决方案（亲测有效.md (2426 chars)
  4337 -> posts/yinyue-yinyue-yinpin/2025-09-30-国外听歌软件受限？海外党回国加速器亲测有效.md (2645 chars)
  4336 -> posts/youxi-huiguo-youxi/2025-09-30-国外如何玩国内的游戏：亲测有效回国网络解决方.md (2410 chars)
  4335 -> posts/youxi-huiguo-youxi/2025-09-30-国外如何玩国服游戏？海外党亲测有效回国方法.md (3014 chars)
  4334 -> posts/yingyin-huiguo-yingyin/2025-09-30-国外如何听国内音乐视频，这样做就能轻松解决.md (2632 chars)
  4333 -> posts/youxi-huiguo-youxi/2025-09-30-国外能玩国服原神吗？海外访问国内服务的不易与.md (2704 chars)
  4332 -> posts/yinyue-yinyue-yinpin/2025-09-30-国外能听网易云音乐吗？海外畅享国内音娱的真实.md (2332 chars)
  4331 -> posts/jiaocheng-shiyong-jiaocheng/2025-09-30-国外访问国内网站是否需要梯子？海外党亲测回国.md (2534 chars)
  4330 -> posts/bangong-bangong-baokao/2025-09-30-国外12123登录失败？海外党亲测好用的回国加速器.md (2328 chars)
  4329 -> posts/duanju-duanju-zhibo/2025-09-30-抖音海外无法直播怎么办？亲测有效回国网络解决.md (2652 chars)
  4328 -> posts/jiaocheng-shiyong-jiaocheng/2025-09-30-从国外正常访问国内网站的插件叫什么？海外党亲.md (2522 chars)
  4327 -> posts/yinyue-yinyue-yinpin/2025-09-30-唱吧海外：回国加速器帮你畅享音乐与生活.md (2541 chars)
  4326 -> posts/jiaocheng-shiyong-jiaocheng/2025-09-30-shadowrocket回国节点怎么用？海外党访问国内服务实测.md (2229 chars)
  4325 -> posts/yinyue-yinyue-yinpin/2025-09-30-qq音乐在海外能听吗？海外党回家听歌必备.md (2473 chars)
  4324 -> posts/yingyin-huiguo-yingyin/2025-09-30-qq音乐付费音乐包没了是怎么回事？海外党也能顺利.md (2570 chars)
  4323 -> posts/bangong-bangong-baokao/2025-09-30-12123在国外无法使用怎么办？亲测有效解决办法.md (2593 chars)
  4322 -> posts/jiaocheng-shiyong-jiaocheng/2025-09-29-網易雲音樂地區限制怎么破？海外党福音来了.md (2424 chars)
  4321 -> posts/yinyue-yinyue-yinpin/2025-09-29-网易云国外听歌怎么解除限制，海外访问国内服务.md (2236 chars)
  4320 -> posts/jiaocheng-shiyong-jiaocheng/2025-09-29-全民k歌台灣版：海外用户访问与解锁的真实分享.md (2126 chars)
  4319 -> posts/jiaocheng-shiyong-jiaocheng/2025-09-29-全民k歌海外也能嗨唱，这些访问限制怎么破？.md (2386 chars)
  4318 -> posts/jiaocheng-shiyong-jiaocheng/2025-09-29-全民k歌海外版下载遇到限制？海外党回国网络这样.md (2586 chars)
done: ok=50 fail=0
[main 696dc72] publish: posts batch start=430 n=50 (total 480)
 50 files changed, 3795 insertions(+)
 create mode 100644 "posts/bangong-bangong-baokao/2025-09-30-12123\345\234\250\345\233\275\345\244\226\346\227\240\346\263\225\344\275\277\347\224\250\346\200\216\344\271\210\345\212\236\357\274\237\344\272\262\346\265\213\346\234\211\346\225\210\350\247\243\345\206\263\345\212\236\346\263\225.md"
 create mode 100644 "posts/bangong-bangong-baokao/2025-09-30-\344\272\244\347\256\24112123\345\234\250\345\233\275\345\244\226\345\217\257\344\273\245\344\275\277\347\224\250\345\220\227\357\274\237\345\216\237\345\233\240\344\270\216\344\272\262\346\265\213\346\234\211\346\225\210\345\233\236\345\233\275\347\275\221.md"
 create mode 100644 "posts/bangong-bangong-baokao/2025-09-30-\344\272\244\347\256\24112123\350\252\215\350\255\211\345\244\261\346\225\227\357\274\214\346\265\267\345\244\226\350\256\277\351\227\256\345\233\275\345\206\205\346\234\215\345\212\241\351\232\276\347\232\204\347\234\237\345\256\236\345\216\237\345\233\240.md"
 create mode 100644 "posts/bangong-bangong-baokao/2025-09-30-\345\233\275\345\244\22612123\347\231\273\345\275\225\345\244\261\350\264\245\357\274\237\346\265\267\345\244\226\345\205\232\344\272\262\346\265\213\345\245\275\347\224\250\347\232\204\345\233\236\345\233\275\345\212\240\351\200\237\345\231\250.md"
 create mode 100644 "posts/bangong-bangong-baokao/2025-09-30-\345\242\203\345\244\226\344\270\215\350\203\275\347\231\273\345\275\22512123\357\274\237\346\265\267\345\244\226\345\205\232\350\256\277\351\227\256\345\233\275\345\206\205\346\234\215\345\212\241\345\205\250\350\247\243.md"
 create mode 100644 "posts/bangong-bangong-baokao/2025-10-09-\345\233\275\345\244\226\347\231\273\345\275\225\344\272\244\347\256\24112123\346\200\216\344\271\210\347\231\273\345\275\225\357\274\237\345\256\236\346\265\213\346\234\211\346\225\210\345\233\236\345\233\275\347\275\221\347\273\234\345\212\236\346\263\225.md"
 create mode 100644 "posts/duanju-duanju-zhibo/2025-09-30-\344\270\272\344\273\200\344\271\210\346\212\226\351\237\263\347\234\213\344\270\215\344\272\206\347\233\264\346\222\255\357\274\237\346\265\267\345\244\226\345\205\232\345\233\236\345\233\275\347\275\221\347\273\234\345\256\236\346\265\213\345\210\206\344\272\253.md"
 create mode 100644 "posts/duanju-duanju-zhibo/2025-09-30-\346\212\226\351\237\263\346\265\267\345\244\226\346\227\240\346\263\225\347\233\264\346\222\255\346\200\216\344\271\210\345\212\236\357\274\237\344\272\262\346\265\213\346\234\211\346\225\210\345\233\236\345\233\275\347\275\221\347\273\234\350\247\243\345\206\263.md"
 create mode 100644 "posts/duanju-duanju-zhibo/2025-10-09-\345\233\275\345\244\226\347\234\213\345\233\275\345\206\205\346\212\226\351\237\263\357\274\232\351\202\243\344\272\233\347\273\225\344\270\215\345\274\200\347\232\204\345\214\272\345\237\237\351\231\220\345\210\266\344\270\216\344\272\262\346\265\213\345\233\236.md"
 create mode 100644 "posts/duanju-duanju-zhibo/2025-10-09-\345\244\247\351\231\270\346\212\226\351\237\263\347\233\264\346\222\255\347\234\213\344\270\215\344\272\206\346\200\216\344\271\210\345\212\236\357\274\237\346\265\267\345\244\226\345\205\232\344\272\262\346\265\213\346\234\211\346\225\210\347\232\204\346\226\271.md"
 create mode 100644 "posts/duanju-duanju-zhibo/2025-10-09-\345\275\223\345\211\215\347\233\264\346\222\255\351\227\264\345\234\250\346\234\254\345\214\272\345\237\237\346\234\252\345\274\200\346\224\276\357\274\237\346\265\267\345\244\226\345\205\232\345\246\202\344\275\225\351\241\272\345\210\251\345\233\236\345\233\275.md"
 create mode 100644 "posts/jiaocheng-shiyong-jiaocheng/2025-09-29-\345\205\250\346\260\221k\346\255\214\345\217\260\347\201\243\347\211\210\357\274\232\346\265\267\345\244\226\347\224\250\346\210\267\350\256\277\351\227\256\344\270\216\350\247\243\351\224\201\347\232\204\347\234\237\345\256\236\345\210\206\344\272\253.md"
 create mode 100644 "posts/jiaocheng-shiyong-jiaocheng/2025-09-29-\345\205\250\346\260\221k\346\255\214\346\265\267\345\244\226\344\271\237\350\203\275\345\227\250\345\224\261\357\274\214\350\277\231\344\272\233\350\256\277\351\227\256\351\231\220\345\210\266\346\200\216\344\271\210\347\240\264\357\274\237.md"
 create mode 100644 "posts/jiaocheng-shiyong-jiaocheng/2025-09-29-\345\205\250\346\260\221k\346\255\214\346\265\267\345\244\226\347\211\210\344\270\213\350\275\275\351\201\207\345\210\260\351\231\220\345\210\266\357\274\237\346\265\267\345\244\226\345\205\232\345\233\236\345\233\275\347\275\221\347\273\234\350\277\231\346\240\267.md"
 create mode 100644 "posts/jiaocheng-shiyong-jiaocheng/2025-09-29-\347\266\262\346\230\223\351\233\262\351\237\263\346\250\202\345\234\260\345\215\200\351\231\220\345\210\266\346\200\216\344\271\210\347\240\264\357\274\237\346\265\267\345\244\226\345\205\232\347\246\217\351\237\263\346\235\245\344\272\206.md"
 create mode 100644 "posts/jiaocheng-shiyong-jiaocheng/2025-09-30-shadowrocket\345\233\236\345\233\275\350\212\202\347\202\271\346\200\216\344\271\210\347\224\250\357\274\237\346\265\267\345\244\226\345\205\232\350\256\277\351\227\256\345\233\275\345\206\205\346\234\215\345\212\241\345\256\236\346\265\213.md"
 create mode 100644 "posts/jiaocheng-shiyong-jiaocheng/2025-09-30-\344\273\216\345\233\275\345\244\226\346\255\243\345\270\270\350\256\277\351\227\256\345\233\275\345\206\205\347\275\221\347\253\231\347\232\204\346\217\222\344\273\266\345\217\253\344\273\200\344\271\210\357\274\237\346\265\267\345\244\226\345\205\232\344\272\262.md"
 create mode 100644 "posts/jiaocheng-shiyong-jiaocheng/2025-09-30-\345\222\252\345\222\225\345\217\260\347\201\243\350\250\273\345\206\212\357\274\232\346\265\267\345\244\226\350\256\277\351\227\256\345\233\275\345\206\205\346\234\215\345\212\241\345\217\227\351\231\220\347\232\204\351\202\243\344\272\233\344\272\213\345\204\277.md"
 create mode 100644 "posts/jiaocheng-shiyong-jiaocheng/2025-09-30-\345\233\275\345\244\226\347\216\251\345\233\275\346\234\215\347\224\250\344\273\200\344\271\210\345\212\240\351\200\237\345\231\250\346\234\200\345\205\250\350\247\243\345\206\263\346\226\271\346\241\210\357\274\210\344\272\262\346\265\213\346\234\211\346\225\210.md"
 create mode 100644 "posts/jiaocheng-shiyong-jiaocheng/2025-09-30-\345\233\275\345\244\226\350\256\277\351\227\256\345\233\275\345\206\205\347\275\221\347\253\231\346\230\257\345\220\246\351\234\200\350\246\201\346\242\257\345\255\220\357\274\237\346\265\267\345\244\226\345\205\232\344\272\262\346\265\213\345\233\236\345\233\275.md"
 create mode 100644 "posts/jiaocheng-shiyong-jiaocheng/2025-09-30-\345\244\270\345\205\213\347\275\221\347\233\230\346\265\267\345\244\226\346\263\250\345\206\214\351\232\276\357\274\237\346\265\267\345\244\226\345\205\232\350\256\277\351\227\256\345\233\275\345\206\205\346\234\215\345\212\241\351\227\256\351\242\230\345\205\250.md"
 create mode 100644 "posts/jiaocheng-shiyong-jiaocheng/2025-09-30-\345\246\202\344\275\225\344\273\216\347\276\216\345\233\275\350\256\277\351\227\256\344\270\255\345\233\275\347\232\204\347\275\221\347\253\231\346\234\200\345\205\250\346\214\207\345\215\227\357\274\210\344\272\262\346\265\213\346\234\211\346\225\210\357\274\211.md"
 create mode 100644 "posts/jiaocheng-shiyong-jiaocheng/2025-09-30-\345\277\253\345\270\206\347\240\264\350\247\243pc\357\274\232\346\265\267\345\244\226\350\256\277\351\227\256\345\233\275\345\206\205\345\217\227\351\231\220\346\234\215\345\212\241\347\232\204\347\234\237\345\256\236\345\233\260\345\242\203\344\270\216\350\247\243.md"
 create mode 100644 "posts/jiaocheng-shiyong-jiaocheng/2025-09-30-\346\202\250\346\211\200\345\234\250\345\214\272\345\237\237\346\232\202\346\227\240\346\255\244\345\206\205\345\256\271\347\211\210\346\235\203\345\246\202\350\256\276\347\275\256vpn\350\257\267\345\205\263\351\227\255\345\220\216\351\207\215\350\257\225-3.md"
 create mode 100644 "posts/jiaocheng-shiyong-jiaocheng/2025-09-30-\350\235\246\347\261\263\351\237\263\346\250\202\347\240\264\350\247\243\351\246\231\346\270\257\357\274\237\346\265\267\345\244\226\345\205\232\350\247\243\351\224\201\345\233\275\345\206\205\346\234\215\345\212\241\351\202\243\344\272\233\344\272\213\345\204\277.md"
 create mode 100644 "posts/jiaocheng-shiyong-jiaocheng/2025-10-09-yy\350\252\236\351\237\263\345\217\260\347\201\243\344\270\215\350\203\275\350\252\252\350\251\261\357\274\237\346\265\267\345\244\226\347\224\250\346\210\266\345\233\236\345\234\213\345\212\240\351\200\237\345\231\250\345\257\246\346\270\254\350\247\243\346\236\220.md"
 create mode 100644 "posts/jiaocheng-shiyong-jiaocheng/2025-10-09-\344\273\216\345\233\275\345\244\226\346\255\243\345\270\270\350\256\277\351\227\256\345\233\275\345\206\205\347\275\221\347\253\231\347\232\204\346\217\222\344\273\266\346\234\211\345\223\252\344\272\233\357\274\237\344\272\262\346\265\213\346\234\211\346\225\210.md"
 create mode 100644 "posts/jiaocheng-shiyong-jiaocheng/2025-10-09-\345\205\263\344\272\216\345\205\250\346\260\221k\346\255\214\345\217\260\347\201\243\344\270\213\350\274\211\357\274\214\346\265\267\345\244\226\347\224\250\346\210\267\345\270\270\351\201\207\345\210\260\347\232\204\351\202\243\344\272\233\344\272\213.md"
 create mode 100644 "posts/tiyu-tiyu-zhibo/2025-10-09-cctv5m3u8\344\270\272\344\275\225\345\215\241\351\241\277\357\274\237\346\265\267\345\244\226\345\205\232\345\233\236\345\233\275\347\275\221\347\273\234\345\256\236\346\265\213.md"
 create mode 100644 "posts/yingyin-huiguo-yingyin/2025-09-30-qq\351\237\263\344\271\220\344\273\230\350\264\271\351\237\263\344\271\220\345\214\205\346\262\241\344\272\206\346\230\257\346\200\216\344\271\210\345\233\236\344\272\213\357\274\237\346\265\267\345\244\226\345\205\232\344\271\237\350\203\275\351\241\272\345\210\251.md"
 create mode 100644 "posts/yingyin-huiguo-yingyin/2025-09-30-\345\217\260\347\201\243\347\234\213bilibili-\344\270\215\345\206\215\346\230\257\345\244\242\357\274\232\350\246\252\346\270\254\346\234\211\346\225\210\345\233\236\345\234\213\347\266\262\347\265\241\350\247\243\346\261\272\346\226\271\346\241\210.md"
 create mode 100644 "posts/yingyin-huiguo-yingyin/2025-09-30-\345\233\275\345\244\226\345\246\202\344\275\225\345\220\254\345\233\275\345\206\205\351\237\263\344\271\220\350\247\206\351\242\221\357\274\214\350\277\231\346\240\267\345\201\232\345\260\261\350\203\275\350\275\273\346\235\276\350\247\243\345\206\263.md"
 create mode 100644 "posts/yinyue-yinyue-yinpin/2025-09-29-\347\275\221\346\230\223\344\272\221\345\233\275\345\244\226\345\220\254\346\255\214\346\200\216\344\271\210\350\247\243\351\231\244\351\231\220\345\210\266\357\274\214\346\265\267\345\244\226\350\256\277\351\227\256\345\233\275\345\206\205\346\234\215\345\212\241.md"
 create mode 100644 "posts/yinyue-yinyue-yinpin/2025-09-30-qq\351\237\263\344\271\220\345\234\250\346\265\267\345\244\226\350\203\275\345\220\254\345\220\227\357\274\237\346\265\267\345\244\226\345\205\232\345\233\236\345\256\266\345\220\254\346\255\214\345\277\205\345\244\207.md"
 create mode 100644 "posts/yinyue-yinyue-yinpin/2025-09-30-\345\224\261\345\220\247\346\265\267\345\244\226\357\274\232\345\233\236\345\233\275\345\212\240\351\200\237\345\231\250\345\270\256\344\275\240\347\225\205\344\272\253\351\237\263\344\271\220\344\270\216\347\224\237\346\264\273.md"
 create mode 100644 "posts/yinyue-yinyue-yinpin/2025-09-30-\345\233\275\345\244\226\345\220\254\346\255\214\350\275\257\344\273\266\345\217\227\351\231\220\357\274\237\346\265\267\345\244\226\345\205\232\345\233\236\345\233\275\345\212\240\351\200\237\345\231\250\344\272\262\346\265\213\346\234\211\346\225\210.md"
 create mode 100644 "posts/yinyue-yinyue-yinpin/2025-09-30-\345\233\275\345\244\226\350\203\275\345\220\254\347\275\221\346\230\223\344\272\221\351\237\263\344\271\220\345\220\227\357\274\237\346\265\267\345\244\226\347\225\205\344\272\253\345\233\275\345\206\205\351\237\263\345\250\261\347\232\204\347\234\237\345\256\236.md"
 create mode 100644 "posts/yinyue-yinyue-yinpin/2025-09-30-\347\275\221\346\230\223\344\272\221vpn\357\274\232\346\265\267\345\244\226\350\256\277\351\227\256\345\233\275\345\206\205\346\234\215\345\212\241\347\232\204\345\277\203\345\276\227\345\210\206\344\272\253.md"
 create mode 100644 "posts/yinyue-yinyue-yinpin/2025-10-09-qq\351\237\263\344\271\220\346\265\267\345\244\226\351\231\220\345\210\266\346\200\216\344\271\210\345\212\236\357\274\237\344\272\262\346\265\213\346\234\211\346\225\210\347\232\204\345\233\236\345\233\275\347\275\221\347\273\234\350\247\243\345\206\263\346\226\271.md"
 create mode 100644 "posts/yinyue-yinyue-yinpin/2025-10-09-\345\233\275\345\244\226\345\217\257\344\273\245\347\224\250\351\205\267\346\210\221\351\237\263\344\271\220\345\220\227\357\274\237\346\265\267\345\244\226\345\205\232\350\256\277\351\227\256\345\233\275\345\206\205\347\275\221\347\273\234\345\256\236\346\265\213.md"
 create mode 100644 "posts/yinyue-yinyue-yinpin/2025-10-09-\345\233\275\345\244\226\345\220\254\345\233\275\345\206\205\351\237\263\344\271\220\347\224\250\344\273\200\344\271\210\350\275\257\344\273\266\357\274\237\346\265\267\345\244\226\345\205\232\344\272\262\346\265\213\346\234\211\346\225\210\347\232\204\346\226\271.md"
 create mode 100644 "posts/yinyue-yinyue-yinpin/2025-10-09-\345\233\275\345\244\226\345\246\202\344\275\225\344\275\277\347\224\250qq\351\237\263\344\271\220\357\274\237\350\277\231\344\272\233\346\234\215\345\212\241\351\203\275\346\211\223\344\270\215\345\274\200\346\200\216\344\271\210\345\212\236\357\274\237.md"
 create mode 100644 "posts/yinyue-yinyue-yinpin/2025-10-09-\345\233\275\345\244\226\347\224\250\347\275\221\346\230\223\344\272\221\345\220\254\346\255\214\346\226\271\346\263\225\346\234\200\345\205\250\350\247\243\345\206\263\346\226\271\346\241\210\357\274\210\344\272\262\346\265\213\346\234\211\346\225\210\357\274\211.md"
 create mode 100644 "posts/youxi-huiguo-youxi/2025-09-30-\345\233\275\345\244\226\345\246\202\344\275\225\347\216\251\345\233\275\345\206\205\347\232\204\346\270\270\346\210\217\357\274\232\344\272\262\346\265\213\346\234\211\346\225\210\345\233\236\345\233\275\347\275\221\347\273\234\350\247\243\345\206\263\346\226\271.md"
 create mode 100644 "posts/youxi-huiguo-youxi/2025-09-30-\345\233\275\345\244\226\345\246\202\344\275\225\347\216\251\345\233\275\346\234\215\346\270\270\346\210\217\357\274\237\346\265\267\345\244\226\345\205\232\344\272\262\346\265\213\346\234\211\346\225\210\345\233\236\345\233\275\346\226\271\346\263\225.md"
 create mode 100644 "posts/youxi-huiguo-youxi/2025-09-30-\345\233\275\345\244\226\350\203\275\347\216\251\345\233\275\346\234\215\345\216\237\347\245\236\345\220\227\357\274\237\346\265\267\345\244\226\350\256\277\351\227\256\345\233\275\345\206\205\346\234\215\345\212\241\347\232\204\344\270\215\346\230\223\344\270\216.md"
 create mode 100644 "posts/youxi-huiguo-youxi/2025-10-09-\345\233\275\345\244\226\345\246\202\344\275\225\347\216\251\345\233\275\346\234\215\345\216\237\347\245\236\346\211\213\346\270\270\357\274\237\346\265\267\345\244\226\345\205\232\345\233\236\345\233\275\347\275\221\347\273\234\351\200\202\351\205\215\346\226\271.md"
 create mode 100644 "posts/youxi-huiguo-youxi/2025-10-09-\345\233\275\345\244\226\345\246\202\344\275\225\347\216\251\347\216\213\350\200\205\350\215\243\350\200\200\357\274\237\350\247\243\345\206\263\345\233\275\345\206\205\346\234\215\345\212\241\350\256\277\351\227\256\351\231\220\345\210\266.md"
 create mode 100644 "posts/youxi-huiguo-youxi/2025-10-09-\345\233\275\345\244\226\347\216\251\345\233\275\345\206\205\346\211\213\346\270\270\345\273\266\350\277\237\351\253\230\346\200\216\344\271\210\345\212\236\357\274\237\344\272\262\346\265\213\346\234\211\346\225\210\345\233\236\345\233\275\345\212\240\351\200\237.md"
 create mode 100644 "posts/youxi-huiguo-youxi/2025-10-09-\345\233\275\345\244\226\347\216\251\345\233\275\345\206\205\346\270\270\346\210\217\345\215\241\346\200\216\344\271\210\345\212\236\357\274\232\346\265\267\345\244\226\345\205\232\350\256\277\351\227\256\345\233\275\345\206\205\346\234\215\345\212\241\345\205\250.md"
To https://github.com/huiguojiasuqi/huiguojiasuqi.git
   037cffd..696dc72  main -> main
[2026-09-10 18:06:24] batch start=480 n=50
  4317 -> posts/jiaocheng-shiyong-jiaocheng/2025-09-29-全民k歌登入困难？海外党看这里.md (2108 chars)
  4316 -> posts/jiaocheng-shiyong-jiaocheng/2025-09-29-您所在区域暂无此内容版权怎么办？海外党回国网.md (2225 chars)
  4315 -> posts/yinyue-yinyue-yinpin/2025-09-29-懒人听书海外：那些在国外听不了的烦恼与解.md (2573 chars)
  4314 -> posts/jiaocheng-shiyong-jiaocheng/2025-09-29-快帆好用吗？海外访问国内服务受限的真实体验与.md (2522 chars)
  4313 -> posts/jiaocheng-shiyong-jiaocheng/2025-09-29-夸克網盤台灣用戶註冊：海外黨如何順暢訪問國內.md (1979 chars)
  4312 -> posts/jiaocheng-shiyong-jiaocheng/2025-09-29-夸克網盤app台灣受限？海外黨回國網絡實測分享.md (2701 chars)
  4311 -> posts/jiaocheng-shiyong-jiaocheng/2025-09-29-境外听不了中国歌怎么办？海外党亲测有效回国网.md (2215 chars)
  4310 -> posts/jiaocheng-shiyong-jiaocheng/2025-09-29-境外访问国内网站用什么软件最全详解（亲测有效.md (2936 chars)
  4309 -> posts/bangong-bangong-baokao/2025-09-29-交管12123在境外可以登录吗？海外党回国网络问题全.md (2544 chars)
  4308 -> posts/bangong-bangong-baokao/2025-09-29-交管12123在国外打不开怎么办？超详细回国网络解读.md (2494 chars)
  4307 -> posts/bangong-bangong-baokao/2025-09-29-交管12123网络拥堵国外？海外党回国网络解锁之道.md (2738 chars)
  4306 -> posts/bangong-bangong-baokao/2025-09-29-交管12123国外无法登陆怎么办？找回国内网络体验.md (2438 chars)
  4305 -> posts/bangong-bangong-baokao/2025-09-29-交管12123国外能用吗？深度解析海外访问受限及亲测.md (2808 chars)
  4304 -> posts/bangong-bangong-baokao/2025-09-29-交管12123国外登录不了怎么办？海外党亲测有效解决.md (2610 chars)
  4303 -> posts/bangong-bangong-baokao/2025-09-29-交管12123app国外访问受限怎么办？解决办法来了.md (2663 chars)
  4302 -> posts/jiaocheng-shiyong-jiaocheng/2025-09-29-回国用vpn怎么解决海外访问限制？.md (2619 chars)
  4301 -> posts/jiaocheng-shiyong-jiaocheng/2025-09-29-回国机场vpn：海外党畅游国内网络的必备之选.md (2013 chars)
  4300 -> posts/jiaocheng-shiyong-jiaocheng/2025-09-29-回国vpn节点，海外党访问国内服务的顺畅之选.md (2490 chars)
  4299 -> posts/jiaocheng-shiyong-jiaocheng/2025-09-29-回国von太难了？亲测有效的国内服务解锁心得.md (2394 chars)
  4298 -> posts/jiaocheng-shiyong-jiaocheng/2025-09-29-华为手机怎么翻墙？海外党访问国内服务全解析.md (2324 chars)
  4297 -> posts/yingyin-huiguo-yingyin/2025-09-29-华为手机可以用vpn吗？海外党回国看视频听歌的真.md (2541 chars)
  4296 -> posts/jiaocheng-shiyong-jiaocheng/2025-09-29-华为手机翻墙：海外党如何畅享国内热门服务.md (2601 chars)
  4295 -> posts/jiaocheng-shiyong-jiaocheng/2025-09-29-华为可以翻墙吗？海外访问国内服务的畅通之道.md (2464 chars)
  4294 -> posts/yingyin-huiguo-yingyin/2025-09-29-华为vpn不能用怎么办？海外党回国看视频听歌实测.md (2571 chars)
  4293 -> posts/youxi-huiguo-youxi/2025-09-29-国外怎么玩网易我的世界？海外党访问国内服务那.md (2597 chars)
  4292 -> posts/jiaocheng-shiyong-jiaocheng/2025-09-29-国外怎么玩魔兽世界国服-畅享国内网络无障碍.md (2435 chars)
  4291 -> posts/youxi-huiguo-youxi/2025-09-29-国外怎么玩国内手游？海外党专属的无忧上网体验.md (2753 chars)
  4290 -> posts/youxi-huiguo-youxi/2025-09-29-国外怎么玩国内的手游？这些限制与破解法要知道.md (2466 chars)
  4289 -> posts/youxi-huiguo-youxi/2025-09-29-国外怎么玩国服永劫无间？海外党亲测回国网络详.md (2903 chars)
  4288 -> posts/jiaocheng-shiyong-jiaocheng/2025-09-29-国外怎么听国内歌曲？海外党亲测有效解决方法.md (2633 chars)
  4287 -> posts/yinyue-yinyue-yinpin/2025-09-29-qq音乐海外破解版安卓与国内服务访问难题.md (2121 chars)
  4286 -> posts/jiaocheng-shiyong-jiaocheng/2025-09-28-支持微信支付的vpn，海外访问国内服务无障碍（亲.md (2214 chars)
  4285 -> posts/yinyue-yinyue-yinpin/2025-09-28-网易云怎么改地区？海外党访问国内服务全攻略.md (2420 chars)
  4284 -> posts/yinyue-yinyue-yinpin/2025-09-28-网易云黑胶vip海外能听吗？这是多数海外党的心声-2.md (1932 chars)
  4283 -> posts/jiaocheng-shiyong-jiaocheng/2025-09-28-騰訊app台灣不能看怎么办？海外回国网络亲测分享-2.md (2697 chars)
  4282 -> posts/jiaocheng-shiyong-jiaocheng/2025-09-28-海外看中文电视：轻松解决访问限制，畅享国内精-2.md (2772 chars)
  4281 -> posts/youxi-huiguo-youxi/2025-09-28-国外玩永劫无间国服卡吗？海外访问国内服务难题.md (2338 chars)
  4280 -> posts/youxi-huiguo-youxi/2025-09-28-国外玩国内游戏为什么那么卡？海外党亲测有效解.md (2662 chars)
  4279 -> posts/youxi-huiguo-youxi/2025-09-28-国外玩国内游戏：轻松解锁海量精彩内容.md (2466 chars)
  4278 -> posts/youxi-huiguo-youxi/2025-09-28-国外玩国内手游加速器怎么办？实用回国网络经验.md (2536 chars)
  4277 -> posts/yinyue-yinyue-yinpin/2025-09-28-国外听网易云免费加速器：海外党也能畅听音乐.md (2419 chars)
  4276 -> posts/yinyue-yinyue-yinpin/2025-09-28-国外听歌怎么解除限制：海外党访问国内服务全攻.md (2731 chars)
  4275 -> posts/jiaocheng-shiyong-jiaocheng/2025-09-28-国外听不了酷狗怎么办？解析限制与回国加速器妙.md (2344 chars)
  4274 -> posts/youxi-huiguo-youxi/2025-09-28-国外如何玩完美世界游戏视频？国内服务受限的解.md (2302 chars)
  4273 -> posts/jiaocheng-shiyong-jiaocheng/2025-09-28-国外如何玩国服魔兽常见问题及有效解决之道.md (2407 chars)
  4272 -> posts/yinyue-yinyue-yinpin/2025-09-28-国外如何听喜马拉雅的音频？真实回国网络加速器.md (2411 chars)
  4271 -> posts/jiaocheng-shiyong-jiaocheng/2025-09-28-国外如何访问国内网站怎么办？亲测有效方法来了.md (2625 chars)
  4270 -> posts/jiaocheng-shiyong-jiaocheng/2025-09-28-国外能访问国内网站吗？海外党回国加速亲身体验.md (2667 chars)
  4269 -> posts/jiaocheng-shiyong-jiaocheng/2025-09-28-国外可以浏览中国网站吗？海外访问国内受限服务.md (2571 chars)
  4268 -> posts/jiaocheng-shiyong-jiaocheng/2025-09-28-国外好用的app海外访问怎么破？.md (2045 chars)
done: ok=50 fail=0
[main 5ce70ca] publish: posts batch start=480 n=50 (total 530)
 50 files changed, 2340 insertions(+)
 create mode 100644 "posts/bangong-bangong-baokao/2025-09-29-\344\272\244\347\256\24112123app\345\233\275\345\244\226\350\256\277\351\227\256\345\217\227\351\231\220\346\200\216\344\271\210\345\212\236\357\274\237\350\247\243\345\206\263\345\212\236\346\263\225\346\235\245\344\272\206.md"
 create mode 100644 "posts/bangong-bangong-baokao/2025-09-29-\344\272\244\347\256\24112123\345\233\275\345\244\226\346\227\240\346\263\225\347\231\273\351\231\206\346\200\216\344\271\210\345\212\236\357\274\237\346\211\276\345\233\236\345\233\275\345\206\205\347\275\221\347\273\234\344\275\223\351\252\214.md"
 create mode 100644 "posts/bangong-bangong-baokao/2025-09-29-\344\272\244\347\256\24112123\345\233\275\345\244\226\347\231\273\345\275\225\344\270\215\344\272\206\346\200\216\344\271\210\345\212\236\357\274\237\346\265\267\345\244\226\345\205\232\344\272\262\346\265\213\346\234\211\346\225\210\350\247\243\345\206\263.md"
 create mode 100644 "posts/bangong-bangong-baokao/2025-09-29-\344\272\244\347\256\24112123\345\233\275\345\244\226\350\203\275\347\224\250\345\220\227\357\274\237\346\267\261\345\272\246\350\247\243\346\236\220\346\265\267\345\244\226\350\256\277\351\227\256\345\217\227\351\231\220\345\217\212\344\272\262\346\265\213.md"
 create mode 100644 "posts/bangong-bangong-baokao/2025-09-29-\344\272\244\347\256\24112123\345\234\250\345\233\275\345\244\226\346\211\223\344\270\215\345\274\200\346\200\216\344\271\210\345\212\236\357\274\237\350\266\205\350\257\246\347\273\206\345\233\236\345\233\275\347\275\221\347\273\234\350\247\243\350\257\273.md"
 create mode 100644 "posts/bangong-bangong-baokao/2025-09-29-\344\272\244\347\256\24112123\345\234\250\345\242\203\345\244\226\345\217\257\344\273\245\347\231\273\345\275\225\345\220\227\357\274\237\346\265\267\345\244\226\345\205\232\345\233\236\345\233\275\347\275\221\347\273\234\351\227\256\351\242\230\345\205\250.md"
 create mode 100644 "posts/bangong-bangong-baokao/2025-09-29-\344\272\244\347\256\24112123\347\275\221\347\273\234\346\213\245\345\240\265\345\233\275\345\244\226\357\274\237\346\265\267\345\244\226\345\205\232\345\233\236\345\233\275\347\275\221\347\273\234\350\247\243\351\224\201\344\271\213\351\201\223.md"
 create mode 100644 "posts/jiaocheng-shiyong-jiaocheng/2025-09-28-\345\233\275\345\244\226\345\217\257\344\273\245\346\265\217\350\247\210\344\270\255\345\233\275\347\275\221\347\253\231\345\220\227\357\274\237\346\265\267\345\244\226\350\256\277\351\227\256\345\233\275\345\206\205\345\217\227\351\231\220\346\234\215\345\212\241.md"
 create mode 100644 "posts/jiaocheng-shiyong-jiaocheng/2025-09-28-\345\233\275\345\244\226\345\220\254\344\270\215\344\272\206\351\205\267\347\213\227\346\200\216\344\271\210\345\212\236\357\274\237\350\247\243\346\236\220\351\231\220\345\210\266\344\270\216\345\233\236\345\233\275\345\212\240\351\200\237\345\231\250\345\246\231.md"
 create mode 100644 "posts/jiaocheng-shiyong-jiaocheng/2025-09-28-\345\233\275\345\244\226\345\245\275\347\224\250\347\232\204app\346\265\267\345\244\226\350\256\277\351\227\256\346\200\216\344\271\210\347\240\264\357\274\237.md"
 create mode 100644 "posts/jiaocheng-shiyong-jiaocheng/2025-09-28-\345\233\275\345\244\226\345\246\202\344\275\225\347\216\251\345\233\275\346\234\215\351\255\224\345\205\275\345\270\270\350\247\201\351\227\256\351\242\230\345\217\212\346\234\211\346\225\210\350\247\243\345\206\263\344\271\213\351\201\223.md"
 create mode 100644 "posts/jiaocheng-shiyong-jiaocheng/2025-09-28-\345\233\275\345\244\226\345\246\202\344\275\225\350\256\277\351\227\256\345\233\275\345\206\205\347\275\221\347\253\231\346\200\216\344\271\210\345\212\236\357\274\237\344\272\262\346\265\213\346\234\211\346\225\210\346\226\271\346\263\225\346\235\245\344\272\206.md"
 create mode 100644 "posts/jiaocheng-shiyong-jiaocheng/2025-09-28-\345\233\275\345\244\226\350\203\275\350\256\277\351\227\256\345\233\275\345\206\205\347\275\221\347\253\231\345\220\227\357\274\237\346\265\267\345\244\226\345\205\232\345\233\236\345\233\275\345\212\240\351\200\237\344\272\262\350\272\253\344\275\223\351\252\214.md"
 create mode 100644 "posts/jiaocheng-shiyong-jiaocheng/2025-09-28-\346\224\257\346\214\201\345\276\256\344\277\241\346\224\257\344\273\230\347\232\204vpn\357\274\214\346\265\267\345\244\226\350\256\277\351\227\256\345\233\275\345\206\205\346\234\215\345\212\241\346\227\240\351\232\234\347\242\215\357\274\210\344\272\262.md"
 create mode 100644 "posts/jiaocheng-shiyong-jiaocheng/2025-09-28-\346\265\267\345\244\226\347\234\213\344\270\255\346\226\207\347\224\265\350\247\206\357\274\232\350\275\273\346\235\276\350\247\243\345\206\263\350\256\277\351\227\256\351\231\220\345\210\266\357\274\214\347\225\205\344\272\253\345\233\275\345\206\205\347\262\276-2.md"
 create mode 100644 "posts/jiaocheng-shiyong-jiaocheng/2025-09-28-\351\250\260\350\250\212app\345\217\260\347\201\243\344\270\215\350\203\275\347\234\213\346\200\216\344\271\210\345\212\236\357\274\237\346\265\267\345\244\226\345\233\236\345\233\275\347\275\221\347\273\234\344\272\262\346\265\213\345\210\206\344\272\253-2.md"
 create mode 100644 "posts/jiaocheng-shiyong-jiaocheng/2025-09-29-\345\205\250\346\260\221k\346\255\214\347\231\273\345\205\245\345\233\260\351\232\276\357\274\237\346\265\267\345\244\226\345\205\232\347\234\213\350\277\231\351\207\214.md"
 create mode 100644 "posts/jiaocheng-shiyong-jiaocheng/2025-09-29-\345\215\216\344\270\272\345\217\257\344\273\245\347\277\273\345\242\231\345\220\227\357\274\237\346\265\267\345\244\226\350\256\277\351\227\256\345\233\275\345\206\205\346\234\215\345\212\241\347\232\204\347\225\205\351\200\232\344\271\213\351\201\223.md"
 create mode 100644 "posts/jiaocheng-shiyong-jiaocheng/2025-09-29-\345\215\216\344\270\272\346\211\213\346\234\272\346\200\216\344\271\210\347\277\273\345\242\231\357\274\237\346\265\267\345\244\226\345\205\232\350\256\277\351\227\256\345\233\275\345\206\205\346\234\215\345\212\241\345\205\250\350\247\243\346\236\220.md"
 create mode 100644 "posts/jiaocheng-shiyong-jiaocheng/2025-09-29-\345\215\216\344\270\272\346\211\213\346\234\272\347\277\273\345\242\231\357\274\232\346\265\267\345\244\226\345\205\232\345\246\202\344\275\225\347\225\205\344\272\253\345\233\275\345\206\205\347\203\255\351\227\250\346\234\215\345\212\241.md"
 create mode 100644 "posts/jiaocheng-shiyong-jiaocheng/2025-09-29-\345\233\236\345\233\275von\345\244\252\351\232\276\344\272\206\357\274\237\344\272\262\346\265\213\346\234\211\346\225\210\347\232\204\345\233\275\345\206\205\346\234\215\345\212\241\350\247\243\351\224\201\345\277\203\345\276\227.md"
 create mode 100644 "posts/jiaocheng-shiyong-jiaocheng/2025-09-29-\345\233\236\345\233\275vpn\350\212\202\347\202\271\357\274\214\346\265\267\345\244\226\345\205\232\350\256\277\351\227\256\345\233\275\345\206\205\346\234\215\345\212\241\347\232\204\351\241\272\347\225\205\344\271\213\351\200\211.md"
 create mode 100644 "posts/jiaocheng-shiyong-jiaocheng/2025-09-29-\345\233\236\345\233\275\346\234\272\345\234\272vpn\357\274\232\346\265\267\345\244\226\345\205\232\347\225\205\346\270\270\345\233\275\345\206\205\347\275\221\347\273\234\347\232\204\345\277\205\345\244\207\344\271\213\351\200\211.md"
 create mode 100644 "posts/jiaocheng-shiyong-jiaocheng/2025-09-29-\345\233\236\345\233\275\347\224\250vpn\346\200\216\344\271\210\350\247\243\345\206\263\346\265\267\345\244\226\350\256\277\351\227\256\351\231\220\345\210\266\357\274\237.md"
 create mode 100644 "posts/jiaocheng-shiyong-jiaocheng/2025-09-29-\345\233\275\345\244\226\346\200\216\344\271\210\345\220\254\345\233\275\345\206\205\346\255\214\346\233\262\357\274\237\346\265\267\345\244\226\345\205\232\344\272\262\346\265\213\346\234\211\346\225\210\350\247\243\345\206\263\346\226\271\346\263\225.md"
 create mode 100644 "posts/jiaocheng-shiyong-jiaocheng/2025-09-29-\345\233\275\345\244\226\346\200\216\344\271\210\347\216\251\351\255\224\345\205\275\344\270\226\347\225\214\345\233\275\346\234\215-\347\225\205\344\272\253\345\233\275\345\206\205\347\275\221\347\273\234\346\227\240\351\232\234\347\242\215.md"
 create mode 100644 "posts/jiaocheng-shiyong-jiaocheng/2025-09-29-\345\242\203\345\244\226\345\220\254\344\270\215\344\272\206\344\270\255\345\233\275\346\255\214\346\200\216\344\271\210\345\212\236\357\274\237\346\265\267\345\244\226\345\205\232\344\272\262\346\265\213\346\234\211\346\225\210\345\233\236\345\233\275\347\275\221.md"
 create mode 100644 "posts/jiaocheng-shiyong-jiaocheng/2025-09-29-\345\242\203\345\244\226\350\256\277\351\227\256\345\233\275\345\206\205\347\275\221\347\253\231\347\224\250\344\273\200\344\271\210\350\275\257\344\273\266\346\234\200\345\205\250\350\257\246\350\247\243\357\274\210\344\272\262\346\265\213\346\234\211\346\225\210.md"
 create mode 100644 "posts/jiaocheng-shiyong-jiaocheng/2025-09-29-\345\244\270\345\205\213\347\266\262\347\233\244app\345\217\260\347\201\243\345\217\227\351\231\220\357\274\237\346\265\267\345\244\226\351\273\250\345\233\236\345\234\213\347\266\262\347\265\241\345\257\246\346\270\254\345\210\206\344\272\253.md"
 create mode 100644 "posts/jiaocheng-shiyong-jiaocheng/2025-09-29-\345\244\270\345\205\213\347\266\262\347\233\244\345\217\260\347\201\243\347\224\250\346\210\266\350\250\273\345\206\212\357\274\232\346\265\267\345\244\226\351\273\250\345\246\202\344\275\225\351\240\206\346\232\242\350\250\252\345\225\217\345\234\213\345\205\247.md"
 create mode 100644 "posts/jiaocheng-shiyong-jiaocheng/2025-09-29-\345\277\253\345\270\206\345\245\275\347\224\250\345\220\227\357\274\237\346\265\267\345\244\226\350\256\277\351\227\256\345\233\275\345\206\205\346\234\215\345\212\241\345\217\227\351\231\220\347\232\204\347\234\237\345\256\236\344\275\223\351\252\214\344\270\216.md"
 create mode 100644 "posts/jiaocheng-shiyong-jiaocheng/2025-09-29-\346\202\250\346\211\200\345\234\250\345\214\272\345\237\237\346\232\202\346\227\240\346\255\244\345\206\205\345\256\271\347\211\210\346\235\203\346\200\216\344\271\210\345\212\236\357\274\237\346\265\267\345\244\226\345\205\232\345\233\236\345\233\275\347\275\221.md"
 create mode 100644 "posts/yingyin-huiguo-yingyin/2025-09-29-\345\215\216\344\270\272vpn\344\270\215\350\203\275\347\224\250\346\200\216\344\271\210\345\212\236\357\274\237\346\265\267\345\244\226\345\205\232\345\233\236\345\233\275\347\234\213\350\247\206\351\242\221\345\220\254\346\255\214\345\256\236\346\265\213.md"
 create mode 100644 "posts/yingyin-huiguo-yingyin/2025-09-29-\345\215\216\344\270\272\346\211\213\346\234\272\345\217\257\344\273\245\347\224\250vpn\345\220\227\357\274\237\346\265\267\345\244\226\345\205\232\345\233\236\345\233\275\347\234\213\350\247\206\351\242\221\345\220\254\346\255\214\347\232\204\347\234\237.md"
 create mode 100644 "posts/yinyue-yinyue-yinpin/2025-09-28-\345\233\275\345\244\226\345\220\254\346\255\214\346\200\216\344\271\210\350\247\243\351\231\244\351\231\220\345\210\266\357\274\232\346\265\267\345\244\226\345\205\232\350\256\277\351\227\256\345\233\275\345\206\205\346\234\215\345\212\241\345\205\250\346\224\273.md"
 create mode 100644 "posts/yinyue-yinyue-yinpin/2025-09-28-\345\233\275\345\244\226\345\220\254\347\275\221\346\230\223\344\272\221\345\205\215\350\264\271\345\212\240\351\200\237\345\231\250\357\274\232\346\265\267\345\244\226\345\205\232\344\271\237\350\203\275\347\225\205\345\220\254\351\237\263\344\271\220.md"
 create mode 100644 "posts/yinyue-yinyue-yinpin/2025-09-28-\345\233\275\345\244\226\345\246\202\344\275\225\345\220\254\345\226\234\351\251\254\346\213\211\351\233\205\347\232\204\351\237\263\351\242\221\357\274\237\347\234\237\345\256\236\345\233\236\345\233\275\347\275\221\347\273\234\345\212\240\351\200\237\345\231\250.md"
 create mode 100644 "posts/yinyue-yinyue-yinpin/2025-09-28-\347\275\221\346\230\223\344\272\221\346\200\216\344\271\210\346\224\271\345\234\260\345\214\272\357\274\237\346\265\267\345\244\226\345\205\232\350\256\277\351\227\256\345\233\275\345\206\205\346\234\215\345\212\241\345\205\250\346\224\273\347\225\245.md"
 create mode 100644 "posts/yinyue-yinyue-yinpin/2025-09-28-\347\275\221\346\230\223\344\272\221\351\273\221\350\203\266vip\346\265\267\345\244\226\350\203\275\345\220\254\345\220\227\357\274\237\350\277\231\346\230\257\345\244\232\346\225\260\346\265\267\345\244\226\345\205\232\347\232\204\345\277\203\345\243\260-2.md"
 create mode 100644 "posts/yinyue-yinyue-yinpin/2025-09-29-qq\351\237\263\344\271\220\346\265\267\345\244\226\347\240\264\350\247\243\347\211\210\345\256\211\345\215\223\344\270\216\345\233\275\345\206\205\346\234\215\345\212\241\350\256\277\351\227\256\351\232\276\351\242\230.md"
 create mode 100644 "posts/yinyue-yinyue-yinpin/2025-09-29-\346\207\222\344\272\272\345\220\254\344\271\246\346\265\267\345\244\226\357\274\232\351\202\243\344\272\233\345\234\250\345\233\275\345\244\226\345\220\254\344\270\215\344\272\206\347\232\204\347\203\246\346\201\274\344\270\216\350\247\243.md"
 create mode 100644 "posts/youxi-huiguo-youxi/2025-09-28-\345\233\275\345\244\226\345\246\202\344\275\225\347\216\251\345\256\214\347\276\216\344\270\226\347\225\214\346\270\270\346\210\217\350\247\206\351\242\221\357\274\237\345\233\275\345\206\205\346\234\215\345\212\241\345\217\227\351\231\220\347\232\204\350\247\243.md"
 create mode 100644 "posts/youxi-huiguo-youxi/2025-09-28-\345\233\275\345\244\226\347\216\251\345\233\275\345\206\205\346\211\213\346\270\270\345\212\240\351\200\237\345\231\250\346\200\216\344\271\210\345\212\236\357\274\237\345\256\236\347\224\250\345\233\236\345\233\275\347\275\221\347\273\234\347\273\217\351\252\214.md"
 create mode 100644 "posts/youxi-huiguo-youxi/2025-09-28-\345\233\275\345\244\226\347\216\251\345\233\275\345\206\205\346\270\270\346\210\217\344\270\272\344\273\200\344\271\210\351\202\243\344\271\210\345\215\241\357\274\237\346\265\267\345\244\226\345\205\232\344\272\262\346\265\213\346\234\211\346\225\210\350\247\243.md"
 create mode 100644 "posts/youxi-huiguo-youxi/2025-09-28-\345\233\275\345\244\226\347\216\251\345\233\275\345\206\205\346\270\270\346\210\217\357\274\232\350\275\273\346\235\276\350\247\243\351\224\201\346\265\267\351\207\217\347\262\276\345\275\251\345\206\205\345\256\271.md"
 create mode 100644 "posts/youxi-huiguo-youxi/2025-09-28-\345\233\275\345\244\226\347\216\251\346\260\270\345\212\253\346\227\240\351\227\264\345\233\275\346\234\215\345\215\241\345\220\227\357\274\237\346\265\267\345\244\226\350\256\277\351\227\256\345\233\275\345\206\205\346\234\215\345\212\241\351\232\276\351\242\230.md"
 create mode 100644 "posts/youxi-huiguo-youxi/2025-09-29-\345\233\275\345\244\226\346\200\216\344\271\210\347\216\251\345\233\275\345\206\205\346\211\213\346\270\270\357\274\237\346\265\267\345\244\226\345\205\232\344\270\223\345\261\236\347\232\204\346\227\240\345\277\247\344\270\212\347\275\221\344\275\223\351\252\214.md"
 create mode 100644 "posts/youxi-huiguo-youxi/2025-09-29-\345\233\275\345\244\226\346\200\216\344\271\210\347\216\251\345\233\275\345\206\205\347\232\204\346\211\213\346\270\270\357\274\237\350\277\231\344\272\233\351\231\220\345\210\266\344\270\216\347\240\264\350\247\243\346\263\225\350\246\201\347\237\245\351\201\223.md"
 create mode 100644 "posts/youxi-huiguo-youxi/2025-09-29-\345\233\275\345\244\226\346\200\216\344\271\210\347\216\251\345\233\275\346\234\215\346\260\270\345\212\253\346\227\240\351\227\264\357\274\237\346\265\267\345\244\226\345\205\232\344\272\262\346\265\213\345\233\236\345\233\275\347\275\221\347\273\234\350\257\246.md"
 create mode 100644 "posts/youxi-huiguo-youxi/2025-09-29-\345\233\275\345\244\226\346\200\216\344\271\210\347\216\251\347\275\221\346\230\223\346\210\221\347\232\204\344\270\226\347\225\214\357\274\237\346\265\267\345\244\226\345\205\232\350\256\277\351\227\256\345\233\275\345\206\205\346\234\215\345\212\241\351\202\243.md"
To https://github.com/huiguojiasuqi/huiguojiasuqi.git
   696dc72..5ce70ca  main -> main
[2026-09-10 18:06:50] batch start=530 n=50
  4267 -> posts/yingyin-huiguo-yingyin/2025-09-28-国外翻墙回国看中国网络视频的那些事儿.md (2862 chars)
  4266 -> posts/jiaocheng-shiyong-jiaocheng/2025-09-28-国外打不开国内手机里的app怎么办？.md (2692 chars)
  4265 -> posts/bangong-bangong-baokao/2025-09-28-国外打不开12123？海外党这样顺利访问国内服务.md (2434 chars)
  4264 -> posts/bangong-bangong-baokao/2025-09-28-国外12123登不上是什么原因？海外党回国加速解决方.md (2793 chars)
  4263 -> posts/jiaocheng-shiyong-jiaocheng/2025-09-28-国际版qq注册：海外用户畅享国内服务的那些事.md (2453 chars)
  4262 -> posts/duanju-duanju-zhibo/2025-09-28-抖音直播間在本區域未開放？海外黨回國網絡體驗.md (3114 chars)
  4261 -> posts/duanju-duanju-zhibo/2025-09-28-抖音所在地区无法直播怎么办？海外党亲测有效解.md (3013 chars)
  4260 -> posts/duanju-duanju-zhibo/2025-09-28-抖音海外直播权限解决方法：海外党访问国内服务.md (2932 chars)
  4259 -> posts/duanju-duanju-zhibo/2025-09-28-抖音當前直播間在本區域未開放怎么办？亲测有效.md (2978 chars)
  4258 -> posts/jiaocheng-shiyong-jiaocheng/2025-09-28-唱吧台灣註冊卡顿？海外用户解锁国内服务妙招.md (2261 chars)
  4257 -> posts/jiaocheng-shiyong-jiaocheng/2025-09-28-愛奇藝美國受限？海外黨回國上網的真實解法.md (2606 chars)
  4256 -> posts/jiaocheng-shiyong-jiaocheng/2025-09-28-yy語音台灣海外访问受限怎么办？.md (2151 chars)
  4255 -> posts/tiyu-tiyu-zhibo/2025-09-28-vpncctv5-怎么办？海外访问国内服务实测分享.md (2714 chars)
  4254 -> posts/jiaocheng-shiyong-jiaocheng/2025-09-28-qq註冊2024-用户海外访问受限的那些事.md (2412 chars)
  4253 -> posts/yinyue-yinyue-yinpin/2025-09-28-qq音乐在美国还能使用吗？海外党访问国内音乐的现.md (2540 chars)
  4252 -> posts/yinyue-yinyue-yinpin/2025-09-28-qq音乐切为国内版本：海外用户如何畅享音乐与各项.md (3294 chars)
  4251 -> posts/jiaocheng-shiyong-jiaocheng/2025-09-28-golinkvpn-遇到难题？海外访问国内服务解锁指南.md (2080 chars)
  4250 -> posts/tiyu-tiyu-zhibo/2025-09-28-cctv5海外直播入口是怎么回事？解决办法来了.md (1983 chars)
  4249 -> posts/jiaocheng-shiyong-jiaocheng/2025-09-24-西瓜視頻香港怎么解决？海外党亲测可用回国网络.md (2196 chars)
  4248 -> posts/yinyue-yinyue-yinpin/2025-09-24-網易雲音樂版權問題：海外用户如何畅享国内音乐.md (2660 chars)
  4247 -> posts/yinyue-yinyue-yinpin/2025-09-24-网易云音乐突破区域限制：海外党回国网络困境与.md (2767 chars)
  4246 -> posts/yinyue-yinyue-yinpin/2025-09-24-网易云音乐海外github：解决访问国内服务的烦恼.md (2554 chars)
  4245 -> posts/yinyue-yinyue-yinpin/2025-09-24-网易云海外破解：海外访问国内受限服务的真实体.md (2625 chars)
  4244 -> posts/jiaocheng-shiyong-jiaocheng/2025-09-24-国外怎么用全民k歌？海外党访问国内服务难题及对.md (2237 chars)
  4243 -> posts/youxi-huiguo-youxi/2025-09-24-国外怎么玩中国手游？海外党访问国内服务全解.md (2738 chars)
  4242 -> posts/youxi-huiguo-youxi/2025-09-24-国外怎么玩永劫无间国服？解锁海外访问限制的亲.md (2624 chars)
  4241 -> posts/bangong-bangong-baokao/2025-09-24-国外无法登录12123？这些国内服务你也能轻松访问.md (3229 chars)
  4240 -> posts/youxi-huiguo-youxi/2025-09-24-国外玩国内游戏延迟高怎么办？海外党亲测有效解.md (2919 chars)
  4239 -> posts/jiaocheng-shiyong-jiaocheng/2025-09-24-国外听不到国内的歌怎么办？海外党福音来了.md (2893 chars)
  4238 -> posts/youxi-huiguo-youxi/2025-09-24-国外如何玩国内我的世界？解锁限制从这里开始.md (2236 chars)
  4237 -> posts/youxi-huiguo-youxi/2025-09-24-国外如何玩国服王者荣耀最全解答（亲测有效）.md (2535 chars)
  4236 -> posts/jiaocheng-shiyong-jiaocheng/2025-09-24-国外如何玩国服？那些服务海外用不了的原因与解.md (3105 chars)
  4235 -> posts/youxi-huiguo-youxi/2025-09-24-国外能玩永劫无间吗？海外党回国网络体验分享.md (2402 chars)
  4234 -> posts/yingyin-huiguo-yingyin/2025-09-24-国外看电影用什么app？海外党回国网络解决方案.md (3145 chars)
  4233 -> posts/jiaocheng-shiyong-jiaocheng/2025-09-24-国外访问国内网站很慢怎么解决？这些体验你一定.md (2861 chars)
  4232 -> posts/bangong-bangong-baokao/2025-09-24-国外登录不了交管12123怎么办？原因与亲测有效回国.md (2378 chars)
  4231 -> posts/jiaocheng-shiyong-jiaocheng/2025-09-24-国外打不开国内的app怎么办？海外党亲测有效的方.md (2274 chars)
  4230 -> posts/jiaocheng-shiyong-jiaocheng/2025-09-24-国外ip如何顺畅访问国内服务？海外党亲测有效方法.md (2512 chars)
  4229 -> posts/jiaocheng-shiyong-jiaocheng/2025-09-24-归雁加速器：解决海外访问国内受限服务的真实体.md (2160 chars)
  4228 -> posts/jiaocheng-shiyong-jiaocheng/2025-09-24-quickfox好用吗，海外访问国内服务的实际体验.md (2744 chars)
  4227 -> posts/jiaocheng-shiyong-jiaocheng/2025-09-24-qq邮箱怎么用？海外党访问国内受限服务的真实经历.md (2453 chars)
  4226 -> posts/jiaocheng-shiyong-jiaocheng/2025-09-24-qq音樂香港地區解決：海外党访问国内服务的那些事.md (2546 chars)
  4225 -> posts/yinyue-yinyue-yinpin/2025-09-24-qq音乐台湾也受限？海外用户亲测回国网络解决之道.md (1951 chars)
  4224 -> posts/jiaocheng-shiyong-jiaocheng/2025-09-24-openwrt-无法访问国内服务？海外党这样解决！.md (2630 chars)
  4223 -> posts/bangong-bangong-baokao/2025-09-24-12123在境外不能登陆怎么办？原因与亲测回国方法.md (2654 chars)
  4222 -> posts/bangong-bangong-baokao/2025-09-24-12123交管网在国外登录不了老出服务繁忙怎么回事？.md (2966 chars)
  4220 -> posts/jiaocheng-shiyong-jiaocheng/2025-09-19-雲視聽台灣：海外朋友回国访问的那些事.md (2136 chars)
  4219 -> posts/yinyue-yinyue-yinpin/2025-09-19-香港网易云地区限制怎么办？海外党访问国内服务.md (2881 chars)
  4218 -> posts/tiyu-tiyu-zhibo/2025-09-19-香港cctv5：海外党访问国内服务的那些事儿.md (2755 chars)
  4217 -> posts/jiaocheng-shiyong-jiaocheng/2025-09-19-為什麼優酷台灣不能看？海外黨回國看劇音頻這樣.md (2831 chars)
done: ok=50 fail=0
[main 5a54494] publish: posts batch start=530 n=50 (total 580)
 50 files changed, 3867 insertions(+)
 create mode 100644 "posts/bangong-bangong-baokao/2025-09-24-12123\344\272\244\347\256\241\347\275\221\345\234\250\345\233\275\345\244\226\347\231\273\345\275\225\344\270\215\344\272\206\350\200\201\345\207\272\346\234\215\345\212\241\347\271\201\345\277\231\346\200\216\344\271\210\345\233\236\344\272\213\357\274\237.md"
 create mode 100644 "posts/bangong-bangong-baokao/2025-09-24-12123\345\234\250\345\242\203\345\244\226\344\270\215\350\203\275\347\231\273\351\231\206\346\200\216\344\271\210\345\212\236\357\274\237\345\216\237\345\233\240\344\270\216\344\272\262\346\265\213\345\233\236\345\233\275\346\226\271\346\263\225.md"
 create mode 100644 "posts/bangong-bangong-baokao/2025-09-24-\345\233\275\345\244\226\346\227\240\346\263\225\347\231\273\345\275\22512123\357\274\237\350\277\231\344\272\233\345\233\275\345\206\205\346\234\215\345\212\241\344\275\240\344\271\237\350\203\275\350\275\273\346\235\276\350\256\277\351\227\256.md"
 create mode 100644 "posts/bangong-bangong-baokao/2025-09-24-\345\233\275\345\244\226\347\231\273\345\275\225\344\270\215\344\272\206\344\272\244\347\256\24112123\346\200\216\344\271\210\345\212\236\357\274\237\345\216\237\345\233\240\344\270\216\344\272\262\346\265\213\346\234\211\346\225\210\345\233\236\345\233\275.md"
 create mode 100644 "posts/bangong-bangong-baokao/2025-09-28-\345\233\275\345\244\22612123\347\231\273\344\270\215\344\270\212\346\230\257\344\273\200\344\271\210\345\216\237\345\233\240\357\274\237\346\265\267\345\244\226\345\205\232\345\233\236\345\233\275\345\212\240\351\200\237\350\247\243\345\206\263\346\226\271.md"
 create mode 100644 "posts/bangong-bangong-baokao/2025-09-28-\345\233\275\345\244\226\346\211\223\344\270\215\345\274\20012123\357\274\237\346\265\267\345\244\226\345\205\232\350\277\231\346\240\267\351\241\272\345\210\251\350\256\277\351\227\256\345\233\275\345\206\205\346\234\215\345\212\241.md"
 create mode 100644 "posts/duanju-duanju-zhibo/2025-09-28-\346\212\226\351\237\263\346\211\200\345\234\250\345\234\260\345\214\272\346\227\240\346\263\225\347\233\264\346\222\255\346\200\216\344\271\210\345\212\236\357\274\237\346\265\267\345\244\226\345\205\232\344\272\262\346\265\213\346\234\211\346\225\210\350\247\243.md"
 create mode 100644 "posts/duanju-duanju-zhibo/2025-09-28-\346\212\226\351\237\263\346\265\267\345\244\226\347\233\264\346\222\255\346\235\203\351\231\220\350\247\243\345\206\263\346\226\271\346\263\225\357\274\232\346\265\267\345\244\226\345\205\232\350\256\277\351\227\256\345\233\275\345\206\205\346\234\215\345\212\241.md"
 create mode 100644 "posts/duanju-duanju-zhibo/2025-09-28-\346\212\226\351\237\263\347\225\266\345\211\215\347\233\264\346\222\255\351\226\223\345\234\250\346\234\254\345\215\200\345\237\237\346\234\252\351\226\213\346\224\276\346\200\216\344\271\210\345\212\236\357\274\237\344\272\262\346\265\213\346\234\211\346\225\210.md"
 create mode 100644 "posts/duanju-duanju-zhibo/2025-09-28-\346\212\226\351\237\263\347\233\264\346\222\255\351\226\223\345\234\250\346\234\254\345\215\200\345\237\237\346\234\252\351\226\213\346\224\276\357\274\237\346\265\267\345\244\226\351\273\250\345\233\236\345\234\213\347\266\262\347\265\241\351\253\224\351\251\227.md"
 create mode 100644 "posts/jiaocheng-shiyong-jiaocheng/2025-09-19-\347\202\272\344\273\200\351\272\274\345\204\252\351\205\267\345\217\260\347\201\243\344\270\215\350\203\275\347\234\213\357\274\237\346\265\267\345\244\226\351\273\250\345\233\236\345\234\213\347\234\213\345\212\207\351\237\263\351\240\273\351\200\231\346\250\243.md"
 create mode 100644 "posts/jiaocheng-shiyong-jiaocheng/2025-09-19-\351\233\262\350\246\226\350\201\275\345\217\260\347\201\243\357\274\232\346\265\267\345\244\226\346\234\213\345\217\213\345\233\236\345\233\275\350\256\277\351\227\256\347\232\204\351\202\243\344\272\233\344\272\213.md"
 create mode 100644 "posts/jiaocheng-shiyong-jiaocheng/2025-09-24-openwrt-\346\227\240\346\263\225\350\256\277\351\227\256\345\233\275\345\206\205\346\234\215\345\212\241\357\274\237\346\265\267\345\244\226\345\205\232\350\277\231\346\240\267\350\247\243\345\206\263\357\274\201.md"
 create mode 100644 "posts/jiaocheng-shiyong-jiaocheng/2025-09-24-qq\351\202\256\347\256\261\346\200\216\344\271\210\347\224\250\357\274\237\346\265\267\345\244\226\345\205\232\350\256\277\351\227\256\345\233\275\345\206\205\345\217\227\351\231\220\346\234\215\345\212\241\347\232\204\347\234\237\345\256\236\347\273\217\345\216\206.md"
 create mode 100644 "posts/jiaocheng-shiyong-jiaocheng/2025-09-24-qq\351\237\263\346\250\202\351\246\231\346\270\257\345\234\260\345\215\200\350\247\243\346\261\272\357\274\232\346\265\267\345\244\226\345\205\232\350\256\277\351\227\256\345\233\275\345\206\205\346\234\215\345\212\241\347\232\204\351\202\243\344\272\233\344\272\213.md"
 create mode 100644 "posts/jiaocheng-shiyong-jiaocheng/2025-09-24-quickfox\345\245\275\347\224\250\345\220\227\357\274\214\346\265\267\345\244\226\350\256\277\351\227\256\345\233\275\345\206\205\346\234\215\345\212\241\347\232\204\345\256\236\351\231\205\344\275\223\351\252\214.md"
 create mode 100644 "posts/jiaocheng-shiyong-jiaocheng/2025-09-24-\345\233\275\345\244\226ip\345\246\202\344\275\225\351\241\272\347\225\205\350\256\277\351\227\256\345\233\275\345\206\205\346\234\215\345\212\241\357\274\237\346\265\267\345\244\226\345\205\232\344\272\262\346\265\213\346\234\211\346\225\210\346\226\271\346\263\225.md"
 create mode 100644 "posts/jiaocheng-shiyong-jiaocheng/2025-09-24-\345\233\275\345\244\226\345\220\254\344\270\215\345\210\260\345\233\275\345\206\205\347\232\204\346\255\214\346\200\216\344\271\210\345\212\236\357\274\237\346\265\267\345\244\226\345\205\232\347\246\217\351\237\263\346\235\245\344\272\206.md"
 create mode 100644 "posts/jiaocheng-shiyong-jiaocheng/2025-09-24-\345\233\275\345\244\226\345\246\202\344\275\225\347\216\251\345\233\275\346\234\215\357\274\237\351\202\243\344\272\233\346\234\215\345\212\241\346\265\267\345\244\226\347\224\250\344\270\215\344\272\206\347\232\204\345\216\237\345\233\240\344\270\216\350\247\243.md"
 create mode 100644 "posts/jiaocheng-shiyong-jiaocheng/2025-09-24-\345\233\275\345\244\226\346\200\216\344\271\210\347\224\250\345\205\250\346\260\221k\346\255\214\357\274\237\346\265\267\345\244\226\345\205\232\350\256\277\351\227\256\345\233\275\345\206\205\346\234\215\345\212\241\351\232\276\351\242\230\345\217\212\345\257\271.md"
 create mode 100644 "posts/jiaocheng-shiyong-jiaocheng/2025-09-24-\345\233\275\345\244\226\346\211\223\344\270\215\345\274\200\345\233\275\345\206\205\347\232\204app\346\200\216\344\271\210\345\212\236\357\274\237\346\265\267\345\244\226\345\205\232\344\272\262\346\265\213\346\234\211\346\225\210\347\232\204\346\226\271.md"
 create mode 100644 "posts/jiaocheng-shiyong-jiaocheng/2025-09-24-\345\233\275\345\244\226\350\256\277\351\227\256\345\233\275\345\206\205\347\275\221\347\253\231\345\276\210\346\205\242\346\200\216\344\271\210\350\247\243\345\206\263\357\274\237\350\277\231\344\272\233\344\275\223\351\252\214\344\275\240\344\270\200\345\256\232.md"
 create mode 100644 "posts/jiaocheng-shiyong-jiaocheng/2025-09-24-\345\275\222\351\233\201\345\212\240\351\200\237\345\231\250\357\274\232\350\247\243\345\206\263\346\265\267\345\244\226\350\256\277\351\227\256\345\233\275\345\206\205\345\217\227\351\231\220\346\234\215\345\212\241\347\232\204\347\234\237\345\256\236\344\275\223.md"
 create mode 100644 "posts/jiaocheng-shiyong-jiaocheng/2025-09-24-\350\245\277\347\223\234\350\246\226\351\240\273\351\246\231\346\270\257\346\200\216\344\271\210\350\247\243\345\206\263\357\274\237\346\265\267\345\244\226\345\205\232\344\272\262\346\265\213\345\217\257\347\224\250\345\233\236\345\233\275\347\275\221\347\273\234.md"
 create mode 100644 "posts/jiaocheng-shiyong-jiaocheng/2025-09-28-golinkvpn-\351\201\207\345\210\260\351\232\276\351\242\230\357\274\237\346\265\267\345\244\226\350\256\277\351\227\256\345\233\275\345\206\205\346\234\215\345\212\241\350\247\243\351\224\201\346\214\207\345\215\227.md"
 create mode 100644 "posts/jiaocheng-shiyong-jiaocheng/2025-09-28-qq\350\250\273\345\206\2122024-\347\224\250\346\210\267\346\265\267\345\244\226\350\256\277\351\227\256\345\217\227\351\231\220\347\232\204\351\202\243\344\272\233\344\272\213.md"
 create mode 100644 "posts/jiaocheng-shiyong-jiaocheng/2025-09-28-yy\350\252\236\351\237\263\345\217\260\347\201\243\346\265\267\345\244\226\350\256\277\351\227\256\345\217\227\351\231\220\346\200\216\344\271\210\345\212\236\357\274\237.md"
 create mode 100644 "posts/jiaocheng-shiyong-jiaocheng/2025-09-28-\345\224\261\345\220\247\345\217\260\347\201\243\350\250\273\345\206\212\345\215\241\351\241\277\357\274\237\346\265\267\345\244\226\347\224\250\346\210\267\350\247\243\351\224\201\345\233\275\345\206\205\346\234\215\345\212\241\345\246\231\346\213\233.md"
 create mode 100644 "posts/jiaocheng-shiyong-jiaocheng/2025-09-28-\345\233\275\345\244\226\346\211\223\344\270\215\345\274\200\345\233\275\345\206\205\346\211\213\346\234\272\351\207\214\347\232\204app\346\200\216\344\271\210\345\212\236\357\274\237.md"
 create mode 100644 "posts/jiaocheng-shiyong-jiaocheng/2025-09-28-\345\233\275\351\231\205\347\211\210qq\346\263\250\345\206\214\357\274\232\346\265\267\345\244\226\347\224\250\346\210\267\347\225\205\344\272\253\345\233\275\345\206\205\346\234\215\345\212\241\347\232\204\351\202\243\344\272\233\344\272\213.md"
 create mode 100644 "posts/jiaocheng-shiyong-jiaocheng/2025-09-28-\346\204\233\345\245\207\350\227\235\347\276\216\345\234\213\345\217\227\351\231\220\357\274\237\346\265\267\345\244\226\351\273\250\345\233\236\345\234\213\344\270\212\347\266\262\347\232\204\347\234\237\345\257\246\350\247\243\346\263\225.md"
 create mode 100644 "posts/tiyu-tiyu-zhibo/2025-09-19-\351\246\231\346\270\257cctv5\357\274\232\346\265\267\345\244\226\345\205\232\350\256\277\351\227\256\345\233\275\345\206\205\346\234\215\345\212\241\347\232\204\351\202\243\344\272\233\344\272\213\345\204\277.md"
 create mode 100644 "posts/tiyu-tiyu-zhibo/2025-09-28-cctv5\346\265\267\345\244\226\347\233\264\346\222\255\345\205\245\345\217\243\346\230\257\346\200\216\344\271\210\345\233\236\344\272\213\357\274\237\350\247\243\345\206\263\345\212\236\346\263\225\346\235\245\344\272\206.md"
 create mode 100644 "posts/tiyu-tiyu-zhibo/2025-09-28-vpncctv5-\346\200\216\344\271\210\345\212\236\357\274\237\346\265\267\345\244\226\350\256\277\351\227\256\345\233\275\345\206\205\346\234\215\345\212\241\345\256\236\346\265\213\345\210\206\344\272\253.md"
 create mode 100644 "posts/yingyin-huiguo-yingyin/2025-09-24-\345\233\275\345\244\226\347\234\213\347\224\265\345\275\261\347\224\250\344\273\200\344\271\210app\357\274\237\346\265\267\345\244\226\345\205\232\345\233\236\345\233\275\347\275\221\347\273\234\350\247\243\345\206\263\346\226\271\346\241\210.md"
 create mode 100644 "posts/yingyin-huiguo-yingyin/2025-09-28-\345\233\275\345\244\226\347\277\273\345\242\231\345\233\236\345\233\275\347\234\213\344\270\255\345\233\275\347\275\221\347\273\234\350\247\206\351\242\221\347\232\204\351\202\243\344\272\233\344\272\213\345\204\277.md"
 create mode 100644 "posts/yinyue-yinyue-yinpin/2025-09-19-\351\246\231\346\270\257\347\275\221\346\230\223\344\272\221\345\234\260\345\214\272\351\231\220\345\210\266\346\200\216\344\271\210\345\212\236\357\274\237\346\265\267\345\244\226\345\205\232\350\256\277\351\227\256\345\233\275\345\206\205\346\234\215\345\212\241.md"
 create mode 100644 "posts/yinyue-yinyue-yinpin/2025-09-24-qq\351\237\263\344\271\220\345\217\260\346\271\276\344\271\237\345\217\227\351\231\220\357\274\237\346\265\267\345\244\226\347\224\250\346\210\267\344\272\262\346\265\213\345\233\236\345\233\275\347\275\221\347\273\234\350\247\243\345\206\263\344\271\213\351\201\223.md"
 create mode 100644 "posts/yinyue-yinyue-yinpin/2025-09-24-\347\266\262\346\230\223\351\233\262\351\237\263\346\250\202\347\211\210\346\254\212\345\225\217\351\241\214\357\274\232\346\265\267\345\244\226\347\224\250\346\210\267\345\246\202\344\275\225\347\225\205\344\272\253\345\233\275\345\206\205\351\237\263\344\271\220.md"
 create mode 100644 "posts/yinyue-yinyue-yinpin/2025-09-24-\347\275\221\346\230\223\344\272\221\346\265\267\345\244\226\347\240\264\350\247\243\357\274\232\346\265\267\345\244\226\350\256\277\351\227\256\345\233\275\345\206\205\345\217\227\351\231\220\346\234\215\345\212\241\347\232\204\347\234\237\345\256\236\344\275\223.md"
 create mode 100644 "posts/yinyue-yinyue-yinpin/2025-09-24-\347\275\221\346\230\223\344\272\221\351\237\263\344\271\220\346\265\267\345\244\226github\357\274\232\350\247\243\345\206\263\350\256\277\351\227\256\345\233\275\345\206\205\346\234\215\345\212\241\347\232\204\347\203\246\346\201\274.md"
 create mode 100644 "posts/yinyue-yinyue-yinpin/2025-09-24-\347\275\221\346\230\223\344\272\221\351\237\263\344\271\220\347\252\201\347\240\264\345\214\272\345\237\237\351\231\220\345\210\266\357\274\232\346\265\267\345\244\226\345\205\232\345\233\236\345\233\275\347\275\221\347\273\234\345\233\260\345\242\203\344\270\216.md"
 create mode 100644 "posts/yinyue-yinyue-yinpin/2025-09-28-qq\351\237\263\344\271\220\345\210\207\344\270\272\345\233\275\345\206\205\347\211\210\346\234\254\357\274\232\346\265\267\345\244\226\347\224\250\346\210\267\345\246\202\344\275\225\347\225\205\344\272\253\351\237\263\344\271\220\344\270\216\345\220\204\351\241\271.md"
 create mode 100644 "posts/yinyue-yinyue-yinpin/2025-09-28-qq\351\237\263\344\271\220\345\234\250\347\276\216\345\233\275\350\277\230\350\203\275\344\275\277\347\224\250\345\220\227\357\274\237\346\265\267\345\244\226\345\205\232\350\256\277\351\227\256\345\233\275\345\206\205\351\237\263\344\271\220\347\232\204\347\216\260.md"
 create mode 100644 "posts/youxi-huiguo-youxi/2025-09-24-\345\233\275\345\244\226\345\246\202\344\275\225\347\216\251\345\233\275\345\206\205\346\210\221\347\232\204\344\270\226\347\225\214\357\274\237\350\247\243\351\224\201\351\231\220\345\210\266\344\273\216\350\277\231\351\207\214\345\274\200\345\247\213.md"
 create mode 100644 "posts/youxi-huiguo-youxi/2025-09-24-\345\233\275\345\244\226\345\246\202\344\275\225\347\216\251\345\233\275\346\234\215\347\216\213\350\200\205\350\215\243\350\200\200\346\234\200\345\205\250\350\247\243\347\255\224\357\274\210\344\272\262\346\265\213\346\234\211\346\225\210\357\274\211.md"
 create mode 100644 "posts/youxi-huiguo-youxi/2025-09-24-\345\233\275\345\244\226\346\200\216\344\271\210\347\216\251\344\270\255\345\233\275\346\211\213\346\270\270\357\274\237\346\265\267\345\244\226\345\205\232\350\256\277\351\227\256\345\233\275\345\206\205\346\234\215\345\212\241\345\205\250\350\247\243.md"
 create mode 100644 "posts/youxi-huiguo-youxi/2025-09-24-\345\233\275\345\244\226\346\200\216\344\271\210\347\216\251\346\260\270\345\212\253\346\227\240\351\227\264\345\233\275\346\234\215\357\274\237\350\247\243\351\224\201\346\265\267\345\244\226\350\256\277\351\227\256\351\231\220\345\210\266\347\232\204\344\272\262.md"
 create mode 100644 "posts/youxi-huiguo-youxi/2025-09-24-\345\233\275\345\244\226\347\216\251\345\233\275\345\206\205\346\270\270\346\210\217\345\273\266\350\277\237\351\253\230\346\200\216\344\271\210\345\212\236\357\274\237\346\265\267\345\244\226\345\205\232\344\272\262\346\265\213\346\234\211\346\225\210\350\247\243.md"
 create mode 100644 "posts/youxi-huiguo-youxi/2025-09-24-\345\233\275\345\244\226\350\203\275\347\216\251\346\260\270\345\212\253\346\227\240\351\227\264\345\220\227\357\274\237\346\265\267\345\244\226\345\205\232\345\233\236\345\233\275\347\275\221\347\273\234\344\275\223\351\252\214\345\210\206\344\272\253.md"
To https://github.com/huiguojiasuqi/huiguojiasuqi.git
   5ce70ca..5a54494  main -> main
[2026-09-10 18:07:16] batch start=580 n=50
  4216 -> posts/yinyue-yinyue-yinpin/2025-09-19-网易云在国外怎么听歌最全解答（亲测有效）.md (2478 chars)
  4215 -> posts/yinyue-yinyue-yinpin/2025-09-19-网易云音乐海外卡顿？国内服务访问难题，这些情.md (2301 chars)
  4214 -> posts/yinyue-yinyue-yinpin/2025-09-19-网易云国外听歌怎么解除限制？海外党亲测有效方.md (2704 chars)
  4213 -> posts/jiaocheng-shiyong-jiaocheng/2025-09-19-身在海外，如何顺畅使用国内ip加速器？.md (2266 chars)
  4212 -> posts/jiaocheng-shiyong-jiaocheng/2025-09-19-美国翻墙回国怎么解决国内访问问题？.md (2557 chars)
  4211 -> posts/yinyue-yinyue-yinpin/2025-09-19-海外用什么听国内音乐？亲测有效的回国网络解决.md (2606 chars)
  4210 -> posts/duanju-duanju-zhibo/2025-09-19-海外访问国内服务：抖音vpn的真相与实用回国网络.md (2458 chars)
  4209 -> posts/jiaocheng-shiyong-jiaocheng/2025-09-19-国外访问国内网站是否需要梯子访问？亲测回国网.md (2493 chars)
  4208 -> posts/jiaocheng-shiyong-jiaocheng/2025-09-19-国外访问国内dns遇到障碍？亲测有效的回国网络解.md (2456 chars)
  4207 -> posts/jiaocheng-shiyong-jiaocheng/2025-09-19-国外翻墙回国怎么办？解锁国内服务不再难.md (2656 chars)
  4206 -> posts/bangong-bangong-baokao/2025-09-19-国外登录不了国内小程序怎么办？海外党亲测解决.md (2925 chars)
  4205 -> posts/jiaocheng-shiyong-jiaocheng/2025-09-19-国内网站在国外如何快速打开？海外党访问国内服.md (2699 chars)
  4204 -> posts/jiaocheng-shiyong-jiaocheng/2025-09-19-国际qq注册后，海外访问国内服务遇阻的那些事儿.md (2441 chars)
  4203 -> posts/duanju-duanju-zhibo/2025-09-19-抖音中国版下载安装apple？海外用户这样轻松解决.md (2290 chars)
  4202 -> posts/duanju-duanju-zhibo/2025-09-19-抖音海外直播卡顿？一招解决国内应用访问难题.md (2492 chars)
  4201 -> posts/duanju-duanju-zhibo/2025-09-19-抖音当前直播间在本区域未开放？海外党回国网络.md (2356 chars)
  4200 -> posts/jiaocheng-shiyong-jiaocheng/2025-09-19-从国外翻墙回国内的那些事儿：服务受限怎么办？.md (2636 chars)
  4199 -> posts/jiaocheng-shiyong-jiaocheng/2025-09-19-出国后国内软件能用吗？海外党访问国内服务全解.md (2304 chars)
  4198 -> posts/yingyin-huiguo-yingyin/2025-09-19-抱歉，您访问的视频版权受限暂无可播源怎么办？.md (2483 chars)
  4197 -> posts/jiaocheng-shiyong-jiaocheng/2025-09-19-yy語音台灣註冊：海外用户回国网络常见疑难解答.md (2386 chars)
  4196 -> posts/jiaocheng-shiyong-jiaocheng/2025-09-19-vpn无法访问国内网站？海外党回国网络实测分享.md (2773 chars)
  4195 -> posts/jiaocheng-shiyong-jiaocheng/2025-09-19-tt語音台灣遇上難題？海外黨的真實回國網絡解鎖.md (2316 chars)
  4194 -> posts/yinyue-yinyue-yinpin/2025-09-19-qq音乐怎么改地区？海外党访问国内受限服务全攻略.md (2580 chars)
  4193 -> posts/jiaocheng-shiyong-jiaocheng/2025-09-19-qq海外手机验证：当国内服务遇上水土不服.md (2675 chars)
  4192 -> posts/tiyu-tiyu-zhibo/2025-09-19-cctv5海外直播源，海外党如何顺畅观看？.md (2771 chars)
  4191 -> posts/tiyu-tiyu-zhibo/2025-09-19-cctv5香港卡顿怎么办？海外用户回国加速器这样用.md (2914 chars)
  4190 -> posts/yingyin-huiguo-yingyin/2025-09-19-b站地區限制手機怎么办？海外党亲测有效回国方法.md (2540 chars)
  4189 -> posts/bangong-bangong-baokao/2025-09-19-12123在国外能登录吗？这些服务海外受限原因及应对.md (2307 chars)
  4188 -> posts/bangong-bangong-baokao/2025-09-19-12123国外登不了？-海外访问国内服务全方位解读.md (2515 chars)
  4187 -> posts/duanju-duanju-zhibo/2025-09-16-直播平台抖音直播港独怎么办？海外党亲测有效回.md (2622 chars)
  4186 -> posts/jiaocheng-shiyong-jiaocheng/2025-09-16-雲視聽小電視破解难？海外访问国内服务就这样解.md (2381 chars)
  4185 -> posts/jiaocheng-shiyong-jiaocheng/2025-09-16-由于版权限制您所在的地区无法观看该视怎么办？.md (2283 chars)
  4184 -> posts/jiaocheng-shiyong-jiaocheng/2025-09-16-永劫無間國服vpn：海外党如何畅享国内服务.md (2539 chars)
  4183 -> posts/jiaocheng-shiyong-jiaocheng/2025-09-16-永劫無間伺服器访问受限？海外党亲测有效解决法.md (2304 chars)
  4182 -> posts/yinyue-yinyue-yinpin/2025-09-16-音乐app海外怎么办？回国网络不绕路.md (2318 chars)
  4181 -> posts/tiyu-tiyu-zhibo/2025-09-16-香港如何看cctv5？海外党回国网络全解.md (2808 chars)
  4180 -> posts/jiaocheng-shiyong-jiaocheng/2025-09-16-香港翻墙回内地有哪些好用的方法？.md (2416 chars)
  4179 -> posts/duanju-duanju-zhibo/2025-09-16-香港抖音看不到直播怎么回事？海外回国网络加速.md (2992 chars)
  4178 -> posts/jiaocheng-shiyong-jiaocheng/2025-09-16-西瓜視频香港遇到访问问题？亲测有效的回国网络.md (2589 chars)
  4177 -> posts/duanju-duanju-zhibo/2025-09-16-為什麼陸抖看不了直播？海外用戶的真實困境與解.md (2708 chars)
  4176 -> posts/yinyue-yinyue-yinpin/2025-09-16-网易云在海外能听吗？解锁国内音乐与服务的新思.md (2191 chars)
  4175 -> posts/yinyue-yinyue-yinpin/2025-09-16-网易云音乐在国外怎么下，这些国内服务也能用.md (1904 chars)
  4174 -> posts/yinyue-yinyue-yinpin/2025-09-16-网易云音乐海外下载ios，这些国内应用为何打不开.md (2404 chars)
  4173 -> posts/yinyue-yinyue-yinpin/2025-09-16-网易云音乐国外访问为何受限？真实解决方法.md (2479 chars)
  4172 -> posts/yinyue-yinyue-yinpin/2025-09-16-网易云音乐地区限制怎么办？海外党亲测有效的方.md (2726 chars)
  4171 -> posts/yinyue-yinyue-yinpin/2025-09-16-网易云海外怎么办？亲测有效的国内访问方法.md (2464 chars)
  4170 -> posts/yinyue-yinyue-yinpin/2025-09-16-网易云国外怎么办？海外访问国内服务的真实体验-2.md (2338 chars)
  4169 -> posts/youxi-huiguo-youxi/2025-09-16-网易我的世界地区限制怎么办？亲测有效的回国网.md (2991 chars)
  4168 -> posts/youxi-huiguo-youxi/2025-09-16-王者荣耀非中国大陆如何定位ios？海外党亲测回国-2.md (2715 chars)
  4167 -> posts/jiaocheng-shiyong-jiaocheng/2025-09-16-騰訊台灣不能看ptt？海外用户回国网络痛点与亲测.md (2340 chars)
done: ok=50 fail=0
[main 32e6f2b] publish: posts batch start=580 n=50 (total 630)
 50 files changed, 2044 insertions(+)
 create mode 100644 "posts/bangong-bangong-baokao/2025-09-19-12123\345\233\275\345\244\226\347\231\273\344\270\215\344\272\206\357\274\237-\346\265\267\345\244\226\350\256\277\351\227\256\345\233\275\345\206\205\346\234\215\345\212\241\345\205\250\346\226\271\344\275\215\350\247\243\350\257\273.md"
 create mode 100644 "posts/bangong-bangong-baokao/2025-09-19-12123\345\234\250\345\233\275\345\244\226\350\203\275\347\231\273\345\275\225\345\220\227\357\274\237\350\277\231\344\272\233\346\234\215\345\212\241\346\265\267\345\244\226\345\217\227\351\231\220\345\216\237\345\233\240\345\217\212\345\272\224\345\257\271.md"
 create mode 100644 "posts/bangong-bangong-baokao/2025-09-19-\345\233\275\345\244\226\347\231\273\345\275\225\344\270\215\344\272\206\345\233\275\345\206\205\345\260\217\347\250\213\345\272\217\346\200\216\344\271\210\345\212\236\357\274\237\346\265\267\345\244\226\345\205\232\344\272\262\346\265\213\350\247\243\345\206\263.md"
 create mode 100644 "posts/duanju-duanju-zhibo/2025-09-16-\347\202\272\344\273\200\351\272\274\351\231\270\346\212\226\347\234\213\344\270\215\344\272\206\347\233\264\346\222\255\357\274\237\346\265\267\345\244\226\347\224\250\346\210\266\347\232\204\347\234\237\345\257\246\345\233\260\345\242\203\350\210\207\350\247\243.md"
 create mode 100644 "posts/duanju-duanju-zhibo/2025-09-16-\347\233\264\346\222\255\345\271\263\345\217\260\346\212\226\351\237\263\347\233\264\346\222\255\346\270\257\347\213\254\346\200\216\344\271\210\345\212\236\357\274\237\346\265\267\345\244\226\345\205\232\344\272\262\346\265\213\346\234\211\346\225\210\345\233\236.md"
 create mode 100644 "posts/duanju-duanju-zhibo/2025-09-16-\351\246\231\346\270\257\346\212\226\351\237\263\347\234\213\344\270\215\345\210\260\347\233\264\346\222\255\346\200\216\344\271\210\345\233\236\344\272\213\357\274\237\346\265\267\345\244\226\345\233\236\345\233\275\347\275\221\347\273\234\345\212\240\351\200\237.md"
 create mode 100644 "posts/duanju-duanju-zhibo/2025-09-19-\346\212\226\351\237\263\344\270\255\345\233\275\347\211\210\344\270\213\350\275\275\345\256\211\350\243\205apple\357\274\237\346\265\267\345\244\226\347\224\250\346\210\267\350\277\231\346\240\267\350\275\273\346\235\276\350\247\243\345\206\263.md"
 create mode 100644 "posts/duanju-duanju-zhibo/2025-09-19-\346\212\226\351\237\263\345\275\223\345\211\215\347\233\264\346\222\255\351\227\264\345\234\250\346\234\254\345\214\272\345\237\237\346\234\252\345\274\200\346\224\276\357\274\237\346\265\267\345\244\226\345\205\232\345\233\236\345\233\275\347\275\221\347\273\234.md"
 create mode 100644 "posts/duanju-duanju-zhibo/2025-09-19-\346\212\226\351\237\263\346\265\267\345\244\226\347\233\264\346\222\255\345\215\241\351\241\277\357\274\237\344\270\200\346\213\233\350\247\243\345\206\263\345\233\275\345\206\205\345\272\224\347\224\250\350\256\277\351\227\256\351\232\276\351\242\230.md"
 create mode 100644 "posts/duanju-duanju-zhibo/2025-09-19-\346\265\267\345\244\226\350\256\277\351\227\256\345\233\275\345\206\205\346\234\215\345\212\241\357\274\232\346\212\226\351\237\263vpn\347\232\204\347\234\237\347\233\270\344\270\216\345\256\236\347\224\250\345\233\236\345\233\275\347\275\221\347\273\234.md"
 create mode 100644 "posts/jiaocheng-shiyong-jiaocheng/2025-09-16-\346\260\270\345\212\253\347\204\241\351\226\223\344\274\272\346\234\215\345\231\250\350\256\277\351\227\256\345\217\227\351\231\220\357\274\237\346\265\267\345\244\226\345\205\232\344\272\262\346\265\213\346\234\211\346\225\210\350\247\243\345\206\263\346\263\225.md"
 create mode 100644 "posts/jiaocheng-shiyong-jiaocheng/2025-09-16-\346\260\270\345\212\253\347\204\241\351\226\223\345\234\213\346\234\215vpn\357\274\232\346\265\267\345\244\226\345\205\232\345\246\202\344\275\225\347\225\205\344\272\253\345\233\275\345\206\205\346\234\215\345\212\241.md"
 create mode 100644 "posts/jiaocheng-shiyong-jiaocheng/2025-09-16-\347\224\261\344\272\216\347\211\210\346\235\203\351\231\220\345\210\266\346\202\250\346\211\200\345\234\250\347\232\204\345\234\260\345\214\272\346\227\240\346\263\225\350\247\202\347\234\213\350\257\245\350\247\206\346\200\216\344\271\210\345\212\236\357\274\237.md"
 create mode 100644 "posts/jiaocheng-shiyong-jiaocheng/2025-09-16-\350\245\277\347\223\234\350\246\226\351\242\221\351\246\231\346\270\257\351\201\207\345\210\260\350\256\277\351\227\256\351\227\256\351\242\230\357\274\237\344\272\262\346\265\213\346\234\211\346\225\210\347\232\204\345\233\236\345\233\275\347\275\221\347\273\234.md"
 create mode 100644 "posts/jiaocheng-shiyong-jiaocheng/2025-09-16-\351\233\262\350\246\226\350\201\275\345\260\217\351\233\273\350\246\226\347\240\264\350\247\243\351\232\276\357\274\237\346\265\267\345\244\226\350\256\277\351\227\256\345\233\275\345\206\205\346\234\215\345\212\241\345\260\261\350\277\231\346\240\267\350\247\243.md"
 create mode 100644 "posts/jiaocheng-shiyong-jiaocheng/2025-09-16-\351\246\231\346\270\257\347\277\273\345\242\231\345\233\236\345\206\205\345\234\260\346\234\211\345\223\252\344\272\233\345\245\275\347\224\250\347\232\204\346\226\271\346\263\225\357\274\237.md"
 create mode 100644 "posts/jiaocheng-shiyong-jiaocheng/2025-09-16-\351\250\260\350\250\212\345\217\260\347\201\243\344\270\215\350\203\275\347\234\213ptt\357\274\237\346\265\267\345\244\226\347\224\250\346\210\267\345\233\236\345\233\275\347\275\221\347\273\234\347\227\233\347\202\271\344\270\216\344\272\262\346\265\213.md"
 create mode 100644 "posts/jiaocheng-shiyong-jiaocheng/2025-09-19-qq\346\265\267\345\244\226\346\211\213\346\234\272\351\252\214\350\257\201\357\274\232\345\275\223\345\233\275\345\206\205\346\234\215\345\212\241\351\201\207\344\270\212\346\260\264\345\234\237\344\270\215\346\234\215.md"
 create mode 100644 "posts/jiaocheng-shiyong-jiaocheng/2025-09-19-tt\350\252\236\351\237\263\345\217\260\347\201\243\351\201\207\344\270\212\351\233\243\351\241\214\357\274\237\346\265\267\345\244\226\351\273\250\347\232\204\347\234\237\345\257\246\345\233\236\345\234\213\347\266\262\347\265\241\350\247\243\351\216\226.md"
 create mode 100644 "posts/jiaocheng-shiyong-jiaocheng/2025-09-19-vpn\346\227\240\346\263\225\350\256\277\351\227\256\345\233\275\345\206\205\347\275\221\347\253\231\357\274\237\346\265\267\345\244\226\345\205\232\345\233\236\345\233\275\347\275\221\347\273\234\345\256\236\346\265\213\345\210\206\344\272\253.md"
 create mode 100644 "posts/jiaocheng-shiyong-jiaocheng/2025-09-19-yy\350\252\236\351\237\263\345\217\260\347\201\243\350\250\273\345\206\212\357\274\232\346\265\267\345\244\226\347\224\250\346\210\267\345\233\236\345\233\275\347\275\221\347\273\234\345\270\270\350\247\201\347\226\221\351\232\276\350\247\243\347\255\224.md"
 create mode 100644 "posts/jiaocheng-shiyong-jiaocheng/2025-09-19-\344\273\216\345\233\275\345\244\226\347\277\273\345\242\231\345\233\236\345\233\275\345\206\205\347\232\204\351\202\243\344\272\233\344\272\213\345\204\277\357\274\232\346\234\215\345\212\241\345\217\227\351\231\220\346\200\216\344\271\210\345\212\236\357\274\237.md"
 create mode 100644 "posts/jiaocheng-shiyong-jiaocheng/2025-09-19-\345\207\272\345\233\275\345\220\216\345\233\275\345\206\205\350\275\257\344\273\266\350\203\275\347\224\250\345\220\227\357\274\237\346\265\267\345\244\226\345\205\232\350\256\277\351\227\256\345\233\275\345\206\205\346\234\215\345\212\241\345\205\250\350\247\243.md"
 create mode 100644 "posts/jiaocheng-shiyong-jiaocheng/2025-09-19-\345\233\275\345\206\205\347\275\221\347\253\231\345\234\250\345\233\275\345\244\226\345\246\202\344\275\225\345\277\253\351\200\237\346\211\223\345\274\200\357\274\237\346\265\267\345\244\226\345\205\232\350\256\277\351\227\256\345\233\275\345\206\205\346\234\215.md"
 create mode 100644 "posts/jiaocheng-shiyong-jiaocheng/2025-09-19-\345\233\275\345\244\226\347\277\273\345\242\231\345\233\236\345\233\275\346\200\216\344\271\210\345\212\236\357\274\237\350\247\243\351\224\201\345\233\275\345\206\205\346\234\215\345\212\241\344\270\215\345\206\215\351\232\276.md"
 create mode 100644 "posts/jiaocheng-shiyong-jiaocheng/2025-09-19-\345\233\275\345\244\226\350\256\277\351\227\256\345\233\275\345\206\205dns\351\201\207\345\210\260\351\232\234\347\242\215\357\274\237\344\272\262\346\265\213\346\234\211\346\225\210\347\232\204\345\233\236\345\233\275\347\275\221\347\273\234\350\247\243.md"
 create mode 100644 "posts/jiaocheng-shiyong-jiaocheng/2025-09-19-\345\233\275\345\244\226\350\256\277\351\227\256\345\233\275\345\206\205\347\275\221\347\253\231\346\230\257\345\220\246\351\234\200\350\246\201\346\242\257\345\255\220\350\256\277\351\227\256\357\274\237\344\272\262\346\265\213\345\233\236\345\233\275\347\275\221.md"
 create mode 100644 "posts/jiaocheng-shiyong-jiaocheng/2025-09-19-\345\233\275\351\231\205qq\346\263\250\345\206\214\345\220\216\357\274\214\346\265\267\345\244\226\350\256\277\351\227\256\345\233\275\345\206\205\346\234\215\345\212\241\351\201\207\351\230\273\347\232\204\351\202\243\344\272\233\344\272\213\345\204\277.md"
 create mode 100644 "posts/jiaocheng-shiyong-jiaocheng/2025-09-19-\347\276\216\345\233\275\347\277\273\345\242\231\345\233\236\345\233\275\346\200\216\344\271\210\350\247\243\345\206\263\345\233\275\345\206\205\350\256\277\351\227\256\351\227\256\351\242\230\357\274\237.md"
 create mode 100644 "posts/jiaocheng-shiyong-jiaocheng/2025-09-19-\350\272\253\345\234\250\346\265\267\345\244\226\357\274\214\345\246\202\344\275\225\351\241\272\347\225\205\344\275\277\347\224\250\345\233\275\345\206\205ip\345\212\240\351\200\237\345\231\250\357\274\237.md"
 create mode 100644 "posts/tiyu-tiyu-zhibo/2025-09-16-\351\246\231\346\270\257\345\246\202\344\275\225\347\234\213cctv5\357\274\237\346\265\267\345\244\226\345\205\232\345\233\236\345\233\275\347\275\221\347\273\234\345\205\250\350\247\243.md"
 create mode 100644 "posts/tiyu-tiyu-zhibo/2025-09-19-cctv5\346\265\267\345\244\226\347\233\264\346\222\255\346\272\220\357\274\214\346\265\267\345\244\226\345\205\232\345\246\202\344\275\225\351\241\272\347\225\205\350\247\202\347\234\213\357\274\237.md"
 create mode 100644 "posts/tiyu-tiyu-zhibo/2025-09-19-cctv5\351\246\231\346\270\257\345\215\241\351\241\277\346\200\216\344\271\210\345\212\236\357\274\237\346\265\267\345\244\226\347\224\250\346\210\267\345\233\236\345\233\275\345\212\240\351\200\237\345\231\250\350\277\231\346\240\267\347\224\250.md"
 create mode 100644 "posts/yingyin-huiguo-yingyin/2025-09-19-b\347\253\231\345\234\260\345\215\200\351\231\220\345\210\266\346\211\213\346\251\237\346\200\216\344\271\210\345\212\236\357\274\237\346\265\267\345\244\226\345\205\232\344\272\262\346\265\213\346\234\211\346\225\210\345\233\236\345\233\275\346\226\271\346\263\225.md"
 create mode 100644 "posts/yingyin-huiguo-yingyin/2025-09-19-\346\212\261\346\255\211\357\274\214\346\202\250\350\256\277\351\227\256\347\232\204\350\247\206\351\242\221\347\211\210\346\235\203\345\217\227\351\231\220\346\232\202\346\227\240\345\217\257\346\222\255\346\272\220\346\200\216\344\271\210\345\212\236\357\274\237.md"
 create mode 100644 "posts/yinyue-yinyue-yinpin/2025-09-16-\347\275\221\346\230\223\344\272\221\345\233\275\345\244\226\346\200\216\344\271\210\345\212\236\357\274\237\346\265\267\345\244\226\350\256\277\351\227\256\345\233\275\345\206\205\346\234\215\345\212\241\347\232\204\347\234\237\345\256\236\344\275\223\351\252\214-2.md"
 create mode 100644 "posts/yinyue-yinyue-yinpin/2025-09-16-\347\275\221\346\230\223\344\272\221\345\234\250\346\265\267\345\244\226\350\203\275\345\220\254\345\220\227\357\274\237\350\247\243\351\224\201\345\233\275\345\206\205\351\237\263\344\271\220\344\270\216\346\234\215\345\212\241\347\232\204\346\226\260\346\200\235.md"
 create mode 100644 "posts/yinyue-yinyue-yinpin/2025-09-16-\347\275\221\346\230\223\344\272\221\346\265\267\345\244\226\346\200\216\344\271\210\345\212\236\357\274\237\344\272\262\346\265\213\346\234\211\346\225\210\347\232\204\345\233\275\345\206\205\350\256\277\351\227\256\346\226\271\346\263\225.md"
 create mode 100644 "posts/yinyue-yinyue-yinpin/2025-09-16-\347\275\221\346\230\223\344\272\221\351\237\263\344\271\220\345\233\275\345\244\226\350\256\277\351\227\256\344\270\272\344\275\225\345\217\227\351\231\220\357\274\237\347\234\237\345\256\236\350\247\243\345\206\263\346\226\271\346\263\225.md"
 create mode 100644 "posts/yinyue-yinyue-yinpin/2025-09-16-\347\275\221\346\230\223\344\272\221\351\237\263\344\271\220\345\234\250\345\233\275\345\244\226\346\200\216\344\271\210\344\270\213\357\274\214\350\277\231\344\272\233\345\233\275\345\206\205\346\234\215\345\212\241\344\271\237\350\203\275\347\224\250.md"
 create mode 100644 "posts/yinyue-yinyue-yinpin/2025-09-16-\347\275\221\346\230\223\344\272\221\351\237\263\344\271\220\345\234\260\345\214\272\351\231\220\345\210\266\346\200\216\344\271\210\345\212\236\357\274\237\346\265\267\345\244\226\345\205\232\344\272\262\346\265\213\346\234\211\346\225\210\347\232\204\346\226\271.md"
 create mode 100644 "posts/yinyue-yinyue-yinpin/2025-09-16-\347\275\221\346\230\223\344\272\221\351\237\263\344\271\220\346\265\267\345\244\226\344\270\213\350\275\275ios\357\274\214\350\277\231\344\272\233\345\233\275\345\206\205\345\272\224\347\224\250\344\270\272\344\275\225\346\211\223\344\270\215\345\274\200.md"
 create mode 100644 "posts/yinyue-yinyue-yinpin/2025-09-16-\351\237\263\344\271\220app\346\265\267\345\244\226\346\200\216\344\271\210\345\212\236\357\274\237\345\233\236\345\233\275\347\275\221\347\273\234\344\270\215\347\273\225\350\267\257.md"
 create mode 100644 "posts/yinyue-yinyue-yinpin/2025-09-19-qq\351\237\263\344\271\220\346\200\216\344\271\210\346\224\271\345\234\260\345\214\272\357\274\237\346\265\267\345\244\226\345\205\232\350\256\277\351\227\256\345\233\275\345\206\205\345\217\227\351\231\220\346\234\215\345\212\241\345\205\250\346\224\273\347\225\245.md"
 create mode 100644 "posts/yinyue-yinyue-yinpin/2025-09-19-\346\265\267\345\244\226\347\224\250\344\273\200\344\271\210\345\220\254\345\233\275\345\206\205\351\237\263\344\271\220\357\274\237\344\272\262\346\265\213\346\234\211\346\225\210\347\232\204\345\233\236\345\233\275\347\275\221\347\273\234\350\247\243\345\206\263.md"
 create mode 100644 "posts/yinyue-yinyue-yinpin/2025-09-19-\347\275\221\346\230\223\344\272\221\345\233\275\345\244\226\345\220\254\346\255\214\346\200\216\344\271\210\350\247\243\351\231\244\351\231\220\345\210\266\357\274\237\346\265\267\345\244\226\345\205\232\344\272\262\346\265\213\346\234\211\346\225\210\346\226\271.md"
 create mode 100644 "posts/yinyue-yinyue-yinpin/2025-09-19-\347\275\221\346\230\223\344\272\221\345\234\250\345\233\275\345\244\226\346\200\216\344\271\210\345\220\254\346\255\214\346\234\200\345\205\250\350\247\243\347\255\224\357\274\210\344\272\262\346\265\213\346\234\211\346\225\210\357\274\211.md"
 create mode 100644 "posts/yinyue-yinyue-yinpin/2025-09-19-\347\275\221\346\230\223\344\272\221\351\237\263\344\271\220\346\265\267\345\244\226\345\215\241\351\241\277\357\274\237\345\233\275\345\206\205\346\234\215\345\212\241\350\256\277\351\227\256\351\232\276\351\242\230\357\274\214\350\277\231\344\272\233\346\203\205.md"
 create mode 100644 "posts/youxi-huiguo-youxi/2025-09-16-\347\216\213\350\200\205\350\215\243\350\200\200\351\235\236\344\270\255\345\233\275\345\244\247\351\231\206\345\246\202\344\275\225\345\256\232\344\275\215ios\357\274\237\346\265\267\345\244\226\345\205\232\344\272\262\346\265\213\345\233\236\345\233\275-2.md"
 create mode 100644 "posts/youxi-huiguo-youxi/2025-09-16-\347\275\221\346\230\223\346\210\221\347\232\204\344\270\226\347\225\214\345\234\260\345\214\272\351\231\220\345\210\266\346\200\216\344\271\210\345\212\236\357\274\237\344\272\262\346\265\213\346\234\211\346\225\210\347\232\204\345\233\236\345\233\275\347\275\221.md"
To https://github.com/huiguojiasuqi/huiguojiasuqi.git
   5a54494..32e6f2b  main -> main
[2026-09-10 18:07:43] batch start=630 n=50
  4166 -> posts/jiaocheng-shiyong-jiaocheng/2025-09-16-騰訊你所在的地區無法觀看怎么办？海外党亲测有.md (2481 chars)
  4165 -> posts/yingyin-huiguo-yingyin/2025-09-16-腾讯视频海外怎么看最全解答（亲测有效）.md (2686 chars)
  4164 -> posts/jiaocheng-shiyong-jiaocheng/2025-09-16-身在海外，如何顺畅看国内电视？.md (2526 chars)
  4163 -> posts/jiaocheng-shiyong-jiaocheng/2025-09-16-那些年，我们一起番茄回国.md (2141 chars)
  4162 -> posts/yinyue-yinyue-yinpin/2025-09-16-酷我音乐ios破解版2024无法使用？海外回国网络解法.md (2580 chars)
  4161 -> posts/jiaocheng-shiyong-jiaocheng/2025-09-16-鸿蒙怎么翻墙回国，海外访问国内服务畅通无阻.md (2832 chars)
  4160 -> posts/yinyue-yinyue-yinpin/2025-09-16-海外怎么听qq音乐？回国网络那些事儿.md (2764 chars)
  4159 -> posts/jiaocheng-shiyong-jiaocheng/2025-09-16-海外用户怎样解除酷狗版权限制？亲测有效方法来.md (2781 chars)
  4158 -> posts/jiaocheng-shiyong-jiaocheng/2025-09-16-海外用户如何听国内歌曲？这些方法你一定要知道.md (2728 chars)
  4157 -> posts/duanju-duanju-zhibo/2025-09-16-海外用户访问-yy直播海外版-的困扰与解法.md (2571 chars)
  4156 -> posts/jiaocheng-shiyong-jiaocheng/2025-09-16-海外如何顺畅访问国内服务？回中國vpn的实用解读.md (2958 chars)
  4155 -> posts/jiaocheng-shiyong-jiaocheng/2025-09-16-海外访问国内网站的限制，别再为此烦恼了.md (2766 chars)
  4154 -> posts/tiyu-tiyu-zhibo/2025-09-16-cctv5直播youtube遇阻？海外访问国内服务实测经验.md (2296 chars)
  4153 -> posts/tiyu-tiyu-zhibo/2025-09-16-cctv5iptv：海外用户访问国内受限服务的真实困扰与解决.md (2540 chars)
  4152 -> posts/yingyin-huiguo-yingyin/2025-09-16-b站卡ptt怎么办？海外回国网络优化之道.md (2512 chars)
  4151 -> posts/bangong-bangong-baokao/2025-09-16-12123在境外不能登录怎么办？那些年海外党回国卡的.md (2896 chars)
  4150 -> posts/bangong-bangong-baokao/2025-09-13-知网海外访问为何受限？回国加速器亲测有效-副.md (2246 chars)
  4149 -> posts/yinyue-yinyue-yinpin/2025-09-13-网易云在国外怎么消除地域限制？海外党必看解决.md (2422 chars)
  4148 -> posts/yinyue-yinyue-yinpin/2025-09-13-网易云音乐googleplay哪个区？海外党亲测好用解锁方案.md (3321 chars)
  4147 -> posts/yinyue-yinyue-yinpin/2025-09-13-网易云加速器是怎么回事？海外党回国网络全解析.md (2854 chars)
  4146 -> posts/yinyue-yinyue-yinpin/2025-09-13-网易云黑胶vip海外能听吗？这是多数海外党的心声.md (1979 chars)
  4145 -> posts/yinyue-yinyue-yinpin/2025-09-13-网易云海外限制怎么办？亲测有效的解决之道-副.md (2291 chars)
  4144 -> posts/yinyue-yinyue-yinpin/2025-09-13-网易云国外怎么办？海外访问国内服务的真实体验.md (2411 chars)
  4143 -> posts/youxi-huiguo-youxi/2025-09-13-王者荣耀非中国大陆如何定位ios？海外党亲测回国.md (2827 chars)
  4142 -> posts/jiaocheng-shiyong-jiaocheng/2025-09-13-騰訊視頻海外受限？这几种回国网络解决方案亲测.md (2627 chars)
  4141 -> posts/jiaocheng-shiyong-jiaocheng/2025-09-13-騰訊app台灣不能看怎么办？海外回国网络亲测分享.md (2738 chars)
  4140 -> posts/jiaocheng-shiyong-jiaocheng/2025-09-13-那些年，我们一起番茄回国-副本.md (2126 chars)
  4139 -> posts/jiaocheng-shiyong-jiaocheng/2025-09-13-路由器翻墙回国：海外党访问国内服务的切实体验.md (2625 chars)
  4138 -> posts/yinyue-yinyue-yinpin/2025-09-13-酷我音乐在海外怎么用？解析限制与实用回国网络.md (2662 chars)
  4137 -> posts/jiaocheng-shiyong-jiaocheng/2025-09-13-火炬之光在国外怎么玩？亲测有效解决访问难题.md (2575 chars)
  4136 -> posts/jiaocheng-shiyong-jiaocheng/2025-09-13-華為音樂地區限制的烦恼与回国网络解法-副本.md (2662 chars)
  4135 -> posts/jiaocheng-shiyong-jiaocheng/2025-09-13-海外怎么玩全明星街球派对？回国网络难题一次解.md (2744 chars)
  4134 -> posts/yingyin-huiguo-yingyin/2025-09-13-海外怎么看腾讯视频？这几类国内服务解锁全攻略.md (2571 chars)
  4133 -> posts/yingyin-huiguo-yingyin/2025-09-13-海外用户为什么需要-bilibili镜像网站？解锁国内受限服.md (2677 chars)
  4132 -> posts/duanju-duanju-zhibo/2025-09-13-海外用户访问-yy直播海外版-的困扰与解法-副本.md (2571 chars)
  4131 -> posts/jiaocheng-shiyong-jiaocheng/2025-09-13-海外生活vpn：轻松访问国内受限服务-副本.md (2602 chars)
  4130 -> posts/jiaocheng-shiyong-jiaocheng/2025-09-13-海外看中文电视：轻松解决访问限制，畅享国内精.md (2813 chars)
  4129 -> posts/jiaocheng-shiyong-jiaocheng/2025-09-13-qq国外注册与国内服务访问难题，老司机的回国加速.md (2778 chars)
  4128 -> posts/jiaocheng-shiyong-jiaocheng/2025-09-13-openwrt访问国内慢怎么办？海外党亲测有效回国网络解.md (2773 chars)
  4127 -> posts/jiaocheng-shiyong-jiaocheng/2025-09-13-iqiyivideoplatform港独：海外用户回国访问受限服务的真实体验.md (2824 chars)
  4126 -> posts/jiaocheng-shiyong-jiaocheng/2025-09-13-iphone-台灣下載網易雲：海外地區的痛點與實測解決法.md (2404 chars)
  4125 -> posts/duanju-duanju-zhibo/2025-09-13-cctv直播海外怎么办？亲测有效的回国网络解法-副本.md (2622 chars)
  4124 -> posts/tiyu-tiyu-zhibo/2025-09-13-cctv5海外直播源，海外党如何顺畅观看？-副本.md (2880 chars)
  4123 -> posts/tiyu-tiyu-zhibo/2025-09-13-cctv5live海外怎么办？解决国内服务访问难题-副本.md (2490 chars)
  4121 -> posts/jiaocheng-shiyong-jiaocheng/2025-09-12-騰訊台灣不能看？海外用户访问国内受限服务的真.md (2543 chars)
  4120 -> posts/jiaocheng-shiyong-jiaocheng/2025-09-12-騰訊視頻地區限制怎么办？海外党亲测有效回国网.md (2276 chars)
  4119 -> posts/jiaocheng-shiyong-jiaocheng/2025-09-12-騰訊vpn-遇到海外访问限制？亲测有效解决办法.md (2515 chars)
  4118 -> posts/yingyin-huiguo-yingyin/2025-09-12-腾讯视频您所在区域暂无此内容版权（如设置vpn请.md (2478 chars)
  4117 -> posts/yingyin-huiguo-yingyin/2025-09-12-腾讯视频vpn：海外党回国网络解锁指南.md (2296 chars)
  4116 -> posts/jiaocheng-shiyong-jiaocheng/2025-09-12-身在海外怎么访问国内的国外看片网站？.md (2213 chars)
done: ok=50 fail=0
[main 56d435c] publish: posts batch start=630 n=50 (total 680)
 50 files changed, 3758 insertions(+)
 create mode 100644 "posts/bangong-bangong-baokao/2025-09-13-\347\237\245\347\275\221\346\265\267\345\244\226\350\256\277\351\227\256\344\270\272\344\275\225\345\217\227\351\231\220\357\274\237\345\233\236\345\233\275\345\212\240\351\200\237\345\231\250\344\272\262\346\265\213\346\234\211\346\225\210-\345\211\257.md"
 create mode 100644 "posts/bangong-bangong-baokao/2025-09-16-12123\345\234\250\345\242\203\345\244\226\344\270\215\350\203\275\347\231\273\345\275\225\346\200\216\344\271\210\345\212\236\357\274\237\351\202\243\344\272\233\345\271\264\346\265\267\345\244\226\345\205\232\345\233\236\345\233\275\345\215\241\347\232\204.md"
 create mode 100644 "posts/duanju-duanju-zhibo/2025-09-13-cctv\347\233\264\346\222\255\346\265\267\345\244\226\346\200\216\344\271\210\345\212\236\357\274\237\344\272\262\346\265\213\346\234\211\346\225\210\347\232\204\345\233\236\345\233\275\347\275\221\347\273\234\350\247\243\346\263\225-\345\211\257\346\234\254.md"
 create mode 100644 "posts/duanju-duanju-zhibo/2025-09-13-\346\265\267\345\244\226\347\224\250\346\210\267\350\256\277\351\227\256-yy\347\233\264\346\222\255\346\265\267\345\244\226\347\211\210-\347\232\204\345\233\260\346\211\260\344\270\216\350\247\243\346\263\225-\345\211\257\346\234\254.md"
 create mode 100644 "posts/duanju-duanju-zhibo/2025-09-16-\346\265\267\345\244\226\347\224\250\346\210\267\350\256\277\351\227\256-yy\347\233\264\346\222\255\346\265\267\345\244\226\347\211\210-\347\232\204\345\233\260\346\211\260\344\270\216\350\247\243\346\263\225.md"
 create mode 100644 "posts/jiaocheng-shiyong-jiaocheng/2025-09-12-\350\272\253\345\234\250\346\265\267\345\244\226\346\200\216\344\271\210\350\256\277\351\227\256\345\233\275\345\206\205\347\232\204\345\233\275\345\244\226\347\234\213\347\211\207\347\275\221\347\253\231\357\274\237.md"
 create mode 100644 "posts/jiaocheng-shiyong-jiaocheng/2025-09-12-\351\250\260\350\250\212vpn-\351\201\207\345\210\260\346\265\267\345\244\226\350\256\277\351\227\256\351\231\220\345\210\266\357\274\237\344\272\262\346\265\213\346\234\211\346\225\210\350\247\243\345\206\263\345\212\236\346\263\225.md"
 create mode 100644 "posts/jiaocheng-shiyong-jiaocheng/2025-09-12-\351\250\260\350\250\212\345\217\260\347\201\243\344\270\215\350\203\275\347\234\213\357\274\237\346\265\267\345\244\226\347\224\250\346\210\267\350\256\277\351\227\256\345\233\275\345\206\205\345\217\227\351\231\220\346\234\215\345\212\241\347\232\204\347\234\237.md"
 create mode 100644 "posts/jiaocheng-shiyong-jiaocheng/2025-09-12-\351\250\260\350\250\212\350\246\226\351\240\273\345\234\260\345\215\200\351\231\220\345\210\266\346\200\216\344\271\210\345\212\236\357\274\237\346\265\267\345\244\226\345\205\232\344\272\262\346\265\213\346\234\211\346\225\210\345\233\236\345\233\275\347\275\221.md"
 create mode 100644 "posts/jiaocheng-shiyong-jiaocheng/2025-09-13-iphone-\345\217\260\347\201\243\344\270\213\350\274\211\347\266\262\346\230\223\351\233\262\357\274\232\346\265\267\345\244\226\345\234\260\345\215\200\347\232\204\347\227\233\351\273\236\350\210\207\345\257\246\346\270\254\350\247\243\346\261\272\346\263\225.md"
 create mode 100644 "posts/jiaocheng-shiyong-jiaocheng/2025-09-13-iqiyivideoplatform\346\270\257\347\213\254\357\274\232\346\265\267\345\244\226\347\224\250\346\210\267\345\233\236\345\233\275\350\256\277\351\227\256\345\217\227\351\231\220\346\234\215\345\212\241\347\232\204\347\234\237\345\256\236\344\275\223\351\252\214.md"
 create mode 100644 "posts/jiaocheng-shiyong-jiaocheng/2025-09-13-openwrt\350\256\277\351\227\256\345\233\275\345\206\205\346\205\242\346\200\216\344\271\210\345\212\236\357\274\237\346\265\267\345\244\226\345\205\232\344\272\262\346\265\213\346\234\211\346\225\210\345\233\236\345\233\275\347\275\221\347\273\234\350\247\243.md"
 create mode 100644 "posts/jiaocheng-shiyong-jiaocheng/2025-09-13-qq\345\233\275\345\244\226\346\263\250\345\206\214\344\270\216\345\233\275\345\206\205\346\234\215\345\212\241\350\256\277\351\227\256\351\232\276\351\242\230\357\274\214\350\200\201\345\217\270\346\234\272\347\232\204\345\233\236\345\233\275\345\212\240\351\200\237.md"
 create mode 100644 "posts/jiaocheng-shiyong-jiaocheng/2025-09-13-\346\265\267\345\244\226\346\200\216\344\271\210\347\216\251\345\205\250\346\230\216\346\230\237\350\241\227\347\220\203\346\264\276\345\257\271\357\274\237\345\233\236\345\233\275\347\275\221\347\273\234\351\232\276\351\242\230\344\270\200\346\254\241\350\247\243.md"
 create mode 100644 "posts/jiaocheng-shiyong-jiaocheng/2025-09-13-\346\265\267\345\244\226\347\224\237\346\264\273vpn\357\274\232\350\275\273\346\235\276\350\256\277\351\227\256\345\233\275\345\206\205\345\217\227\351\231\220\346\234\215\345\212\241-\345\211\257\346\234\254.md"
 create mode 100644 "posts/jiaocheng-shiyong-jiaocheng/2025-09-13-\346\265\267\345\244\226\347\234\213\344\270\255\346\226\207\347\224\265\350\247\206\357\274\232\350\275\273\346\235\276\350\247\243\345\206\263\350\256\277\351\227\256\351\231\220\345\210\266\357\274\214\347\225\205\344\272\253\345\233\275\345\206\205\347\262\276.md"
 create mode 100644 "posts/jiaocheng-shiyong-jiaocheng/2025-09-13-\347\201\253\347\202\254\344\271\213\345\205\211\345\234\250\345\233\275\345\244\226\346\200\216\344\271\210\347\216\251\357\274\237\344\272\262\346\265\213\346\234\211\346\225\210\350\247\243\345\206\263\350\256\277\351\227\256\351\232\276\351\242\230.md"
 create mode 100644 "posts/jiaocheng-shiyong-jiaocheng/2025-09-13-\350\217\257\347\202\272\351\237\263\346\250\202\345\234\260\345\215\200\351\231\220\345\210\266\347\232\204\347\203\246\346\201\274\344\270\216\345\233\236\345\233\275\347\275\221\347\273\234\350\247\243\346\263\225-\345\211\257\346\234\254.md"
 create mode 100644 "posts/jiaocheng-shiyong-jiaocheng/2025-09-13-\350\267\257\347\224\261\345\231\250\347\277\273\345\242\231\345\233\236\345\233\275\357\274\232\346\265\267\345\244\226\345\205\232\350\256\277\351\227\256\345\233\275\345\206\205\346\234\215\345\212\241\347\232\204\345\210\207\345\256\236\344\275\223\351\252\214.md"
 create mode 100644 "posts/jiaocheng-shiyong-jiaocheng/2025-09-13-\351\202\243\344\272\233\345\271\264\357\274\214\346\210\221\344\273\254\344\270\200\350\265\267\347\225\252\350\214\204\345\233\236\345\233\275-\345\211\257\346\234\254.md"
 create mode 100644 "posts/jiaocheng-shiyong-jiaocheng/2025-09-13-\351\250\260\350\250\212app\345\217\260\347\201\243\344\270\215\350\203\275\347\234\213\346\200\216\344\271\210\345\212\236\357\274\237\346\265\267\345\244\226\345\233\236\345\233\275\347\275\221\347\273\234\344\272\262\346\265\213\345\210\206\344\272\253.md"
 create mode 100644 "posts/jiaocheng-shiyong-jiaocheng/2025-09-13-\351\250\260\350\250\212\350\246\226\351\240\273\346\265\267\345\244\226\345\217\227\351\231\220\357\274\237\350\277\231\345\207\240\347\247\215\345\233\236\345\233\275\347\275\221\347\273\234\350\247\243\345\206\263\346\226\271\346\241\210\344\272\262\346\265\213.md"
 create mode 100644 "posts/jiaocheng-shiyong-jiaocheng/2025-09-16-\346\265\267\345\244\226\345\246\202\344\275\225\351\241\272\347\225\205\350\256\277\351\227\256\345\233\275\345\206\205\346\234\215\345\212\241\357\274\237\345\233\236\344\270\255\345\234\213vpn\347\232\204\345\256\236\347\224\250\350\247\243\350\257\273.md"
 create mode 100644 "posts/jiaocheng-shiyong-jiaocheng/2025-09-16-\346\265\267\345\244\226\347\224\250\346\210\267\345\246\202\344\275\225\345\220\254\345\233\275\345\206\205\346\255\214\346\233\262\357\274\237\350\277\231\344\272\233\346\226\271\346\263\225\344\275\240\344\270\200\345\256\232\350\246\201\347\237\245\351\201\223.md"
 create mode 100644 "posts/jiaocheng-shiyong-jiaocheng/2025-09-16-\346\265\267\345\244\226\347\224\250\346\210\267\346\200\216\346\240\267\350\247\243\351\231\244\351\205\267\347\213\227\347\211\210\346\235\203\351\231\220\345\210\266\357\274\237\344\272\262\346\265\213\346\234\211\346\225\210\346\226\271\346\263\225\346\235\245.md"
 create mode 100644 "posts/jiaocheng-shiyong-jiaocheng/2025-09-16-\346\265\267\345\244\226\350\256\277\351\227\256\345\233\275\345\206\205\347\275\221\347\253\231\347\232\204\351\231\220\345\210\266\357\274\214\345\210\253\345\206\215\344\270\272\346\255\244\347\203\246\346\201\274\344\272\206.md"
 create mode 100644 "posts/jiaocheng-shiyong-jiaocheng/2025-09-16-\350\272\253\345\234\250\346\265\267\345\244\226\357\274\214\345\246\202\344\275\225\351\241\272\347\225\205\347\234\213\345\233\275\345\206\205\347\224\265\350\247\206\357\274\237.md"
 create mode 100644 "posts/jiaocheng-shiyong-jiaocheng/2025-09-16-\351\202\243\344\272\233\345\271\264\357\274\214\346\210\221\344\273\254\344\270\200\350\265\267\347\225\252\350\214\204\345\233\236\345\233\275.md"
 create mode 100644 "posts/jiaocheng-shiyong-jiaocheng/2025-09-16-\351\250\260\350\250\212\344\275\240\346\211\200\345\234\250\347\232\204\345\234\260\345\215\200\347\204\241\346\263\225\350\247\200\347\234\213\346\200\216\344\271\210\345\212\236\357\274\237\346\265\267\345\244\226\345\205\232\344\272\262\346\265\213\346\234\211.md"
 create mode 100644 "posts/jiaocheng-shiyong-jiaocheng/2025-09-16-\351\270\277\350\222\231\346\200\216\344\271\210\347\277\273\345\242\231\345\233\236\345\233\275\357\274\214\346\265\267\345\244\226\350\256\277\351\227\256\345\233\275\345\206\205\346\234\215\345\212\241\347\225\205\351\200\232\346\227\240\351\230\273.md"
 create mode 100644 "posts/tiyu-tiyu-zhibo/2025-09-13-cctv5live\346\265\267\345\244\226\346\200\216\344\271\210\345\212\236\357\274\237\350\247\243\345\206\263\345\233\275\345\206\205\346\234\215\345\212\241\350\256\277\351\227\256\351\232\276\351\242\230-\345\211\257\346\234\254.md"
 create mode 100644 "posts/tiyu-tiyu-zhibo/2025-09-13-cctv5\346\265\267\345\244\226\347\233\264\346\222\255\346\272\220\357\274\214\346\265\267\345\244\226\345\205\232\345\246\202\344\275\225\351\241\272\347\225\205\350\247\202\347\234\213\357\274\237-\345\211\257\346\234\254.md"
 create mode 100644 "posts/tiyu-tiyu-zhibo/2025-09-16-cctv5iptv\357\274\232\346\265\267\345\244\226\347\224\250\346\210\267\350\256\277\351\227\256\345\233\275\345\206\205\345\217\227\351\231\220\346\234\215\345\212\241\347\232\204\347\234\237\345\256\236\345\233\260\346\211\260\344\270\216\350\247\243\345\206\263.md"
 create mode 100644 "posts/tiyu-tiyu-zhibo/2025-09-16-cctv5\347\233\264\346\222\255youtube\351\201\207\351\230\273\357\274\237\346\265\267\345\244\226\350\256\277\351\227\256\345\233\275\345\206\205\346\234\215\345\212\241\345\256\236\346\265\213\347\273\217\351\252\214.md"
 create mode 100644 "posts/yingyin-huiguo-yingyin/2025-09-12-\350\205\276\350\256\257\350\247\206\351\242\221vpn\357\274\232\346\265\267\345\244\226\345\205\232\345\233\236\345\233\275\347\275\221\347\273\234\350\247\243\351\224\201\346\214\207\345\215\227.md"
 create mode 100644 "posts/yingyin-huiguo-yingyin/2025-09-12-\350\205\276\350\256\257\350\247\206\351\242\221\346\202\250\346\211\200\345\234\250\345\214\272\345\237\237\346\232\202\346\227\240\346\255\244\345\206\205\345\256\271\347\211\210\346\235\203\357\274\210\345\246\202\350\256\276\347\275\256vpn\350\257\267.md"
 create mode 100644 "posts/yingyin-huiguo-yingyin/2025-09-13-\346\265\267\345\244\226\346\200\216\344\271\210\347\234\213\350\205\276\350\256\257\350\247\206\351\242\221\357\274\237\350\277\231\345\207\240\347\261\273\345\233\275\345\206\205\346\234\215\345\212\241\350\247\243\351\224\201\345\205\250\346\224\273\347\225\245.md"
 create mode 100644 "posts/yingyin-huiguo-yingyin/2025-09-13-\346\265\267\345\244\226\347\224\250\346\210\267\344\270\272\344\273\200\344\271\210\351\234\200\350\246\201-bilibili\351\225\234\345\203\217\347\275\221\347\253\231\357\274\237\350\247\243\351\224\201\345\233\275\345\206\205\345\217\227\351\231\220\346\234\215.md"
 create mode 100644 "posts/yingyin-huiguo-yingyin/2025-09-16-b\347\253\231\345\215\241ptt\346\200\216\344\271\210\345\212\236\357\274\237\346\265\267\345\244\226\345\233\236\345\233\275\347\275\221\347\273\234\344\274\230\345\214\226\344\271\213\351\201\223.md"
 create mode 100644 "posts/yingyin-huiguo-yingyin/2025-09-16-\350\205\276\350\256\257\350\247\206\351\242\221\346\265\267\345\244\226\346\200\216\344\271\210\347\234\213\346\234\200\345\205\250\350\247\243\347\255\224\357\274\210\344\272\262\346\265\213\346\234\211\346\225\210\357\274\211.md"
 create mode 100644 "posts/yinyue-yinyue-yinpin/2025-09-13-\347\275\221\346\230\223\344\272\221\345\212\240\351\200\237\345\231\250\346\230\257\346\200\216\344\271\210\345\233\236\344\272\213\357\274\237\346\265\267\345\244\226\345\205\232\345\233\236\345\233\275\347\275\221\347\273\234\345\205\250\350\247\243\346\236\220.md"
 create mode 100644 "posts/yinyue-yinyue-yinpin/2025-09-13-\347\275\221\346\230\223\344\272\221\345\233\275\345\244\226\346\200\216\344\271\210\345\212\236\357\274\237\346\265\267\345\244\226\350\256\277\351\227\256\345\233\275\345\206\205\346\234\215\345\212\241\347\232\204\347\234\237\345\256\236\344\275\223\351\252\214.md"
 create mode 100644 "posts/yinyue-yinyue-yinpin/2025-09-13-\347\275\221\346\230\223\344\272\221\345\234\250\345\233\275\345\244\226\346\200\216\344\271\210\346\266\210\351\231\244\345\234\260\345\237\237\351\231\220\345\210\266\357\274\237\346\265\267\345\244\226\345\205\232\345\277\205\347\234\213\350\247\243\345\206\263.md"
 create mode 100644 "posts/yinyue-yinyue-yinpin/2025-09-13-\347\275\221\346\230\223\344\272\221\346\265\267\345\244\226\351\231\220\345\210\266\346\200\216\344\271\210\345\212\236\357\274\237\344\272\262\346\265\213\346\234\211\346\225\210\347\232\204\350\247\243\345\206\263\344\271\213\351\201\223-\345\211\257.md"
 create mode 100644 "posts/yinyue-yinyue-yinpin/2025-09-13-\347\275\221\346\230\223\344\272\221\351\237\263\344\271\220googleplay\345\223\252\344\270\252\345\214\272\357\274\237\346\265\267\345\244\226\345\205\232\344\272\262\346\265\213\345\245\275\347\224\250\350\247\243\351\224\201\346\226\271\346\241\210.md"
 create mode 100644 "posts/yinyue-yinyue-yinpin/2025-09-13-\347\275\221\346\230\223\344\272\221\351\273\221\350\203\266vip\346\265\267\345\244\226\350\203\275\345\220\254\345\220\227\357\274\237\350\277\231\346\230\257\345\244\232\346\225\260\346\265\267\345\244\226\345\205\232\347\232\204\345\277\203\345\243\260.md"
 create mode 100644 "posts/yinyue-yinyue-yinpin/2025-09-13-\351\205\267\346\210\221\351\237\263\344\271\220\345\234\250\346\265\267\345\244\226\346\200\216\344\271\210\347\224\250\357\274\237\350\247\243\346\236\220\351\231\220\345\210\266\344\270\216\345\256\236\347\224\250\345\233\236\345\233\275\347\275\221\347\273\234.md"
 create mode 100644 "posts/yinyue-yinyue-yinpin/2025-09-16-\346\265\267\345\244\226\346\200\216\344\271\210\345\220\254qq\351\237\263\344\271\220\357\274\237\345\233\236\345\233\275\347\275\221\347\273\234\351\202\243\344\272\233\344\272\213\345\204\277.md"
 create mode 100644 "posts/yinyue-yinyue-yinpin/2025-09-16-\351\205\267\346\210\221\351\237\263\344\271\220ios\347\240\264\350\247\243\347\211\2102024\346\227\240\346\263\225\344\275\277\347\224\250\357\274\237\346\265\267\345\244\226\345\233\236\345\233\275\347\275\221\347\273\234\350\247\243\346\263\225.md"
 create mode 100644 "posts/youxi-huiguo-youxi/2025-09-13-\347\216\213\350\200\205\350\215\243\350\200\200\351\235\236\344\270\255\345\233\275\345\244\247\351\231\206\345\246\202\344\275\225\345\256\232\344\275\215ios\357\274\237\346\265\267\345\244\226\345\205\232\344\272\262\346\265\213\345\233\236\345\233\275.md"
To https://github.com/huiguojiasuqi/huiguojiasuqi.git
   32e6f2b..56d435c  main -> main
[2026-09-10 18:08:08] batch start=680 n=50
  4115 -> posts/duanju-duanju-zhibo/2025-09-12-身在海外，如何顺畅访问抖音註冊台灣及国内热门.md (2000 chars)
  4114 -> posts/jiaocheng-shiyong-jiaocheng/2025-09-12-马来西亚翻墙：海外党访问国内服务畅行无阻.md (2433 chars)
  4113 -> posts/duanju-duanju-zhibo/2025-09-12-陸抖直播不能看？海外访问国内应用受限原因与真.md (2646 chars)
  4112 -> posts/duanju-duanju-zhibo/2025-09-12-陸抖不能看直播？海外党回国网络那些事儿.md (2354 chars)
  4111 -> posts/jiaocheng-shiyong-jiaocheng/2025-09-12-酷我音樂電腦版破解地區限制的烦恼与切实解决之.md (2536 chars)
  4110 -> posts/yinyue-yinyue-yinpin/2025-09-12-酷我音乐在国外怎么听歌？亲测有效解决办法来了.md (2631 chars)
  4109 -> posts/yinyue-yinyue-yinpin/2025-09-12-酷我音乐国外听不好的歌怎么办？这篇亲测有效.md (2608 chars)
  4108 -> posts/yinyue-yinyue-yinpin/2025-09-12-酷我音乐地区限制如何破解，海外朋友的烦恼怎么.md (2090 chars)
  4107 -> posts/yinyue-yinyue-yinpin/2025-09-12-酷狗会员在国外可以听歌吗？身在海外的你也能畅.md (2348 chars)
  4106 -> posts/yingyin-huiguo-yingyin/2025-09-12-解除b站區域限制ptt，海外党访问国内服务的那些事.md (2131 chars)
  4105 -> posts/jiaocheng-shiyong-jiaocheng/2025-09-12-鸿蒙shadowsocks：海外党回国畅享国内服务的那些事.md (2052 chars)
  4104 -> posts/tiyu-tiyu-zhibo/2025-09-12-海外直播cctv5怎么办？亲测有效的回国网络解决之道.md (2599 chars)
  4103 -> posts/duanju-duanju-zhibo/2025-09-12-海外用户如何顺利抖音中国版下载安装ios与访问国.md (2246 chars)
  4102 -> posts/yinyue-yinyue-yinpin/2025-09-12-海外用户如何顺畅喜马拉雅听？那些年我们遇到的.md (2541 chars)
  4101 -> posts/jiaocheng-shiyong-jiaocheng/2025-09-12-海外用户访问中国的vpn：畅享国内网络服务的实用.md (3422 chars)
  4100 -> posts/youxi-huiguo-youxi/2025-09-12-海外微信豆充值：国服游戏与国内影音的畅快体验.md (2175 chars)
  4099 -> posts/youxi-huiguo-youxi/2025-09-12-海外如何玩国服原神？困扰与解决之道.md (2178 chars)
  4098 -> posts/yinyue-yinyue-yinpin/2025-09-12-海外能听豆瓣音乐的软件？回国网络难题逐个数.md (2662 chars)
  4097 -> posts/jiaocheng-shiyong-jiaocheng/2025-09-12-海外访问中国服务受限？聊聊墙知乎与回国网络那.md (2608 chars)
  4096 -> posts/jiaocheng-shiyong-jiaocheng/2025-09-11-连回国内的vpn，海外党怎么才能顺畅访问国内网络.md (2020 chars)
  4095 -> posts/jiaocheng-shiyong-jiaocheng/2025-09-11-酷我音樂海外怎么办？亲测有效的回国网络解决之.md (2227 chars)
  4094 -> posts/yinyue-yinyue-yinpin/2025-09-11-酷我音乐国外怎么用？海外访问受限的那些事儿.md (2178 chars)
  4093 -> posts/yinyue-yinyue-yinpin/2025-09-11-解除酷我音乐海外限制，海外党如何顺畅访问国内.md (2693 chars)
  4092 -> posts/jiaocheng-shiyong-jiaocheng/2025-09-11-火炬之光在国外怎么玩的？亲测有效回国网络方案.md (2606 chars)
  4091 -> posts/jiaocheng-shiyong-jiaocheng/2025-09-11-海外专用代理ip：解锁国内精彩的那些事儿.md (2378 chars)
  4090 -> posts/duanju-duanju-zhibo/2025-09-11-海外直播vpn：如何畅享国内精彩服务.md (2794 chars)
  4089 -> posts/youxi-huiguo-youxi/2025-09-11-海外怎么玩王者荣耀不卡？原因与回国网络解决之.md (2391 chars)
  4088 -> posts/jiaocheng-shiyong-jiaocheng/2025-09-11-海外怎么玩国服？解锁国内精彩，亲测有效的方法.md (2465 chars)
  4087 -> posts/yinyue-yinyue-yinpin/2025-09-11-海外用户怎么用qq音乐？亲测可行的解锁方式.md (2740 chars)
  4086 -> posts/jiaocheng-shiyong-jiaocheng/2025-09-11-海外用户遭遇夸克登入困境？原因与亲测回国网络.md (2439 chars)
  4085 -> posts/jiaocheng-shiyong-jiaocheng/2025-09-11-海外用户如何找到国内能用的vpn？访问国内服务全.md (2564 chars)
  4084 -> posts/jiaocheng-shiyong-jiaocheng/2025-09-11-海外用户如何顺利回内地vpn，访问国内受限服务.md (2133 chars)
  4083 -> posts/jiaocheng-shiyong-jiaocheng/2025-09-11-海外用户回國vpn推薦：畅享国内网络生活.md (2817 chars)
  4082 -> posts/jiaocheng-shiyong-jiaocheng/2025-09-11-海外用户访问愛奇藝大陸版，这些限制怎么破？.md (2499 chars)
  4081 -> posts/tiyu-tiyu-zhibo/2025-09-11-海外用户访问-cctv5live-的那些事儿.md (2596 chars)
  4080 -> posts/jiaocheng-shiyong-jiaocheng/2025-09-11-海外用户uu加速器翻墙原因与亲测有效回国方法.md (3021 chars)
  4079 -> posts/bangong-bangong-baokao/2025-09-11-海外微信小程序加速器免费怎么办？亲测解决国内.md (2380 chars)
  4078 -> posts/youxi-huiguo-youxi/2025-09-11-海外玩永劫无间国服怎么不卡？原因及靠谱回国方.md (2671 chars)
  4077 -> posts/yinyue-yinyue-yinpin/2025-09-11-海外听书卡顿？国内服务访问受限是怎么回事？.md (2456 chars)
  4076 -> posts/jiaocheng-shiyong-jiaocheng/2025-09-11-海外使用-shadowrocket免费节点-访问国内服务常见疑问.md (2755 chars)
  4075 -> posts/jiaocheng-shiyong-jiaocheng/2025-09-11-海外生活，遇到ip回国访问受限怎么办？.md (2470 chars)
  4074 -> posts/tiyu-tiyu-zhibo/2025-09-11-海外如何看央视：打破区域限制的真实体验.md (2860 chars)
  4073 -> posts/jiaocheng-shiyong-jiaocheng/2025-09-11-海外朋友，解决-v2ray回国-的烦恼.md (2481 chars)
  4072 -> posts/jiaocheng-shiyong-jiaocheng/2025-09-11-海外回国vpn：解决海外访问国内服务受限的真实分.md (2221 chars)
  4071 -> posts/bangong-bangong-baokao/2025-09-11-海外访问交管12123网络拥堵怎么办？亲测有效解决之.md (2440 chars)
  4070 -> posts/jiaocheng-shiyong-jiaocheng/2025-09-11-海外访问国内服务：一份亲测有效的-vpn回国推荐.md (2319 chars)
  4069 -> posts/jiaocheng-shiyong-jiaocheng/2025-09-11-海外访问国内服务，回國路由器让一切变得简单.md (2754 chars)
  4068 -> posts/jiaocheng-shiyong-jiaocheng/2025-09-11-迪拜微信打不了语音电话怎么办？海外回国网络优.md (2785 chars)
  4067 -> posts/jiaocheng-shiyong-jiaocheng/2025-09-11-阿里云盘海外版下载：海外党如何顺畅访问国内服.md (2469 chars)
  4066 -> posts/jiaocheng-shiyong-jiaocheng/2025-09-11-阿里云翻墙：海外党访问国内受限服务的真实体验.md (2618 chars)
done: ok=50 fail=0
[main 1eac2cd] publish: posts batch start=680 n=50 (total 730)
 50 files changed, 3412 insertions(+)
 create mode 100644 "posts/bangong-bangong-baokao/2025-09-11-\346\265\267\345\244\226\345\276\256\344\277\241\345\260\217\347\250\213\345\272\217\345\212\240\351\200\237\345\231\250\345\205\215\350\264\271\346\200\216\344\271\210\345\212\236\357\274\237\344\272\262\346\265\213\350\247\243\345\206\263\345\233\275\345\206\205.md"
 create mode 100644 "posts/bangong-bangong-baokao/2025-09-11-\346\265\267\345\244\226\350\256\277\351\227\256\344\272\244\347\256\24112123\347\275\221\347\273\234\346\213\245\345\240\265\346\200\216\344\271\210\345\212\236\357\274\237\344\272\262\346\265\213\346\234\211\346\225\210\350\247\243\345\206\263\344\271\213.md"
 create mode 100644 "posts/duanju-duanju-zhibo/2025-09-11-\346\265\267\345\244\226\347\233\264\346\222\255vpn\357\274\232\345\246\202\344\275\225\347\225\205\344\272\253\345\233\275\345\206\205\347\262\276\345\275\251\346\234\215\345\212\241.md"
 create mode 100644 "posts/duanju-duanju-zhibo/2025-09-12-\346\265\267\345\244\226\347\224\250\346\210\267\345\246\202\344\275\225\351\241\272\345\210\251\346\212\226\351\237\263\344\270\255\345\233\275\347\211\210\344\270\213\350\275\275\345\256\211\350\243\205ios\344\270\216\350\256\277\351\227\256\345\233\275.md"
 create mode 100644 "posts/duanju-duanju-zhibo/2025-09-12-\350\272\253\345\234\250\346\265\267\345\244\226\357\274\214\345\246\202\344\275\225\351\241\272\347\225\205\350\256\277\351\227\256\346\212\226\351\237\263\350\250\273\345\206\212\345\217\260\347\201\243\345\217\212\345\233\275\345\206\205\347\203\255\351\227\250.md"
 create mode 100644 "posts/duanju-duanju-zhibo/2025-09-12-\351\231\270\346\212\226\344\270\215\350\203\275\347\234\213\347\233\264\346\222\255\357\274\237\346\265\267\345\244\226\345\205\232\345\233\236\345\233\275\347\275\221\347\273\234\351\202\243\344\272\233\344\272\213\345\204\277.md"
 create mode 100644 "posts/duanju-duanju-zhibo/2025-09-12-\351\231\270\346\212\226\347\233\264\346\222\255\344\270\215\350\203\275\347\234\213\357\274\237\346\265\267\345\244\226\350\256\277\351\227\256\345\233\275\345\206\205\345\272\224\347\224\250\345\217\227\351\231\220\345\216\237\345\233\240\344\270\216\347\234\237.md"
 create mode 100644 "posts/jiaocheng-shiyong-jiaocheng/2025-09-11-\346\265\267\345\244\226\344\270\223\347\224\250\344\273\243\347\220\206ip\357\274\232\350\247\243\351\224\201\345\233\275\345\206\205\347\262\276\345\275\251\347\232\204\351\202\243\344\272\233\344\272\213\345\204\277.md"
 create mode 100644 "posts/jiaocheng-shiyong-jiaocheng/2025-09-11-\346\265\267\345\244\226\344\275\277\347\224\250-shadowrocket\345\205\215\350\264\271\350\212\202\347\202\271-\350\256\277\351\227\256\345\233\275\345\206\205\346\234\215\345\212\241\345\270\270\350\247\201\347\226\221\351\227\256.md"
 create mode 100644 "posts/jiaocheng-shiyong-jiaocheng/2025-09-11-\346\265\267\345\244\226\345\233\236\345\233\275vpn\357\274\232\350\247\243\345\206\263\346\265\267\345\244\226\350\256\277\351\227\256\345\233\275\345\206\205\346\234\215\345\212\241\345\217\227\351\231\220\347\232\204\347\234\237\345\256\236\345\210\206.md"
 create mode 100644 "posts/jiaocheng-shiyong-jiaocheng/2025-09-11-\346\265\267\345\244\226\346\200\216\344\271\210\347\216\251\345\233\275\346\234\215\357\274\237\350\247\243\351\224\201\345\233\275\345\206\205\347\262\276\345\275\251\357\274\214\344\272\262\346\265\213\346\234\211\346\225\210\347\232\204\346\226\271\346\263\225.md"
 create mode 100644 "posts/jiaocheng-shiyong-jiaocheng/2025-09-11-\346\265\267\345\244\226\346\234\213\345\217\213\357\274\214\350\247\243\345\206\263-v2ray\345\233\236\345\233\275-\347\232\204\347\203\246\346\201\274.md"
 create mode 100644 "posts/jiaocheng-shiyong-jiaocheng/2025-09-11-\346\265\267\345\244\226\347\224\237\346\264\273\357\274\214\351\201\207\345\210\260ip\345\233\236\345\233\275\350\256\277\351\227\256\345\217\227\351\231\220\346\200\216\344\271\210\345\212\236\357\274\237.md"
 create mode 100644 "posts/jiaocheng-shiyong-jiaocheng/2025-09-11-\346\265\267\345\244\226\347\224\250\346\210\267uu\345\212\240\351\200\237\345\231\250\347\277\273\345\242\231\345\216\237\345\233\240\344\270\216\344\272\262\346\265\213\346\234\211\346\225\210\345\233\236\345\233\275\346\226\271\346\263\225.md"
 create mode 100644 "posts/jiaocheng-shiyong-jiaocheng/2025-09-11-\346\265\267\345\244\226\347\224\250\346\210\267\345\233\236\345\234\213vpn\346\216\250\350\226\246\357\274\232\347\225\205\344\272\253\345\233\275\345\206\205\347\275\221\347\273\234\347\224\237\346\264\273.md"
 create mode 100644 "posts/jiaocheng-shiyong-jiaocheng/2025-09-11-\346\265\267\345\244\226\347\224\250\346\210\267\345\246\202\344\275\225\346\211\276\345\210\260\345\233\275\345\206\205\350\203\275\347\224\250\347\232\204vpn\357\274\237\350\256\277\351\227\256\345\233\275\345\206\205\346\234\215\345\212\241\345\205\250.md"
 create mode 100644 "posts/jiaocheng-shiyong-jiaocheng/2025-09-11-\346\265\267\345\244\226\347\224\250\346\210\267\345\246\202\344\275\225\351\241\272\345\210\251\345\233\236\345\206\205\345\234\260vpn\357\274\214\350\256\277\351\227\256\345\233\275\345\206\205\345\217\227\351\231\220\346\234\215\345\212\241.md"
 create mode 100644 "posts/jiaocheng-shiyong-jiaocheng/2025-09-11-\346\265\267\345\244\226\347\224\250\346\210\267\350\256\277\351\227\256\346\204\233\345\245\207\350\227\235\345\244\247\351\231\270\347\211\210\357\274\214\350\277\231\344\272\233\351\231\220\345\210\266\346\200\216\344\271\210\347\240\264\357\274\237.md"
 create mode 100644 "posts/jiaocheng-shiyong-jiaocheng/2025-09-11-\346\265\267\345\244\226\347\224\250\346\210\267\351\201\255\351\201\207\345\244\270\345\205\213\347\231\273\345\205\245\345\233\260\345\242\203\357\274\237\345\216\237\345\233\240\344\270\216\344\272\262\346\265\213\345\233\236\345\233\275\347\275\221\347\273\234.md"
 create mode 100644 "posts/jiaocheng-shiyong-jiaocheng/2025-09-11-\346\265\267\345\244\226\350\256\277\351\227\256\345\233\275\345\206\205\346\234\215\345\212\241\357\274\214\345\233\236\345\234\213\350\267\257\347\224\261\345\231\250\350\256\251\344\270\200\345\210\207\345\217\230\345\276\227\347\256\200\345\215\225.md"
 create mode 100644 "posts/jiaocheng-shiyong-jiaocheng/2025-09-11-\346\265\267\345\244\226\350\256\277\351\227\256\345\233\275\345\206\205\346\234\215\345\212\241\357\274\232\344\270\200\344\273\275\344\272\262\346\265\213\346\234\211\346\225\210\347\232\204-vpn\345\233\236\345\233\275\346\216\250\350\215\220.md"
 create mode 100644 "posts/jiaocheng-shiyong-jiaocheng/2025-09-11-\347\201\253\347\202\254\344\271\213\345\205\211\345\234\250\345\233\275\345\244\226\346\200\216\344\271\210\347\216\251\347\232\204\357\274\237\344\272\262\346\265\213\346\234\211\346\225\210\345\233\236\345\233\275\347\275\221\347\273\234\346\226\271\346\241\210.md"
 create mode 100644 "posts/jiaocheng-shiyong-jiaocheng/2025-09-11-\350\277\236\345\233\236\345\233\275\345\206\205\347\232\204vpn\357\274\214\346\265\267\345\244\226\345\205\232\346\200\216\344\271\210\346\211\215\350\203\275\351\241\272\347\225\205\350\256\277\351\227\256\345\233\275\345\206\205\347\275\221\347\273\234.md"
 create mode 100644 "posts/jiaocheng-shiyong-jiaocheng/2025-09-11-\350\277\252\346\213\234\345\276\256\344\277\241\346\211\223\344\270\215\344\272\206\350\257\255\351\237\263\347\224\265\350\257\235\346\200\216\344\271\210\345\212\236\357\274\237\346\265\267\345\244\226\345\233\236\345\233\275\347\275\221\347\273\234\344\274\230.md"
 create mode 100644 "posts/jiaocheng-shiyong-jiaocheng/2025-09-11-\351\205\267\346\210\221\351\237\263\346\250\202\346\265\267\345\244\226\346\200\216\344\271\210\345\212\236\357\274\237\344\272\262\346\265\213\346\234\211\346\225\210\347\232\204\345\233\236\345\233\275\347\275\221\347\273\234\350\247\243\345\206\263\344\271\213.md"
 create mode 100644 "posts/jiaocheng-shiyong-jiaocheng/2025-09-11-\351\230\277\351\207\214\344\272\221\347\233\230\346\265\267\345\244\226\347\211\210\344\270\213\350\275\275\357\274\232\346\265\267\345\244\226\345\205\232\345\246\202\344\275\225\351\241\272\347\225\205\350\256\277\351\227\256\345\233\275\345\206\205\346\234\215.md"
 create mode 100644 "posts/jiaocheng-shiyong-jiaocheng/2025-09-11-\351\230\277\351\207\214\344\272\221\347\277\273\345\242\231\357\274\232\346\265\267\345\244\226\345\205\232\350\256\277\351\227\256\345\233\275\345\206\205\345\217\227\351\231\220\346\234\215\345\212\241\347\232\204\347\234\237\345\256\236\344\275\223\351\252\214.md"
 create mode 100644 "posts/jiaocheng-shiyong-jiaocheng/2025-09-12-\346\265\267\345\244\226\347\224\250\346\210\267\350\256\277\351\227\256\344\270\255\345\233\275\347\232\204vpn\357\274\232\347\225\205\344\272\253\345\233\275\345\206\205\347\275\221\347\273\234\346\234\215\345\212\241\347\232\204\345\256\236\347\224\250.md"
 create mode 100644 "posts/jiaocheng-shiyong-jiaocheng/2025-09-12-\346\265\267\345\244\226\350\256\277\351\227\256\344\270\255\345\233\275\346\234\215\345\212\241\345\217\227\351\231\220\357\274\237\350\201\212\350\201\212\345\242\231\347\237\245\344\271\216\344\270\216\345\233\236\345\233\275\347\275\221\347\273\234\351\202\243.md"
 create mode 100644 "posts/jiaocheng-shiyong-jiaocheng/2025-09-12-\351\205\267\346\210\221\351\237\263\346\250\202\351\233\273\350\205\246\347\211\210\347\240\264\350\247\243\345\234\260\345\215\200\351\231\220\345\210\266\347\232\204\347\203\246\346\201\274\344\270\216\345\210\207\345\256\236\350\247\243\345\206\263\344\271\213.md"
 create mode 100644 "posts/jiaocheng-shiyong-jiaocheng/2025-09-12-\351\251\254\346\235\245\350\245\277\344\272\232\347\277\273\345\242\231\357\274\232\346\265\267\345\244\226\345\205\232\350\256\277\351\227\256\345\233\275\345\206\205\346\234\215\345\212\241\347\225\205\350\241\214\346\227\240\351\230\273.md"
 create mode 100644 "posts/jiaocheng-shiyong-jiaocheng/2025-09-12-\351\270\277\350\222\231shadowsocks\357\274\232\346\265\267\345\244\226\345\205\232\345\233\236\345\233\275\347\225\205\344\272\253\345\233\275\345\206\205\346\234\215\345\212\241\347\232\204\351\202\243\344\272\233\344\272\213.md"
 create mode 100644 "posts/tiyu-tiyu-zhibo/2025-09-11-\346\265\267\345\244\226\345\246\202\344\275\225\347\234\213\345\244\256\350\247\206\357\274\232\346\211\223\347\240\264\345\214\272\345\237\237\351\231\220\345\210\266\347\232\204\347\234\237\345\256\236\344\275\223\351\252\214.md"
 create mode 100644 "posts/tiyu-tiyu-zhibo/2025-09-11-\346\265\267\345\244\226\347\224\250\346\210\267\350\256\277\351\227\256-cctv5live-\347\232\204\351\202\243\344\272\233\344\272\213\345\204\277.md"
 create mode 100644 "posts/tiyu-tiyu-zhibo/2025-09-12-\346\265\267\345\244\226\347\233\264\346\222\255cctv5\346\200\216\344\271\210\345\212\236\357\274\237\344\272\262\346\265\213\346\234\211\346\225\210\347\232\204\345\233\236\345\233\275\347\275\221\347\273\234\350\247\243\345\206\263\344\271\213\351\201\223.md"
 create mode 100644 "posts/yingyin-huiguo-yingyin/2025-09-12-\350\247\243\351\231\244b\347\253\231\345\215\200\345\237\237\351\231\220\345\210\266ptt\357\274\214\346\265\267\345\244\226\345\205\232\350\256\277\351\227\256\345\233\275\345\206\205\346\234\215\345\212\241\347\232\204\351\202\243\344\272\233\344\272\213.md"
 create mode 100644 "posts/yinyue-yinyue-yinpin/2025-09-11-\346\265\267\345\244\226\345\220\254\344\271\246\345\215\241\351\241\277\357\274\237\345\233\275\345\206\205\346\234\215\345\212\241\350\256\277\351\227\256\345\217\227\351\231\220\346\230\257\346\200\216\344\271\210\345\233\236\344\272\213\357\274\237.md"
 create mode 100644 "posts/yinyue-yinyue-yinpin/2025-09-11-\346\265\267\345\244\226\347\224\250\346\210\267\346\200\216\344\271\210\347\224\250qq\351\237\263\344\271\220\357\274\237\344\272\262\346\265\213\345\217\257\350\241\214\347\232\204\350\247\243\351\224\201\346\226\271\345\274\217.md"
 create mode 100644 "posts/yinyue-yinyue-yinpin/2025-09-11-\350\247\243\351\231\244\351\205\267\346\210\221\351\237\263\344\271\220\346\265\267\345\244\226\351\231\220\345\210\266\357\274\214\346\265\267\345\244\226\345\205\232\345\246\202\344\275\225\351\241\272\347\225\205\350\256\277\351\227\256\345\233\275\345\206\205.md"
 create mode 100644 "posts/yinyue-yinyue-yinpin/2025-09-11-\351\205\267\346\210\221\351\237\263\344\271\220\345\233\275\345\244\226\346\200\216\344\271\210\347\224\250\357\274\237\346\265\267\345\244\226\350\256\277\351\227\256\345\217\227\351\231\220\347\232\204\351\202\243\344\272\233\344\272\213\345\204\277.md"
 create mode 100644 "posts/yinyue-yinyue-yinpin/2025-09-12-\346\265\267\345\244\226\347\224\250\346\210\267\345\246\202\344\275\225\351\241\272\347\225\205\345\226\234\351\251\254\346\213\211\351\233\205\345\220\254\357\274\237\351\202\243\344\272\233\345\271\264\346\210\221\344\273\254\351\201\207\345\210\260\347\232\204.md"
 create mode 100644 "posts/yinyue-yinyue-yinpin/2025-09-12-\346\265\267\345\244\226\350\203\275\345\220\254\350\261\206\347\223\243\351\237\263\344\271\220\347\232\204\350\275\257\344\273\266\357\274\237\345\233\236\345\233\275\347\275\221\347\273\234\351\232\276\351\242\230\351\200\220\344\270\252\346\225\260.md"
 create mode 100644 "posts/yinyue-yinyue-yinpin/2025-09-12-\351\205\267\346\210\221\351\237\263\344\271\220\345\233\275\345\244\226\345\220\254\344\270\215\345\245\275\347\232\204\346\255\214\346\200\216\344\271\210\345\212\236\357\274\237\350\277\231\347\257\207\344\272\262\346\265\213\346\234\211\346\225\210.md"
 create mode 100644 "posts/yinyue-yinyue-yinpin/2025-09-12-\351\205\267\346\210\221\351\237\263\344\271\220\345\234\250\345\233\275\345\244\226\346\200\216\344\271\210\345\220\254\346\255\214\357\274\237\344\272\262\346\265\213\346\234\211\346\225\210\350\247\243\345\206\263\345\212\236\346\263\225\346\235\245\344\272\206.md"
 create mode 100644 "posts/yinyue-yinyue-yinpin/2025-09-12-\351\205\267\346\210\221\351\237\263\344\271\220\345\234\260\345\214\272\351\231\220\345\210\266\345\246\202\344\275\225\347\240\264\350\247\243\357\274\214\346\265\267\345\244\226\346\234\213\345\217\213\347\232\204\347\203\246\346\201\274\346\200\216\344\271\210.md"
 create mode 100644 "posts/yinyue-yinyue-yinpin/2025-09-12-\351\205\267\347\213\227\344\274\232\345\221\230\345\234\250\345\233\275\345\244\226\345\217\257\344\273\245\345\220\254\346\255\214\345\220\227\357\274\237\350\272\253\345\234\250\346\265\267\345\244\226\347\232\204\344\275\240\344\271\237\350\203\275\347\225\205.md"
 create mode 100644 "posts/youxi-huiguo-youxi/2025-09-11-\346\265\267\345\244\226\346\200\216\344\271\210\347\216\251\347\216\213\350\200\205\350\215\243\350\200\200\344\270\215\345\215\241\357\274\237\345\216\237\345\233\240\344\270\216\345\233\236\345\233\275\347\275\221\347\273\234\350\247\243\345\206\263\344\271\213.md"
 create mode 100644 "posts/youxi-huiguo-youxi/2025-09-11-\346\265\267\345\244\226\347\216\251\346\260\270\345\212\253\346\227\240\351\227\264\345\233\275\346\234\215\346\200\216\344\271\210\344\270\215\345\215\241\357\274\237\345\216\237\345\233\240\345\217\212\351\235\240\350\260\261\345\233\236\345\233\275\346\226\271.md"
 create mode 100644 "posts/youxi-huiguo-youxi/2025-09-12-\346\265\267\345\244\226\345\246\202\344\275\225\347\216\251\345\233\275\346\234\215\345\216\237\347\245\236\357\274\237\345\233\260\346\211\260\344\270\216\350\247\243\345\206\263\344\271\213\351\201\223.md"
 create mode 100644 "posts/youxi-huiguo-youxi/2025-09-12-\346\265\267\345\244\226\345\276\256\344\277\241\350\261\206\345\205\205\345\200\274\357\274\232\345\233\275\346\234\215\346\270\270\346\210\217\344\270\216\345\233\275\345\206\205\345\275\261\351\237\263\347\232\204\347\225\205\345\277\253\344\275\223\351\252\214.md"
To https://github.com/huiguojiasuqi/huiguojiasuqi.git
   56d435c..1eac2cd  main -> main
[2026-09-10 18:08:34] batch start=730 n=50
  4065 -> posts/jiaocheng-shiyong-jiaocheng/2025-09-09-身在海外，微信加速器推荐与国内服务解锁.md (2664 chars)
  4064 -> posts/jiaocheng-shiyong-jiaocheng/2025-09-09-身在海外，如何顺畅翻墙回中国访问国内服务？.md (2681 chars)
  4063 -> posts/jiaocheng-shiyong-jiaocheng/2025-09-09-身在海外，如何顺畅翻墙到国内的vpn？解决访问受.md (2889 chars)
  4062 -> posts/jiaocheng-shiyong-jiaocheng/2025-09-09-身在海外，全民k歌国际版体验不佳？原因与解决之.md (2518 chars)
  4061 -> posts/jiaocheng-shiyong-jiaocheng/2025-09-09-身在海外，国内用的-vpn-怎么办？亲测好用的回国网.md (2763 chars)
  4060 -> posts/jiaocheng-shiyong-jiaocheng/2025-09-09-身在海外，国内机场节点如何流畅访问受限服务？.md (2637 chars)
  4059 -> posts/jiaocheng-shiyong-jiaocheng/2025-09-09-身在海外，国内ipvpn怎么用？畅享国内网络无阻碍.md (2838 chars)
  4058 -> posts/jiaocheng-shiyong-jiaocheng/2025-09-09-身在海外，付费vpn推荐ptt：畅享国内精彩生活的关键.md (2867 chars)
  4057 -> posts/duanju-duanju-zhibo/2025-09-09-陸抖無法看直播怎么办？-海外党亲测有效回国网络.md (2494 chars)
  4056 -> posts/bangong-bangong-baokao/2025-09-09-海外知网畅游无阻：你的专属回国网络秘籍.md (2015 chars)
  4055 -> posts/youxi-huiguo-youxi/2025-09-09-海外怎么玩我的世界？这些国内服务原来是这样访.md (2463 chars)
  4054 -> posts/youxi-huiguo-youxi/2025-09-09-海外怎么玩国内游戏？这些问题和我的回国亲测办.md (2807 chars)
  4053 -> posts/youxi-huiguo-youxi/2025-09-09-海外怎么玩国服永劫无间？深度解析与靠谱回国网.md (2322 chars)
  4052 -> posts/yinyue-yinyue-yinpin/2025-09-09-海外怎么听国内音乐？这份回国网络体验升级指南.md (3062 chars)
  4051 -> posts/tiyu-tiyu-zhibo/2025-09-09-海外怎么看央视直播？这篇经验分享给你.md (2724 chars)
  4050 -> posts/jiaocheng-shiyong-jiaocheng/2025-09-09-海外游子回国，连接中国的vpn如何解决访问限制？.md (2392 chars)
  4049 -> posts/jiaocheng-shiyong-jiaocheng/2025-09-09-海外用户怎么解决访问国内服务的问题？国内的vpn.md (2842 chars)
  4048 -> posts/tiyu-tiyu-zhibo/2025-09-09-海外用户如何顺畅观看-cctv5直播香港？解析常见问题.md (2575 chars)
  4047 -> posts/jiaocheng-shiyong-jiaocheng/2025-09-09-海外用户如何顺畅访问国内服务：西游vpn节点解析.md (2158 chars)
  4046 -> posts/jiaocheng-shiyong-jiaocheng/2025-09-09-海外用户如何访问国内的vpn？轻松解锁所有应用.md (2469 chars)
  4045 -> posts/jiaocheng-shiyong-jiaocheng/2025-09-09-海外用户访问受限服务：我的番茄vpn使用体验.md (2087 chars)
  4044 -> posts/yingyin-huiguo-yingyin/2025-09-09-海外用户访问-bilibili-遊戲認證台灣-的那些事儿.md (2467 chars)
  4043 -> posts/jiaocheng-shiyong-jiaocheng/2025-09-09-海外微信小遊戲廣告与国内访问难题：我的回国加.md (2715 chars)
  4042 -> posts/jiaocheng-shiyong-jiaocheng/2025-09-09-海外连国内app登录失败怎么办？亲测有效解决之道.md (2994 chars)
  4041 -> posts/yingyin-huiguo-yingyin/2025-09-09-海外看电影app下载？这几个问题和方法，亲测有效.md (2397 chars)
  4040 -> posts/jiaocheng-shiyong-jiaocheng/2025-09-09-海外访问中国服务常遇到的翻墙注意事项.md (2922 chars)
  4039 -> posts/jiaocheng-shiyong-jiaocheng/2025-09-09-海外访问受限服务，虚拟手机号注册qq怎么办？.md (2708 chars)
  4038 -> posts/yinyue-yinyue-yinpin/2025-09-09-海外访问受限：喜马拉雅破解与国内服务解锁之道.md (2275 chars)
  4037 -> posts/jiaocheng-shiyong-jiaocheng/2025-09-09-海外党上网：如何畅享国内精彩？v2ray回国节点问题.md (3176 chars)
  4036 -> posts/jiaocheng-shiyong-jiaocheng/2025-09-09-海外党如何解决微信豆访问受限？亲测有效的方法.md (2664 chars)
  4035 -> posts/jiaocheng-shiyong-jiaocheng/2025-09-09-海外党访问国内受限服务？-vpn推荐与真实回国网络.md (2892 chars)
  4034 -> posts/jiaocheng-shiyong-jiaocheng/2025-09-09-服务异常9803？海外用户访问国内受限服务的亲测解.md (2933 chars)
  4033 -> posts/bangong-bangong-baokao/2025-09-05-海外微信小程序怎么看广告？实测有效回国网络解.md (2615 chars)
  4032 -> posts/youxi-huiguo-youxi/2025-09-05-海外玩网易我的世界加载速度慢怎么办？亲测有效.md (2773 chars)
  4031 -> posts/yinyue-yinyue-yinpin/2025-09-05-海外听歌软件访问受限怎么办？亲测有效的国内网.md (2696 chars)
  4030 -> posts/tiyu-tiyu-zhibo/2025-09-05-海外使用vpn欧冠时遇到的那些事儿.md (3059 chars)
  4029 -> posts/youxi-huiguo-youxi/2025-09-05-海外如何玩和平精英国服？解决国内服务受限的办.md (2689 chars)
  4028 -> posts/youxi-huiguo-youxi/2025-09-05-海外如何玩国服魔兽世界：畅享游戏无界限.md (2352 chars)
  4027 -> posts/yinyue-yinyue-yinpin/2025-09-05-海外能听网易云吗？实测回国网络加速器带来解决.md (2582 chars)
  4026 -> posts/yinyue-yinyue-yinpin/2025-09-05-海外能听qq音乐吗？亲测有效的回国网络解决之道.md (2413 chars)
  4025 -> posts/jiaocheng-shiyong-jiaocheng/2025-09-05-海外酷狗怎么绕过地域限制，解决国内服务访问难.md (2051 chars)
  4024 -> posts/tiyu-tiyu-zhibo/2025-09-05-海外看央视直播？这些国内服务受限怎么破？.md (2574 chars)
  4023 -> posts/duanju-duanju-zhibo/2025-09-05-海外看国内电视直播网站的那些事儿：解决访问受.md (2197 chars)
  4022 -> posts/yingyin-huiguo-yingyin/2025-09-05-海外看电影app受限？回国网络怎么破局.md (2573 chars)
  4021 -> posts/jiaocheng-shiyong-jiaocheng/2025-09-05-海外加速器推荐：畅享国内网络，这些问题你遇到.md (2364 chars)
  4020 -> posts/jiaocheng-shiyong-jiaocheng/2025-09-05-海外好私服，让你畅享国内精彩.md (2711 chars)
  4019 -> posts/jiaocheng-shiyong-jiaocheng/2025-09-05-海外访问中国gfw？这些国内服务就这样用.md (2135 chars)
  4018 -> posts/jiaocheng-shiyong-jiaocheng/2025-09-05-海外访问受限服务？机场vpn怎么解决.md (2053 chars)
  4017 -> posts/jiaocheng-shiyong-jiaocheng/2025-09-05-海外访问国内服务遇移动墙中墙？原因与亲测.md (2395 chars)
  4016 -> posts/jiaocheng-shiyong-jiaocheng/2025-09-05-海外访问国内服务？中国大陆vpn是关键.md (2659 chars)
done: ok=50 fail=0
[main a8f4d88] publish: posts batch start=730 n=50 (total 780)
 50 files changed, 3854 insertions(+)
 create mode 100644 "posts/bangong-bangong-baokao/2025-09-05-\346\265\267\345\244\226\345\276\256\344\277\241\345\260\217\347\250\213\345\272\217\346\200\216\344\271\210\347\234\213\345\271\277\345\221\212\357\274\237\345\256\236\346\265\213\346\234\211\346\225\210\345\233\236\345\233\275\347\275\221\347\273\234\350\247\243.md"
 create mode 100644 "posts/bangong-bangong-baokao/2025-09-09-\346\265\267\345\244\226\347\237\245\347\275\221\347\225\205\346\270\270\346\227\240\351\230\273\357\274\232\344\275\240\347\232\204\344\270\223\345\261\236\345\233\236\345\233\275\347\275\221\347\273\234\347\247\230\347\261\215.md"
 create mode 100644 "posts/duanju-duanju-zhibo/2025-09-05-\346\265\267\345\244\226\347\234\213\345\233\275\345\206\205\347\224\265\350\247\206\347\233\264\346\222\255\347\275\221\347\253\231\347\232\204\351\202\243\344\272\233\344\272\213\345\204\277\357\274\232\350\247\243\345\206\263\350\256\277\351\227\256\345\217\227.md"
 create mode 100644 "posts/duanju-duanju-zhibo/2025-09-09-\351\231\270\346\212\226\347\204\241\346\263\225\347\234\213\347\233\264\346\222\255\346\200\216\344\271\210\345\212\236\357\274\237-\346\265\267\345\244\226\345\205\232\344\272\262\346\265\213\346\234\211\346\225\210\345\233\236\345\233\275\347\275\221\347\273\234.md"
 create mode 100644 "posts/jiaocheng-shiyong-jiaocheng/2025-09-05-\346\265\267\345\244\226\345\212\240\351\200\237\345\231\250\346\216\250\350\215\220\357\274\232\347\225\205\344\272\253\345\233\275\345\206\205\347\275\221\347\273\234\357\274\214\350\277\231\344\272\233\351\227\256\351\242\230\344\275\240\351\201\207\345\210\260.md"
 create mode 100644 "posts/jiaocheng-shiyong-jiaocheng/2025-09-05-\346\265\267\345\244\226\345\245\275\347\247\201\346\234\215\357\274\214\350\256\251\344\275\240\347\225\205\344\272\253\345\233\275\345\206\205\347\262\276\345\275\251.md"
 create mode 100644 "posts/jiaocheng-shiyong-jiaocheng/2025-09-05-\346\265\267\345\244\226\350\256\277\351\227\256\344\270\255\345\233\275gfw\357\274\237\350\277\231\344\272\233\345\233\275\345\206\205\346\234\215\345\212\241\345\260\261\350\277\231\346\240\267\347\224\250.md"
 create mode 100644 "posts/jiaocheng-shiyong-jiaocheng/2025-09-05-\346\265\267\345\244\226\350\256\277\351\227\256\345\217\227\351\231\220\346\234\215\345\212\241\357\274\237\346\234\272\345\234\272vpn\346\200\216\344\271\210\350\247\243\345\206\263.md"
 create mode 100644 "posts/jiaocheng-shiyong-jiaocheng/2025-09-05-\346\265\267\345\244\226\350\256\277\351\227\256\345\233\275\345\206\205\346\234\215\345\212\241\351\201\207\347\247\273\345\212\250\345\242\231\344\270\255\345\242\231\357\274\237\345\216\237\345\233\240\344\270\216\344\272\262\346\265\213.md"
 create mode 100644 "posts/jiaocheng-shiyong-jiaocheng/2025-09-05-\346\265\267\345\244\226\350\256\277\351\227\256\345\233\275\345\206\205\346\234\215\345\212\241\357\274\237\344\270\255\345\233\275\345\244\247\351\231\206vpn\346\230\257\345\205\263\351\224\256.md"
 create mode 100644 "posts/jiaocheng-shiyong-jiaocheng/2025-09-05-\346\265\267\345\244\226\351\205\267\347\213\227\346\200\216\344\271\210\347\273\225\350\277\207\345\234\260\345\237\237\351\231\220\345\210\266\357\274\214\350\247\243\345\206\263\345\233\275\345\206\205\346\234\215\345\212\241\350\256\277\351\227\256\351\232\276.md"
 create mode 100644 "posts/jiaocheng-shiyong-jiaocheng/2025-09-09-\346\234\215\345\212\241\345\274\202\345\270\2709803\357\274\237\346\265\267\345\244\226\347\224\250\346\210\267\350\256\277\351\227\256\345\233\275\345\206\205\345\217\227\351\231\220\346\234\215\345\212\241\347\232\204\344\272\262\346\265\213\350\247\243.md"
 create mode 100644 "posts/jiaocheng-shiyong-jiaocheng/2025-09-09-\346\265\267\345\244\226\345\205\232\344\270\212\347\275\221\357\274\232\345\246\202\344\275\225\347\225\205\344\272\253\345\233\275\345\206\205\347\262\276\345\275\251\357\274\237v2ray\345\233\236\345\233\275\350\212\202\347\202\271\351\227\256\351\242\230.md"
 create mode 100644 "posts/jiaocheng-shiyong-jiaocheng/2025-09-09-\346\265\267\345\244\226\345\205\232\345\246\202\344\275\225\350\247\243\345\206\263\345\276\256\344\277\241\350\261\206\350\256\277\351\227\256\345\217\227\351\231\220\357\274\237\344\272\262\346\265\213\346\234\211\346\225\210\347\232\204\346\226\271\346\263\225.md"
 create mode 100644 "posts/jiaocheng-shiyong-jiaocheng/2025-09-09-\346\265\267\345\244\226\345\205\232\350\256\277\351\227\256\345\233\275\345\206\205\345\217\227\351\231\220\346\234\215\345\212\241\357\274\237-vpn\346\216\250\350\215\220\344\270\216\347\234\237\345\256\236\345\233\236\345\233\275\347\275\221\347\273\234.md"
 create mode 100644 "posts/jiaocheng-shiyong-jiaocheng/2025-09-09-\346\265\267\345\244\226\345\276\256\344\277\241\345\260\217\351\201\212\346\210\262\345\273\243\345\221\212\344\270\216\345\233\275\345\206\205\350\256\277\351\227\256\351\232\276\351\242\230\357\274\232\346\210\221\347\232\204\345\233\236\345\233\275\345\212\240.md"
 create mode 100644 "posts/jiaocheng-shiyong-jiaocheng/2025-09-09-\346\265\267\345\244\226\346\270\270\345\255\220\345\233\236\345\233\275\357\274\214\350\277\236\346\216\245\344\270\255\345\233\275\347\232\204vpn\345\246\202\344\275\225\350\247\243\345\206\263\350\256\277\351\227\256\351\231\220\345\210\266\357\274\237.md"
 create mode 100644 "posts/jiaocheng-shiyong-jiaocheng/2025-09-09-\346\265\267\345\244\226\347\224\250\346\210\267\345\246\202\344\275\225\350\256\277\351\227\256\345\233\275\345\206\205\347\232\204vpn\357\274\237\350\275\273\346\235\276\350\247\243\351\224\201\346\211\200\346\234\211\345\272\224\347\224\250.md"
 create mode 100644 "posts/jiaocheng-shiyong-jiaocheng/2025-09-09-\346\265\267\345\244\226\347\224\250\346\210\267\345\246\202\344\275\225\351\241\272\347\225\205\350\256\277\351\227\256\345\233\275\345\206\205\346\234\215\345\212\241\357\274\232\350\245\277\346\270\270vpn\350\212\202\347\202\271\350\247\243\346\236\220.md"
 create mode 100644 "posts/jiaocheng-shiyong-jiaocheng/2025-09-09-\346\265\267\345\244\226\347\224\250\346\210\267\346\200\216\344\271\210\350\247\243\345\206\263\350\256\277\351\227\256\345\233\275\345\206\205\346\234\215\345\212\241\347\232\204\351\227\256\351\242\230\357\274\237\345\233\275\345\206\205\347\232\204vpn.md"
 create mode 100644 "posts/jiaocheng-shiyong-jiaocheng/2025-09-09-\346\265\267\345\244\226\347\224\250\346\210\267\350\256\277\351\227\256\345\217\227\351\231\220\346\234\215\345\212\241\357\274\232\346\210\221\347\232\204\347\225\252\350\214\204vpn\344\275\277\347\224\250\344\275\223\351\252\214.md"
 create mode 100644 "posts/jiaocheng-shiyong-jiaocheng/2025-09-09-\346\265\267\345\244\226\350\256\277\351\227\256\344\270\255\345\233\275\346\234\215\345\212\241\345\270\270\351\201\207\345\210\260\347\232\204\347\277\273\345\242\231\346\263\250\346\204\217\344\272\213\351\241\271.md"
 create mode 100644 "posts/jiaocheng-shiyong-jiaocheng/2025-09-09-\346\265\267\345\244\226\350\256\277\351\227\256\345\217\227\351\231\220\346\234\215\345\212\241\357\274\214\350\231\232\346\213\237\346\211\213\346\234\272\345\217\267\346\263\250\345\206\214qq\346\200\216\344\271\210\345\212\236\357\274\237.md"
 create mode 100644 "posts/jiaocheng-shiyong-jiaocheng/2025-09-09-\346\265\267\345\244\226\350\277\236\345\233\275\345\206\205app\347\231\273\345\275\225\345\244\261\350\264\245\346\200\216\344\271\210\345\212\236\357\274\237\344\272\262\346\265\213\346\234\211\346\225\210\350\247\243\345\206\263\344\271\213\351\201\223.md"
 create mode 100644 "posts/jiaocheng-shiyong-jiaocheng/2025-09-09-\350\272\253\345\234\250\346\265\267\345\244\226\357\274\214\344\273\230\350\264\271vpn\346\216\250\350\215\220ptt\357\274\232\347\225\205\344\272\253\345\233\275\345\206\205\347\262\276\345\275\251\347\224\237\346\264\273\347\232\204\345\205\263\351\224\256.md"
 create mode 100644 "posts/jiaocheng-shiyong-jiaocheng/2025-09-09-\350\272\253\345\234\250\346\265\267\345\244\226\357\274\214\345\205\250\346\260\221k\346\255\214\345\233\275\351\231\205\347\211\210\344\275\223\351\252\214\344\270\215\344\275\263\357\274\237\345\216\237\345\233\240\344\270\216\350\247\243\345\206\263\344\271\213.md"
 create mode 100644 "posts/jiaocheng-shiyong-jiaocheng/2025-09-09-\350\272\253\345\234\250\346\265\267\345\244\226\357\274\214\345\233\275\345\206\205ipvpn\346\200\216\344\271\210\347\224\250\357\274\237\347\225\205\344\272\253\345\233\275\345\206\205\347\275\221\347\273\234\346\227\240\351\230\273\347\242\215.md"
 create mode 100644 "posts/jiaocheng-shiyong-jiaocheng/2025-09-09-\350\272\253\345\234\250\346\265\267\345\244\226\357\274\214\345\233\275\345\206\205\346\234\272\345\234\272\350\212\202\347\202\271\345\246\202\344\275\225\346\265\201\347\225\205\350\256\277\351\227\256\345\217\227\351\231\220\346\234\215\345\212\241\357\274\237.md"
 create mode 100644 "posts/jiaocheng-shiyong-jiaocheng/2025-09-09-\350\272\253\345\234\250\346\265\267\345\244\226\357\274\214\345\233\275\345\206\205\347\224\250\347\232\204-vpn-\346\200\216\344\271\210\345\212\236\357\274\237\344\272\262\346\265\213\345\245\275\347\224\250\347\232\204\345\233\236\345\233\275\347\275\221.md"
 create mode 100644 "posts/jiaocheng-shiyong-jiaocheng/2025-09-09-\350\272\253\345\234\250\346\265\267\345\244\226\357\274\214\345\246\202\344\275\225\351\241\272\347\225\205\347\277\273\345\242\231\345\210\260\345\233\275\345\206\205\347\232\204vpn\357\274\237\350\247\243\345\206\263\350\256\277\351\227\256\345\217\227.md"
 create mode 100644 "posts/jiaocheng-shiyong-jiaocheng/2025-09-09-\350\272\253\345\234\250\346\265\267\345\244\226\357\274\214\345\246\202\344\275\225\351\241\272\347\225\205\347\277\273\345\242\231\345\233\236\344\270\255\345\233\275\350\256\277\351\227\256\345\233\275\345\206\205\346\234\215\345\212\241\357\274\237.md"
 create mode 100644 "posts/jiaocheng-shiyong-jiaocheng/2025-09-09-\350\272\253\345\234\250\346\265\267\345\244\226\357\274\214\345\276\256\344\277\241\345\212\240\351\200\237\345\231\250\346\216\250\350\215\220\344\270\216\345\233\275\345\206\205\346\234\215\345\212\241\350\247\243\351\224\201.md"
 create mode 100644 "posts/tiyu-tiyu-zhibo/2025-09-05-\346\265\267\345\244\226\344\275\277\347\224\250vpn\346\254\247\345\206\240\346\227\266\351\201\207\345\210\260\347\232\204\351\202\243\344\272\233\344\272\213\345\204\277.md"
 create mode 100644 "posts/tiyu-tiyu-zhibo/2025-09-05-\346\265\267\345\244\226\347\234\213\345\244\256\350\247\206\347\233\264\346\222\255\357\274\237\350\277\231\344\272\233\345\233\275\345\206\205\346\234\215\345\212\241\345\217\227\351\231\220\346\200\216\344\271\210\347\240\264\357\274\237.md"
 create mode 100644 "posts/tiyu-tiyu-zhibo/2025-09-09-\346\265\267\345\244\226\346\200\216\344\271\210\347\234\213\345\244\256\350\247\206\347\233\264\346\222\255\357\274\237\350\277\231\347\257\207\347\273\217\351\252\214\345\210\206\344\272\253\347\273\231\344\275\240.md"
 create mode 100644 "posts/tiyu-tiyu-zhibo/2025-09-09-\346\265\267\345\244\226\347\224\250\346\210\267\345\246\202\344\275\225\351\241\272\347\225\205\350\247\202\347\234\213-cctv5\347\233\264\346\222\255\351\246\231\346\270\257\357\274\237\350\247\243\346\236\220\345\270\270\350\247\201\351\227\256\351\242\230.md"
 create mode 100644 "posts/yingyin-huiguo-yingyin/2025-09-05-\346\265\267\345\244\226\347\234\213\347\224\265\345\275\261app\345\217\227\351\231\220\357\274\237\345\233\236\345\233\275\347\275\221\347\273\234\346\200\216\344\271\210\347\240\264\345\261\200.md"
 create mode 100644 "posts/yingyin-huiguo-yingyin/2025-09-09-\346\265\267\345\244\226\347\224\250\346\210\267\350\256\277\351\227\256-bilibili-\351\201\212\346\210\262\350\252\215\350\255\211\345\217\260\347\201\243-\347\232\204\351\202\243\344\272\233\344\272\213\345\204\277.md"
 create mode 100644 "posts/yingyin-huiguo-yingyin/2025-09-09-\346\265\267\345\244\226\347\234\213\347\224\265\345\275\261app\344\270\213\350\275\275\357\274\237\350\277\231\345\207\240\344\270\252\351\227\256\351\242\230\345\222\214\346\226\271\346\263\225\357\274\214\344\272\262\346\265\213\346\234\211\346\225\210.md"
 create mode 100644 "posts/yinyue-yinyue-yinpin/2025-09-05-\346\265\267\345\244\226\345\220\254\346\255\214\350\275\257\344\273\266\350\256\277\351\227\256\345\217\227\351\231\220\346\200\216\344\271\210\345\212\236\357\274\237\344\272\262\346\265\213\346\234\211\346\225\210\347\232\204\345\233\275\345\206\205\347\275\221.md"
 create mode 100644 "posts/yinyue-yinyue-yinpin/2025-09-05-\346\265\267\345\244\226\350\203\275\345\220\254qq\351\237\263\344\271\220\345\220\227\357\274\237\344\272\262\346\265\213\346\234\211\346\225\210\347\232\204\345\233\236\345\233\275\347\275\221\347\273\234\350\247\243\345\206\263\344\271\213\351\201\223.md"
 create mode 100644 "posts/yinyue-yinyue-yinpin/2025-09-05-\346\265\267\345\244\226\350\203\275\345\220\254\347\275\221\346\230\223\344\272\221\345\220\227\357\274\237\345\256\236\346\265\213\345\233\236\345\233\275\347\275\221\347\273\234\345\212\240\351\200\237\345\231\250\345\270\246\346\235\245\350\247\243\345\206\263.md"
 create mode 100644 "posts/yinyue-yinyue-yinpin/2025-09-09-\346\265\267\345\244\226\346\200\216\344\271\210\345\220\254\345\233\275\345\206\205\351\237\263\344\271\220\357\274\237\350\277\231\344\273\275\345\233\236\345\233\275\347\275\221\347\273\234\344\275\223\351\252\214\345\215\207\347\272\247\346\214\207\345\215\227.md"
 create mode 100644 "posts/yinyue-yinyue-yinpin/2025-09-09-\346\265\267\345\244\226\350\256\277\351\227\256\345\217\227\351\231\220\357\274\232\345\226\234\351\251\254\346\213\211\351\233\205\347\240\264\350\247\243\344\270\216\345\233\275\345\206\205\346\234\215\345\212\241\350\247\243\351\224\201\344\271\213\351\201\223.md"
 create mode 100644 "posts/youxi-huiguo-youxi/2025-09-05-\346\265\267\345\244\226\345\246\202\344\275\225\347\216\251\345\222\214\345\271\263\347\262\276\350\213\261\345\233\275\346\234\215\357\274\237\350\247\243\345\206\263\345\233\275\345\206\205\346\234\215\345\212\241\345\217\227\351\231\220\347\232\204\345\212\236.md"
 create mode 100644 "posts/youxi-huiguo-youxi/2025-09-05-\346\265\267\345\244\226\345\246\202\344\275\225\347\216\251\345\233\275\346\234\215\351\255\224\345\205\275\344\270\226\347\225\214\357\274\232\347\225\205\344\272\253\346\270\270\346\210\217\346\227\240\347\225\214\351\231\220.md"
 create mode 100644 "posts/youxi-huiguo-youxi/2025-09-05-\346\265\267\345\244\226\347\216\251\347\275\221\346\230\223\346\210\221\347\232\204\344\270\226\347\225\214\345\212\240\350\275\275\351\200\237\345\272\246\346\205\242\346\200\216\344\271\210\345\212\236\357\274\237\344\272\262\346\265\213\346\234\211\346\225\210.md"
 create mode 100644 "posts/youxi-huiguo-youxi/2025-09-09-\346\265\267\345\244\226\346\200\216\344\271\210\347\216\251\345\233\275\345\206\205\346\270\270\346\210\217\357\274\237\350\277\231\344\272\233\351\227\256\351\242\230\345\222\214\346\210\221\347\232\204\345\233\236\345\233\275\344\272\262\346\265\213\345\212\236.md"
 create mode 100644 "posts/youxi-huiguo-youxi/2025-09-09-\346\265\267\345\244\226\346\200\216\344\271\210\347\216\251\345\233\275\346\234\215\346\260\270\345\212\253\346\227\240\351\227\264\357\274\237\346\267\261\345\272\246\350\247\243\346\236\220\344\270\216\351\235\240\350\260\261\345\233\236\345\233\275\347\275\221.md"
 create mode 100644 "posts/youxi-huiguo-youxi/2025-09-09-\346\265\267\345\244\226\346\200\216\344\271\210\347\216\251\346\210\221\347\232\204\344\270\226\347\225\214\357\274\237\350\277\231\344\272\233\345\233\275\345\206\205\346\234\215\345\212\241\345\216\237\346\235\245\346\230\257\350\277\231\346\240\267\350\256\277.md"
To https://github.com/huiguojiasuqi/huiguojiasuqi.git
   1eac2cd..a8f4d88  main -> main
[2026-09-10 18:08:59] batch start=780 n=50
  4015 -> posts/jiaocheng-shiyong-jiaocheng/2025-09-05-海外访问国内服务：免费机场的那些事儿.md (2191 chars)
  4014 -> posts/jiaocheng-shiyong-jiaocheng/2025-09-05-海外访问国内服务：翻墙软件推荐知乎那些事.md (1976 chars)
  4013 -> posts/jiaocheng-shiyong-jiaocheng/2025-09-05-海外访问国内服务，怎样才能翻墙快.md (2443 chars)
  4012 -> posts/jiaocheng-shiyong-jiaocheng/2025-09-05-海外访问国内服务，国内加速器怎么选？.md (2516 chars)
  4011 -> posts/jiaocheng-shiyong-jiaocheng/2025-09-05-海外访问東方財富app？这些受限服务怎么办.md (2644 chars)
  4010 -> posts/jiaocheng-shiyong-jiaocheng/2025-09-05-海外访问golink受限？原因与亲测有效回国网络解决方.md (2077 chars)
  4009 -> posts/duanju-duanju-zhibo/2025-09-05-海外抖音直播vpn：畅享国内精彩世界的钥匙.md (2796 chars)
  4008 -> posts/jiaocheng-shiyong-jiaocheng/2025-09-05-海外党如何流畅访问国内应用？微信加速器是关键.md (2654 chars)
  4007 -> posts/youxi-huiguo-youxi/2025-09-05-海外党如何解决访问国内服务，国内游戏加速器了.md (2731 chars)
  4006 -> posts/jiaocheng-shiyong-jiaocheng/2025-09-05-海外党们都关心的：快帆使用教程与国内服务解锁.md (2522 chars)
  4005 -> posts/jiaocheng-shiyong-jiaocheng/2025-09-05-海外党回国网络难题：翻墙vpn加速器推荐与解决之.md (2545 chars)
  4004 -> posts/jiaocheng-shiyong-jiaocheng/2025-09-05-海外党回国愁？国内节点机场帮你解决访问限制.md (3122 chars)
  4003 -> posts/jiaocheng-shiyong-jiaocheng/2025-09-05-海外党福音：sixfast-畅享国内服务，告别访问难题.md (2317 chars)
  4002 -> posts/jiaocheng-shiyong-jiaocheng/2025-09-05-翻墙回国app，让海外党无忧畅享国内精彩.md (2419 chars)
  4001 -> posts/jiaocheng-shiyong-jiaocheng/2025-09-05-电脑加速器vpn：海外访问国内服务畅通无阻.md (2377 chars)
  4000 -> posts/jiaocheng-shiyong-jiaocheng/2025-09-05-百度网盘海外加速：畅享国内资源，解决访问难题.md (2650 chars)
  3998 -> posts/jiaocheng-shiyong-jiaocheng/2025-09-03-酷我在国外用不了怎么办？解决海外访问国内服务.md (2510 chars)
  3997 -> posts/jiaocheng-shiyong-jiaocheng/2025-09-03-酷狗权限受限无法删除歌曲怎么办？海外党亲测有.md (2591 chars)
  3996 -> posts/duanju-duanju-zhibo/2025-09-03-海外直播cctv怎么办？那些年我们一起遇到的访问难.md (2964 chars)
  3995 -> posts/jiaocheng-shiyong-jiaocheng/2025-09-03-海外用户如何选择合适的免费回国vpn推荐？.md (2918 chars)
  3994 -> posts/jiaocheng-shiyong-jiaocheng/2025-09-03-海外用户如何顺畅访问国内能用的网站？.md (2433 chars)
  3993 -> posts/jiaocheng-shiyong-jiaocheng/2025-09-03-海外用户如何解决夸克帳號访问受限问题.md (2409 chars)
  3992 -> posts/jiaocheng-shiyong-jiaocheng/2025-09-03-海外微信遊戲無法看廣告怎么办？亲测有效回国网.md (2312 chars)
  3991 -> posts/bangong-bangong-baokao/2025-09-03-海外微信小程序加速器推荐：让你的国内服务畅通.md (2715 chars)
  3990 -> posts/yinyue-yinyue-yinpin/2025-09-03-海外网易云怎么破？那些年我们一起追过的中国网.md (2686 chars)
  3989 -> posts/youxi-huiguo-youxi/2025-09-03-海外玩永劫无间手游的烦恼与解决之道.md (2724 chars)
  3988 -> posts/youxi-huiguo-youxi/2025-09-03-海外玩国服加速器知乎：国外党如何畅享国内精彩.md (2417 chars)
  3987 -> posts/tiyu-tiyu-zhibo/2025-09-03-海外体育直播网络受限？实测好用的回国网络都在.md (2894 chars)
  3986 -> posts/jiaocheng-shiyong-jiaocheng/2025-09-03-海外使用-wesing全民k歌-的困扰与解决之道.md (2451 chars)
  3985 -> posts/youxi-huiguo-youxi/2025-09-03-海外如何玩国服原神账号？这些国内服务限制很烦.md (2261 chars)
  3984 -> posts/jiaocheng-shiyong-jiaocheng/2025-09-03-海外如何玩到网易mc？这里有一份亲测回国网络办法.md (2508 chars)
  3983 -> posts/yingyin-huiguo-yingyin/2025-09-03-海外如何看腾讯视频？问题与亲测回国网络解法.md (2986 chars)
  3982 -> posts/jiaocheng-shiyong-jiaocheng/2025-09-03-海外如何畅享国内k歌软件？常见限制与真实回国网.md (2428 chars)
  3981 -> posts/jiaocheng-shiyong-jiaocheng/2025-09-03-海外朋友的困扰：回国网络怎么破？.md (2663 chars)
  3980 -> posts/yinyue-yinyue-yinpin/2025-09-03-海外酷狗音乐使用教程：解锁国内精彩生活.md (2589 chars)
  3979 -> posts/yingyin-huiguo-yingyin/2025-09-03-海外看优酷怎么办？亲测有效的方法来了.md (2423 chars)
  3978 -> posts/tiyu-tiyu-zhibo/2025-09-03-海外华人怎么看cctv5直播？亲测回国网络解决办法.md (2619 chars)
  3977 -> posts/jiaocheng-shiyong-jiaocheng/2025-09-03-海外访问中国ip地址的困扰与中国vpn服务器的实际应.md (2510 chars)
  3976 -> posts/jiaocheng-shiyong-jiaocheng/2025-09-03-海外访问受限服务：我的-shadowrocket中國節點-那些事.md (2251 chars)
  3975 -> posts/jiaocheng-shiyong-jiaocheng/2025-09-03-海外访问受限？warp解锁netflix，轻松回国畅享！.md (2440 chars)
  3974 -> posts/jiaocheng-shiyong-jiaocheng/2025-09-03-海外访问国内服务：我的回国vpn电脑体验与建议.md (2445 chars)
  3973 -> posts/jiaocheng-shiyong-jiaocheng/2025-09-03-海外访问国内服务：回国节点那些事儿.md (2518 chars)
  3972 -> posts/jiaocheng-shiyong-jiaocheng/2025-09-03-海外访问国内服务：代理服务器ip海外的真实体验与.md (2521 chars)
  3971 -> posts/jiaocheng-shiyong-jiaocheng/2025-09-03-海外访问国内服务，小紅書ip受限怎么办？亲测有效.md (2258 chars)
  3970 -> posts/jiaocheng-shiyong-jiaocheng/2025-09-03-海外访问国内服务，回國vpn如何让一切顺畅？.md (2629 chars)
  3969 -> posts/jiaocheng-shiyong-jiaocheng/2025-09-03-海外访问国内服务，yy海外的困扰与解决之道.md (2337 chars)
  3968 -> posts/tiyu-tiyu-zhibo/2025-08-28-海外用户访问-cctv5线上看-的烦恼与解法.md (2426 chars)
  3967 -> posts/jiaocheng-shiyong-jiaocheng/2025-08-28-海外用户畅享喜馬拉雅fm：轻松解决访问限制.md (2557 chars)
  3966 -> posts/yinyue-yinyue-yinpin/2025-08-28-海外音乐在中国大陆之外为何受限？我如何解决？.md (2682 chars)
  3965 -> posts/bangong-bangong-baokao/2025-08-28-海外微信小程序加速器下载怎么办？这些方法亲测.md (2425 chars)
done: ok=50 fail=0
[main 63d8536] publish: posts batch start=780 n=50 (total 830)
 50 files changed, 3787 insertions(+)
 create mode 100644 "posts/bangong-bangong-baokao/2025-08-28-\346\265\267\345\244\226\345\276\256\344\277\241\345\260\217\347\250\213\345\272\217\345\212\240\351\200\237\345\231\250\344\270\213\350\275\275\346\200\216\344\271\210\345\212\236\357\274\237\350\277\231\344\272\233\346\226\271\346\263\225\344\272\262\346\265\213.md"
 create mode 100644 "posts/bangong-bangong-baokao/2025-09-03-\346\265\267\345\244\226\345\276\256\344\277\241\345\260\217\347\250\213\345\272\217\345\212\240\351\200\237\345\231\250\346\216\250\350\215\220\357\274\232\350\256\251\344\275\240\347\232\204\345\233\275\345\206\205\346\234\215\345\212\241\347\225\205\351\200\232.md"
 create mode 100644 "posts/duanju-duanju-zhibo/2025-09-03-\346\265\267\345\244\226\347\233\264\346\222\255cctv\346\200\216\344\271\210\345\212\236\357\274\237\351\202\243\344\272\233\345\271\264\346\210\221\344\273\254\344\270\200\350\265\267\351\201\207\345\210\260\347\232\204\350\256\277\351\227\256\351\232\276.md"
 create mode 100644 "posts/duanju-duanju-zhibo/2025-09-05-\346\265\267\345\244\226\346\212\226\351\237\263\347\233\264\346\222\255vpn\357\274\232\347\225\205\344\272\253\345\233\275\345\206\205\347\262\276\345\275\251\344\270\226\347\225\214\347\232\204\351\222\245\345\214\231.md"
 create mode 100644 "posts/jiaocheng-shiyong-jiaocheng/2025-08-28-\346\265\267\345\244\226\347\224\250\346\210\267\347\225\205\344\272\253\345\226\234\351\246\254\346\213\211\351\233\205fm\357\274\232\350\275\273\346\235\276\350\247\243\345\206\263\350\256\277\351\227\256\351\231\220\345\210\266.md"
 create mode 100644 "posts/jiaocheng-shiyong-jiaocheng/2025-09-03-\346\265\267\345\244\226\344\275\277\347\224\250-wesing\345\205\250\346\260\221k\346\255\214-\347\232\204\345\233\260\346\211\260\344\270\216\350\247\243\345\206\263\344\271\213\351\201\223.md"
 create mode 100644 "posts/jiaocheng-shiyong-jiaocheng/2025-09-03-\346\265\267\345\244\226\345\246\202\344\275\225\347\216\251\345\210\260\347\275\221\346\230\223mc\357\274\237\350\277\231\351\207\214\346\234\211\344\270\200\344\273\275\344\272\262\346\265\213\345\233\236\345\233\275\347\275\221\347\273\234\345\212\236\346\263\225.md"
 create mode 100644 "posts/jiaocheng-shiyong-jiaocheng/2025-09-03-\346\265\267\345\244\226\345\246\202\344\275\225\347\225\205\344\272\253\345\233\275\345\206\205k\346\255\214\350\275\257\344\273\266\357\274\237\345\270\270\350\247\201\351\231\220\345\210\266\344\270\216\347\234\237\345\256\236\345\233\236\345\233\275\347\275\221.md"
 create mode 100644 "posts/jiaocheng-shiyong-jiaocheng/2025-09-03-\346\265\267\345\244\226\345\276\256\344\277\241\351\201\212\346\210\262\347\204\241\346\263\225\347\234\213\345\273\243\345\221\212\346\200\216\344\271\210\345\212\236\357\274\237\344\272\262\346\265\213\346\234\211\346\225\210\345\233\236\345\233\275\347\275\221.md"
 create mode 100644 "posts/jiaocheng-shiyong-jiaocheng/2025-09-03-\346\265\267\345\244\226\346\234\213\345\217\213\347\232\204\345\233\260\346\211\260\357\274\232\345\233\236\345\233\275\347\275\221\347\273\234\346\200\216\344\271\210\347\240\264\357\274\237.md"
 create mode 100644 "posts/jiaocheng-shiyong-jiaocheng/2025-09-03-\346\265\267\345\244\226\347\224\250\346\210\267\345\246\202\344\275\225\350\247\243\345\206\263\345\244\270\345\205\213\345\270\263\350\231\237\350\256\277\351\227\256\345\217\227\351\231\220\351\227\256\351\242\230.md"
 create mode 100644 "posts/jiaocheng-shiyong-jiaocheng/2025-09-03-\346\265\267\345\244\226\347\224\250\346\210\267\345\246\202\344\275\225\351\200\211\346\213\251\345\220\210\351\200\202\347\232\204\345\205\215\350\264\271\345\233\236\345\233\275vpn\346\216\250\350\215\220\357\274\237.md"
 create mode 100644 "posts/jiaocheng-shiyong-jiaocheng/2025-09-03-\346\265\267\345\244\226\347\224\250\346\210\267\345\246\202\344\275\225\351\241\272\347\225\205\350\256\277\351\227\256\345\233\275\345\206\205\350\203\275\347\224\250\347\232\204\347\275\221\347\253\231\357\274\237.md"
 create mode 100644 "posts/jiaocheng-shiyong-jiaocheng/2025-09-03-\346\265\267\345\244\226\350\256\277\351\227\256\344\270\255\345\233\275ip\345\234\260\345\235\200\347\232\204\345\233\260\346\211\260\344\270\216\344\270\255\345\233\275vpn\346\234\215\345\212\241\345\231\250\347\232\204\345\256\236\351\231\205\345\272\224.md"
 create mode 100644 "posts/jiaocheng-shiyong-jiaocheng/2025-09-03-\346\265\267\345\244\226\350\256\277\351\227\256\345\217\227\351\231\220\346\234\215\345\212\241\357\274\232\346\210\221\347\232\204-shadowrocket\344\270\255\345\234\213\347\257\200\351\273\236-\351\202\243\344\272\233\344\272\213.md"
 create mode 100644 "posts/jiaocheng-shiyong-jiaocheng/2025-09-03-\346\265\267\345\244\226\350\256\277\351\227\256\345\217\227\351\231\220\357\274\237warp\350\247\243\351\224\201netflix\357\274\214\350\275\273\346\235\276\345\233\236\345\233\275\347\225\205\344\272\253\357\274\201.md"
 create mode 100644 "posts/jiaocheng-shiyong-jiaocheng/2025-09-03-\346\265\267\345\244\226\350\256\277\351\227\256\345\233\275\345\206\205\346\234\215\345\212\241\357\274\214yy\346\265\267\345\244\226\347\232\204\345\233\260\346\211\260\344\270\216\350\247\243\345\206\263\344\271\213\351\201\223.md"
 create mode 100644 "posts/jiaocheng-shiyong-jiaocheng/2025-09-03-\346\265\267\345\244\226\350\256\277\351\227\256\345\233\275\345\206\205\346\234\215\345\212\241\357\274\214\345\233\236\345\234\213vpn\345\246\202\344\275\225\350\256\251\344\270\200\345\210\207\351\241\272\347\225\205\357\274\237.md"
 create mode 100644 "posts/jiaocheng-shiyong-jiaocheng/2025-09-03-\346\265\267\345\244\226\350\256\277\351\227\256\345\233\275\345\206\205\346\234\215\345\212\241\357\274\214\345\260\217\347\264\205\346\233\270ip\345\217\227\351\231\220\346\200\216\344\271\210\345\212\236\357\274\237\344\272\262\346\265\213\346\234\211\346\225\210.md"
 create mode 100644 "posts/jiaocheng-shiyong-jiaocheng/2025-09-03-\346\265\267\345\244\226\350\256\277\351\227\256\345\233\275\345\206\205\346\234\215\345\212\241\357\274\232\344\273\243\347\220\206\346\234\215\345\212\241\345\231\250ip\346\265\267\345\244\226\347\232\204\347\234\237\345\256\236\344\275\223\351\252\214\344\270\216.md"
 create mode 100644 "posts/jiaocheng-shiyong-jiaocheng/2025-09-03-\346\265\267\345\244\226\350\256\277\351\227\256\345\233\275\345\206\205\346\234\215\345\212\241\357\274\232\345\233\236\345\233\275\350\212\202\347\202\271\351\202\243\344\272\233\344\272\213\345\204\277.md"
 create mode 100644 "posts/jiaocheng-shiyong-jiaocheng/2025-09-03-\346\265\267\345\244\226\350\256\277\351\227\256\345\233\275\345\206\205\346\234\215\345\212\241\357\274\232\346\210\221\347\232\204\345\233\236\345\233\275vpn\347\224\265\350\204\221\344\275\223\351\252\214\344\270\216\345\273\272\350\256\256.md"
 create mode 100644 "posts/jiaocheng-shiyong-jiaocheng/2025-09-03-\351\205\267\346\210\221\345\234\250\345\233\275\345\244\226\347\224\250\344\270\215\344\272\206\346\200\216\344\271\210\345\212\236\357\274\237\350\247\243\345\206\263\346\265\267\345\244\226\350\256\277\351\227\256\345\233\275\345\206\205\346\234\215\345\212\241.md"
 create mode 100644 "posts/jiaocheng-shiyong-jiaocheng/2025-09-03-\351\205\267\347\213\227\346\235\203\351\231\220\345\217\227\351\231\220\346\227\240\346\263\225\345\210\240\351\231\244\346\255\214\346\233\262\346\200\216\344\271\210\345\212\236\357\274\237\346\265\267\345\244\226\345\205\232\344\272\262\346\265\213\346\234\211.md"
 create mode 100644 "posts/jiaocheng-shiyong-jiaocheng/2025-09-05-\346\265\267\345\244\226\345\205\232\344\273\254\351\203\275\345\205\263\345\277\203\347\232\204\357\274\232\345\277\253\345\270\206\344\275\277\347\224\250\346\225\231\347\250\213\344\270\216\345\233\275\345\206\205\346\234\215\345\212\241\350\247\243\351\224\201.md"
 create mode 100644 "posts/jiaocheng-shiyong-jiaocheng/2025-09-05-\346\265\267\345\244\226\345\205\232\345\233\236\345\233\275\346\204\201\357\274\237\345\233\275\345\206\205\350\212\202\347\202\271\346\234\272\345\234\272\345\270\256\344\275\240\350\247\243\345\206\263\350\256\277\351\227\256\351\231\220\345\210\266.md"
 create mode 100644 "posts/jiaocheng-shiyong-jiaocheng/2025-09-05-\346\265\267\345\244\226\345\205\232\345\233\236\345\233\275\347\275\221\347\273\234\351\232\276\351\242\230\357\274\232\347\277\273\345\242\231vpn\345\212\240\351\200\237\345\231\250\346\216\250\350\215\220\344\270\216\350\247\243\345\206\263\344\271\213.md"
 create mode 100644 "posts/jiaocheng-shiyong-jiaocheng/2025-09-05-\346\265\267\345\244\226\345\205\232\345\246\202\344\275\225\346\265\201\347\225\205\350\256\277\351\227\256\345\233\275\345\206\205\345\272\224\347\224\250\357\274\237\345\276\256\344\277\241\345\212\240\351\200\237\345\231\250\346\230\257\345\205\263\351\224\256.md"
 create mode 100644 "posts/jiaocheng-shiyong-jiaocheng/2025-09-05-\346\265\267\345\244\226\345\205\232\347\246\217\351\237\263\357\274\232sixfast-\347\225\205\344\272\253\345\233\275\345\206\205\346\234\215\345\212\241\357\274\214\345\221\212\345\210\253\350\256\277\351\227\256\351\232\276\351\242\230.md"
 create mode 100644 "posts/jiaocheng-shiyong-jiaocheng/2025-09-05-\346\265\267\345\244\226\350\256\277\351\227\256golink\345\217\227\351\231\220\357\274\237\345\216\237\345\233\240\344\270\216\344\272\262\346\265\213\346\234\211\346\225\210\345\233\236\345\233\275\347\275\221\347\273\234\350\247\243\345\206\263\346\226\271.md"
 create mode 100644 "posts/jiaocheng-shiyong-jiaocheng/2025-09-05-\346\265\267\345\244\226\350\256\277\351\227\256\345\233\275\345\206\205\346\234\215\345\212\241\357\274\214\345\233\275\345\206\205\345\212\240\351\200\237\345\231\250\346\200\216\344\271\210\351\200\211\357\274\237.md"
 create mode 100644 "posts/jiaocheng-shiyong-jiaocheng/2025-09-05-\346\265\267\345\244\226\350\256\277\351\227\256\345\233\275\345\206\205\346\234\215\345\212\241\357\274\214\346\200\216\346\240\267\346\211\215\350\203\275\347\277\273\345\242\231\345\277\253.md"
 create mode 100644 "posts/jiaocheng-shiyong-jiaocheng/2025-09-05-\346\265\267\345\244\226\350\256\277\351\227\256\345\233\275\345\206\205\346\234\215\345\212\241\357\274\232\345\205\215\350\264\271\346\234\272\345\234\272\347\232\204\351\202\243\344\272\233\344\272\213\345\204\277.md"
 create mode 100644 "posts/jiaocheng-shiyong-jiaocheng/2025-09-05-\346\265\267\345\244\226\350\256\277\351\227\256\345\233\275\345\206\205\346\234\215\345\212\241\357\274\232\347\277\273\345\242\231\350\275\257\344\273\266\346\216\250\350\215\220\347\237\245\344\271\216\351\202\243\344\272\233\344\272\213.md"
 create mode 100644 "posts/jiaocheng-shiyong-jiaocheng/2025-09-05-\346\265\267\345\244\226\350\256\277\351\227\256\346\235\261\346\226\271\350\262\241\345\257\214app\357\274\237\350\277\231\344\272\233\345\217\227\351\231\220\346\234\215\345\212\241\346\200\216\344\271\210\345\212\236.md"
 create mode 100644 "posts/jiaocheng-shiyong-jiaocheng/2025-09-05-\347\224\265\350\204\221\345\212\240\351\200\237\345\231\250vpn\357\274\232\346\265\267\345\244\226\350\256\277\351\227\256\345\233\275\345\206\205\346\234\215\345\212\241\347\225\205\351\200\232\346\227\240\351\230\273.md"
 create mode 100644 "posts/jiaocheng-shiyong-jiaocheng/2025-09-05-\347\231\276\345\272\246\347\275\221\347\233\230\346\265\267\345\244\226\345\212\240\351\200\237\357\274\232\347\225\205\344\272\253\345\233\275\345\206\205\350\265\204\346\272\220\357\274\214\350\247\243\345\206\263\350\256\277\351\227\256\351\232\276\351\242\230.md"
 create mode 100644 "posts/jiaocheng-shiyong-jiaocheng/2025-09-05-\347\277\273\345\242\231\345\233\236\345\233\275app\357\274\214\350\256\251\346\265\267\345\244\226\345\205\232\346\227\240\345\277\247\347\225\205\344\272\253\345\233\275\345\206\205\347\262\276\345\275\251.md"
 create mode 100644 "posts/tiyu-tiyu-zhibo/2025-08-28-\346\265\267\345\244\226\347\224\250\346\210\267\350\256\277\351\227\256-cctv5\347\272\277\344\270\212\347\234\213-\347\232\204\347\203\246\346\201\274\344\270\216\350\247\243\346\263\225.md"
 create mode 100644 "posts/tiyu-tiyu-zhibo/2025-09-03-\346\265\267\345\244\226\344\275\223\350\202\262\347\233\264\346\222\255\347\275\221\347\273\234\345\217\227\351\231\220\357\274\237\345\256\236\346\265\213\345\245\275\347\224\250\347\232\204\345\233\236\345\233\275\347\275\221\347\273\234\351\203\275\345\234\250.md"
 create mode 100644 "posts/tiyu-tiyu-zhibo/2025-09-03-\346\265\267\345\244\226\345\215\216\344\272\272\346\200\216\344\271\210\347\234\213cctv5\347\233\264\346\222\255\357\274\237\344\272\262\346\265\213\345\233\236\345\233\275\347\275\221\347\273\234\350\247\243\345\206\263\345\212\236\346\263\225.md"
 create mode 100644 "posts/yingyin-huiguo-yingyin/2025-09-03-\346\265\267\345\244\226\345\246\202\344\275\225\347\234\213\350\205\276\350\256\257\350\247\206\351\242\221\357\274\237\351\227\256\351\242\230\344\270\216\344\272\262\346\265\213\345\233\236\345\233\275\347\275\221\347\273\234\350\247\243\346\263\225.md"
 create mode 100644 "posts/yingyin-huiguo-yingyin/2025-09-03-\346\265\267\345\244\226\347\234\213\344\274\230\351\205\267\346\200\216\344\271\210\345\212\236\357\274\237\344\272\262\346\265\213\346\234\211\346\225\210\347\232\204\346\226\271\346\263\225\346\235\245\344\272\206.md"
 create mode 100644 "posts/yinyue-yinyue-yinpin/2025-08-28-\346\265\267\345\244\226\351\237\263\344\271\220\345\234\250\344\270\255\345\233\275\345\244\247\351\231\206\344\271\213\345\244\226\344\270\272\344\275\225\345\217\227\351\231\220\357\274\237\346\210\221\345\246\202\344\275\225\350\247\243\345\206\263\357\274\237.md"
 create mode 100644 "posts/yinyue-yinyue-yinpin/2025-09-03-\346\265\267\345\244\226\347\275\221\346\230\223\344\272\221\346\200\216\344\271\210\347\240\264\357\274\237\351\202\243\344\272\233\345\271\264\346\210\221\344\273\254\344\270\200\350\265\267\350\277\275\350\277\207\347\232\204\344\270\255\345\233\275\347\275\221.md"
 create mode 100644 "posts/yinyue-yinyue-yinpin/2025-09-03-\346\265\267\345\244\226\351\205\267\347\213\227\351\237\263\344\271\220\344\275\277\347\224\250\346\225\231\347\250\213\357\274\232\350\247\243\351\224\201\345\233\275\345\206\205\347\262\276\345\275\251\347\224\237\346\264\273.md"
 create mode 100644 "posts/youxi-huiguo-youxi/2025-09-03-\346\265\267\345\244\226\345\246\202\344\275\225\347\216\251\345\233\275\346\234\215\345\216\237\347\245\236\350\264\246\345\217\267\357\274\237\350\277\231\344\272\233\345\233\275\345\206\205\346\234\215\345\212\241\351\231\220\345\210\266\345\276\210\347\203\246.md"
 create mode 100644 "posts/youxi-huiguo-youxi/2025-09-03-\346\265\267\345\244\226\347\216\251\345\233\275\346\234\215\345\212\240\351\200\237\345\231\250\347\237\245\344\271\216\357\274\232\345\233\275\345\244\226\345\205\232\345\246\202\344\275\225\347\225\205\344\272\253\345\233\275\345\206\205\347\262\276\345\275\251.md"
 create mode 100644 "posts/youxi-huiguo-youxi/2025-09-03-\346\265\267\345\244\226\347\216\251\346\260\270\345\212\253\346\227\240\351\227\264\346\211\213\346\270\270\347\232\204\347\203\246\346\201\274\344\270\216\350\247\243\345\206\263\344\271\213\351\201\223.md"
 create mode 100644 "posts/youxi-huiguo-youxi/2025-09-05-\346\265\267\345\244\226\345\205\232\345\246\202\344\275\225\350\247\243\345\206\263\350\256\277\351\227\256\345\233\275\345\206\205\346\234\215\345\212\241\357\274\214\345\233\275\345\206\205\346\270\270\346\210\217\345\212\240\351\200\237\345\231\250\344\272\206.md"
To https://github.com/huiguojiasuqi/huiguojiasuqi.git
   a8f4d88..63d8536  main -> main
[2026-09-10 18:09:27] batch start=830 n=50
  3964 -> posts/jiaocheng-shiyong-jiaocheng/2025-08-28-海外网盘无法访问？回国网络难题的真实解答.md (2223 chars)
  3963 -> posts/youxi-huiguo-youxi/2025-08-28-海外玩永劫无间什么加速器好用，国内服务访问无.md (2294 chars)
  3962 -> posts/youxi-huiguo-youxi/2025-08-28-海外玩永劫无间国服卡顿？这些国内服务也打不开.md (2749 chars)
  3961 -> posts/jiaocheng-shiyong-jiaocheng/2025-08-28-海外如何注册qq？访问国内受限服务这样解决.md (2785 chars)
  3960 -> posts/youxi-huiguo-youxi/2025-08-28-海外如何玩国内游戏？这些国内服务受限怎么办.md (2829 chars)
  3959 -> posts/tiyu-tiyu-zhibo/2025-08-28-海外如何顺畅访问-cctv5-在线及国内受限服务.md (2306 chars)
  3958 -> posts/tiyu-tiyu-zhibo/2025-08-28-海外如何看cctv5？这些国内服务受限怎么办？.md (2702 chars)
  3957 -> posts/yingyin-huiguo-yingyin/2025-08-28-海外看腾讯视频？这些服务在中国大陆之外的访问.md (3012 chars)
  3956 -> posts/yingyin-huiguo-yingyin/2025-08-28-海外看bilibili卡怎么办？回国网络不卡顿的秘密.md (2728 chars)
  3955 -> posts/duanju-duanju-zhibo/2025-08-28-海外华人直播tv：解决国内应用访问难题.md (2225 chars)
  3954 -> posts/jiaocheng-shiyong-jiaocheng/2025-08-28-海外访问受限服务：归雁加速器有效回国网络处理.md (2504 chars)
  3953 -> posts/jiaocheng-shiyong-jiaocheng/2025-08-28-海外访问国内服务，中国vpn如何解决？.md (2692 chars)
  3952 -> posts/jiaocheng-shiyong-jiaocheng/2025-08-28-海外访问国内服务，免费回国机场怎么办？.md (2481 chars)
  3951 -> posts/jiaocheng-shiyong-jiaocheng/2025-08-28-海外访问国内服务，快帆vpn怎么办？.md (2175 chars)
  3950 -> posts/jiaocheng-shiyong-jiaocheng/2025-08-28-海外访问国内服务，国内外dns怎么破？.md (2406 chars)
  3949 -> posts/jiaocheng-shiyong-jiaocheng/2025-08-28-海外访问国内服务，vpn回国怎么弄？.md (3231 chars)
  3948 -> posts/yingyin-huiguo-yingyin/2025-08-28-海外访问爱奇艺vip破解ptt-遇到的那些事儿，咱聊聊怎.md (2551 chars)
  3947 -> posts/bangong-bangong-baokao/2025-08-28-海外访问12123网络拥堵怎么办？亲测有效的回国网络.md (2568 chars)
  3946 -> posts/jiaocheng-shiyong-jiaocheng/2025-08-28-海外翻墙回国：那些你绕不开的服务限制与真实解.md (3277 chars)
  3945 -> posts/duanju-duanju-zhibo/2025-08-28-海外党用抖音直播vpn解锁国内受限服务的烦恼与对.md (2831 chars)
  3944 -> posts/jiaocheng-shiyong-jiaocheng/2025-08-28-海外党如何应对归雁加速器替代的烦恼.md (2560 chars)
  3943 -> posts/jiaocheng-shiyong-jiaocheng/2025-08-28-海外党如何顺畅访问国内服务，聊聊-malusvpn-的那些事.md (2450 chars)
  3942 -> posts/jiaocheng-shiyong-jiaocheng/2025-08-28-海外党如何解决西游vpn改节点遇到的访问障碍？.md (2588 chars)
  3941 -> posts/jiaocheng-shiyong-jiaocheng/2025-08-28-海外党如何解决访问受限的-malus評價-问题？.md (2044 chars)
  3940 -> posts/jiaocheng-shiyong-jiaocheng/2025-08-28-海外党如何解决-clash-无法访问国内网站的问题.md (2501 chars)
  3939 -> posts/jiaocheng-shiyong-jiaocheng/2025-08-28-海外党福音：一文搞懂翻墙回国路由器怎么用.md (2750 chars)
  3938 -> posts/jiaocheng-shiyong-jiaocheng/2025-08-28-海外党访问-wetv在線高清電影網-真的不难.md (2239 chars)
  3937 -> posts/jiaocheng-shiyong-jiaocheng/2025-08-28-海外党yy不能说话的解决方法：畅享国内网络不设限.md (2558 chars)
  3936 -> posts/jiaocheng-shiyong-jiaocheng/2025-08-28-海外vpn：让您畅享国内网络精彩.md (2420 chars)
  3935 -> posts/jiaocheng-shiyong-jiaocheng/2025-08-28-翻牆回大陸，海外党如何顺畅访问国内服务？.md (2607 chars)
  3934 -> posts/yingyin-huiguo-yingyin/2025-08-28-此视频已在您所在的国家下架怎么办？海外党真实.md (2147 chars)
  3933 -> posts/jiaocheng-shiyong-jiaocheng/2025-08-28-阿联酋微信限制怎么破？海外访问国内服务全攻略.md (2159 chars)
  3932 -> posts/jiaocheng-shiyong-jiaocheng/2025-08-28-阿里云盘破解：海外访问受限服务的亲测解决之道.md (2136 chars)
  3931 -> posts/yingyin-huiguo-yingyin/2025-08-27-海外看动漫怎么办？深度解析与亲测好用回国网络.md (2392 chars)
  3930 -> posts/jiaocheng-shiyong-jiaocheng/2025-08-27-海外访问受限？回国ip的那些事儿.md (2496 chars)
  3929 -> posts/jiaocheng-shiyong-jiaocheng/2025-08-27-海外访问国内服务，快帆ptt的那些事儿.md (2364 chars)
  3928 -> posts/jiaocheng-shiyong-jiaocheng/2025-08-27-海外访问国内服务，回国机场试试这个！.md (2186 chars)
  3927 -> posts/jiaocheng-shiyong-jiaocheng/2025-08-27-海外访问国内服务，翻墙vpn的实际用途与选择.md (2409 chars)
  3926 -> posts/jiaocheng-shiyong-jiaocheng/2025-08-27-海外访问国内服务，guonei访问受限怎么办？.md (2142 chars)
  3925 -> posts/duanju-duanju-zhibo/2025-08-27-海外访问抖音加速器：解锁国内服务受限的真实原.md (2415 chars)
  3924 -> posts/yingyin-huiguo-yingyin/2025-08-27-海外访问大陆版bilibiliptt？原因与回国网络解答.md (2371 chars)
  3923 -> posts/yinyue-yinyue-yinpin/2025-08-27-海外访问qq音乐香港受阻？回国网络原因与亲测解决.md (2203 chars)
  3922 -> posts/tiyu-tiyu-zhibo/2025-08-27-海外访问cctv5haiwai常见问题及应对.md (2050 chars)
  3921 -> posts/yingyin-huiguo-yingyin/2025-08-27-海外访问b站镜像及国内服务受限的那些事儿.md (2296 chars)
  3920 -> posts/duanju-duanju-zhibo/2025-08-27-海外抖音帳號註冊的烦恼与归国网络解决之道.md (2615 chars)
  3919 -> posts/jiaocheng-shiyong-jiaocheng/2025-08-27-海外电视如何翻墙？这些回国加速器亲测有效.md (2415 chars)
  3918 -> posts/jiaocheng-shiyong-jiaocheng/2025-08-27-海外地区限制解除方法软件怎么办？回国网络不绕.md (2637 chars)
  3917 -> posts/jiaocheng-shiyong-jiaocheng/2025-08-27-海外党怎么用台灣網易雲？解锁国内服务的烦恼与.md (2827 chars)
  3916 -> posts/youxi-huiguo-youxi/2025-08-27-海外党怎么玩lol国服？这些服务回国受限怎么办？.md (2677 chars)
  3915 -> posts/jiaocheng-shiyong-jiaocheng/2025-08-27-海外党怎么解决中国国内vpn访问受限问题.md (2176 chars)
done: ok=50 fail=0
[main 7f662e5] publish: posts batch start=830 n=50 (total 880)
 50 files changed, 3759 insertions(+)
 create mode 100644 "posts/bangong-bangong-baokao/2025-08-28-\346\265\267\345\244\226\350\256\277\351\227\25612123\347\275\221\347\273\234\346\213\245\345\240\265\346\200\216\344\271\210\345\212\236\357\274\237\344\272\262\346\265\213\346\234\211\346\225\210\347\232\204\345\233\236\345\233\275\347\275\221\347\273\234.md"
 create mode 100644 "posts/duanju-duanju-zhibo/2025-08-27-\346\265\267\345\244\226\346\212\226\351\237\263\345\270\263\350\231\237\350\250\273\345\206\212\347\232\204\347\203\246\346\201\274\344\270\216\345\275\222\345\233\275\347\275\221\347\273\234\350\247\243\345\206\263\344\271\213\351\201\223.md"
 create mode 100644 "posts/duanju-duanju-zhibo/2025-08-27-\346\265\267\345\244\226\350\256\277\351\227\256\346\212\226\351\237\263\345\212\240\351\200\237\345\231\250\357\274\232\350\247\243\351\224\201\345\233\275\345\206\205\346\234\215\345\212\241\345\217\227\351\231\220\347\232\204\347\234\237\345\256\236\345\216\237.md"
 create mode 100644 "posts/duanju-duanju-zhibo/2025-08-28-\346\265\267\345\244\226\345\205\232\347\224\250\346\212\226\351\237\263\347\233\264\346\222\255vpn\350\247\243\351\224\201\345\233\275\345\206\205\345\217\227\351\231\220\346\234\215\345\212\241\347\232\204\347\203\246\346\201\274\344\270\216\345\257\271.md"
 create mode 100644 "posts/duanju-duanju-zhibo/2025-08-28-\346\265\267\345\244\226\345\215\216\344\272\272\347\233\264\346\222\255tv\357\274\232\350\247\243\345\206\263\345\233\275\345\206\205\345\272\224\347\224\250\350\256\277\351\227\256\351\232\276\351\242\230.md"
 create mode 100644 "posts/jiaocheng-shiyong-jiaocheng/2025-08-27-\346\265\267\345\244\226\345\205\232\346\200\216\344\271\210\347\224\250\345\217\260\347\201\243\347\266\262\346\230\223\351\233\262\357\274\237\350\247\243\351\224\201\345\233\275\345\206\205\346\234\215\345\212\241\347\232\204\347\203\246\346\201\274\344\270\216.md"
 create mode 100644 "posts/jiaocheng-shiyong-jiaocheng/2025-08-27-\346\265\267\345\244\226\345\205\232\346\200\216\344\271\210\350\247\243\345\206\263\344\270\255\345\233\275\345\233\275\345\206\205vpn\350\256\277\351\227\256\345\217\227\351\231\220\351\227\256\351\242\230.md"
 create mode 100644 "posts/jiaocheng-shiyong-jiaocheng/2025-08-27-\346\265\267\345\244\226\345\234\260\345\214\272\351\231\220\345\210\266\350\247\243\351\231\244\346\226\271\346\263\225\350\275\257\344\273\266\346\200\216\344\271\210\345\212\236\357\274\237\345\233\236\345\233\275\347\275\221\347\273\234\344\270\215\347\273\225.md"
 create mode 100644 "posts/jiaocheng-shiyong-jiaocheng/2025-08-27-\346\265\267\345\244\226\347\224\265\350\247\206\345\246\202\344\275\225\347\277\273\345\242\231\357\274\237\350\277\231\344\272\233\345\233\236\345\233\275\345\212\240\351\200\237\345\231\250\344\272\262\346\265\213\346\234\211\346\225\210.md"
 create mode 100644 "posts/jiaocheng-shiyong-jiaocheng/2025-08-27-\346\265\267\345\244\226\350\256\277\351\227\256\345\217\227\351\231\220\357\274\237\345\233\236\345\233\275ip\347\232\204\351\202\243\344\272\233\344\272\213\345\204\277.md"
 create mode 100644 "posts/jiaocheng-shiyong-jiaocheng/2025-08-27-\346\265\267\345\244\226\350\256\277\351\227\256\345\233\275\345\206\205\346\234\215\345\212\241\357\274\214guonei\350\256\277\351\227\256\345\217\227\351\231\220\346\200\216\344\271\210\345\212\236\357\274\237.md"
 create mode 100644 "posts/jiaocheng-shiyong-jiaocheng/2025-08-27-\346\265\267\345\244\226\350\256\277\351\227\256\345\233\275\345\206\205\346\234\215\345\212\241\357\274\214\345\233\236\345\233\275\346\234\272\345\234\272\350\257\225\350\257\225\350\277\231\344\270\252\357\274\201.md"
 create mode 100644 "posts/jiaocheng-shiyong-jiaocheng/2025-08-27-\346\265\267\345\244\226\350\256\277\351\227\256\345\233\275\345\206\205\346\234\215\345\212\241\357\274\214\345\277\253\345\270\206ptt\347\232\204\351\202\243\344\272\233\344\272\213\345\204\277.md"
 create mode 100644 "posts/jiaocheng-shiyong-jiaocheng/2025-08-27-\346\265\267\345\244\226\350\256\277\351\227\256\345\233\275\345\206\205\346\234\215\345\212\241\357\274\214\347\277\273\345\242\231vpn\347\232\204\345\256\236\351\231\205\347\224\250\351\200\224\344\270\216\351\200\211\346\213\251.md"
 create mode 100644 "posts/jiaocheng-shiyong-jiaocheng/2025-08-28-\346\265\267\345\244\226vpn\357\274\232\350\256\251\346\202\250\347\225\205\344\272\253\345\233\275\345\206\205\347\275\221\347\273\234\347\262\276\345\275\251.md"
 create mode 100644 "posts/jiaocheng-shiyong-jiaocheng/2025-08-28-\346\265\267\345\244\226\345\205\232yy\344\270\215\350\203\275\350\257\264\350\257\235\347\232\204\350\247\243\345\206\263\346\226\271\346\263\225\357\274\232\347\225\205\344\272\253\345\233\275\345\206\205\347\275\221\347\273\234\344\270\215\350\256\276\351\231\220.md"
 create mode 100644 "posts/jiaocheng-shiyong-jiaocheng/2025-08-28-\346\265\267\345\244\226\345\205\232\345\246\202\344\275\225\345\272\224\345\257\271\345\275\222\351\233\201\345\212\240\351\200\237\345\231\250\346\233\277\344\273\243\347\232\204\347\203\246\346\201\274.md"
 create mode 100644 "posts/jiaocheng-shiyong-jiaocheng/2025-08-28-\346\265\267\345\244\226\345\205\232\345\246\202\344\275\225\350\247\243\345\206\263-clash-\346\227\240\346\263\225\350\256\277\351\227\256\345\233\275\345\206\205\347\275\221\347\253\231\347\232\204\351\227\256\351\242\230.md"
 create mode 100644 "posts/jiaocheng-shiyong-jiaocheng/2025-08-28-\346\265\267\345\244\226\345\205\232\345\246\202\344\275\225\350\247\243\345\206\263\350\245\277\346\270\270vpn\346\224\271\350\212\202\347\202\271\351\201\207\345\210\260\347\232\204\350\256\277\351\227\256\351\232\234\347\242\215\357\274\237.md"
 create mode 100644 "posts/jiaocheng-shiyong-jiaocheng/2025-08-28-\346\265\267\345\244\226\345\205\232\345\246\202\344\275\225\350\247\243\345\206\263\350\256\277\351\227\256\345\217\227\351\231\220\347\232\204-malus\350\251\225\345\203\271-\351\227\256\351\242\230\357\274\237.md"
 create mode 100644 "posts/jiaocheng-shiyong-jiaocheng/2025-08-28-\346\265\267\345\244\226\345\205\232\345\246\202\344\275\225\351\241\272\347\225\205\350\256\277\351\227\256\345\233\275\345\206\205\346\234\215\345\212\241\357\274\214\350\201\212\350\201\212-malusvpn-\347\232\204\351\202\243\344\272\233\344\272\213.md"
 create mode 100644 "posts/jiaocheng-shiyong-jiaocheng/2025-08-28-\346\265\267\345\244\226\345\205\232\347\246\217\351\237\263\357\274\232\344\270\200\346\226\207\346\220\236\346\207\202\347\277\273\345\242\231\345\233\236\345\233\275\350\267\257\347\224\261\345\231\250\346\200\216\344\271\210\347\224\250.md"
 create mode 100644 "posts/jiaocheng-shiyong-jiaocheng/2025-08-28-\346\265\267\345\244\226\345\205\232\350\256\277\351\227\256-wetv\345\234\250\347\267\232\351\253\230\346\270\205\351\233\273\345\275\261\347\266\262-\347\234\237\347\232\204\344\270\215\351\232\276.md"
 create mode 100644 "posts/jiaocheng-shiyong-jiaocheng/2025-08-28-\346\265\267\345\244\226\345\246\202\344\275\225\346\263\250\345\206\214qq\357\274\237\350\256\277\351\227\256\345\233\275\345\206\205\345\217\227\351\231\220\346\234\215\345\212\241\350\277\231\346\240\267\350\247\243\345\206\263.md"
 create mode 100644 "posts/jiaocheng-shiyong-jiaocheng/2025-08-28-\346\265\267\345\244\226\347\275\221\347\233\230\346\227\240\346\263\225\350\256\277\351\227\256\357\274\237\345\233\236\345\233\275\347\275\221\347\273\234\351\232\276\351\242\230\347\232\204\347\234\237\345\256\236\350\247\243\347\255\224.md"
 create mode 100644 "posts/jiaocheng-shiyong-jiaocheng/2025-08-28-\346\265\267\345\244\226\347\277\273\345\242\231\345\233\236\345\233\275\357\274\232\351\202\243\344\272\233\344\275\240\347\273\225\344\270\215\345\274\200\347\232\204\346\234\215\345\212\241\351\231\220\345\210\266\344\270\216\347\234\237\345\256\236\350\247\243.md"
 create mode 100644 "posts/jiaocheng-shiyong-jiaocheng/2025-08-28-\346\265\267\345\244\226\350\256\277\351\227\256\345\217\227\351\231\220\346\234\215\345\212\241\357\274\232\345\275\222\351\233\201\345\212\240\351\200\237\345\231\250\346\234\211\346\225\210\345\233\236\345\233\275\347\275\221\347\273\234\345\244\204\347\220\206.md"
 create mode 100644 "posts/jiaocheng-shiyong-jiaocheng/2025-08-28-\346\265\267\345\244\226\350\256\277\351\227\256\345\233\275\345\206\205\346\234\215\345\212\241\357\274\214vpn\345\233\236\345\233\275\346\200\216\344\271\210\345\274\204\357\274\237.md"
 create mode 100644 "posts/jiaocheng-shiyong-jiaocheng/2025-08-28-\346\265\267\345\244\226\350\256\277\351\227\256\345\233\275\345\206\205\346\234\215\345\212\241\357\274\214\344\270\255\345\233\275vpn\345\246\202\344\275\225\350\247\243\345\206\263\357\274\237.md"
 create mode 100644 "posts/jiaocheng-shiyong-jiaocheng/2025-08-28-\346\265\267\345\244\226\350\256\277\351\227\256\345\233\275\345\206\205\346\234\215\345\212\241\357\274\214\345\205\215\350\264\271\345\233\236\345\233\275\346\234\272\345\234\272\346\200\216\344\271\210\345\212\236\357\274\237.md"
 create mode 100644 "posts/jiaocheng-shiyong-jiaocheng/2025-08-28-\346\265\267\345\244\226\350\256\277\351\227\256\345\233\275\345\206\205\346\234\215\345\212\241\357\274\214\345\233\275\345\206\205\345\244\226dns\346\200\216\344\271\210\347\240\264\357\274\237.md"
 create mode 100644 "posts/jiaocheng-shiyong-jiaocheng/2025-08-28-\346\265\267\345\244\226\350\256\277\351\227\256\345\233\275\345\206\205\346\234\215\345\212\241\357\274\214\345\277\253\345\270\206vpn\346\200\216\344\271\210\345\212\236\357\274\237.md"
 create mode 100644 "posts/jiaocheng-shiyong-jiaocheng/2025-08-28-\347\277\273\347\211\206\345\233\236\345\244\247\351\231\270\357\274\214\346\265\267\345\244\226\345\205\232\345\246\202\344\275\225\351\241\272\347\225\205\350\256\277\351\227\256\345\233\275\345\206\205\346\234\215\345\212\241\357\274\237.md"
 create mode 100644 "posts/jiaocheng-shiyong-jiaocheng/2025-08-28-\351\230\277\350\201\224\351\205\213\345\276\256\344\277\241\351\231\220\345\210\266\346\200\216\344\271\210\347\240\264\357\274\237\346\265\267\345\244\226\350\256\277\351\227\256\345\233\275\345\206\205\346\234\215\345\212\241\345\205\250\346\224\273\347\225\245.md"
 create mode 100644 "posts/jiaocheng-shiyong-jiaocheng/2025-08-28-\351\230\277\351\207\214\344\272\221\347\233\230\347\240\264\350\247\243\357\274\232\346\265\267\345\244\226\350\256\277\351\227\256\345\217\227\351\231\220\346\234\215\345\212\241\347\232\204\344\272\262\346\265\213\350\247\243\345\206\263\344\271\213\351\201\223.md"
 create mode 100644 "posts/tiyu-tiyu-zhibo/2025-08-27-\346\265\267\345\244\226\350\256\277\351\227\256cctv5haiwai\345\270\270\350\247\201\351\227\256\351\242\230\345\217\212\345\272\224\345\257\271.md"
 create mode 100644 "posts/tiyu-tiyu-zhibo/2025-08-28-\346\265\267\345\244\226\345\246\202\344\275\225\347\234\213cctv5\357\274\237\350\277\231\344\272\233\345\233\275\345\206\205\346\234\215\345\212\241\345\217\227\351\231\220\346\200\216\344\271\210\345\212\236\357\274\237.md"
 create mode 100644 "posts/tiyu-tiyu-zhibo/2025-08-28-\346\265\267\345\244\226\345\246\202\344\275\225\351\241\272\347\225\205\350\256\277\351\227\256-cctv5-\345\234\250\347\272\277\345\217\212\345\233\275\345\206\205\345\217\227\351\231\220\346\234\215\345\212\241.md"
 create mode 100644 "posts/yingyin-huiguo-yingyin/2025-08-27-\346\265\267\345\244\226\347\234\213\345\212\250\346\274\253\346\200\216\344\271\210\345\212\236\357\274\237\346\267\261\345\272\246\350\247\243\346\236\220\344\270\216\344\272\262\346\265\213\345\245\275\347\224\250\345\233\236\345\233\275\347\275\221\347\273\234.md"
 create mode 100644 "posts/yingyin-huiguo-yingyin/2025-08-27-\346\265\267\345\244\226\350\256\277\351\227\256b\347\253\231\351\225\234\345\203\217\345\217\212\345\233\275\345\206\205\346\234\215\345\212\241\345\217\227\351\231\220\347\232\204\351\202\243\344\272\233\344\272\213\345\204\277.md"
 create mode 100644 "posts/yingyin-huiguo-yingyin/2025-08-27-\346\265\267\345\244\226\350\256\277\351\227\256\345\244\247\351\231\206\347\211\210bilibiliptt\357\274\237\345\216\237\345\233\240\344\270\216\345\233\236\345\233\275\347\275\221\347\273\234\350\247\243\347\255\224.md"
 create mode 100644 "posts/yingyin-huiguo-yingyin/2025-08-28-\346\255\244\350\247\206\351\242\221\345\267\262\345\234\250\346\202\250\346\211\200\345\234\250\347\232\204\345\233\275\345\256\266\344\270\213\346\236\266\346\200\216\344\271\210\345\212\236\357\274\237\346\265\267\345\244\226\345\205\232\347\234\237\345\256\236.md"
 create mode 100644 "posts/yingyin-huiguo-yingyin/2025-08-28-\346\265\267\345\244\226\347\234\213bilibili\345\215\241\346\200\216\344\271\210\345\212\236\357\274\237\345\233\236\345\233\275\347\275\221\347\273\234\344\270\215\345\215\241\351\241\277\347\232\204\347\247\230\345\257\206.md"
 create mode 100644 "posts/yingyin-huiguo-yingyin/2025-08-28-\346\265\267\345\244\226\347\234\213\350\205\276\350\256\257\350\247\206\351\242\221\357\274\237\350\277\231\344\272\233\346\234\215\345\212\241\345\234\250\344\270\255\345\233\275\345\244\247\351\231\206\344\271\213\345\244\226\347\232\204\350\256\277\351\227\256.md"
 create mode 100644 "posts/yingyin-huiguo-yingyin/2025-08-28-\346\265\267\345\244\226\350\256\277\351\227\256\347\210\261\345\245\207\350\211\272vip\347\240\264\350\247\243ptt-\351\201\207\345\210\260\347\232\204\351\202\243\344\272\233\344\272\213\345\204\277\357\274\214\345\222\261\350\201\212\350\201\212\346\200\216.md"
 create mode 100644 "posts/yinyue-yinyue-yinpin/2025-08-27-\346\265\267\345\244\226\350\256\277\351\227\256qq\351\237\263\344\271\220\351\246\231\346\270\257\345\217\227\351\230\273\357\274\237\345\233\236\345\233\275\347\275\221\347\273\234\345\216\237\345\233\240\344\270\216\344\272\262\346\265\213\350\247\243\345\206\263.md"
 create mode 100644 "posts/youxi-huiguo-youxi/2025-08-27-\346\265\267\345\244\226\345\205\232\346\200\216\344\271\210\347\216\251lol\345\233\275\346\234\215\357\274\237\350\277\231\344\272\233\346\234\215\345\212\241\345\233\236\345\233\275\345\217\227\351\231\220\346\200\216\344\271\210\345\212\236\357\274\237.md"
 create mode 100644 "posts/youxi-huiguo-youxi/2025-08-28-\346\265\267\345\244\226\345\246\202\344\275\225\347\216\251\345\233\275\345\206\205\346\270\270\346\210\217\357\274\237\350\277\231\344\272\233\345\233\275\345\206\205\346\234\215\345\212\241\345\217\227\351\231\220\346\200\216\344\271\210\345\212\236.md"
 create mode 100644 "posts/youxi-huiguo-youxi/2025-08-28-\346\265\267\345\244\226\347\216\251\346\260\270\345\212\253\346\227\240\351\227\264\344\273\200\344\271\210\345\212\240\351\200\237\345\231\250\345\245\275\347\224\250\357\274\214\345\233\275\345\206\205\346\234\215\345\212\241\350\256\277\351\227\256\346\227\240.md"
 create mode 100644 "posts/youxi-huiguo-youxi/2025-08-28-\346\265\267\345\244\226\347\216\251\346\260\270\345\212\253\346\227\240\351\227\264\345\233\275\346\234\215\345\215\241\351\241\277\357\274\237\350\277\231\344\272\233\345\233\275\345\206\205\346\234\215\345\212\241\344\271\237\346\211\223\344\270\215\345\274\200.md"
To https://github.com/huiguojiasuqi/huiguojiasuqi.git
   63d8536..7f662e5  main -> main
[2026-09-10 18:09:52] batch start=880 n=50
  3914 -> posts/jiaocheng-shiyong-jiaocheng/2025-08-27-海外党怎么解决访问受限问题？vpn飞信适配体验.md (3261 chars)
  3913 -> posts/duanju-duanju-zhibo/2025-08-27-海外党怎么解决大陸抖音註冊dcard的访问难题.md (2332 chars)
  3912 -> posts/jiaocheng-shiyong-jiaocheng/2025-08-27-海外党怎么翻墙访问国内服务？原因与实用回国网.md (2405 chars)
  3911 -> posts/jiaocheng-shiyong-jiaocheng/2025-08-27-海外党遇冷：翻墙浏览器怎么解决国内访问难题？.md (2228 chars)
  3910 -> posts/jiaocheng-shiyong-jiaocheng/2025-08-27-海外党用機場vpnptt怎么解决访问限制？.md (2783 chars)
  3909 -> posts/jiaocheng-shiyong-jiaocheng/2025-08-27-海外党想了解怎么翻墙回国？原因与实际操作.md (2378 chars)
  3908 -> posts/duanju-duanju-zhibo/2025-08-27-海外党如何顺畅访问咪咕海外直播？.md (2661 chars)
  3907 -> posts/tiyu-tiyu-zhibo/2025-08-27-海外党如何顺畅访问cctv5？这几招特别管用.md (2344 chars)
  3906 -> posts/jiaocheng-shiyong-jiaocheng/2025-08-27-海外党如何使用穿梭电脑版访问国内服务？.md (2226 chars)
  3905 -> posts/jiaocheng-shiyong-jiaocheng/2025-08-27-海外党如何实现-vpn回国翻墙，畅享国内网络？.md (2260 chars)
  3904 -> posts/jiaocheng-shiyong-jiaocheng/2025-08-27-海外党如何解决中國vpnip访问限制？.md (2122 chars)
  3903 -> posts/jiaocheng-shiyong-jiaocheng/2025-08-27-海外党如何解决访问国内服务受限问题（vpn国内篇.md (2169 chars)
  3902 -> posts/jiaocheng-shiyong-jiaocheng/2025-08-27-海外党如何解决-vpnwechat-及国内服务访问难题.md (2309 chars)
  3900 -> posts/jiaocheng-shiyong-jiaocheng/2025-08-18-海外回国难？探寻快帆vpn破解背后的真实原因与回.md (2378 chars)
  3899 -> posts/tiyu-tiyu-zhibo/2025-08-18-海外观看cctv5：破解地区限制，畅享国内内容.md (2572 chars)
  3898 -> posts/jiaocheng-shiyong-jiaocheng/2025-08-18-海外访问政府网站进不去？亲测有效的回国网络解.md (2926 chars)
  3897 -> posts/jiaocheng-shiyong-jiaocheng/2025-08-18-海外访问国内服务？了解国内dns设置及解决方案.md (2580 chars)
  3896 -> posts/jiaocheng-shiyong-jiaocheng/2025-08-18-海外访问国内服务：我的国内vpn节点经验分享.md (2281 chars)
  3895 -> posts/jiaocheng-shiyong-jiaocheng/2025-08-18-海外访问国内服务：回国vpn电脑版怎么办？.md (2350 chars)
  3894 -> posts/jiaocheng-shiyong-jiaocheng/2025-08-18-海外访问国内服务，clash回国节点怎么破？.md (2569 chars)
  3893 -> posts/duanju-duanju-zhibo/2025-08-18-海外访问抖音改ip受限？这样解决，国内服务流畅看.md (2567 chars)
  3892 -> posts/jiaocheng-shiyong-jiaocheng/2025-08-18-海外访问yy网页版：这些国内服务为什么打不开？.md (2248 chars)
  3891 -> posts/tiyu-tiyu-zhibo/2025-08-18-海外访问iptvcctv5？亲测有效的回国网络解决方案.md (2342 chars)
  3890 -> posts/bangong-bangong-baokao/2025-08-18-海外访问12123香港：那些让你抓狂的限制与亲测有效.md (2292 chars)
  3889 -> posts/jiaocheng-shiyong-jiaocheng/2025-08-18-海外党怎么在国内如何翻墙？访问国内受限服务亲.md (2396 chars)
  3888 -> posts/jiaocheng-shiyong-jiaocheng/2025-08-18-海外党怎么让快帆电脑版畅通无阻？.md (2445 chars)
  3887 -> posts/jiaocheng-shiyong-jiaocheng/2025-08-18-海外党怎么解决-v2ray回国机场-遇到的限制？.md (2669 chars)
  3886 -> posts/youxi-huiguo-youxi/2025-08-18-海外党想用游戏回国加速器？这些问题你得知道.md (2612 chars)
  3885 -> posts/yinyue-yinyue-yinpin/2025-08-18-海外党如何顺畅访问-qq音乐国际版-及国内服务.md (2034 chars)
  3884 -> posts/jiaocheng-shiyong-jiaocheng/2025-08-18-海外党如何流畅访问中国版权保护中心及国内平台.md (2314 chars)
  3883 -> posts/jiaocheng-shiyong-jiaocheng/2025-08-18-海外党如何解决小红书ip地址怎么改访问限制？亲测.md (2314 chars)
  3882 -> posts/jiaocheng-shiyong-jiaocheng/2025-08-18-海外党如何解决快帆下载遇到的访问问题.md (2115 chars)
  3881 -> posts/jiaocheng-shiyong-jiaocheng/2025-08-18-海外党如何解决访问受限的天眼查破解版？原因与.md (2615 chars)
  3880 -> posts/jiaocheng-shiyong-jiaocheng/2025-08-18-海外党如何解决访问国内受限服务：大陆vpn推荐.md (2575 chars)
  3879 -> posts/jiaocheng-shiyong-jiaocheng/2025-08-18-海外党如何解决愛奇藝地區限制dcard烦恼？亲测有效.md (2174 chars)
  3878 -> posts/jiaocheng-shiyong-jiaocheng/2025-08-18-海外党回国网络：国内vpn推荐与实用解锁技巧.md (2015 chars)
  3877 -> posts/jiaocheng-shiyong-jiaocheng/2025-08-18-海外党回国路漫漫：您的-vpn国-访问疑难解答.md (2453 chars)
  3876 -> posts/jiaocheng-shiyong-jiaocheng/2025-08-18-海外党回国加速：让国内服务畅通无阻.md (2450 chars)
  3875 -> posts/jiaocheng-shiyong-jiaocheng/2025-08-18-海外党还在愁全民k歌破解？国内服务访问问题一次.md (3085 chars)
  3874 -> posts/jiaocheng-shiyong-jiaocheng/2025-08-18-海外党福音：回国节点分享与常见服务解锁之道.md (2350 chars)
  3873 -> posts/jiaocheng-shiyong-jiaocheng/2025-08-18-海外党访问全民k歌原唱遇阻？这些回国方法亲测有.md (2608 chars)
  3872 -> posts/jiaocheng-shiyong-jiaocheng/2025-08-18-海外党访问国内服务，qq註冊遇到麻烦？.md (2145 chars)
  3871 -> posts/jiaocheng-shiyong-jiaocheng/2025-08-18-豆瓣fm海外：海外党访问国内受限服务的实际体验与.md (2458 chars)
  3870 -> posts/yingyin-huiguo-yingyin/2025-08-18-电脑看视频怎么翻回内地？海外党亲测有效解决方.md (2480 chars)
  3869 -> posts/yingyin-huiguo-yingyin/2025-08-18-迪拜为什么不能视频聊天？海外党访问国内服务解.md (2623 chars)
  3868 -> posts/yingyin-huiguo-yingyin/2025-08-18-迪拜不能语音视频怎么办？海外党回国网络经验分.md (2648 chars)
  3867 -> posts/jiaocheng-shiyong-jiaocheng/2025-08-18-穿梭加速器下载，海外访问国内服务无忧（亲测有.md (2503 chars)
  3866 -> posts/jiaocheng-shiyong-jiaocheng/2025-08-18-穿梭vpn好用吗，海外党如何顺畅访问国内网络-副本.md (2177 chars)
  3865 -> posts/jiaocheng-shiyong-jiaocheng/2025-08-18-百度網盤香港註冊：海外黨如何順暢訪問國內精彩.md (2509 chars)
  3864 -> posts/jiaocheng-shiyong-jiaocheng/2025-08-18-阿里雲盤海外註冊-与国内服务访问那些事儿.md (2421 chars)
done: ok=50 fail=0
[main 21334ba] publish: posts batch start=880 n=50 (total 930)
 50 files changed, 1949 insertions(+)
 create mode 100644 "posts/bangong-bangong-baokao/2025-08-18-\346\265\267\345\244\226\350\256\277\351\227\25612123\351\246\231\346\270\257\357\274\232\351\202\243\344\272\233\350\256\251\344\275\240\346\212\223\347\213\202\347\232\204\351\231\220\345\210\266\344\270\216\344\272\262\346\265\213\346\234\211\346\225\210.md"
 create mode 100644 "posts/duanju-duanju-zhibo/2025-08-18-\346\265\267\345\244\226\350\256\277\351\227\256\346\212\226\351\237\263\346\224\271ip\345\217\227\351\231\220\357\274\237\350\277\231\346\240\267\350\247\243\345\206\263\357\274\214\345\233\275\345\206\205\346\234\215\345\212\241\346\265\201\347\225\205\347\234\213.md"
 create mode 100644 "posts/duanju-duanju-zhibo/2025-08-27-\346\265\267\345\244\226\345\205\232\345\246\202\344\275\225\351\241\272\347\225\205\350\256\277\351\227\256\345\222\252\345\222\225\346\265\267\345\244\226\347\233\264\346\222\255\357\274\237.md"
 create mode 100644 "posts/duanju-duanju-zhibo/2025-08-27-\346\265\267\345\244\226\345\205\232\346\200\216\344\271\210\350\247\243\345\206\263\345\244\247\351\231\270\346\212\226\351\237\263\350\250\273\345\206\212dcard\347\232\204\350\256\277\351\227\256\351\232\276\351\242\230.md"
 create mode 100644 "posts/jiaocheng-shiyong-jiaocheng/2025-08-18-\346\265\267\345\244\226\345\205\232\345\233\236\345\233\275\345\212\240\351\200\237\357\274\232\350\256\251\345\233\275\345\206\205\346\234\215\345\212\241\347\225\205\351\200\232\346\227\240\351\230\273.md"
 create mode 100644 "posts/jiaocheng-shiyong-jiaocheng/2025-08-18-\346\265\267\345\244\226\345\205\232\345\233\236\345\233\275\347\275\221\347\273\234\357\274\232\345\233\275\345\206\205vpn\346\216\250\350\215\220\344\270\216\345\256\236\347\224\250\350\247\243\351\224\201\346\212\200\345\267\247.md"
 create mode 100644 "posts/jiaocheng-shiyong-jiaocheng/2025-08-18-\346\265\267\345\244\226\345\205\232\345\233\236\345\233\275\350\267\257\346\274\253\346\274\253\357\274\232\346\202\250\347\232\204-vpn\345\233\275-\350\256\277\351\227\256\347\226\221\351\232\276\350\247\243\347\255\224.md"
 create mode 100644 "posts/jiaocheng-shiyong-jiaocheng/2025-08-18-\346\265\267\345\244\226\345\205\232\345\246\202\344\275\225\346\265\201\347\225\205\350\256\277\351\227\256\344\270\255\345\233\275\347\211\210\346\235\203\344\277\235\346\212\244\344\270\255\345\277\203\345\217\212\345\233\275\345\206\205\345\271\263\345\217\260.md"
 create mode 100644 "posts/jiaocheng-shiyong-jiaocheng/2025-08-18-\346\265\267\345\244\226\345\205\232\345\246\202\344\275\225\350\247\243\345\206\263\345\260\217\347\272\242\344\271\246ip\345\234\260\345\235\200\346\200\216\344\271\210\346\224\271\350\256\277\351\227\256\351\231\220\345\210\266\357\274\237\344\272\262\346\265\213.md"
 create mode 100644 "posts/jiaocheng-shiyong-jiaocheng/2025-08-18-\346\265\267\345\244\226\345\205\232\345\246\202\344\275\225\350\247\243\345\206\263\345\277\253\345\270\206\344\270\213\350\275\275\351\201\207\345\210\260\347\232\204\350\256\277\351\227\256\351\227\256\351\242\230.md"
 create mode 100644 "posts/jiaocheng-shiyong-jiaocheng/2025-08-18-\346\265\267\345\244\226\345\205\232\345\246\202\344\275\225\350\247\243\345\206\263\346\204\233\345\245\207\350\227\235\345\234\260\345\215\200\351\231\220\345\210\266dcard\347\203\246\346\201\274\357\274\237\344\272\262\346\265\213\346\234\211\346\225\210.md"
 create mode 100644 "posts/jiaocheng-shiyong-jiaocheng/2025-08-18-\346\265\267\345\244\226\345\205\232\345\246\202\344\275\225\350\247\243\345\206\263\350\256\277\351\227\256\345\217\227\351\231\220\347\232\204\345\244\251\347\234\274\346\237\245\347\240\264\350\247\243\347\211\210\357\274\237\345\216\237\345\233\240\344\270\216.md"
 create mode 100644 "posts/jiaocheng-shiyong-jiaocheng/2025-08-18-\346\265\267\345\244\226\345\205\232\345\246\202\344\275\225\350\247\243\345\206\263\350\256\277\351\227\256\345\233\275\345\206\205\345\217\227\351\231\220\346\234\215\345\212\241\357\274\232\345\244\247\351\231\206vpn\346\216\250\350\215\220.md"
 create mode 100644 "posts/jiaocheng-shiyong-jiaocheng/2025-08-18-\346\265\267\345\244\226\345\205\232\346\200\216\344\271\210\345\234\250\345\233\275\345\206\205\345\246\202\344\275\225\347\277\273\345\242\231\357\274\237\350\256\277\351\227\256\345\233\275\345\206\205\345\217\227\351\231\220\346\234\215\345\212\241\344\272\262.md"
 create mode 100644 "posts/jiaocheng-shiyong-jiaocheng/2025-08-18-\346\265\267\345\244\226\345\205\232\346\200\216\344\271\210\350\247\243\345\206\263-v2ray\345\233\236\345\233\275\346\234\272\345\234\272-\351\201\207\345\210\260\347\232\204\351\231\220\345\210\266\357\274\237.md"
 create mode 100644 "posts/jiaocheng-shiyong-jiaocheng/2025-08-18-\346\265\267\345\244\226\345\205\232\346\200\216\344\271\210\350\256\251\345\277\253\345\270\206\347\224\265\350\204\221\347\211\210\347\225\205\351\200\232\346\227\240\351\230\273\357\274\237.md"
 create mode 100644 "posts/jiaocheng-shiyong-jiaocheng/2025-08-18-\346\265\267\345\244\226\345\205\232\347\246\217\351\237\263\357\274\232\345\233\236\345\233\275\350\212\202\347\202\271\345\210\206\344\272\253\344\270\216\345\270\270\350\247\201\346\234\215\345\212\241\350\247\243\351\224\201\344\271\213\351\201\223.md"
 create mode 100644 "posts/jiaocheng-shiyong-jiaocheng/2025-08-18-\346\265\267\345\244\226\345\205\232\350\256\277\351\227\256\345\205\250\346\260\221k\346\255\214\345\216\237\345\224\261\351\201\207\351\230\273\357\274\237\350\277\231\344\272\233\345\233\236\345\233\275\346\226\271\346\263\225\344\272\262\346\265\213\346\234\211.md"
 create mode 100644 "posts/jiaocheng-shiyong-jiaocheng/2025-08-18-\346\265\267\345\244\226\345\205\232\350\256\277\351\227\256\345\233\275\345\206\205\346\234\215\345\212\241\357\274\214qq\350\250\273\345\206\212\351\201\207\345\210\260\351\272\273\347\203\246\357\274\237.md"
 create mode 100644 "posts/jiaocheng-shiyong-jiaocheng/2025-08-18-\346\265\267\345\244\226\345\205\232\350\277\230\345\234\250\346\204\201\345\205\250\346\260\221k\346\255\214\347\240\264\350\247\243\357\274\237\345\233\275\345\206\205\346\234\215\345\212\241\350\256\277\351\227\256\351\227\256\351\242\230\344\270\200\346\254\241.md"
 create mode 100644 "posts/jiaocheng-shiyong-jiaocheng/2025-08-18-\346\265\267\345\244\226\345\233\236\345\233\275\351\232\276\357\274\237\346\216\242\345\257\273\345\277\253\345\270\206vpn\347\240\264\350\247\243\350\203\214\345\220\216\347\232\204\347\234\237\345\256\236\345\216\237\345\233\240\344\270\216\345\233\236.md"
 create mode 100644 "posts/jiaocheng-shiyong-jiaocheng/2025-08-18-\346\265\267\345\244\226\350\256\277\351\227\256yy\347\275\221\351\241\265\347\211\210\357\274\232\350\277\231\344\272\233\345\233\275\345\206\205\346\234\215\345\212\241\344\270\272\344\273\200\344\271\210\346\211\223\344\270\215\345\274\200\357\274\237.md"
 create mode 100644 "posts/jiaocheng-shiyong-jiaocheng/2025-08-18-\346\265\267\345\244\226\350\256\277\351\227\256\345\233\275\345\206\205\346\234\215\345\212\241\357\274\214clash\345\233\236\345\233\275\350\212\202\347\202\271\346\200\216\344\271\210\347\240\264\357\274\237.md"
 create mode 100644 "posts/jiaocheng-shiyong-jiaocheng/2025-08-18-\346\265\267\345\244\226\350\256\277\351\227\256\345\233\275\345\206\205\346\234\215\345\212\241\357\274\232\345\233\236\345\233\275vpn\347\224\265\350\204\221\347\211\210\346\200\216\344\271\210\345\212\236\357\274\237.md"
 create mode 100644 "posts/jiaocheng-shiyong-jiaocheng/2025-08-18-\346\265\267\345\244\226\350\256\277\351\227\256\345\233\275\345\206\205\346\234\215\345\212\241\357\274\232\346\210\221\347\232\204\345\233\275\345\206\205vpn\350\212\202\347\202\271\347\273\217\351\252\214\345\210\206\344\272\253.md"
 create mode 100644 "posts/jiaocheng-shiyong-jiaocheng/2025-08-18-\346\265\267\345\244\226\350\256\277\351\227\256\345\233\275\345\206\205\346\234\215\345\212\241\357\274\237\344\272\206\350\247\243\345\233\275\345\206\205dns\350\256\276\347\275\256\345\217\212\350\247\243\345\206\263\346\226\271\346\241\210.md"
 create mode 100644 "posts/jiaocheng-shiyong-jiaocheng/2025-08-18-\346\265\267\345\244\226\350\256\277\351\227\256\346\224\277\345\272\234\347\275\221\347\253\231\350\277\233\344\270\215\345\216\273\357\274\237\344\272\262\346\265\213\346\234\211\346\225\210\347\232\204\345\233\236\345\233\275\347\275\221\347\273\234\350\247\243.md"
 create mode 100644 "posts/jiaocheng-shiyong-jiaocheng/2025-08-18-\347\231\276\345\272\246\347\266\262\347\233\244\351\246\231\346\270\257\350\250\273\345\206\212\357\274\232\346\265\267\345\244\226\351\273\250\345\246\202\344\275\225\351\240\206\346\232\242\350\250\252\345\225\217\345\234\213\345\205\247\347\262\276\345\275\251.md"
 create mode 100644 "posts/jiaocheng-shiyong-jiaocheng/2025-08-18-\347\251\277\346\242\255vpn\345\245\275\347\224\250\345\220\227\357\274\214\346\265\267\345\244\226\345\205\232\345\246\202\344\275\225\351\241\272\347\225\205\350\256\277\351\227\256\345\233\275\345\206\205\347\275\221\347\273\234-\345\211\257\346\234\254.md"
 create mode 100644 "posts/jiaocheng-shiyong-jiaocheng/2025-08-18-\347\251\277\346\242\255\345\212\240\351\200\237\345\231\250\344\270\213\350\275\275\357\274\214\346\265\267\345\244\226\350\256\277\351\227\256\345\233\275\345\206\205\346\234\215\345\212\241\346\227\240\345\277\247\357\274\210\344\272\262\346\265\213\346\234\211.md"
 create mode 100644 "posts/jiaocheng-shiyong-jiaocheng/2025-08-18-\350\261\206\347\223\243fm\346\265\267\345\244\226\357\274\232\346\265\267\345\244\226\345\205\232\350\256\277\351\227\256\345\233\275\345\206\205\345\217\227\351\231\220\346\234\215\345\212\241\347\232\204\345\256\236\351\231\205\344\275\223\351\252\214\344\270\216.md"
 create mode 100644 "posts/jiaocheng-shiyong-jiaocheng/2025-08-18-\351\230\277\351\207\214\351\233\262\347\233\244\346\265\267\345\244\226\350\250\273\345\206\212-\344\270\216\345\233\275\345\206\205\346\234\215\345\212\241\350\256\277\351\227\256\351\202\243\344\272\233\344\272\213\345\204\277.md"
 create mode 100644 "posts/jiaocheng-shiyong-jiaocheng/2025-08-27-\346\265\267\345\244\226\345\205\232\345\246\202\344\275\225\344\275\277\347\224\250\347\251\277\346\242\255\347\224\265\350\204\221\347\211\210\350\256\277\351\227\256\345\233\275\345\206\205\346\234\215\345\212\241\357\274\237.md"
 create mode 100644 "posts/jiaocheng-shiyong-jiaocheng/2025-08-27-\346\265\267\345\244\226\345\205\232\345\246\202\344\275\225\345\256\236\347\216\260-vpn\345\233\236\345\233\275\347\277\273\345\242\231\357\274\214\347\225\205\344\272\253\345\233\275\345\206\205\347\275\221\347\273\234\357\274\237.md"
 create mode 100644 "posts/jiaocheng-shiyong-jiaocheng/2025-08-27-\346\265\267\345\244\226\345\205\232\345\246\202\344\275\225\350\247\243\345\206\263-vpnwechat-\345\217\212\345\233\275\345\206\205\346\234\215\345\212\241\350\256\277\351\227\256\351\232\276\351\242\230.md"
 create mode 100644 "posts/jiaocheng-shiyong-jiaocheng/2025-08-27-\346\265\267\345\244\226\345\205\232\345\246\202\344\275\225\350\247\243\345\206\263\344\270\255\345\234\213vpnip\350\256\277\351\227\256\351\231\220\345\210\266\357\274\237.md"
 create mode 100644 "posts/jiaocheng-shiyong-jiaocheng/2025-08-27-\346\265\267\345\244\226\345\205\232\345\246\202\344\275\225\350\247\243\345\206\263\350\256\277\351\227\256\345\233\275\345\206\205\346\234\215\345\212\241\345\217\227\351\231\220\351\227\256\351\242\230\357\274\210vpn\345\233\275\345\206\205\347\257\207.md"
 create mode 100644 "posts/jiaocheng-shiyong-jiaocheng/2025-08-27-\346\265\267\345\244\226\345\205\232\346\200\216\344\271\210\347\277\273\345\242\231\350\256\277\351\227\256\345\233\275\345\206\205\346\234\215\345\212\241\357\274\237\345\216\237\345\233\240\344\270\216\345\256\236\347\224\250\345\233\236\345\233\275\347\275\221.md"
 create mode 100644 "posts/jiaocheng-shiyong-jiaocheng/2025-08-27-\346\265\267\345\244\226\345\205\232\346\200\216\344\271\210\350\247\243\345\206\263\350\256\277\351\227\256\345\217\227\351\231\220\351\227\256\351\242\230\357\274\237vpn\351\243\236\344\277\241\351\200\202\351\205\215\344\275\223\351\252\214.md"
 create mode 100644 "posts/jiaocheng-shiyong-jiaocheng/2025-08-27-\346\265\267\345\244\226\345\205\232\346\203\263\344\272\206\350\247\243\346\200\216\344\271\210\347\277\273\345\242\231\345\233\236\345\233\275\357\274\237\345\216\237\345\233\240\344\270\216\345\256\236\351\231\205\346\223\215\344\275\234.md"
 create mode 100644 "posts/jiaocheng-shiyong-jiaocheng/2025-08-27-\346\265\267\345\244\226\345\205\232\347\224\250\346\251\237\345\240\264vpnptt\346\200\216\344\271\210\350\247\243\345\206\263\350\256\277\351\227\256\351\231\220\345\210\266\357\274\237.md"
 create mode 100644 "posts/jiaocheng-shiyong-jiaocheng/2025-08-27-\346\265\267\345\244\226\345\205\232\351\201\207\345\206\267\357\274\232\347\277\273\345\242\231\346\265\217\350\247\210\345\231\250\346\200\216\344\271\210\350\247\243\345\206\263\345\233\275\345\206\205\350\256\277\351\227\256\351\232\276\351\242\230\357\274\237.md"
 create mode 100644 "posts/tiyu-tiyu-zhibo/2025-08-18-\346\265\267\345\244\226\350\247\202\347\234\213cctv5\357\274\232\347\240\264\350\247\243\345\234\260\345\214\272\351\231\220\345\210\266\357\274\214\347\225\205\344\272\253\345\233\275\345\206\205\345\206\205\345\256\271.md"
 create mode 100644 "posts/tiyu-tiyu-zhibo/2025-08-18-\346\265\267\345\244\226\350\256\277\351\227\256iptvcctv5\357\274\237\344\272\262\346\265\213\346\234\211\346\225\210\347\232\204\345\233\236\345\233\275\347\275\221\347\273\234\350\247\243\345\206\263\346\226\271\346\241\210.md"
 create mode 100644 "posts/tiyu-tiyu-zhibo/2025-08-27-\346\265\267\345\244\226\345\205\232\345\246\202\344\275\225\351\241\272\347\225\205\350\256\277\351\227\256cctv5\357\274\237\350\277\231\345\207\240\346\213\233\347\211\271\345\210\253\347\256\241\347\224\250.md"
 create mode 100644 "posts/yingyin-huiguo-yingyin/2025-08-18-\347\224\265\350\204\221\347\234\213\350\247\206\351\242\221\346\200\216\344\271\210\347\277\273\345\233\236\345\206\205\345\234\260\357\274\237\346\265\267\345\244\226\345\205\232\344\272\262\346\265\213\346\234\211\346\225\210\350\247\243\345\206\263\346\226\271.md"
 create mode 100644 "posts/yingyin-huiguo-yingyin/2025-08-18-\350\277\252\346\213\234\344\270\215\350\203\275\350\257\255\351\237\263\350\247\206\351\242\221\346\200\216\344\271\210\345\212\236\357\274\237\346\265\267\345\244\226\345\205\232\345\233\236\345\233\275\347\275\221\347\273\234\347\273\217\351\252\214\345\210\206.md"
 create mode 100644 "posts/yingyin-huiguo-yingyin/2025-08-18-\350\277\252\346\213\234\344\270\272\344\273\200\344\271\210\344\270\215\350\203\275\350\247\206\351\242\221\350\201\212\345\244\251\357\274\237\346\265\267\345\244\226\345\205\232\350\256\277\351\227\256\345\233\275\345\206\205\346\234\215\345\212\241\350\247\243.md"
 create mode 100644 "posts/yinyue-yinyue-yinpin/2025-08-18-\346\265\267\345\244\226\345\205\232\345\246\202\344\275\225\351\241\272\347\225\205\350\256\277\351\227\256-qq\351\237\263\344\271\220\345\233\275\351\231\205\347\211\210-\345\217\212\345\233\275\345\206\205\346\234\215\345\212\241.md"
 create mode 100644 "posts/youxi-huiguo-youxi/2025-08-18-\346\265\267\345\244\226\345\205\232\346\203\263\347\224\250\346\270\270\346\210\217\345\233\236\345\233\275\345\212\240\351\200\237\345\231\250\357\274\237\350\277\231\344\272\233\351\227\256\351\242\230\344\275\240\345\276\227\347\237\245\351\201\223.md"
To https://github.com/huiguojiasuqi/huiguojiasuqi.git
   7f662e5..21334ba  main -> main
[2026-09-10 18:10:18] batch start=930 n=50
  3863 -> posts/jiaocheng-shiyong-jiaocheng/2025-08-14-海外党如何顺畅访问国内服务？回國vpn免費背后的.md (2745 chars)
  3862 -> posts/jiaocheng-shiyong-jiaocheng/2025-08-14-海外党如何顺畅翻墙到中国？回国网络难题破解.md (2513 chars)
  3861 -> posts/jiaocheng-shiyong-jiaocheng/2025-08-14-海外党如何让-chrome加速器-恢复访问国内服务.md (2476 chars)
  3860 -> posts/jiaocheng-shiyong-jiaocheng/2025-08-14-海外党如何解决雲視聽小電視ios访问受限？.md (2686 chars)
  3859 -> posts/jiaocheng-shiyong-jiaocheng/2025-08-14-海外党困扰：咪咕海外註冊与国内服务访问难题.md (2335 chars)
  3858 -> posts/jiaocheng-shiyong-jiaocheng/2025-08-14-海外党机场搭建遇阻？回国网络这块得这么办.md (2300 chars)
  3857 -> posts/jiaocheng-shiyong-jiaocheng/2025-08-14-海外党回国网络痛点：中囯vpn怎么解决？.md (2417 chars)
  3856 -> posts/jiaocheng-shiyong-jiaocheng/2025-08-14-海外党回国难？试试这个-vpn推薦-解锁国内精彩.md (2234 chars)
  3855 -> posts/jiaocheng-shiyong-jiaocheng/2025-08-14-海外党回国节点怎么选？亲测有效访问国内服务.md (2627 chars)
  3854 -> posts/jiaocheng-shiyong-jiaocheng/2025-08-14-海外党回国：穿梭vpnptt-的那些事儿.md (2548 chars)
  3853 -> posts/yingyin-huiguo-yingyin/2025-08-14-海外党访问哔哩哔哩港澳台，为什么不行？简单方.md (2574 chars)
  3852 -> posts/jiaocheng-shiyong-jiaocheng/2025-08-14-海外党电脑翻墙访问国内服务：真实经验与解决之.md (2498 chars)
  3851 -> posts/jiaocheng-shiyong-jiaocheng/2025-08-14-海外党：夸克海外注册怎么破？访问国内受限服务.md (2934 chars)
  3850 -> posts/jiaocheng-shiyong-jiaocheng/2025-08-14-海外党：clash回国机场，这些国内服务连不上怎么办.md (2565 chars)
  3849 -> posts/jiaocheng-shiyong-jiaocheng/2025-08-14-海外qq注册也遇到麻烦？国内服务访问全攻略.md (2176 chars)
  3848 -> posts/jiaocheng-shiyong-jiaocheng/2025-08-14-海外ip地址困扰？国内服务访问受限的原因及回国网.md (2337 chars)
  3847 -> posts/jiaocheng-shiyong-jiaocheng/2025-08-14-还在为永久免費回國vpn烦恼？试试这些方法.md (1939 chars)
  3846 -> posts/tiyu-tiyu-zhibo/2025-08-14-还在为-cctv5海外频道-受限烦恼？亲测有效的回国网络.md (2408 chars)
  3845 -> posts/yingyin-huiguo-yingyin/2025-08-14-翻墙看电影难？海外党回国网络全知道.md (2503 chars)
  3844 -> posts/jiaocheng-shiyong-jiaocheng/2025-08-14-電腦怎麼翻牆访问国内应用？海外党必看解决方法.md (2983 chars)
  3843 -> posts/yingyin-huiguo-yingyin/2025-08-14-迪拜为啥不能微信视频？海外党访问国内服务的那.md (2847 chars)
  3842 -> posts/jiaocheng-shiyong-jiaocheng/2025-08-14-迪拜微信打不了语音电话怎么办？海外党亲测好用.md (2519 chars)
  3841 -> posts/jiaocheng-shiyong-jiaocheng/2025-08-14-穿梭vpn怎么用最全讲解（海外党亲测有效）.md (3392 chars)
  3840 -> posts/jiaocheng-shiyong-jiaocheng/2025-08-14-阿联酋用不了微信电话怎么办？海外党亲测解决方.md (2179 chars)
  3838 -> posts/tiyu-tiyu-zhibo/2025-08-02-海外用户观看-cctv5線上直播-遇到的那些事儿.md (2379 chars)
  3837 -> posts/jiaocheng-shiyong-jiaocheng/2025-08-02-海外用户访问国内网站的难题与真实回国方法.md (2302 chars)
  3836 -> posts/tiyu-tiyu-zhibo/2025-08-02-海外收看cctv5怎么办？解决国内访问限制.md (2309 chars)
  3835 -> posts/jiaocheng-shiyong-jiaocheng/2025-08-02-海外如何顺畅访问国内服务？番茄回国vpn的实用参.md (2210 chars)
  3834 -> posts/jiaocheng-shiyong-jiaocheng/2025-08-02-海外如何进行回国线路搭建？轻松访问国内受限服.md (3039 chars)
  3833 -> posts/yingyin-huiguo-yingyin/2025-08-02-海外朋友看爱奇艺地区限制怎么办？国内服务解锁.md (2289 chars)
  3832 -> posts/jiaocheng-shiyong-jiaocheng/2025-08-02-海外留学生如何解决访问国内服务受限问题？留学.md (2225 chars)
  3831 -> posts/jiaocheng-shiyong-jiaocheng/2025-08-02-海外看cctv那些事儿：解锁国内服务限制.md (2387 chars)
  3830 -> posts/youxi-huiguo-youxi/2025-08-02-海外回国游戏加速器：让国内网络服务畅通无阻.md (3008 chars)
  3829 -> posts/jiaocheng-shiyong-jiaocheng/2025-08-02-海外访问中国节点：那些不顺畅的瞬间与解决之道.md (2236 chars)
  3828 -> posts/jiaocheng-shiyong-jiaocheng/2025-08-02-海外访问受限？国内ip地址问题的亲测解决之道.md (2583 chars)
  3827 -> posts/jiaocheng-shiyong-jiaocheng/2025-08-02-海外访问酷狗破解？这里有真实有效的回国网络解.md (2904 chars)
  3826 -> posts/jiaocheng-shiyong-jiaocheng/2025-08-02-海外访问国内网站的那些事儿，亲测有效的方法在.md (2872 chars)
  3825 -> posts/jiaocheng-shiyong-jiaocheng/2025-08-02-海外访问国内服务受限？穿梭chrome的实用回国网络之.md (2471 chars)
  3824 -> posts/jiaocheng-shiyong-jiaocheng/2025-08-02-海外访问国内服务？聊聊永劫改地區的那些事.md (2180 chars)
  3823 -> posts/jiaocheng-shiyong-jiaocheng/2025-08-02-海外访问国内服务，回国节点机场怎么办？.md (2522 chars)
  3822 -> posts/jiaocheng-shiyong-jiaocheng/2025-08-02-海外访问国内服务，翻墙必看知乎这些事儿.md (1896 chars)
  3821 -> posts/jiaocheng-shiyong-jiaocheng/2025-08-02-海外访问国内服务，fly2cn-的常见困扰与解决之道.md (2397 chars)
  3820 -> posts/jiaocheng-shiyong-jiaocheng/2025-08-02-海外访问愛奇藝大陸版vpn-的那些事儿.md (2772 chars)
  3819 -> posts/yinyue-yinyue-yinpin/2025-08-02-海外访问qq音乐台湾ios受限？这些原因和回家办.md (2173 chars)
  3818 -> posts/jiaocheng-shiyong-jiaocheng/2025-08-02-海外访问golink好用吗？解决访问受限的经验分享.md (2168 chars)
  3817 -> posts/yingyin-huiguo-yingyin/2025-08-02-海外访问b站ptt，这些服务受限如何破？.md (2337 chars)
  3816 -> posts/jiaocheng-shiyong-jiaocheng/2025-08-02-海外访问-malus加速器ptt？这些国内服务限制就这样解决.md (2423 chars)
  3815 -> posts/yingyin-huiguo-yingyin/2025-08-02-海外电影网站怎么办？回国网络卡顿的真实原因与.md (2810 chars)
  3814 -> posts/jiaocheng-shiyong-jiaocheng/2025-08-02-海外地区限制无法观看怎么办？亲测有效的回国网.md (2484 chars)
  3813 -> posts/jiaocheng-shiyong-jiaocheng/2025-07-31-海外党如何畅游国内网络？vpn加速器是关键.md (2331 chars)
done: ok=50 fail=0
[main 562756a] publish: posts batch start=930 n=50 (total 980)
 50 files changed, 3679 insertions(+)
 create mode 100644 "posts/jiaocheng-shiyong-jiaocheng/2025-07-31-\346\265\267\345\244\226\345\205\232\345\246\202\344\275\225\347\225\205\346\270\270\345\233\275\345\206\205\347\275\221\347\273\234\357\274\237vpn\345\212\240\351\200\237\345\231\250\346\230\257\345\205\263\351\224\256.md"
 create mode 100644 "posts/jiaocheng-shiyong-jiaocheng/2025-08-02-\346\265\267\345\244\226\345\234\260\345\214\272\351\231\220\345\210\266\346\227\240\346\263\225\350\247\202\347\234\213\346\200\216\344\271\210\345\212\236\357\274\237\344\272\262\346\265\213\346\234\211\346\225\210\347\232\204\345\233\236\345\233\275\347\275\221.md"
 create mode 100644 "posts/jiaocheng-shiyong-jiaocheng/2025-08-02-\346\265\267\345\244\226\345\246\202\344\275\225\350\277\233\350\241\214\345\233\236\345\233\275\347\272\277\350\267\257\346\220\255\345\273\272\357\274\237\350\275\273\346\235\276\350\256\277\351\227\256\345\233\275\345\206\205\345\217\227\351\231\220\346\234\215.md"
 create mode 100644 "posts/jiaocheng-shiyong-jiaocheng/2025-08-02-\346\265\267\345\244\226\345\246\202\344\275\225\351\241\272\347\225\205\350\256\277\351\227\256\345\233\275\345\206\205\346\234\215\345\212\241\357\274\237\347\225\252\350\214\204\345\233\236\345\233\275vpn\347\232\204\345\256\236\347\224\250\345\217\202.md"
 create mode 100644 "posts/jiaocheng-shiyong-jiaocheng/2025-08-02-\346\265\267\345\244\226\347\224\250\346\210\267\350\256\277\351\227\256\345\233\275\345\206\205\347\275\221\347\253\231\347\232\204\351\232\276\351\242\230\344\270\216\347\234\237\345\256\236\345\233\236\345\233\275\346\226\271\346\263\225.md"
 create mode 100644 "posts/jiaocheng-shiyong-jiaocheng/2025-08-02-\346\265\267\345\244\226\347\225\231\345\255\246\347\224\237\345\246\202\344\275\225\350\247\243\345\206\263\350\256\277\351\227\256\345\233\275\345\206\205\346\234\215\345\212\241\345\217\227\351\231\220\351\227\256\351\242\230\357\274\237\347\225\231\345\255\246.md"
 create mode 100644 "posts/jiaocheng-shiyong-jiaocheng/2025-08-02-\346\265\267\345\244\226\347\234\213cctv\351\202\243\344\272\233\344\272\213\345\204\277\357\274\232\350\247\243\351\224\201\345\233\275\345\206\205\346\234\215\345\212\241\351\231\220\345\210\266.md"
 create mode 100644 "posts/jiaocheng-shiyong-jiaocheng/2025-08-02-\346\265\267\345\244\226\350\256\277\351\227\256-malus\345\212\240\351\200\237\345\231\250ptt\357\274\237\350\277\231\344\272\233\345\233\275\345\206\205\346\234\215\345\212\241\351\231\220\345\210\266\345\260\261\350\277\231\346\240\267\350\247\243\345\206\263.md"
 create mode 100644 "posts/jiaocheng-shiyong-jiaocheng/2025-08-02-\346\265\267\345\244\226\350\256\277\351\227\256golink\345\245\275\347\224\250\345\220\227\357\274\237\350\247\243\345\206\263\350\256\277\351\227\256\345\217\227\351\231\220\347\232\204\347\273\217\351\252\214\345\210\206\344\272\253.md"
 create mode 100644 "posts/jiaocheng-shiyong-jiaocheng/2025-08-02-\346\265\267\345\244\226\350\256\277\351\227\256\344\270\255\345\233\275\350\212\202\347\202\271\357\274\232\351\202\243\344\272\233\344\270\215\351\241\272\347\225\205\347\232\204\347\236\254\351\227\264\344\270\216\350\247\243\345\206\263\344\271\213\351\201\223.md"
 create mode 100644 "posts/jiaocheng-shiyong-jiaocheng/2025-08-02-\346\265\267\345\244\226\350\256\277\351\227\256\345\217\227\351\231\220\357\274\237\345\233\275\345\206\205ip\345\234\260\345\235\200\351\227\256\351\242\230\347\232\204\344\272\262\346\265\213\350\247\243\345\206\263\344\271\213\351\201\223.md"
 create mode 100644 "posts/jiaocheng-shiyong-jiaocheng/2025-08-02-\346\265\267\345\244\226\350\256\277\351\227\256\345\233\275\345\206\205\346\234\215\345\212\241\345\217\227\351\231\220\357\274\237\347\251\277\346\242\255chrome\347\232\204\345\256\236\347\224\250\345\233\236\345\233\275\347\275\221\347\273\234\344\271\213.md"
 create mode 100644 "posts/jiaocheng-shiyong-jiaocheng/2025-08-02-\346\265\267\345\244\226\350\256\277\351\227\256\345\233\275\345\206\205\346\234\215\345\212\241\357\274\214fly2cn-\347\232\204\345\270\270\350\247\201\345\233\260\346\211\260\344\270\216\350\247\243\345\206\263\344\271\213\351\201\223.md"
 create mode 100644 "posts/jiaocheng-shiyong-jiaocheng/2025-08-02-\346\265\267\345\244\226\350\256\277\351\227\256\345\233\275\345\206\205\346\234\215\345\212\241\357\274\214\345\233\236\345\233\275\350\212\202\347\202\271\346\234\272\345\234\272\346\200\216\344\271\210\345\212\236\357\274\237.md"
 create mode 100644 "posts/jiaocheng-shiyong-jiaocheng/2025-08-02-\346\265\267\345\244\226\350\256\277\351\227\256\345\233\275\345\206\205\346\234\215\345\212\241\357\274\214\347\277\273\345\242\231\345\277\205\347\234\213\347\237\245\344\271\216\350\277\231\344\272\233\344\272\213\345\204\277.md"
 create mode 100644 "posts/jiaocheng-shiyong-jiaocheng/2025-08-02-\346\265\267\345\244\226\350\256\277\351\227\256\345\233\275\345\206\205\346\234\215\345\212\241\357\274\237\350\201\212\350\201\212\346\260\270\345\212\253\346\224\271\345\234\260\345\215\200\347\232\204\351\202\243\344\272\233\344\272\213.md"
 create mode 100644 "posts/jiaocheng-shiyong-jiaocheng/2025-08-02-\346\265\267\345\244\226\350\256\277\351\227\256\345\233\275\345\206\205\347\275\221\347\253\231\347\232\204\351\202\243\344\272\233\344\272\213\345\204\277\357\274\214\344\272\262\346\265\213\346\234\211\346\225\210\347\232\204\346\226\271\346\263\225\345\234\250.md"
 create mode 100644 "posts/jiaocheng-shiyong-jiaocheng/2025-08-02-\346\265\267\345\244\226\350\256\277\351\227\256\346\204\233\345\245\207\350\227\235\345\244\247\351\231\270\347\211\210vpn-\347\232\204\351\202\243\344\272\233\344\272\213\345\204\277.md"
 create mode 100644 "posts/jiaocheng-shiyong-jiaocheng/2025-08-02-\346\265\267\345\244\226\350\256\277\351\227\256\351\205\267\347\213\227\347\240\264\350\247\243\357\274\237\350\277\231\351\207\214\346\234\211\347\234\237\345\256\236\346\234\211\346\225\210\347\232\204\345\233\236\345\233\275\347\275\221\347\273\234\350\247\243.md"
 create mode 100644 "posts/jiaocheng-shiyong-jiaocheng/2025-08-14-\346\265\267\345\244\226ip\345\234\260\345\235\200\345\233\260\346\211\260\357\274\237\345\233\275\345\206\205\346\234\215\345\212\241\350\256\277\351\227\256\345\217\227\351\231\220\347\232\204\345\216\237\345\233\240\345\217\212\345\233\236\345\233\275\347\275\221.md"
 create mode 100644 "posts/jiaocheng-shiyong-jiaocheng/2025-08-14-\346\265\267\345\244\226qq\346\263\250\345\206\214\344\271\237\351\201\207\345\210\260\351\272\273\347\203\246\357\274\237\345\233\275\345\206\205\346\234\215\345\212\241\350\256\277\351\227\256\345\205\250\346\224\273\347\225\245.md"
 create mode 100644 "posts/jiaocheng-shiyong-jiaocheng/2025-08-14-\346\265\267\345\244\226\345\205\232\345\233\236\345\233\275\347\275\221\347\273\234\347\227\233\347\202\271\357\274\232\344\270\255\345\233\257vpn\346\200\216\344\271\210\350\247\243\345\206\263\357\274\237.md"
 create mode 100644 "posts/jiaocheng-shiyong-jiaocheng/2025-08-14-\346\265\267\345\244\226\345\205\232\345\233\236\345\233\275\350\212\202\347\202\271\346\200\216\344\271\210\351\200\211\357\274\237\344\272\262\346\265\213\346\234\211\346\225\210\350\256\277\351\227\256\345\233\275\345\206\205\346\234\215\345\212\241.md"
 create mode 100644 "posts/jiaocheng-shiyong-jiaocheng/2025-08-14-\346\265\267\345\244\226\345\205\232\345\233\236\345\233\275\351\232\276\357\274\237\350\257\225\350\257\225\350\277\231\344\270\252-vpn\346\216\250\350\226\246-\350\247\243\351\224\201\345\233\275\345\206\205\347\262\276\345\275\251.md"
 create mode 100644 "posts/jiaocheng-shiyong-jiaocheng/2025-08-14-\346\265\267\345\244\226\345\205\232\345\233\236\345\233\275\357\274\232\347\251\277\346\242\255vpnptt-\347\232\204\351\202\243\344\272\233\344\272\213\345\204\277.md"
 create mode 100644 "posts/jiaocheng-shiyong-jiaocheng/2025-08-14-\346\265\267\345\244\226\345\205\232\345\233\260\346\211\260\357\274\232\345\222\252\345\222\225\346\265\267\345\244\226\350\250\273\345\206\212\344\270\216\345\233\275\345\206\205\346\234\215\345\212\241\350\256\277\351\227\256\351\232\276\351\242\230.md"
 create mode 100644 "posts/jiaocheng-shiyong-jiaocheng/2025-08-14-\346\265\267\345\244\226\345\205\232\345\246\202\344\275\225\350\247\243\345\206\263\351\233\262\350\246\226\350\201\275\345\260\217\351\233\273\350\246\226ios\350\256\277\351\227\256\345\217\227\351\231\220\357\274\237.md"
 create mode 100644 "posts/jiaocheng-shiyong-jiaocheng/2025-08-14-\346\265\267\345\244\226\345\205\232\345\246\202\344\275\225\350\256\251-chrome\345\212\240\351\200\237\345\231\250-\346\201\242\345\244\215\350\256\277\351\227\256\345\233\275\345\206\205\346\234\215\345\212\241.md"
 create mode 100644 "posts/jiaocheng-shiyong-jiaocheng/2025-08-14-\346\265\267\345\244\226\345\205\232\345\246\202\344\275\225\351\241\272\347\225\205\347\277\273\345\242\231\345\210\260\344\270\255\345\233\275\357\274\237\345\233\236\345\233\275\347\275\221\347\273\234\351\232\276\351\242\230\347\240\264\350\247\243.md"
 create mode 100644 "posts/jiaocheng-shiyong-jiaocheng/2025-08-14-\346\265\267\345\244\226\345\205\232\345\246\202\344\275\225\351\241\272\347\225\205\350\256\277\351\227\256\345\233\275\345\206\205\346\234\215\345\212\241\357\274\237\345\233\236\345\234\213vpn\345\205\215\350\262\273\350\203\214\345\220\216\347\232\204.md"
 create mode 100644 "posts/jiaocheng-shiyong-jiaocheng/2025-08-14-\346\265\267\345\244\226\345\205\232\346\234\272\345\234\272\346\220\255\345\273\272\351\201\207\351\230\273\357\274\237\345\233\236\345\233\275\347\275\221\347\273\234\350\277\231\345\235\227\345\276\227\350\277\231\344\271\210\345\212\236.md"
 create mode 100644 "posts/jiaocheng-shiyong-jiaocheng/2025-08-14-\346\265\267\345\244\226\345\205\232\347\224\265\350\204\221\347\277\273\345\242\231\350\256\277\351\227\256\345\233\275\345\206\205\346\234\215\345\212\241\357\274\232\347\234\237\345\256\236\347\273\217\351\252\214\344\270\216\350\247\243\345\206\263\344\271\213.md"
 create mode 100644 "posts/jiaocheng-shiyong-jiaocheng/2025-08-14-\346\265\267\345\244\226\345\205\232\357\274\232clash\345\233\236\345\233\275\346\234\272\345\234\272\357\274\214\350\277\231\344\272\233\345\233\275\345\206\205\346\234\215\345\212\241\350\277\236\344\270\215\344\270\212\346\200\216\344\271\210\345\212\236.md"
 create mode 100644 "posts/jiaocheng-shiyong-jiaocheng/2025-08-14-\346\265\267\345\244\226\345\205\232\357\274\232\345\244\270\345\205\213\346\265\267\345\244\226\346\263\250\345\206\214\346\200\216\344\271\210\347\240\264\357\274\237\350\256\277\351\227\256\345\233\275\345\206\205\345\217\227\351\231\220\346\234\215\345\212\241.md"
 create mode 100644 "posts/jiaocheng-shiyong-jiaocheng/2025-08-14-\347\251\277\346\242\255vpn\346\200\216\344\271\210\347\224\250\346\234\200\345\205\250\350\256\262\350\247\243\357\274\210\346\265\267\345\244\226\345\205\232\344\272\262\346\265\213\346\234\211\346\225\210\357\274\211.md"
 create mode 100644 "posts/jiaocheng-shiyong-jiaocheng/2025-08-14-\350\277\230\345\234\250\344\270\272\346\260\270\344\271\205\345\205\215\350\262\273\345\233\236\345\234\213vpn\347\203\246\346\201\274\357\274\237\350\257\225\350\257\225\350\277\231\344\272\233\346\226\271\346\263\225.md"
 create mode 100644 "posts/jiaocheng-shiyong-jiaocheng/2025-08-14-\350\277\252\346\213\234\345\276\256\344\277\241\346\211\223\344\270\215\344\272\206\350\257\255\351\237\263\347\224\265\350\257\235\346\200\216\344\271\210\345\212\236\357\274\237\346\265\267\345\244\226\345\205\232\344\272\262\346\265\213\345\245\275\347\224\250.md"
 create mode 100644 "posts/jiaocheng-shiyong-jiaocheng/2025-08-14-\351\230\277\350\201\224\351\205\213\347\224\250\344\270\215\344\272\206\345\276\256\344\277\241\347\224\265\350\257\235\346\200\216\344\271\210\345\212\236\357\274\237\346\265\267\345\244\226\345\205\232\344\272\262\346\265\213\350\247\243\345\206\263\346\226\271.md"
 create mode 100644 "posts/jiaocheng-shiyong-jiaocheng/2025-08-14-\351\233\273\350\205\246\346\200\216\351\272\274\347\277\273\347\211\206\350\256\277\351\227\256\345\233\275\345\206\205\345\272\224\347\224\250\357\274\237\346\265\267\345\244\226\345\205\232\345\277\205\347\234\213\350\247\243\345\206\263\346\226\271\346\263\225.md"
 create mode 100644 "posts/tiyu-tiyu-zhibo/2025-08-02-\346\265\267\345\244\226\346\224\266\347\234\213cctv5\346\200\216\344\271\210\345\212\236\357\274\237\350\247\243\345\206\263\345\233\275\345\206\205\350\256\277\351\227\256\351\231\220\345\210\266.md"
 create mode 100644 "posts/tiyu-tiyu-zhibo/2025-08-02-\346\265\267\345\244\226\347\224\250\346\210\267\350\247\202\347\234\213-cctv5\347\267\232\344\270\212\347\233\264\346\222\255-\351\201\207\345\210\260\347\232\204\351\202\243\344\272\233\344\272\213\345\204\277.md"
 create mode 100644 "posts/tiyu-tiyu-zhibo/2025-08-14-\350\277\230\345\234\250\344\270\272-cctv5\346\265\267\345\244\226\351\242\221\351\201\223-\345\217\227\351\231\220\347\203\246\346\201\274\357\274\237\344\272\262\346\265\213\346\234\211\346\225\210\347\232\204\345\233\236\345\233\275\347\275\221\347\273\234.md"
 create mode 100644 "posts/yingyin-huiguo-yingyin/2025-08-02-\346\265\267\345\244\226\346\234\213\345\217\213\347\234\213\347\210\261\345\245\207\350\211\272\345\234\260\345\214\272\351\231\220\345\210\266\346\200\216\344\271\210\345\212\236\357\274\237\345\233\275\345\206\205\346\234\215\345\212\241\350\247\243\351\224\201.md"
 create mode 100644 "posts/yingyin-huiguo-yingyin/2025-08-02-\346\265\267\345\244\226\347\224\265\345\275\261\347\275\221\347\253\231\346\200\216\344\271\210\345\212\236\357\274\237\345\233\236\345\233\275\347\275\221\347\273\234\345\215\241\351\241\277\347\232\204\347\234\237\345\256\236\345\216\237\345\233\240\344\270\216.md"
 create mode 100644 "posts/yingyin-huiguo-yingyin/2025-08-02-\346\265\267\345\244\226\350\256\277\351\227\256b\347\253\231ptt\357\274\214\350\277\231\344\272\233\346\234\215\345\212\241\345\217\227\351\231\220\345\246\202\344\275\225\347\240\264\357\274\237.md"
 create mode 100644 "posts/yingyin-huiguo-yingyin/2025-08-14-\346\265\267\345\244\226\345\205\232\350\256\277\351\227\256\345\223\224\345\223\251\345\223\224\345\223\251\346\270\257\346\276\263\345\217\260\357\274\214\344\270\272\344\273\200\344\271\210\344\270\215\350\241\214\357\274\237\347\256\200\345\215\225\346\226\271.md"
 create mode 100644 "posts/yingyin-huiguo-yingyin/2025-08-14-\347\277\273\345\242\231\347\234\213\347\224\265\345\275\261\351\232\276\357\274\237\346\265\267\345\244\226\345\205\232\345\233\236\345\233\275\347\275\221\347\273\234\345\205\250\347\237\245\351\201\223.md"
 create mode 100644 "posts/yingyin-huiguo-yingyin/2025-08-14-\350\277\252\346\213\234\344\270\272\345\225\245\344\270\215\350\203\275\345\276\256\344\277\241\350\247\206\351\242\221\357\274\237\346\265\267\345\244\226\345\205\232\350\256\277\351\227\256\345\233\275\345\206\205\346\234\215\345\212\241\347\232\204\351\202\243.md"
 create mode 100644 "posts/yinyue-yinyue-yinpin/2025-08-02-\346\265\267\345\244\226\350\256\277\351\227\256qq\351\237\263\344\271\220\345\217\260\346\271\276ios\345\217\227\351\231\220\357\274\237\350\277\231\344\272\233\345\216\237\345\233\240\345\222\214\345\233\236\345\256\266\345\212\236.md"
 create mode 100644 "posts/youxi-huiguo-youxi/2025-08-02-\346\265\267\345\244\226\345\233\236\345\233\275\346\270\270\346\210\217\345\212\240\351\200\237\345\231\250\357\274\232\350\256\251\345\233\275\345\206\205\347\275\221\347\273\234\346\234\215\345\212\241\347\225\205\351\200\232\346\227\240\351\230\273.md"
To https://github.com/huiguojiasuqi/huiguojiasuqi.git
   21334ba..562756a  main -> main
[2026-09-10 18:10:46] batch start=980 n=50
  3812 -> posts/jiaocheng-shiyong-jiaocheng/2025-07-31-海外党亲测：回国加速器让国内服务不再是奢望.md (2072 chars)
  3811 -> posts/jiaocheng-shiyong-jiaocheng/2025-07-31-海外党们，你们的翻墙上网体验怎么样？.md (2406 chars)
  3810 -> posts/jiaocheng-shiyong-jiaocheng/2025-07-31-海外党回国网络难题？快帆加速器及回国加速器亲.md (2545 chars)
  3809 -> posts/jiaocheng-shiyong-jiaocheng/2025-07-31-海外党回国上网，翻墙技术究竟怎么用？.md (2746 chars)
  3808 -> posts/jiaocheng-shiyong-jiaocheng/2025-07-31-海外党回国路漫漫，vpn机场帮你打通.md (2657 chars)
  3807 -> posts/jiaocheng-shiyong-jiaocheng/2025-07-31-海外党回国访问受限：解除地區限制的真实体验.md (2289 chars)
  3806 -> posts/jiaocheng-shiyong-jiaocheng/2025-07-31-海外党回国vpn难？这些国内服务限制就这样解决.md (2389 chars)
  3805 -> posts/jiaocheng-shiyong-jiaocheng/2025-07-31-海外党访问受限服务：回國加速器推薦怎么选？.md (2360 chars)
  3804 -> posts/jiaocheng-shiyong-jiaocheng/2025-07-31-海外党访问国内服务：翻墙加速器如何解决区域限.md (2462 chars)
  3803 -> posts/jiaocheng-shiyong-jiaocheng/2025-07-31-海外党访问wechat影音號，服务受限原来是这样.md (2170 chars)
  3802 -> posts/jiaocheng-shiyong-jiaocheng/2025-07-31-海外党访问-clash中国节点：如何畅享国内流媒体与政.md (2354 chars)
  3801 -> posts/jiaocheng-shiyong-jiaocheng/2025-07-31-海外党常纠结的喜馬拉雅國際版差別与国内服务访.md (2571 chars)
  3800 -> posts/yinyue-yinyue-yinpin/2025-07-31-海外qq音乐访问受限？亲测有效的回国网络解决方案.md (2590 chars)
  3799 -> posts/tiyu-tiyu-zhibo/2025-07-31-海外cctv5访问受限？这些国内服务也能用.md (1985 chars)
  3798 -> posts/jiaocheng-shiyong-jiaocheng/2025-07-31-翻牆回中國：海外党访问国内受限服务的真实体验.md (2690 chars)
  3797 -> posts/jiaocheng-shiyong-jiaocheng/2025-07-31-翻墙回国vpn知乎怎么办？海外党亲测有效方法.md (2300 chars)
  3796 -> posts/jiaocheng-shiyong-jiaocheng/2025-07-31-迪拜微信通话不顺畅？这些国内服务海外访问难题.md (1734 chars)
  3795 -> posts/jiaocheng-shiyong-jiaocheng/2025-07-31-穿梭破解版也难以尽兴？海外党回国网络那些事.md (2490 chars)
  3794 -> posts/jiaocheng-shiyong-jiaocheng/2025-07-31-穿梭不能用了怎么办？海外党访问国内服务难题解.md (2642 chars)
  3793 -> posts/jiaocheng-shiyong-jiaocheng/2025-07-31-百度贴吧海外版：那些让你抓狂的访问限制与亲测.md (2375 chars)
  3792 -> posts/jiaocheng-shiyong-jiaocheng/2025-07-31-阿里云盘注册海外如何顺畅访问国内服务？.md (2932 chars)
  3791 -> posts/jiaocheng-shiyong-jiaocheng/2025-07-31-阿里云盘海外访问受限怎么办？实用回国网络建议.md (2490 chars)
  3789 -> posts/jiaocheng-shiyong-jiaocheng/2025-07-28-海外访问受限？快帆vpn免費的实用回国网络解答.md (2416 chars)
  3788 -> posts/jiaocheng-shiyong-jiaocheng/2025-07-28-海外访问受限？国内ip地址修改的实用回国网络之道.md (2533 chars)
  3787 -> posts/jiaocheng-shiyong-jiaocheng/2025-07-28-海外访问受限？阿里云盘加速帮你解决国内网络难.md (2883 chars)
  3786 -> posts/jiaocheng-shiyong-jiaocheng/2025-07-28-海外访问受限？vpn国内节点帮你解决大部分烦恼.md (2274 chars)
  3785 -> posts/jiaocheng-shiyong-jiaocheng/2025-07-28-穿梭不能用怎么办？海外回国网络问题实测解答.md (2187 chars)
  3784 -> posts/jiaocheng-shiyong-jiaocheng/2025-07-28-穿梭vpn安全吗？海外访问国内服务常见困扰及亲测.md (2722 chars)
  3783 -> posts/yingyin-huiguo-yingyin/2025-07-28-爱奇艺地区限制怎么办？海外党回国加速器亲测有.md (2950 chars)
  3782 -> posts/yingyin-huiguo-yingyin/2025-07-28-阿联酋微信不能视频，国内服务访问受限的那些事.md (2516 chars)
  3781 -> posts/jiaocheng-shiyong-jiaocheng/2025-07-28-阿里云盘下载速度慢怎么办？海外党亲测有效体验.md (2597 chars)
  3780 -> posts/jiaocheng-shiyong-jiaocheng/2025-07-28-阿里云盘海外注册，国内服务访问限制怎么破？.md (2650 chars)
  3779 -> posts/jiaocheng-shiyong-jiaocheng/2025-07-28-阿里云盘海外怎么注册，海外访问国内服务不再难.md (2555 chars)
  3778 -> posts/youxi-huiguo-youxi/2025-07-28-阿里云海外服务器翻墙与国内服务访问的那些事.md (2277 chars)
  3777 -> posts/jiaocheng-shiyong-jiaocheng/2025-07-22-在海外-appletv-看国内电视，到底怎么回事？.md (2417 chars)
  3776 -> posts/yingyin-huiguo-yingyin/2025-07-22-为什么bilibili台灣註冊？解决方法来了.md (2162 chars)
  3775 -> posts/yingyin-huiguo-yingyin/2025-07-22-海外用户访问-appletvbilibili客户端-的原因与解决之道.md (2218 chars)
  3774 -> posts/jiaocheng-shiyong-jiaocheng/2025-07-22-海外用户访问-acfun海外版-的那些事儿.md (2080 chars)
  3773 -> posts/jiaocheng-shiyong-jiaocheng/2025-07-22-海外苹果用户如何解决appletv翻墙回国难题？.md (2926 chars)
  3772 -> posts/yingyin-huiguo-yingyin/2025-07-22-海外访问bilibili港澳台网址，这些国内服务受限怎么办.md (2530 chars)
  3771 -> posts/yingyin-huiguo-yingyin/2025-07-22-海外访问bilibiliptt受限？这些回国加速器亲测有效.md (2265 chars)
  3770 -> posts/jiaocheng-shiyong-jiaocheng/2025-07-22-海外访问acfunios台灣的那些烦恼与解法.md (2215 chars)
  3769 -> posts/bangong-bangong-baokao/2025-07-22-海外访问12123註冊受限？找回国加速器就对了.md (2277 chars)
  3768 -> posts/bangong-bangong-baokao/2025-07-22-海外访问12123服务异常怎么办？亲测有效的方法.md (2323 chars)
  3766 -> posts/youxi-huiguo-youxi/2025-07-16-如何在外国玩国服游戏最全解决办法（亲测有效）.md (2461 chars)
  3765 -> posts/youxi-huiguo-youxi/2025-07-16-如何在国外玩国内游戏不卡？海外党亲测有效经验.md (2370 chars)
  3764 -> posts/youxi-huiguo-youxi/2025-07-16-教大家如何玩国外游戏如何玩游戏不卡：海外访问.md (3032 chars)
  3763 -> posts/youxi-huiguo-youxi/2025-07-16-海外怎么玩英雄联盟手游？一站式解决访问限制.md (2528 chars)
  3762 -> posts/youxi-huiguo-youxi/2025-07-16-海外怎么玩国内游戏的？这几个常见问题与靠谱回.md (2267 chars)
  3761 -> posts/youxi-huiguo-youxi/2025-07-16-国外如何玩和平精英？这些国内服务限制怎破？-2.md (2603 chars)
done: ok=50 fail=0
[main 9526b8e] publish: posts batch start=980 n=50 (total 1030)
 50 files changed, 3684 insertions(+)
 create mode 100644 "posts/bangong-bangong-baokao/2025-07-22-\346\265\267\345\244\226\350\256\277\351\227\25612123\346\234\215\345\212\241\345\274\202\345\270\270\346\200\216\344\271\210\345\212\236\357\274\237\344\272\262\346\265\213\346\234\211\346\225\210\347\232\204\346\226\271\346\263\225.md"
 create mode 100644 "posts/bangong-bangong-baokao/2025-07-22-\346\265\267\345\244\226\350\256\277\351\227\25612123\350\250\273\345\206\212\345\217\227\351\231\220\357\274\237\346\211\276\345\233\236\345\233\275\345\212\240\351\200\237\345\231\250\345\260\261\345\257\271\344\272\206.md"
 create mode 100644 "posts/jiaocheng-shiyong-jiaocheng/2025-07-22-\345\234\250\346\265\267\345\244\226-appletv-\347\234\213\345\233\275\345\206\205\347\224\265\350\247\206\357\274\214\345\210\260\345\272\225\346\200\216\344\271\210\345\233\236\344\272\213\357\274\237.md"
 create mode 100644 "posts/jiaocheng-shiyong-jiaocheng/2025-07-22-\346\265\267\345\244\226\347\224\250\346\210\267\350\256\277\351\227\256-acfun\346\265\267\345\244\226\347\211\210-\347\232\204\351\202\243\344\272\233\344\272\213\345\204\277.md"
 create mode 100644 "posts/jiaocheng-shiyong-jiaocheng/2025-07-22-\346\265\267\345\244\226\350\213\271\346\236\234\347\224\250\346\210\267\345\246\202\344\275\225\350\247\243\345\206\263appletv\347\277\273\345\242\231\345\233\236\345\233\275\351\232\276\351\242\230\357\274\237.md"
 create mode 100644 "posts/jiaocheng-shiyong-jiaocheng/2025-07-22-\346\265\267\345\244\226\350\256\277\351\227\256acfunios\345\217\260\347\201\243\347\232\204\351\202\243\344\272\233\347\203\246\346\201\274\344\270\216\350\247\243\346\263\225.md"
 create mode 100644 "posts/jiaocheng-shiyong-jiaocheng/2025-07-28-\346\265\267\345\244\226\350\256\277\351\227\256\345\217\227\351\231\220\357\274\237vpn\345\233\275\345\206\205\350\212\202\347\202\271\345\270\256\344\275\240\350\247\243\345\206\263\345\244\247\351\203\250\345\210\206\347\203\246\346\201\274.md"
 create mode 100644 "posts/jiaocheng-shiyong-jiaocheng/2025-07-28-\346\265\267\345\244\226\350\256\277\351\227\256\345\217\227\351\231\220\357\274\237\345\233\275\345\206\205ip\345\234\260\345\235\200\344\277\256\346\224\271\347\232\204\345\256\236\347\224\250\345\233\236\345\233\275\347\275\221\347\273\234\344\271\213\351\201\223.md"
 create mode 100644 "posts/jiaocheng-shiyong-jiaocheng/2025-07-28-\346\265\267\345\244\226\350\256\277\351\227\256\345\217\227\351\231\220\357\274\237\345\277\253\345\270\206vpn\345\205\215\350\262\273\347\232\204\345\256\236\347\224\250\345\233\236\345\233\275\347\275\221\347\273\234\350\247\243\347\255\224.md"
 create mode 100644 "posts/jiaocheng-shiyong-jiaocheng/2025-07-28-\346\265\267\345\244\226\350\256\277\351\227\256\345\217\227\351\231\220\357\274\237\351\230\277\351\207\214\344\272\221\347\233\230\345\212\240\351\200\237\345\270\256\344\275\240\350\247\243\345\206\263\345\233\275\345\206\205\347\275\221\347\273\234\351\232\276.md"
 create mode 100644 "posts/jiaocheng-shiyong-jiaocheng/2025-07-28-\347\251\277\346\242\255vpn\345\256\211\345\205\250\345\220\227\357\274\237\346\265\267\345\244\226\350\256\277\351\227\256\345\233\275\345\206\205\346\234\215\345\212\241\345\270\270\350\247\201\345\233\260\346\211\260\345\217\212\344\272\262\346\265\213.md"
 create mode 100644 "posts/jiaocheng-shiyong-jiaocheng/2025-07-28-\347\251\277\346\242\255\344\270\215\350\203\275\347\224\250\346\200\216\344\271\210\345\212\236\357\274\237\346\265\267\345\244\226\345\233\236\345\233\275\347\275\221\347\273\234\351\227\256\351\242\230\345\256\236\346\265\213\350\247\243\347\255\224.md"
 create mode 100644 "posts/jiaocheng-shiyong-jiaocheng/2025-07-28-\351\230\277\351\207\214\344\272\221\347\233\230\344\270\213\350\275\275\351\200\237\345\272\246\346\205\242\346\200\216\344\271\210\345\212\236\357\274\237\346\265\267\345\244\226\345\205\232\344\272\262\346\265\213\346\234\211\346\225\210\344\275\223\351\252\214.md"
 create mode 100644 "posts/jiaocheng-shiyong-jiaocheng/2025-07-28-\351\230\277\351\207\214\344\272\221\347\233\230\346\265\267\345\244\226\346\200\216\344\271\210\346\263\250\345\206\214\357\274\214\346\265\267\345\244\226\350\256\277\351\227\256\345\233\275\345\206\205\346\234\215\345\212\241\344\270\215\345\206\215\351\232\276.md"
 create mode 100644 "posts/jiaocheng-shiyong-jiaocheng/2025-07-28-\351\230\277\351\207\214\344\272\221\347\233\230\346\265\267\345\244\226\346\263\250\345\206\214\357\274\214\345\233\275\345\206\205\346\234\215\345\212\241\350\256\277\351\227\256\351\231\220\345\210\266\346\200\216\344\271\210\347\240\264\357\274\237.md"
 create mode 100644 "posts/jiaocheng-shiyong-jiaocheng/2025-07-31-\346\265\267\345\244\226\345\205\232\344\272\262\346\265\213\357\274\232\345\233\236\345\233\275\345\212\240\351\200\237\345\231\250\350\256\251\345\233\275\345\206\205\346\234\215\345\212\241\344\270\215\345\206\215\346\230\257\345\245\242\346\234\233.md"
 create mode 100644 "posts/jiaocheng-shiyong-jiaocheng/2025-07-31-\346\265\267\345\244\226\345\205\232\344\273\254\357\274\214\344\275\240\344\273\254\347\232\204\347\277\273\345\242\231\344\270\212\347\275\221\344\275\223\351\252\214\346\200\216\344\271\210\346\240\267\357\274\237.md"
 create mode 100644 "posts/jiaocheng-shiyong-jiaocheng/2025-07-31-\346\265\267\345\244\226\345\205\232\345\233\236\345\233\275vpn\351\232\276\357\274\237\350\277\231\344\272\233\345\233\275\345\206\205\346\234\215\345\212\241\351\231\220\345\210\266\345\260\261\350\277\231\346\240\267\350\247\243\345\206\263.md"
 create mode 100644 "posts/jiaocheng-shiyong-jiaocheng/2025-07-31-\346\265\267\345\244\226\345\205\232\345\233\236\345\233\275\344\270\212\347\275\221\357\274\214\347\277\273\345\242\231\346\212\200\346\234\257\347\251\266\347\253\237\346\200\216\344\271\210\347\224\250\357\274\237.md"
 create mode 100644 "posts/jiaocheng-shiyong-jiaocheng/2025-07-31-\346\265\267\345\244\226\345\205\232\345\233\236\345\233\275\347\275\221\347\273\234\351\232\276\351\242\230\357\274\237\345\277\253\345\270\206\345\212\240\351\200\237\345\231\250\345\217\212\345\233\236\345\233\275\345\212\240\351\200\237\345\231\250\344\272\262.md"
 create mode 100644 "posts/jiaocheng-shiyong-jiaocheng/2025-07-31-\346\265\267\345\244\226\345\205\232\345\233\236\345\233\275\350\256\277\351\227\256\345\217\227\351\231\220\357\274\232\350\247\243\351\231\244\345\234\260\345\215\200\351\231\220\345\210\266\347\232\204\347\234\237\345\256\236\344\275\223\351\252\214.md"
 create mode 100644 "posts/jiaocheng-shiyong-jiaocheng/2025-07-31-\346\265\267\345\244\226\345\205\232\345\233\236\345\233\275\350\267\257\346\274\253\346\274\253\357\274\214vpn\346\234\272\345\234\272\345\270\256\344\275\240\346\211\223\351\200\232.md"
 create mode 100644 "posts/jiaocheng-shiyong-jiaocheng/2025-07-31-\346\265\267\345\244\226\345\205\232\345\270\270\347\272\240\347\273\223\347\232\204\345\226\234\351\246\254\346\213\211\351\233\205\345\234\213\351\232\233\347\211\210\345\267\256\345\210\245\344\270\216\345\233\275\345\206\205\346\234\215\345\212\241\350\256\277.md"
 create mode 100644 "posts/jiaocheng-shiyong-jiaocheng/2025-07-31-\346\265\267\345\244\226\345\205\232\350\256\277\351\227\256-clash\344\270\255\345\233\275\350\212\202\347\202\271\357\274\232\345\246\202\344\275\225\347\225\205\344\272\253\345\233\275\345\206\205\346\265\201\345\252\222\344\275\223\344\270\216\346\224\277.md"
 create mode 100644 "posts/jiaocheng-shiyong-jiaocheng/2025-07-31-\346\265\267\345\244\226\345\205\232\350\256\277\351\227\256wechat\345\275\261\351\237\263\350\231\237\357\274\214\346\234\215\345\212\241\345\217\227\351\231\220\345\216\237\346\235\245\346\230\257\350\277\231\346\240\267.md"
 create mode 100644 "posts/jiaocheng-shiyong-jiaocheng/2025-07-31-\346\265\267\345\244\226\345\205\232\350\256\277\351\227\256\345\217\227\351\231\220\346\234\215\345\212\241\357\274\232\345\233\236\345\234\213\345\212\240\351\200\237\345\231\250\346\216\250\350\226\246\346\200\216\344\271\210\351\200\211\357\274\237.md"
 create mode 100644 "posts/jiaocheng-shiyong-jiaocheng/2025-07-31-\346\265\267\345\244\226\345\205\232\350\256\277\351\227\256\345\233\275\345\206\205\346\234\215\345\212\241\357\274\232\347\277\273\345\242\231\345\212\240\351\200\237\345\231\250\345\246\202\344\275\225\350\247\243\345\206\263\345\214\272\345\237\237\351\231\220.md"
 create mode 100644 "posts/jiaocheng-shiyong-jiaocheng/2025-07-31-\347\231\276\345\272\246\350\264\264\345\220\247\346\265\267\345\244\226\347\211\210\357\274\232\351\202\243\344\272\233\350\256\251\344\275\240\346\212\223\347\213\202\347\232\204\350\256\277\351\227\256\351\231\220\345\210\266\344\270\216\344\272\262\346\265\213.md"
 create mode 100644 "posts/jiaocheng-shiyong-jiaocheng/2025-07-31-\347\251\277\346\242\255\344\270\215\350\203\275\347\224\250\344\272\206\346\200\216\344\271\210\345\212\236\357\274\237\346\265\267\345\244\226\345\205\232\350\256\277\351\227\256\345\233\275\345\206\205\346\234\215\345\212\241\351\232\276\351\242\230\350\247\243.md"
 create mode 100644 "posts/jiaocheng-shiyong-jiaocheng/2025-07-31-\347\251\277\346\242\255\347\240\264\350\247\243\347\211\210\344\271\237\351\232\276\344\273\245\345\260\275\345\205\264\357\274\237\346\265\267\345\244\226\345\205\232\345\233\236\345\233\275\347\275\221\347\273\234\351\202\243\344\272\233\344\272\213.md"
 create mode 100644 "posts/jiaocheng-shiyong-jiaocheng/2025-07-31-\347\277\273\345\242\231\345\233\236\345\233\275vpn\347\237\245\344\271\216\346\200\216\344\271\210\345\212\236\357\274\237\346\265\267\345\244\226\345\205\232\344\272\262\346\265\213\346\234\211\346\225\210\346\226\271\346\263\225.md"
 create mode 100644 "posts/jiaocheng-shiyong-jiaocheng/2025-07-31-\347\277\273\347\211\206\345\233\236\344\270\255\345\234\213\357\274\232\346\265\267\345\244\226\345\205\232\350\256\277\351\227\256\345\233\275\345\206\205\345\217\227\351\231\220\346\234\215\345\212\241\347\232\204\347\234\237\345\256\236\344\275\223\351\252\214.md"
 create mode 100644 "posts/jiaocheng-shiyong-jiaocheng/2025-07-31-\350\277\252\346\213\234\345\276\256\344\277\241\351\200\232\350\257\235\344\270\215\351\241\272\347\225\205\357\274\237\350\277\231\344\272\233\345\233\275\345\206\205\346\234\215\345\212\241\346\265\267\345\244\226\350\256\277\351\227\256\351\232\276\351\242\230.md"
 create mode 100644 "posts/jiaocheng-shiyong-jiaocheng/2025-07-31-\351\230\277\351\207\214\344\272\221\347\233\230\346\263\250\345\206\214\346\265\267\345\244\226\345\246\202\344\275\225\351\241\272\347\225\205\350\256\277\351\227\256\345\233\275\345\206\205\346\234\215\345\212\241\357\274\237.md"
 create mode 100644 "posts/jiaocheng-shiyong-jiaocheng/2025-07-31-\351\230\277\351\207\214\344\272\221\347\233\230\346\265\267\345\244\226\350\256\277\351\227\256\345\217\227\351\231\220\346\200\216\344\271\210\345\212\236\357\274\237\345\256\236\347\224\250\345\233\236\345\233\275\347\275\221\347\273\234\345\273\272\350\256\256.md"
 create mode 100644 "posts/tiyu-tiyu-zhibo/2025-07-31-\346\265\267\345\244\226cctv5\350\256\277\351\227\256\345\217\227\351\231\220\357\274\237\350\277\231\344\272\233\345\233\275\345\206\205\346\234\215\345\212\241\344\271\237\350\203\275\347\224\250.md"
 create mode 100644 "posts/yingyin-huiguo-yingyin/2025-07-22-\344\270\272\344\273\200\344\271\210bilibili\345\217\260\347\201\243\350\250\273\345\206\212\357\274\237\350\247\243\345\206\263\346\226\271\346\263\225\346\235\245\344\272\206.md"
 create mode 100644 "posts/yingyin-huiguo-yingyin/2025-07-22-\346\265\267\345\244\226\347\224\250\346\210\267\350\256\277\351\227\256-appletvbilibili\345\256\242\346\210\267\347\253\257-\347\232\204\345\216\237\345\233\240\344\270\216\350\247\243\345\206\263\344\271\213\351\201\223.md"
 create mode 100644 "posts/yingyin-huiguo-yingyin/2025-07-22-\346\265\267\345\244\226\350\256\277\351\227\256bilibiliptt\345\217\227\351\231\220\357\274\237\350\277\231\344\272\233\345\233\236\345\233\275\345\212\240\351\200\237\345\231\250\344\272\262\346\265\213\346\234\211\346\225\210.md"
 create mode 100644 "posts/yingyin-huiguo-yingyin/2025-07-22-\346\265\267\345\244\226\350\256\277\351\227\256bilibili\346\270\257\346\276\263\345\217\260\347\275\221\345\235\200\357\274\214\350\277\231\344\272\233\345\233\275\345\206\205\346\234\215\345\212\241\345\217\227\351\231\220\346\200\216\344\271\210\345\212\236.md"
 create mode 100644 "posts/yingyin-huiguo-yingyin/2025-07-28-\347\210\261\345\245\207\350\211\272\345\234\260\345\214\272\351\231\220\345\210\266\346\200\216\344\271\210\345\212\236\357\274\237\346\265\267\345\244\226\345\205\232\345\233\236\345\233\275\345\212\240\351\200\237\345\231\250\344\272\262\346\265\213\346\234\211.md"
 create mode 100644 "posts/yingyin-huiguo-yingyin/2025-07-28-\351\230\277\350\201\224\351\205\213\345\276\256\344\277\241\344\270\215\350\203\275\350\247\206\351\242\221\357\274\214\345\233\275\345\206\205\346\234\215\345\212\241\350\256\277\351\227\256\345\217\227\351\231\220\347\232\204\351\202\243\344\272\233\344\272\213.md"
 create mode 100644 "posts/yinyue-yinyue-yinpin/2025-07-31-\346\265\267\345\244\226qq\351\237\263\344\271\220\350\256\277\351\227\256\345\217\227\351\231\220\357\274\237\344\272\262\346\265\213\346\234\211\346\225\210\347\232\204\345\233\236\345\233\275\347\275\221\347\273\234\350\247\243\345\206\263\346\226\271\346\241\210.md"
 create mode 100644 "posts/youxi-huiguo-youxi/2025-07-16-\345\233\275\345\244\226\345\246\202\344\275\225\347\216\251\345\222\214\345\271\263\347\262\276\350\213\261\357\274\237\350\277\231\344\272\233\345\233\275\345\206\205\346\234\215\345\212\241\351\231\220\345\210\266\346\200\216\347\240\264\357\274\237-2.md"
 create mode 100644 "posts/youxi-huiguo-youxi/2025-07-16-\345\246\202\344\275\225\345\234\250\345\233\275\345\244\226\347\216\251\345\233\275\345\206\205\346\270\270\346\210\217\344\270\215\345\215\241\357\274\237\346\265\267\345\244\226\345\205\232\344\272\262\346\265\213\346\234\211\346\225\210\347\273\217\351\252\214.md"
 create mode 100644 "posts/youxi-huiguo-youxi/2025-07-16-\345\246\202\344\275\225\345\234\250\345\244\226\345\233\275\347\216\251\345\233\275\346\234\215\346\270\270\346\210\217\346\234\200\345\205\250\350\247\243\345\206\263\345\212\236\346\263\225\357\274\210\344\272\262\346\265\213\346\234\211\346\225\210\357\274\211.md"
 create mode 100644 "posts/youxi-huiguo-youxi/2025-07-16-\346\225\231\345\244\247\345\256\266\345\246\202\344\275\225\347\216\251\345\233\275\345\244\226\346\270\270\346\210\217\345\246\202\344\275\225\347\216\251\346\270\270\346\210\217\344\270\215\345\215\241\357\274\232\346\265\267\345\244\226\350\256\277\351\227\256.md"
 create mode 100644 "posts/youxi-huiguo-youxi/2025-07-16-\346\265\267\345\244\226\346\200\216\344\271\210\347\216\251\345\233\275\345\206\205\346\270\270\346\210\217\347\232\204\357\274\237\350\277\231\345\207\240\344\270\252\345\270\270\350\247\201\351\227\256\351\242\230\344\270\216\351\235\240\350\260\261\345\233\236.md"
 create mode 100644 "posts/youxi-huiguo-youxi/2025-07-16-\346\265\267\345\244\226\346\200\216\344\271\210\347\216\251\350\213\261\351\233\204\350\201\224\347\233\237\346\211\213\346\270\270\357\274\237\344\270\200\347\253\231\345\274\217\350\247\243\345\206\263\350\256\277\351\227\256\351\231\220\345\210\266.md"
 create mode 100644 "posts/youxi-huiguo-youxi/2025-07-28-\351\230\277\351\207\214\344\272\221\346\265\267\345\244\226\346\234\215\345\212\241\345\231\250\347\277\273\345\242\231\344\270\216\345\233\275\345\206\205\346\234\215\345\212\241\350\256\277\351\227\256\347\232\204\351\202\243\344\272\233\344\272\213.md"
To https://github.com/huiguojiasuqi/huiguojiasuqi.git
   562756a..9526b8e  main -> main
[2026-09-10 18:11:13] batch start=1030 n=50
  3760 -> posts/youxi-huiguo-youxi/2025-07-16-国外怎么玩永劫无间国服游戏？海外回国网络问题.md (2631 chars)
  3759 -> posts/youxi-huiguo-youxi/2025-07-16-国外怎么玩永劫无间国服手游？回国网络亲测有效.md (2647 chars)
  3758 -> posts/youxi-huiguo-youxi/2025-07-16-国外怎么玩永劫无间国服的？海外用户访问国内服.md (3266 chars)
  3757 -> posts/youxi-huiguo-youxi/2025-07-16-国外怎么玩和平精英国服？解锁国内服务的那些事.md (2549 chars)
  3756 -> posts/youxi-huiguo-youxi/2025-07-16-国外怎么玩国内游戏手机：海外党也能畅享中国网.md (2417 chars)
  3755 -> posts/youxi-huiguo-youxi/2025-07-16-国外怎么玩国内游戏软件的烦恼与解决之道.md (2591 chars)
  3754 -> posts/youxi-huiguo-youxi/2025-07-16-国外怎么玩国内游戏的：畅享中国数字生活.md (2288 chars)
  3753 -> posts/youxi-huiguo-youxi/2025-07-16-国外怎么玩国服游戏手机？海外党亲测好用！.md (2794 chars)
  3752 -> posts/youxi-huiguo-youxi/2025-07-16-国外怎么玩国服游戏教程？轻松解锁国内应用.md (2333 chars)
  3751 -> posts/youxi-huiguo-youxi/2025-07-16-国外怎么玩国服游戏的？海外访问国内服务实测解.md (2466 chars)
  3750 -> posts/jiaocheng-shiyong-jiaocheng/2025-07-16-国外怎么玩国服魔兽，顺便解决这些访问难题.md (2457 chars)
  3749 -> posts/youxi-huiguo-youxi/2025-07-16-国外怎么玩国服的手游怎么办？亲测有效解决之道.md (2445 chars)
  3748 -> posts/youxi-huiguo-youxi/2025-07-16-国外玩国服和平精英怎么加速怎么办？.md (2756 chars)
  3747 -> posts/youxi-huiguo-youxi/2025-07-16-国外如何玩王者荣耀游戏？这些国内服务海外也能.md (2618 chars)
  3746 -> posts/youxi-huiguo-youxi/2025-07-16-国外如何玩王者荣耀手游？海外党亲测解决法.md (3165 chars)
  3745 -> posts/youxi-huiguo-youxi/2025-07-16-国外如何玩王者荣耀国服？海外党亲测有效解决方.md (1908 chars)
  3744 -> posts/youxi-huiguo-youxi/2025-07-16-国外如何玩和平精英？这些国内服务限制怎破？.md (2601 chars)
  3743 -> posts/youxi-huiguo-youxi/2025-07-15-在海外怎么玩王者荣耀不卡？这里有真实可行的办.md (2751 chars)
  3742 -> posts/youxi-huiguo-youxi/2025-07-15-在国外怎么玩王者荣耀不卡？海外回国网络畅通解.md (2387 chars)
  3741 -> posts/jiaocheng-shiyong-jiaocheng/2025-07-15-在国外怎么玩完美平台？海外用户亲测有效解决方.md (2565 chars)
  3740 -> posts/youxi-huiguo-youxi/2025-07-15-在国外怎么玩国内游戏手机？这里有你需要的答案.md (2465 chars)
  3739 -> posts/youxi-huiguo-youxi/2025-07-15-在国外怎么玩国内游戏软件？回国网络问题全解析.md (2169 chars)
  3738 -> posts/youxi-huiguo-youxi/2025-07-15-在国外怎么玩国内游戏pc？亲测解锁国内服务的方法.md (2533 chars)
  3737 -> posts/youxi-huiguo-youxi/2025-07-15-如何在国外玩王者荣耀不卡，畅享国内网络体验.md (2835 chars)
  3736 -> posts/youxi-huiguo-youxi/2025-07-15-海外怎么玩王者荣耀不卡顿？这是我亲测有效的回.md (2277 chars)
  3735 -> posts/youxi-huiguo-youxi/2025-07-15-海外怎么玩王者荣耀不卡的？这可能是你一直在找.md (2361 chars)
  3734 -> posts/youxi-huiguo-youxi/2025-07-15-海外怎么打王者？解锁国内服务的实用办法.md (2654 chars)
  3733 -> posts/youxi-huiguo-youxi/2025-07-15-海外如何玩王者荣耀？这些回国网络问题一次说清.md (2635 chars)
  3732 -> posts/youxi-huiguo-youxi/2025-07-15-国外怎么玩王者荣耀手游？亲测有效的回国网络解.md (2277 chars)
  3731 -> posts/youxi-huiguo-youxi/2025-07-15-国外怎么玩王者荣耀国服？海外党必看！.md (2069 chars)
  3730 -> posts/youxi-huiguo-youxi/2025-07-15-国外怎么玩王者荣耀不延迟：海外党访问国内服务.md (2018 chars)
  3729 -> posts/youxi-huiguo-youxi/2025-07-15-国外怎么玩王者荣耀不卡？这些回国网络问题该怎.md (3063 chars)
  3728 -> posts/youxi-huiguo-youxi/2025-07-15-国外怎么玩完美竞技平台游戏？海外党亲测解决方.md (2675 chars)
  3727 -> posts/jiaocheng-shiyong-jiaocheng/2025-07-15-国外怎么玩完美竞技平台的？亲测有效解决办法.md (2421 chars)
  3726 -> posts/youxi-huiguo-youxi/2025-07-15-国外怎么玩国内的游戏软件？海外党回国加速器亲.md (2537 chars)
  3725 -> posts/youxi-huiguo-youxi/2025-07-15-国外怎么玩国内的游戏低延迟？海外党看过来！.md (1905 chars)
  3724 -> posts/youxi-huiguo-youxi/2025-07-15-国外怎么玩国内的手游游戏？海外党亲测回国网络.md (2142 chars)
  3723 -> posts/youxi-huiguo-youxi/2025-07-15-国外怎么玩国内的手游软件？这些问题该怎么办？.md (2451 chars)
  3722 -> posts/youxi-huiguo-youxi/2025-07-15-国外怎么玩国内的手游端游？海外党专属网络体验.md (2114 chars)
  3721 -> posts/youxi-huiguo-youxi/2025-07-15-国外玩王者荣耀用什么加速器？海外党回国网络问.md (2455 chars)
  3720 -> posts/youxi-huiguo-youxi/2025-07-15-国外玩王者荣耀延迟高怎么办？海外畅玩国内游戏.md (2213 chars)
  3719 -> posts/youxi-huiguo-youxi/2025-07-15-国外能玩中国的和平精英吗？海外党访问国内服务.md (2649 chars)
  3718 -> posts/youxi-huiguo-youxi/2025-07-15-国外能玩和平精英吗？那些你在海外遇到的烦恼与.md (3384 chars)
  3717 -> posts/youxi-huiguo-youxi/2025-07-15-国外可以玩和平精英怎么办？解锁国内网络烦恼.md (2672 chars)
  3716 -> posts/youxi-huiguo-youxi/2025-07-14-在国外怎么玩中国游戏？海外党亲测解决方案.md (2800 chars)
  3715 -> posts/youxi-huiguo-youxi/2025-07-14-在国外怎么玩王者荣耀？解决国内应用访问难题.md (2143 chars)
  3714 -> posts/youxi-huiguo-youxi/2025-07-14-在国外怎么打国服游戏太卡？这些回国网络解决方.md (2497 chars)
  3713 -> posts/youxi-huiguo-youxi/2025-07-14-在国外玩中国游戏怎么样会不卡：亲测有效的回国.md (2334 chars)
  3712 -> posts/youxi-huiguo-youxi/2025-07-14-在国外如何玩国服游戏？亲测有效的回国网络方法.md (2803 chars)
  3711 -> posts/youxi-huiguo-youxi/2025-07-14-永劫无间外国玩国服，这些国内服务海外为啥用不.md (2970 chars)
done: ok=50 fail=0
[main 9c47005] publish: posts batch start=1030 n=50 (total 1080)
 50 files changed, 2925 insertions(+)
 create mode 100644 "posts/jiaocheng-shiyong-jiaocheng/2025-07-15-\345\233\275\345\244\226\346\200\216\344\271\210\347\216\251\345\256\214\347\276\216\347\253\236\346\212\200\345\271\263\345\217\260\347\232\204\357\274\237\344\272\262\346\265\213\346\234\211\346\225\210\350\247\243\345\206\263\345\212\236\346\263\225.md"
 create mode 100644 "posts/jiaocheng-shiyong-jiaocheng/2025-07-15-\345\234\250\345\233\275\345\244\226\346\200\216\344\271\210\347\216\251\345\256\214\347\276\216\345\271\263\345\217\260\357\274\237\346\265\267\345\244\226\347\224\250\346\210\267\344\272\262\346\265\213\346\234\211\346\225\210\350\247\243\345\206\263\346\226\271.md"
 create mode 100644 "posts/jiaocheng-shiyong-jiaocheng/2025-07-16-\345\233\275\345\244\226\346\200\216\344\271\210\347\216\251\345\233\275\346\234\215\351\255\224\345\205\275\357\274\214\351\241\272\344\276\277\350\247\243\345\206\263\350\277\231\344\272\233\350\256\277\351\227\256\351\232\276\351\242\230.md"
 create mode 100644 "posts/youxi-huiguo-youxi/2025-07-14-\345\234\250\345\233\275\345\244\226\345\246\202\344\275\225\347\216\251\345\233\275\346\234\215\346\270\270\346\210\217\357\274\237\344\272\262\346\265\213\346\234\211\346\225\210\347\232\204\345\233\236\345\233\275\347\275\221\347\273\234\346\226\271\346\263\225.md"
 create mode 100644 "posts/youxi-huiguo-youxi/2025-07-14-\345\234\250\345\233\275\345\244\226\346\200\216\344\271\210\346\211\223\345\233\275\346\234\215\346\270\270\346\210\217\345\244\252\345\215\241\357\274\237\350\277\231\344\272\233\345\233\236\345\233\275\347\275\221\347\273\234\350\247\243\345\206\263\346\226\271.md"
 create mode 100644 "posts/youxi-huiguo-youxi/2025-07-14-\345\234\250\345\233\275\345\244\226\346\200\216\344\271\210\347\216\251\344\270\255\345\233\275\346\270\270\346\210\217\357\274\237\346\265\267\345\244\226\345\205\232\344\272\262\346\265\213\350\247\243\345\206\263\346\226\271\346\241\210.md"
 create mode 100644 "posts/youxi-huiguo-youxi/2025-07-14-\345\234\250\345\233\275\345\244\226\346\200\216\344\271\210\347\216\251\347\216\213\350\200\205\350\215\243\350\200\200\357\274\237\350\247\243\345\206\263\345\233\275\345\206\205\345\272\224\347\224\250\350\256\277\351\227\256\351\232\276\351\242\230.md"
 create mode 100644 "posts/youxi-huiguo-youxi/2025-07-14-\345\234\250\345\233\275\345\244\226\347\216\251\344\270\255\345\233\275\346\270\270\346\210\217\346\200\216\344\271\210\346\240\267\344\274\232\344\270\215\345\215\241\357\274\232\344\272\262\346\265\213\346\234\211\346\225\210\347\232\204\345\233\236\345\233\275.md"
 create mode 100644 "posts/youxi-huiguo-youxi/2025-07-14-\346\260\270\345\212\253\346\227\240\351\227\264\345\244\226\345\233\275\347\216\251\345\233\275\346\234\215\357\274\214\350\277\231\344\272\233\345\233\275\345\206\205\346\234\215\345\212\241\346\265\267\345\244\226\344\270\272\345\225\245\347\224\250\344\270\215.md"
 create mode 100644 "posts/youxi-huiguo-youxi/2025-07-15-\345\233\275\345\244\226\345\217\257\344\273\245\347\216\251\345\222\214\345\271\263\347\262\276\350\213\261\346\200\216\344\271\210\345\212\236\357\274\237\350\247\243\351\224\201\345\233\275\345\206\205\347\275\221\347\273\234\347\203\246\346\201\274.md"
 create mode 100644 "posts/youxi-huiguo-youxi/2025-07-15-\345\233\275\345\244\226\346\200\216\344\271\210\347\216\251\345\233\275\345\206\205\347\232\204\346\211\213\346\270\270\346\270\270\346\210\217\357\274\237\346\265\267\345\244\226\345\205\232\344\272\262\346\265\213\345\233\236\345\233\275\347\275\221\347\273\234.md"
 create mode 100644 "posts/youxi-huiguo-youxi/2025-07-15-\345\233\275\345\244\226\346\200\216\344\271\210\347\216\251\345\233\275\345\206\205\347\232\204\346\211\213\346\270\270\347\253\257\346\270\270\357\274\237\346\265\267\345\244\226\345\205\232\344\270\223\345\261\236\347\275\221\347\273\234\344\275\223\351\252\214.md"
 create mode 100644 "posts/youxi-huiguo-youxi/2025-07-15-\345\233\275\345\244\226\346\200\216\344\271\210\347\216\251\345\233\275\345\206\205\347\232\204\346\211\213\346\270\270\350\275\257\344\273\266\357\274\237\350\277\231\344\272\233\351\227\256\351\242\230\350\257\245\346\200\216\344\271\210\345\212\236\357\274\237.md"
 create mode 100644 "posts/youxi-huiguo-youxi/2025-07-15-\345\233\275\345\244\226\346\200\216\344\271\210\347\216\251\345\233\275\345\206\205\347\232\204\346\270\270\346\210\217\344\275\216\345\273\266\350\277\237\357\274\237\346\265\267\345\244\226\345\205\232\347\234\213\350\277\207\346\235\245\357\274\201.md"
 create mode 100644 "posts/youxi-huiguo-youxi/2025-07-15-\345\233\275\345\244\226\346\200\216\344\271\210\347\216\251\345\233\275\345\206\205\347\232\204\346\270\270\346\210\217\350\275\257\344\273\266\357\274\237\346\265\267\345\244\226\345\205\232\345\233\236\345\233\275\345\212\240\351\200\237\345\231\250\344\272\262.md"
 create mode 100644 "posts/youxi-huiguo-youxi/2025-07-15-\345\233\275\345\244\226\346\200\216\344\271\210\347\216\251\345\256\214\347\276\216\347\253\236\346\212\200\345\271\263\345\217\260\346\270\270\346\210\217\357\274\237\346\265\267\345\244\226\345\205\232\344\272\262\346\265\213\350\247\243\345\206\263\346\226\271.md"
 create mode 100644 "posts/youxi-huiguo-youxi/2025-07-15-\345\233\275\345\244\226\346\200\216\344\271\210\347\216\251\347\216\213\350\200\205\350\215\243\350\200\200\344\270\215\345\215\241\357\274\237\350\277\231\344\272\233\345\233\236\345\233\275\347\275\221\347\273\234\351\227\256\351\242\230\350\257\245\346\200\216.md"
 create mode 100644 "posts/youxi-huiguo-youxi/2025-07-15-\345\233\275\345\244\226\346\200\216\344\271\210\347\216\251\347\216\213\350\200\205\350\215\243\350\200\200\344\270\215\345\273\266\350\277\237\357\274\232\346\265\267\345\244\226\345\205\232\350\256\277\351\227\256\345\233\275\345\206\205\346\234\215\345\212\241.md"
 create mode 100644 "posts/youxi-huiguo-youxi/2025-07-15-\345\233\275\345\244\226\346\200\216\344\271\210\347\216\251\347\216\213\350\200\205\350\215\243\350\200\200\345\233\275\346\234\215\357\274\237\346\265\267\345\244\226\345\205\232\345\277\205\347\234\213\357\274\201.md"
 create mode 100644 "posts/youxi-huiguo-youxi/2025-07-15-\345\233\275\345\244\226\346\200\216\344\271\210\347\216\251\347\216\213\350\200\205\350\215\243\350\200\200\346\211\213\346\270\270\357\274\237\344\272\262\346\265\213\346\234\211\346\225\210\347\232\204\345\233\236\345\233\275\347\275\221\347\273\234\350\247\243.md"
 create mode 100644 "posts/youxi-huiguo-youxi/2025-07-15-\345\233\275\345\244\226\347\216\251\347\216\213\350\200\205\350\215\243\350\200\200\345\273\266\350\277\237\351\253\230\346\200\216\344\271\210\345\212\236\357\274\237\346\265\267\345\244\226\347\225\205\347\216\251\345\233\275\345\206\205\346\270\270\346\210\217.md"
 create mode 100644 "posts/youxi-huiguo-youxi/2025-07-15-\345\233\275\345\244\226\347\216\251\347\216\213\350\200\205\350\215\243\350\200\200\347\224\250\344\273\200\344\271\210\345\212\240\351\200\237\345\231\250\357\274\237\346\265\267\345\244\226\345\205\232\345\233\236\345\233\275\347\275\221\347\273\234\351\227\256.md"
 create mode 100644 "posts/youxi-huiguo-youxi/2025-07-15-\345\233\275\345\244\226\350\203\275\347\216\251\344\270\255\345\233\275\347\232\204\345\222\214\345\271\263\347\262\276\350\213\261\345\220\227\357\274\237\346\265\267\345\244\226\345\205\232\350\256\277\351\227\256\345\233\275\345\206\205\346\234\215\345\212\241.md"
 create mode 100644 "posts/youxi-huiguo-youxi/2025-07-15-\345\233\275\345\244\226\350\203\275\347\216\251\345\222\214\345\271\263\347\262\276\350\213\261\345\220\227\357\274\237\351\202\243\344\272\233\344\275\240\345\234\250\346\265\267\345\244\226\351\201\207\345\210\260\347\232\204\347\203\246\346\201\274\344\270\216.md"
 create mode 100644 "posts/youxi-huiguo-youxi/2025-07-15-\345\234\250\345\233\275\345\244\226\346\200\216\344\271\210\347\216\251\345\233\275\345\206\205\346\270\270\346\210\217pc\357\274\237\344\272\262\346\265\213\350\247\243\351\224\201\345\233\275\345\206\205\346\234\215\345\212\241\347\232\204\346\226\271\346\263\225.md"
 create mode 100644 "posts/youxi-huiguo-youxi/2025-07-15-\345\234\250\345\233\275\345\244\226\346\200\216\344\271\210\347\216\251\345\233\275\345\206\205\346\270\270\346\210\217\346\211\213\346\234\272\357\274\237\350\277\231\351\207\214\346\234\211\344\275\240\351\234\200\350\246\201\347\232\204\347\255\224\346\241\210.md"
 create mode 100644 "posts/youxi-huiguo-youxi/2025-07-15-\345\234\250\345\233\275\345\244\226\346\200\216\344\271\210\347\216\251\345\233\275\345\206\205\346\270\270\346\210\217\350\275\257\344\273\266\357\274\237\345\233\236\345\233\275\347\275\221\347\273\234\351\227\256\351\242\230\345\205\250\350\247\243\346\236\220.md"
 create mode 100644 "posts/youxi-huiguo-youxi/2025-07-15-\345\234\250\345\233\275\345\244\226\346\200\216\344\271\210\347\216\251\347\216\213\350\200\205\350\215\243\350\200\200\344\270\215\345\215\241\357\274\237\346\265\267\345\244\226\345\233\236\345\233\275\347\275\221\347\273\234\347\225\205\351\200\232\350\247\243.md"
 create mode 100644 "posts/youxi-huiguo-youxi/2025-07-15-\345\234\250\346\265\267\345\244\226\346\200\216\344\271\210\347\216\251\347\216\213\350\200\205\350\215\243\350\200\200\344\270\215\345\215\241\357\274\237\350\277\231\351\207\214\346\234\211\347\234\237\345\256\236\345\217\257\350\241\214\347\232\204\345\212\236.md"
 create mode 100644 "posts/youxi-huiguo-youxi/2025-07-15-\345\246\202\344\275\225\345\234\250\345\233\275\345\244\226\347\216\251\347\216\213\350\200\205\350\215\243\350\200\200\344\270\215\345\215\241\357\274\214\347\225\205\344\272\253\345\233\275\345\206\205\347\275\221\347\273\234\344\275\223\351\252\214.md"
 create mode 100644 "posts/youxi-huiguo-youxi/2025-07-15-\346\265\267\345\244\226\345\246\202\344\275\225\347\216\251\347\216\213\350\200\205\350\215\243\350\200\200\357\274\237\350\277\231\344\272\233\345\233\236\345\233\275\347\275\221\347\273\234\351\227\256\351\242\230\344\270\200\346\254\241\350\257\264\346\270\205.md"
 create mode 100644 "posts/youxi-huiguo-youxi/2025-07-15-\346\265\267\345\244\226\346\200\216\344\271\210\346\211\223\347\216\213\350\200\205\357\274\237\350\247\243\351\224\201\345\233\275\345\206\205\346\234\215\345\212\241\347\232\204\345\256\236\347\224\250\345\212\236\346\263\225.md"
 create mode 100644 "posts/youxi-huiguo-youxi/2025-07-15-\346\265\267\345\244\226\346\200\216\344\271\210\347\216\251\347\216\213\350\200\205\350\215\243\350\200\200\344\270\215\345\215\241\347\232\204\357\274\237\350\277\231\345\217\257\350\203\275\346\230\257\344\275\240\344\270\200\347\233\264\345\234\250\346\211\276.md"
 create mode 100644 "posts/youxi-huiguo-youxi/2025-07-15-\346\265\267\345\244\226\346\200\216\344\271\210\347\216\251\347\216\213\350\200\205\350\215\243\350\200\200\344\270\215\345\215\241\351\241\277\357\274\237\350\277\231\346\230\257\346\210\221\344\272\262\346\265\213\346\234\211\346\225\210\347\232\204\345\233\236.md"
 create mode 100644 "posts/youxi-huiguo-youxi/2025-07-16-\345\233\275\345\244\226\345\246\202\344\275\225\347\216\251\345\222\214\345\271\263\347\262\276\350\213\261\357\274\237\350\277\231\344\272\233\345\233\275\345\206\205\346\234\215\345\212\241\351\231\220\345\210\266\346\200\216\347\240\264\357\274\237.md"
 create mode 100644 "posts/youxi-huiguo-youxi/2025-07-16-\345\233\275\345\244\226\345\246\202\344\275\225\347\216\251\347\216\213\350\200\205\350\215\243\350\200\200\345\233\275\346\234\215\357\274\237\346\265\267\345\244\226\345\205\232\344\272\262\346\265\213\346\234\211\346\225\210\350\247\243\345\206\263\346\226\271.md"
 create mode 100644 "posts/youxi-huiguo-youxi/2025-07-16-\345\233\275\345\244\226\345\246\202\344\275\225\347\216\251\347\216\213\350\200\205\350\215\243\350\200\200\346\211\213\346\270\270\357\274\237\346\265\267\345\244\226\345\205\232\344\272\262\346\265\213\350\247\243\345\206\263\346\263\225.md"
 create mode 100644 "posts/youxi-huiguo-youxi/2025-07-16-\345\233\275\345\244\226\345\246\202\344\275\225\347\216\251\347\216\213\350\200\205\350\215\243\350\200\200\346\270\270\346\210\217\357\274\237\350\277\231\344\272\233\345\233\275\345\206\205\346\234\215\345\212\241\346\265\267\345\244\226\344\271\237\350\203\275.md"
 create mode 100644 "posts/youxi-huiguo-youxi/2025-07-16-\345\233\275\345\244\226\346\200\216\344\271\210\347\216\251\345\222\214\345\271\263\347\262\276\350\213\261\345\233\275\346\234\215\357\274\237\350\247\243\351\224\201\345\233\275\345\206\205\346\234\215\345\212\241\347\232\204\351\202\243\344\272\233\344\272\213.md"
 create mode 100644 "posts/youxi-huiguo-youxi/2025-07-16-\345\233\275\345\244\226\346\200\216\344\271\210\347\216\251\345\233\275\345\206\205\346\270\270\346\210\217\346\211\213\346\234\272\357\274\232\346\265\267\345\244\226\345\205\232\344\271\237\350\203\275\347\225\205\344\272\253\344\270\255\345\233\275\347\275\221.md"
 create mode 100644 "posts/youxi-huiguo-youxi/2025-07-16-\345\233\275\345\244\226\346\200\216\344\271\210\347\216\251\345\233\275\345\206\205\346\270\270\346\210\217\347\232\204\357\274\232\347\225\205\344\272\253\344\270\255\345\233\275\346\225\260\345\255\227\347\224\237\346\264\273.md"
 create mode 100644 "posts/youxi-huiguo-youxi/2025-07-16-\345\233\275\345\244\226\346\200\216\344\271\210\347\216\251\345\233\275\345\206\205\346\270\270\346\210\217\350\275\257\344\273\266\347\232\204\347\203\246\346\201\274\344\270\216\350\247\243\345\206\263\344\271\213\351\201\223.md"
 create mode 100644 "posts/youxi-huiguo-youxi/2025-07-16-\345\233\275\345\244\226\346\200\216\344\271\210\347\216\251\345\233\275\346\234\215\346\270\270\346\210\217\346\211\213\346\234\272\357\274\237\346\265\267\345\244\226\345\205\232\344\272\262\346\265\213\345\245\275\347\224\250\357\274\201.md"
 create mode 100644 "posts/youxi-huiguo-youxi/2025-07-16-\345\233\275\345\244\226\346\200\216\344\271\210\347\216\251\345\233\275\346\234\215\346\270\270\346\210\217\346\225\231\347\250\213\357\274\237\350\275\273\346\235\276\350\247\243\351\224\201\345\233\275\345\206\205\345\272\224\347\224\250.md"
 create mode 100644 "posts/youxi-huiguo-youxi/2025-07-16-\345\233\275\345\244\226\346\200\216\344\271\210\347\216\251\345\233\275\346\234\215\346\270\270\346\210\217\347\232\204\357\274\237\346\265\267\345\244\226\350\256\277\351\227\256\345\233\275\345\206\205\346\234\215\345\212\241\345\256\236\346\265\213\350\247\243.md"
 create mode 100644 "posts/youxi-huiguo-youxi/2025-07-16-\345\233\275\345\244\226\346\200\216\344\271\210\347\216\251\345\233\275\346\234\215\347\232\204\346\211\213\346\270\270\346\200\216\344\271\210\345\212\236\357\274\237\344\272\262\346\265\213\346\234\211\346\225\210\350\247\243\345\206\263\344\271\213\351\201\223.md"
 create mode 100644 "posts/youxi-huiguo-youxi/2025-07-16-\345\233\275\345\244\226\346\200\216\344\271\210\347\216\251\346\260\270\345\212\253\346\227\240\351\227\264\345\233\275\346\234\215\346\211\213\346\270\270\357\274\237\345\233\236\345\233\275\347\275\221\347\273\234\344\272\262\346\265\213\346\234\211\346\225\210.md"
 create mode 100644 "posts/youxi-huiguo-youxi/2025-07-16-\345\233\275\345\244\226\346\200\216\344\271\210\347\216\251\346\260\270\345\212\253\346\227\240\351\227\264\345\233\275\346\234\215\346\270\270\346\210\217\357\274\237\346\265\267\345\244\226\345\233\236\345\233\275\347\275\221\347\273\234\351\227\256\351\242\230.md"
 create mode 100644 "posts/youxi-huiguo-youxi/2025-07-16-\345\233\275\345\244\226\346\200\216\344\271\210\347\216\251\346\260\270\345\212\253\346\227\240\351\227\264\345\233\275\346\234\215\347\232\204\357\274\237\346\265\267\345\244\226\347\224\250\346\210\267\350\256\277\351\227\256\345\233\275\345\206\205\346\234\215.md"
 create mode 100644 "posts/youxi-huiguo-youxi/2025-07-16-\345\233\275\345\244\226\347\216\251\345\233\275\346\234\215\345\222\214\345\271\263\347\262\276\350\213\261\346\200\216\344\271\210\345\212\240\351\200\237\346\200\216\344\271\210\345\212\236\357\274\237.md"
To https://github.com/huiguojiasuqi/huiguojiasuqi.git
   9526b8e..9c47005  main -> main
[2026-09-10 18:11:37] batch start=1080 n=50
  3710 -> posts/youxi-huiguo-youxi/2025-07-14-身处海外，国外玩我的世界与国内服务解锁的那些.md (2894 chars)
  3709 -> posts/youxi-huiguo-youxi/2025-07-14-如何在国外玩国内游戏？海外党亲测有效连接中国.md (2424 chars)
  3708 -> posts/youxi-huiguo-youxi/2025-07-14-海外玩国服游戏：畅享国内数字生活.md (3405 chars)
  3707 -> posts/youxi-huiguo-youxi/2025-07-14-海外可以玩原神吗？国内服务受限的朋友们看过来.md (2501 chars)
  3706 -> posts/youxi-huiguo-youxi/2025-07-14-海外打王者怎么不卡，国内服务也能顺畅访问.md (2707 chars)
  3705 -> posts/youxi-huiguo-youxi/2025-07-14-海外打王者太卡了怎么办？亲测有效的回国网络提.md (2289 chars)
  3704 -> posts/youxi-huiguo-youxi/2025-07-14-国外怎么玩中国游戏手机？海外党国内服务访问困.md (2681 chars)
  3703 -> posts/youxi-huiguo-youxi/2025-07-14-国外网玩国内游戏怎么样才能不卡：海外党福音，.md (2674 chars)
  3702 -> posts/youxi-huiguo-youxi/2025-07-14-国外玩王者荣耀怎么降低延迟解决之道.md (2497 chars)
  3701 -> posts/jiaocheng-shiyong-jiaocheng/2025-07-14-国外玩国服永劫什么加速器好？海外党畅享国内服.md (2486 chars)
  3700 -> posts/youxi-huiguo-youxi/2025-07-14-国外如何玩永劫无间国服的根本原因及亲测解决.md (2363 chars)
  3699 -> posts/youxi-huiguo-youxi/2025-07-14-国外可以玩永劫无间吗？那些国内服务为什么海外.md (2354 chars)
  3698 -> posts/youxi-huiguo-youxi/2025-07-14-国外可以玩国服永劫无间吗？原因与亲测有效回国.md (2713 chars)
  3697 -> posts/youxi-huiguo-youxi/2025-07-11-在新加坡怎么玩国服lol？海外回国网络加速问题解.md (2501 chars)
  3696 -> posts/youxi-huiguo-youxi/2025-07-11-在欧洲能玩国服lol么？深度解析与亲测有效的回国.md (2745 chars)
  3695 -> posts/youxi-huiguo-youxi/2025-07-11-在美国可以玩lol国服吗？聊聊海外访问国内服务的.md (2379 chars)
  3694 -> posts/youxi-huiguo-youxi/2025-07-11-在海外玩永劫无间用什么加速器最给力？解锁国内.md (2508 chars)
  3693 -> posts/jiaocheng-shiyong-jiaocheng/2025-07-11-在国外玩不了网易mc咋办？海外党亲测可用.md (2632 chars)
  3692 -> posts/youxi-huiguo-youxi/2025-07-11-在国外玩不了国内游戏怎么办：海外访问国内服务.md (2847 chars)
  3691 -> posts/youxi-huiguo-youxi/2025-07-11-在国外能玩英雄联盟国服吗？海外用户访问受限服.md (2178 chars)
  3690 -> posts/youxi-huiguo-youxi/2025-07-11-在澳洲玩国服lol-的烦恼与解决之道.md (2602 chars)
  3689 -> posts/youxi-huiguo-youxi/2025-07-11-永劫无间海外怎么玩国服？那些年我们绕过的坎.md (2871 chars)
  3688 -> posts/youxi-huiguo-youxi/2025-07-11-永劫无间国外怎么进国服？亲测有效的回国网络优.md (2462 chars)
  3687 -> posts/jiaocheng-shiyong-jiaocheng/2025-07-11-香港玩魔兽国服：网络限制与回国加速的实用之道.md (2593 chars)
  3686 -> posts/youxi-huiguo-youxi/2025-07-11-去了国外还能玩国内的手机游戏吗？海外访问国内.md (2745 chars)
  3685 -> posts/jiaocheng-shiyong-jiaocheng/2025-07-11-海外游玩国服延迟解决方法：让你畅享国内网络体.md (2626 chars)
  3684 -> posts/youxi-huiguo-youxi/2025-07-11-海外玩英雄联盟国服的那些事儿：国内服务怎么用.md (2420 chars)
  3683 -> posts/youxi-huiguo-youxi/2025-07-11-海外玩国内游戏加速器：告别卡顿，畅享国内网络.md (2481 chars)
  3682 -> posts/youxi-huiguo-youxi/2025-07-11-国外玩永劫无间的方法怎么办？亲测有效回国网络.md (2338 chars)
  3681 -> posts/youxi-huiguo-youxi/2025-07-11-国外可以玩和平精英吗？海外党回国网络问题全解.md (2656 chars)
  3680 -> posts/youxi-huiguo-youxi/2025-07-11-国外加速国内游戏加速器怎么用？海外党访问国内.md (2644 chars)
  3679 -> posts/youxi-huiguo-youxi/2025-07-11-出了国和平精英还能玩不？这些国内服务该如何访.md (2248 chars)
  3678 -> posts/youxi-huiguo-youxi/2025-07-11-出国可以玩国内手游吗？海外党这样轻松解决.md (2480 chars)
  3677 -> posts/jiaocheng-shiyong-jiaocheng/2025-07-09-在美国怎么玩魔兽国服？解锁国内服务难题，亲测.md (2926 chars)
  3676 -> posts/youxi-huiguo-youxi/2025-07-09-在国外怎么玩永劫无间国服？海外党亲测有效解决.md (2252 chars)
  3675 -> posts/youxi-huiguo-youxi/2025-07-09-在国外怎么玩国服炉石传说？海外党回国网络实测.md (2106 chars)
  3674 -> posts/jiaocheng-shiyong-jiaocheng/2025-07-09-在国外怎么玩传奇遇到麻烦？回国网络这样做才顺.md (2696 chars)
  3673 -> posts/youxi-huiguo-youxi/2025-07-09-在国外玩王者荣耀怎么办？回国网络限制详解.md (2468 chars)
  3672 -> posts/youxi-huiguo-youxi/2025-07-09-在国外能玩国服光遇吗？实测可行的回国网络优化.md (2393 chars)
  3671 -> posts/youxi-huiguo-youxi/2025-07-09-在国外能和国内打王者吗？海外党访问国内受限服.md (2620 chars)
  3670 -> posts/youxi-huiguo-youxi/2025-07-09-在国外能打国服lol吗？解决海外访问限制的真实体.md (2733 chars)
  3669 -> posts/youxi-huiguo-youxi/2025-07-09-英雄联盟在国外能玩国服吗？海外党如何顺畅访问.md (2365 chars)
  3668 -> posts/jiaocheng-shiyong-jiaocheng/2025-07-09-日本玩国服魔兽世界怎么办？回国网络解锁指南.md (2963 chars)
  3667 -> posts/youxi-huiguo-youxi/2025-07-09-海外党怎么玩原神国服？解决访问难题.md (2005 chars)
  3666 -> posts/jiaocheng-shiyong-jiaocheng/2025-07-09-海外畅玩国服的那些事儿：解封国内网络，体验无.md (2037 chars)
  3665 -> posts/youxi-huiguo-youxi/2025-07-09-国外玩和平精英延迟高？海外党回国网络亲测有效.md (2370 chars)
  3664 -> posts/youxi-huiguo-youxi/2025-07-09-国外玩国内网游用什么加速器？海外党回国网络困.md (2668 chars)
  3663 -> posts/jiaocheng-shiyong-jiaocheng/2025-07-09-国外玩国服魔兽世界加速器：海外党回国网络疑难.md (2609 chars)
  3662 -> posts/youxi-huiguo-youxi/2025-07-09-国外能玩国内的手游吗？解锁海外访问的真实体验.md (2099 chars)
  3661 -> posts/jiaocheng-shiyong-jiaocheng/2025-07-09-国外能玩国服吗？海外党访问国内服务实测分享.md (2742 chars)
done: ok=50 fail=0
[main 7038ea7] publish: posts batch start=1080 n=50 (total 1130)
 50 files changed, 3726 insertions(+)
 create mode 100644 "posts/jiaocheng-shiyong-jiaocheng/2025-07-09-\345\233\275\345\244\226\347\216\251\345\233\275\346\234\215\351\255\224\345\205\275\344\270\226\347\225\214\345\212\240\351\200\237\345\231\250\357\274\232\346\265\267\345\244\226\345\205\232\345\233\236\345\233\275\347\275\221\347\273\234\347\226\221\351\232\276.md"
 create mode 100644 "posts/jiaocheng-shiyong-jiaocheng/2025-07-09-\345\233\275\345\244\226\350\203\275\347\216\251\345\233\275\346\234\215\345\220\227\357\274\237\346\265\267\345\244\226\345\205\232\350\256\277\351\227\256\345\233\275\345\206\205\346\234\215\345\212\241\345\256\236\346\265\213\345\210\206\344\272\253.md"
 create mode 100644 "posts/jiaocheng-shiyong-jiaocheng/2025-07-09-\345\234\250\345\233\275\345\244\226\346\200\216\344\271\210\347\216\251\344\274\240\345\245\207\351\201\207\345\210\260\351\272\273\347\203\246\357\274\237\345\233\236\345\233\275\347\275\221\347\273\234\350\277\231\346\240\267\345\201\232\346\211\215\351\241\272.md"
 create mode 100644 "posts/jiaocheng-shiyong-jiaocheng/2025-07-09-\345\234\250\347\276\216\345\233\275\346\200\216\344\271\210\347\216\251\351\255\224\345\205\275\345\233\275\346\234\215\357\274\237\350\247\243\351\224\201\345\233\275\345\206\205\346\234\215\345\212\241\351\232\276\351\242\230\357\274\214\344\272\262\346\265\213.md"
 create mode 100644 "posts/jiaocheng-shiyong-jiaocheng/2025-07-09-\346\227\245\346\234\254\347\216\251\345\233\275\346\234\215\351\255\224\345\205\275\344\270\226\347\225\214\346\200\216\344\271\210\345\212\236\357\274\237\345\233\236\345\233\275\347\275\221\347\273\234\350\247\243\351\224\201\346\214\207\345\215\227.md"
 create mode 100644 "posts/jiaocheng-shiyong-jiaocheng/2025-07-09-\346\265\267\345\244\226\347\225\205\347\216\251\345\233\275\346\234\215\347\232\204\351\202\243\344\272\233\344\272\213\345\204\277\357\274\232\350\247\243\345\260\201\345\233\275\345\206\205\347\275\221\347\273\234\357\274\214\344\275\223\351\252\214\346\227\240.md"
 create mode 100644 "posts/jiaocheng-shiyong-jiaocheng/2025-07-11-\345\234\250\345\233\275\345\244\226\347\216\251\344\270\215\344\272\206\347\275\221\346\230\223mc\345\222\213\345\212\236\357\274\237\346\265\267\345\244\226\345\205\232\344\272\262\346\265\213\345\217\257\347\224\250.md"
 create mode 100644 "posts/jiaocheng-shiyong-jiaocheng/2025-07-11-\346\265\267\345\244\226\346\270\270\347\216\251\345\233\275\346\234\215\345\273\266\350\277\237\350\247\243\345\206\263\346\226\271\346\263\225\357\274\232\350\256\251\344\275\240\347\225\205\344\272\253\345\233\275\345\206\205\347\275\221\347\273\234\344\275\223.md"
 create mode 100644 "posts/jiaocheng-shiyong-jiaocheng/2025-07-11-\351\246\231\346\270\257\347\216\251\351\255\224\345\205\275\345\233\275\346\234\215\357\274\232\347\275\221\347\273\234\351\231\220\345\210\266\344\270\216\345\233\236\345\233\275\345\212\240\351\200\237\347\232\204\345\256\236\347\224\250\344\271\213\351\201\223.md"
 create mode 100644 "posts/jiaocheng-shiyong-jiaocheng/2025-07-14-\345\233\275\345\244\226\347\216\251\345\233\275\346\234\215\346\260\270\345\212\253\344\273\200\344\271\210\345\212\240\351\200\237\345\231\250\345\245\275\357\274\237\346\265\267\345\244\226\345\205\232\347\225\205\344\272\253\345\233\275\345\206\205\346\234\215.md"
 create mode 100644 "posts/youxi-huiguo-youxi/2025-07-09-\345\233\275\345\244\226\347\216\251\345\222\214\345\271\263\347\262\276\350\213\261\345\273\266\350\277\237\351\253\230\357\274\237\346\265\267\345\244\226\345\205\232\345\233\236\345\233\275\347\275\221\347\273\234\344\272\262\346\265\213\346\234\211\346\225\210.md"
 create mode 100644 "posts/youxi-huiguo-youxi/2025-07-09-\345\233\275\345\244\226\347\216\251\345\233\275\345\206\205\347\275\221\346\270\270\347\224\250\344\273\200\344\271\210\345\212\240\351\200\237\345\231\250\357\274\237\346\265\267\345\244\226\345\205\232\345\233\236\345\233\275\347\275\221\347\273\234\345\233\260.md"
 create mode 100644 "posts/youxi-huiguo-youxi/2025-07-09-\345\233\275\345\244\226\350\203\275\347\216\251\345\233\275\345\206\205\347\232\204\346\211\213\346\270\270\345\220\227\357\274\237\350\247\243\351\224\201\346\265\267\345\244\226\350\256\277\351\227\256\347\232\204\347\234\237\345\256\236\344\275\223\351\252\214.md"
 create mode 100644 "posts/youxi-huiguo-youxi/2025-07-09-\345\234\250\345\233\275\345\244\226\346\200\216\344\271\210\347\216\251\345\233\275\346\234\215\347\202\211\347\237\263\344\274\240\350\257\264\357\274\237\346\265\267\345\244\226\345\205\232\345\233\236\345\233\275\347\275\221\347\273\234\345\256\236\346\265\213.md"
 create mode 100644 "posts/youxi-huiguo-youxi/2025-07-09-\345\234\250\345\233\275\345\244\226\346\200\216\344\271\210\347\216\251\346\260\270\345\212\253\346\227\240\351\227\264\345\233\275\346\234\215\357\274\237\346\265\267\345\244\226\345\205\232\344\272\262\346\265\213\346\234\211\346\225\210\350\247\243\345\206\263.md"
 create mode 100644 "posts/youxi-huiguo-youxi/2025-07-09-\345\234\250\345\233\275\345\244\226\347\216\251\347\216\213\350\200\205\350\215\243\350\200\200\346\200\216\344\271\210\345\212\236\357\274\237\345\233\236\345\233\275\347\275\221\347\273\234\351\231\220\345\210\266\350\257\246\350\247\243.md"
 create mode 100644 "posts/youxi-huiguo-youxi/2025-07-09-\345\234\250\345\233\275\345\244\226\350\203\275\345\222\214\345\233\275\345\206\205\346\211\223\347\216\213\350\200\205\345\220\227\357\274\237\346\265\267\345\244\226\345\205\232\350\256\277\351\227\256\345\233\275\345\206\205\345\217\227\351\231\220\346\234\215.md"
 create mode 100644 "posts/youxi-huiguo-youxi/2025-07-09-\345\234\250\345\233\275\345\244\226\350\203\275\346\211\223\345\233\275\346\234\215lol\345\220\227\357\274\237\350\247\243\345\206\263\346\265\267\345\244\226\350\256\277\351\227\256\351\231\220\345\210\266\347\232\204\347\234\237\345\256\236\344\275\223.md"
 create mode 100644 "posts/youxi-huiguo-youxi/2025-07-09-\345\234\250\345\233\275\345\244\226\350\203\275\347\216\251\345\233\275\346\234\215\345\205\211\351\201\207\345\220\227\357\274\237\345\256\236\346\265\213\345\217\257\350\241\214\347\232\204\345\233\236\345\233\275\347\275\221\347\273\234\344\274\230\345\214\226.md"
 create mode 100644 "posts/youxi-huiguo-youxi/2025-07-09-\346\265\267\345\244\226\345\205\232\346\200\216\344\271\210\347\216\251\345\216\237\347\245\236\345\233\275\346\234\215\357\274\237\350\247\243\345\206\263\350\256\277\351\227\256\351\232\276\351\242\230.md"
 create mode 100644 "posts/youxi-huiguo-youxi/2025-07-09-\350\213\261\351\233\204\350\201\224\347\233\237\345\234\250\345\233\275\345\244\226\350\203\275\347\216\251\345\233\275\346\234\215\345\220\227\357\274\237\346\265\267\345\244\226\345\205\232\345\246\202\344\275\225\351\241\272\347\225\205\350\256\277\351\227\256.md"
 create mode 100644 "posts/youxi-huiguo-youxi/2025-07-11-\345\207\272\344\272\206\345\233\275\345\222\214\345\271\263\347\262\276\350\213\261\350\277\230\350\203\275\347\216\251\344\270\215\357\274\237\350\277\231\344\272\233\345\233\275\345\206\205\346\234\215\345\212\241\350\257\245\345\246\202\344\275\225\350\256\277.md"
 create mode 100644 "posts/youxi-huiguo-youxi/2025-07-11-\345\207\272\345\233\275\345\217\257\344\273\245\347\216\251\345\233\275\345\206\205\346\211\213\346\270\270\345\220\227\357\274\237\346\265\267\345\244\226\345\205\232\350\277\231\346\240\267\350\275\273\346\235\276\350\247\243\345\206\263.md"
 create mode 100644 "posts/youxi-huiguo-youxi/2025-07-11-\345\216\273\344\272\206\345\233\275\345\244\226\350\277\230\350\203\275\347\216\251\345\233\275\345\206\205\347\232\204\346\211\213\346\234\272\346\270\270\346\210\217\345\220\227\357\274\237\346\265\267\345\244\226\350\256\277\351\227\256\345\233\275\345\206\205.md"
 create mode 100644 "posts/youxi-huiguo-youxi/2025-07-11-\345\233\275\345\244\226\345\212\240\351\200\237\345\233\275\345\206\205\346\270\270\346\210\217\345\212\240\351\200\237\345\231\250\346\200\216\344\271\210\347\224\250\357\274\237\346\265\267\345\244\226\345\205\232\350\256\277\351\227\256\345\233\275\345\206\205.md"
 create mode 100644 "posts/youxi-huiguo-youxi/2025-07-11-\345\233\275\345\244\226\345\217\257\344\273\245\347\216\251\345\222\214\345\271\263\347\262\276\350\213\261\345\220\227\357\274\237\346\265\267\345\244\226\345\205\232\345\233\236\345\233\275\347\275\221\347\273\234\351\227\256\351\242\230\345\205\250\350\247\243.md"
 create mode 100644 "posts/youxi-huiguo-youxi/2025-07-11-\345\233\275\345\244\226\347\216\251\346\260\270\345\212\253\346\227\240\351\227\264\347\232\204\346\226\271\346\263\225\346\200\216\344\271\210\345\212\236\357\274\237\344\272\262\346\265\213\346\234\211\346\225\210\345\233\236\345\233\275\347\275\221\347\273\234.md"
 create mode 100644 "posts/youxi-huiguo-youxi/2025-07-11-\345\234\250\345\233\275\345\244\226\347\216\251\344\270\215\344\272\206\345\233\275\345\206\205\346\270\270\346\210\217\346\200\216\344\271\210\345\212\236\357\274\232\346\265\267\345\244\226\350\256\277\351\227\256\345\233\275\345\206\205\346\234\215\345\212\241.md"
 create mode 100644 "posts/youxi-huiguo-youxi/2025-07-11-\345\234\250\345\233\275\345\244\226\350\203\275\347\216\251\350\213\261\351\233\204\350\201\224\347\233\237\345\233\275\346\234\215\345\220\227\357\274\237\346\265\267\345\244\226\347\224\250\346\210\267\350\256\277\351\227\256\345\217\227\351\231\220\346\234\215.md"
 create mode 100644 "posts/youxi-huiguo-youxi/2025-07-11-\345\234\250\346\226\260\345\212\240\345\235\241\346\200\216\344\271\210\347\216\251\345\233\275\346\234\215lol\357\274\237\346\265\267\345\244\226\345\233\236\345\233\275\347\275\221\347\273\234\345\212\240\351\200\237\351\227\256\351\242\230\350\247\243.md"
 create mode 100644 "posts/youxi-huiguo-youxi/2025-07-11-\345\234\250\346\254\247\346\264\262\350\203\275\347\216\251\345\233\275\346\234\215lol\344\271\210\357\274\237\346\267\261\345\272\246\350\247\243\346\236\220\344\270\216\344\272\262\346\265\213\346\234\211\346\225\210\347\232\204\345\233\236\345\233\275.md"
 create mode 100644 "posts/youxi-huiguo-youxi/2025-07-11-\345\234\250\346\265\267\345\244\226\347\216\251\346\260\270\345\212\253\346\227\240\351\227\264\347\224\250\344\273\200\344\271\210\345\212\240\351\200\237\345\231\250\346\234\200\347\273\231\345\212\233\357\274\237\350\247\243\351\224\201\345\233\275\345\206\205.md"
 create mode 100644 "posts/youxi-huiguo-youxi/2025-07-11-\345\234\250\346\276\263\346\264\262\347\216\251\345\233\275\346\234\215lol-\347\232\204\347\203\246\346\201\274\344\270\216\350\247\243\345\206\263\344\271\213\351\201\223.md"
 create mode 100644 "posts/youxi-huiguo-youxi/2025-07-11-\345\234\250\347\276\216\345\233\275\345\217\257\344\273\245\347\216\251lol\345\233\275\346\234\215\345\220\227\357\274\237\350\201\212\350\201\212\346\265\267\345\244\226\350\256\277\351\227\256\345\233\275\345\206\205\346\234\215\345\212\241\347\232\204.md"
 create mode 100644 "posts/youxi-huiguo-youxi/2025-07-11-\346\260\270\345\212\253\346\227\240\351\227\264\345\233\275\345\244\226\346\200\216\344\271\210\350\277\233\345\233\275\346\234\215\357\274\237\344\272\262\346\265\213\346\234\211\346\225\210\347\232\204\345\233\236\345\233\275\347\275\221\347\273\234\344\274\230.md"
 create mode 100644 "posts/youxi-huiguo-youxi/2025-07-11-\346\260\270\345\212\253\346\227\240\351\227\264\346\265\267\345\244\226\346\200\216\344\271\210\347\216\251\345\233\275\346\234\215\357\274\237\351\202\243\344\272\233\345\271\264\346\210\221\344\273\254\347\273\225\350\277\207\347\232\204\345\235\216.md"
 create mode 100644 "posts/youxi-huiguo-youxi/2025-07-11-\346\265\267\345\244\226\347\216\251\345\233\275\345\206\205\346\270\270\346\210\217\345\212\240\351\200\237\345\231\250\357\274\232\345\221\212\345\210\253\345\215\241\351\241\277\357\274\214\347\225\205\344\272\253\345\233\275\345\206\205\347\275\221\347\273\234.md"
 create mode 100644 "posts/youxi-huiguo-youxi/2025-07-11-\346\265\267\345\244\226\347\216\251\350\213\261\351\233\204\350\201\224\347\233\237\345\233\275\346\234\215\347\232\204\351\202\243\344\272\233\344\272\213\345\204\277\357\274\232\345\233\275\345\206\205\346\234\215\345\212\241\346\200\216\344\271\210\347\224\250.md"
 create mode 100644 "posts/youxi-huiguo-youxi/2025-07-14-\345\233\275\345\244\226\345\217\257\344\273\245\347\216\251\345\233\275\346\234\215\346\260\270\345\212\253\346\227\240\351\227\264\345\220\227\357\274\237\345\216\237\345\233\240\344\270\216\344\272\262\346\265\213\346\234\211\346\225\210\345\233\236\345\233\275.md"
 create mode 100644 "posts/youxi-huiguo-youxi/2025-07-14-\345\233\275\345\244\226\345\217\257\344\273\245\347\216\251\346\260\270\345\212\253\346\227\240\351\227\264\345\220\227\357\274\237\351\202\243\344\272\233\345\233\275\345\206\205\346\234\215\345\212\241\344\270\272\344\273\200\344\271\210\346\265\267\345\244\226.md"
 create mode 100644 "posts/youxi-huiguo-youxi/2025-07-14-\345\233\275\345\244\226\345\246\202\344\275\225\347\216\251\346\260\270\345\212\253\346\227\240\351\227\264\345\233\275\346\234\215\347\232\204\346\240\271\346\234\254\345\216\237\345\233\240\345\217\212\344\272\262\346\265\213\350\247\243\345\206\263.md"
 create mode 100644 "posts/youxi-huiguo-youxi/2025-07-14-\345\233\275\345\244\226\346\200\216\344\271\210\347\216\251\344\270\255\345\233\275\346\270\270\346\210\217\346\211\213\346\234\272\357\274\237\346\265\267\345\244\226\345\205\232\345\233\275\345\206\205\346\234\215\345\212\241\350\256\277\351\227\256\345\233\260.md"
 create mode 100644 "posts/youxi-huiguo-youxi/2025-07-14-\345\233\275\345\244\226\347\216\251\347\216\213\350\200\205\350\215\243\350\200\200\346\200\216\344\271\210\351\231\215\344\275\216\345\273\266\350\277\237\350\247\243\345\206\263\344\271\213\351\201\223.md"
 create mode 100644 "posts/youxi-huiguo-youxi/2025-07-14-\345\233\275\345\244\226\347\275\221\347\216\251\345\233\275\345\206\205\346\270\270\346\210\217\346\200\216\344\271\210\346\240\267\346\211\215\350\203\275\344\270\215\345\215\241\357\274\232\346\265\267\345\244\226\345\205\232\347\246\217\351\237\263\357\274\214.md"
 create mode 100644 "posts/youxi-huiguo-youxi/2025-07-14-\345\246\202\344\275\225\345\234\250\345\233\275\345\244\226\347\216\251\345\233\275\345\206\205\346\270\270\346\210\217\357\274\237\346\265\267\345\244\226\345\205\232\344\272\262\346\265\213\346\234\211\346\225\210\350\277\236\346\216\245\344\270\255\345\233\275.md"
 create mode 100644 "posts/youxi-huiguo-youxi/2025-07-14-\346\265\267\345\244\226\345\217\257\344\273\245\347\216\251\345\216\237\347\245\236\345\220\227\357\274\237\345\233\275\345\206\205\346\234\215\345\212\241\345\217\227\351\231\220\347\232\204\346\234\213\345\217\213\344\273\254\347\234\213\350\277\207\346\235\245.md"
 create mode 100644 "posts/youxi-huiguo-youxi/2025-07-14-\346\265\267\345\244\226\346\211\223\347\216\213\350\200\205\345\244\252\345\215\241\344\272\206\346\200\216\344\271\210\345\212\236\357\274\237\344\272\262\346\265\213\346\234\211\346\225\210\347\232\204\345\233\236\345\233\275\347\275\221\347\273\234\346\217\220.md"
 create mode 100644 "posts/youxi-huiguo-youxi/2025-07-14-\346\265\267\345\244\226\346\211\223\347\216\213\350\200\205\346\200\216\344\271\210\344\270\215\345\215\241\357\274\214\345\233\275\345\206\205\346\234\215\345\212\241\344\271\237\350\203\275\351\241\272\347\225\205\350\256\277\351\227\256.md"
 create mode 100644 "posts/youxi-huiguo-youxi/2025-07-14-\346\265\267\345\244\226\347\216\251\345\233\275\346\234\215\346\270\270\346\210\217\357\274\232\347\225\205\344\272\253\345\233\275\345\206\205\346\225\260\345\255\227\347\224\237\346\264\273.md"
 create mode 100644 "posts/youxi-huiguo-youxi/2025-07-14-\350\272\253\345\244\204\346\265\267\345\244\226\357\274\214\345\233\275\345\244\226\347\216\251\346\210\221\347\232\204\344\270\226\347\225\214\344\270\216\345\233\275\345\206\205\346\234\215\345\212\241\350\247\243\351\224\201\347\232\204\351\202\243\344\272\233.md"
To https://github.com/huiguojiasuqi/huiguojiasuqi.git
   9c47005..7038ea7  main -> main
[2026-09-10 18:12:03] batch start=1130 n=50
  3660 -> posts/youxi-huiguo-youxi/2025-07-09-国外可以玩王者荣耀么？海外党看过来！.md (2672 chars)
  3659 -> posts/youxi-huiguo-youxi/2025-07-09-国外打王者荣耀如何降低延迟的那些事儿.md (2577 chars)
  3658 -> posts/youxi-huiguo-youxi/2025-07-09-光遇在国外怎么玩国服？海外党亲测有效回国网络.md (2372 chars)
  3656 -> posts/jiaocheng-shiyong-jiaocheng/2025-07-08-在欧洲怎么连国服？海外党访问国内服务不迷路.md (2472 chars)
  3655 -> posts/youxi-huiguo-youxi/2025-07-08-在欧洲怎么打王者荣耀，这些国内服务也能用.md (1991 chars)
  3654 -> posts/youxi-huiguo-youxi/2025-07-08-在美国可以玩中国的手游吗：完整解析与实用回国.md (2576 chars)
  3653 -> posts/youxi-huiguo-youxi/2025-07-08-在海外玩国内手机游戏卡顿怎么办？回国加速器亲.md (2598 chars)
  3652 -> posts/youxi-huiguo-youxi/2025-07-08-在国外怎么降低游戏延迟：真实经历与靠谱回国网.md (2382 chars)
  3651 -> posts/youxi-huiguo-youxi/2025-07-08-在国外玩国内手游用什么加速器？海外党亲测可用.md (2662 chars)
  3650 -> posts/youxi-huiguo-youxi/2025-07-08-在国外可以玩王者荣耀国服吗？海外党必看回国网.md (2826 chars)
  3649 -> posts/youxi-huiguo-youxi/2025-07-08-永劫无间在海外怎么玩国服？亲测有效回国网络优.md (2580 chars)
  3648 -> posts/youxi-huiguo-youxi/2025-07-08-美国玩王者荣耀延迟高怎么办？亲测回国网络提速.md (2229 chars)
  3647 -> posts/youxi-huiguo-youxi/2025-07-08-和平精英国外地区限制怎么破？海外党亲测可用.md (2788 chars)
  3646 -> posts/youxi-huiguo-youxi/2025-07-08-国外玩游戏延迟高怎么办？亲测有效的回国网络解.md (2521 chars)
  3645 -> posts/youxi-huiguo-youxi/2025-07-08-国外玩永劫无间国服，那些年我们遇到的访问难题.md (3043 chars)
  3644 -> posts/youxi-huiguo-youxi/2025-07-08-国外玩王者荣耀的软件怎么办？亲测有效回国方法.md (2146 chars)
  3643 -> posts/youxi-huiguo-youxi/2025-07-08-国外玩国内网游，这些服务为什么卡脖子？.md (2336 chars)
  3642 -> posts/youxi-huiguo-youxi/2025-07-08-国外玩国服游戏用什么加速器，海外党畅享国内精.md (2402 chars)
  3641 -> posts/youxi-huiguo-youxi/2025-07-08-国外玩lol延迟高怎么办？海外回国网络加速揭秘.md (2795 chars)
  3640 -> posts/youxi-huiguo-youxi/2025-07-08-国外能玩国内手游吗？轻松解决海外访问限制.md (2739 chars)
  3639 -> posts/youxi-huiguo-youxi/2025-07-08-国区游戏国外能不能玩？海外党回国网络解忧篇.md (2904 chars)
  3606 -> posts/tiyu-tiyu-zhibo/2025-06-24-境外看cba.md (2173 chars)
  3605 -> posts/tiyu-tiyu-zhibo/2025-06-24-在国外怎么看nba比赛直播.md (2632 chars)
  3604 -> posts/tiyu-tiyu-zhibo/2025-06-24-国外怎么看nba回放.md (3270 chars)
  3603 -> posts/yingyin-huiguo-yingyin/2025-06-24-怎么在国外看腾讯视频的电影.md (2392 chars)
  3602 -> posts/yingyin-huiguo-yingyin/2025-06-24-怎么在国外看腾讯视频会员.md (2686 chars)
  3601 -> posts/yingyin-huiguo-yingyin/2025-06-24-怎么在国外看腾讯视频直播.md (2699 chars)
  3600 -> posts/yingyin-huiguo-yingyin/2025-06-24-怎么在国外看腾讯视频的视频.md (2381 chars)
  3586 -> posts/tiyu-tiyu-zhibo/2025-06-23-在香港怎么看cba直播的.md (2299 chars)
  3585 -> posts/tiyu-tiyu-zhibo/2025-06-23-在香港用什么看nba.md (4059 chars)
  3584 -> posts/tiyu-tiyu-zhibo/2025-06-23-在海外怎么看奥运会.md (2601 chars)
  3583 -> posts/jiaocheng-shiyong-jiaocheng/2025-06-23-在海外看国内的电视剧的app.md (2194 chars)
  3582 -> posts/jiaocheng-shiyong-jiaocheng/2025-06-23-在国外能看国内电视吗.md (2485 chars)
  3567 -> posts/duanju-duanju-zhibo/2025-06-21-国外免费看2025世俱杯直播网站.md (2867 chars)
  3566 -> posts/duanju-duanju-zhibo/2025-06-21-海外看国内平台世俱杯直播教程.md (4417 chars)
  3565 -> posts/duanju-duanju-zhibo/2025-06-21-怎样在国外收看世俱杯高清直播.md (3097 chars)
  3564 -> posts/duanju-duanju-zhibo/2025-06-21-海外用户世俱杯直播平台推荐.md (2537 chars)
  3563 -> posts/duanju-duanju-zhibo/2025-06-21-国外如何解锁咪咕世俱杯比赛直播.md (3278 chars)
  3562 -> posts/jiaocheng-shiyong-jiaocheng/2025-06-21-海外在线观看世俱杯国内转播频道.md (2607 chars)
  3544 -> posts/yingyin-huiguo-yingyin/2025-06-18-腾讯视频海外能用吗.md (2012 chars)
  3543 -> posts/yingyin-huiguo-yingyin/2025-06-18-国外看不了腾讯视频的解决方法是什么.md (2417 chars)
  3542 -> posts/jiaocheng-shiyong-jiaocheng/2025-06-18-韩剧tv在国外看不了.md (2419 chars)
  3541 -> posts/yingyin-huiguo-yingyin/2025-06-18-在国外怎么看咪咕视频软件.md (1676 chars)
  3540 -> posts/yingyin-huiguo-yingyin/2025-06-18-在国外如何看咪咕视频.md (1682 chars)
  3539 -> posts/jiaocheng-shiyong-jiaocheng/2025-06-18-海外看咪咕.md (2227 chars)
  3526 -> posts/duanju-duanju-zhibo/2025-06-16-在海外怎么看春晚直播.md (1596 chars)
  3525 -> posts/jiaocheng-shiyong-jiaocheng/2025-06-16-在海外怎么看春晚节目.md (2316 chars)
  3524 -> posts/yingyin-huiguo-yingyin/2025-06-16-在海外怎么看春晚视频.md (2287 chars)
  3523 -> posts/yingyin-huiguo-yingyin/2025-06-16-在海外怎么看春晚电影.md (1973 chars)
  3522 -> posts/duanju-duanju-zhibo/2025-06-16-海外怎么看春晚直播.md (1626 chars)
done: ok=50 fail=0
[main 1d22172] publish: posts batch start=1130 n=50 (total 1180)
 50 files changed, 3784 insertions(+)
 create mode 100644 "posts/duanju-duanju-zhibo/2025-06-16-\345\234\250\346\265\267\345\244\226\346\200\216\344\271\210\347\234\213\346\230\245\346\231\232\347\233\264\346\222\255.md"
 create mode 100644 "posts/duanju-duanju-zhibo/2025-06-16-\346\265\267\345\244\226\346\200\216\344\271\210\347\234\213\346\230\245\346\231\232\347\233\264\346\222\255.md"
 create mode 100644 "posts/duanju-duanju-zhibo/2025-06-21-\345\233\275\345\244\226\345\205\215\350\264\271\347\234\2132025\344\270\226\344\277\261\346\235\257\347\233\264\346\222\255\347\275\221\347\253\231.md"
 create mode 100644 "posts/duanju-duanju-zhibo/2025-06-21-\345\233\275\345\244\226\345\246\202\344\275\225\350\247\243\351\224\201\345\222\252\345\222\225\344\270\226\344\277\261\346\235\257\346\257\224\350\265\233\347\233\264\346\222\255.md"
 create mode 100644 "posts/duanju-duanju-zhibo/2025-06-21-\346\200\216\346\240\267\345\234\250\345\233\275\345\244\226\346\224\266\347\234\213\344\270\226\344\277\261\346\235\257\351\253\230\346\270\205\347\233\264\346\222\255.md"
 create mode 100644 "posts/duanju-duanju-zhibo/2025-06-21-\346\265\267\345\244\226\347\224\250\346\210\267\344\270\226\344\277\261\346\235\257\347\233\264\346\222\255\345\271\263\345\217\260\346\216\250\350\215\220.md"
 create mode 100644 "posts/duanju-duanju-zhibo/2025-06-21-\346\265\267\345\244\226\347\234\213\345\233\275\345\206\205\345\271\263\345\217\260\344\270\226\344\277\261\346\235\257\347\233\264\346\222\255\346\225\231\347\250\213.md"
 create mode 100644 "posts/jiaocheng-shiyong-jiaocheng/2025-06-16-\345\234\250\346\265\267\345\244\226\346\200\216\344\271\210\347\234\213\346\230\245\346\231\232\350\212\202\347\233\256.md"
 create mode 100644 "posts/jiaocheng-shiyong-jiaocheng/2025-06-18-\346\265\267\345\244\226\347\234\213\345\222\252\345\222\225.md"
 create mode 100644 "posts/jiaocheng-shiyong-jiaocheng/2025-06-18-\351\237\251\345\211\247tv\345\234\250\345\233\275\345\244\226\347\234\213\344\270\215\344\272\206.md"
 create mode 100644 "posts/jiaocheng-shiyong-jiaocheng/2025-06-21-\346\265\267\345\244\226\345\234\250\347\272\277\350\247\202\347\234\213\344\270\226\344\277\261\346\235\257\345\233\275\345\206\205\350\275\254\346\222\255\351\242\221\351\201\223.md"
 create mode 100644 "posts/jiaocheng-shiyong-jiaocheng/2025-06-23-\345\234\250\345\233\275\345\244\226\350\203\275\347\234\213\345\233\275\345\206\205\347\224\265\350\247\206\345\220\227.md"
 create mode 100644 "posts/jiaocheng-shiyong-jiaocheng/2025-06-23-\345\234\250\346\265\267\345\244\226\347\234\213\345\233\275\345\206\205\347\232\204\347\224\265\350\247\206\345\211\247\347\232\204app.md"
 create mode 100644 "posts/jiaocheng-shiyong-jiaocheng/2025-07-08-\345\234\250\346\254\247\346\264\262\346\200\216\344\271\210\350\277\236\345\233\275\346\234\215\357\274\237\346\265\267\345\244\226\345\205\232\350\256\277\351\227\256\345\233\275\345\206\205\346\234\215\345\212\241\344\270\215\350\277\267\350\267\257.md"
 create mode 100644 "posts/tiyu-tiyu-zhibo/2025-06-23-\345\234\250\346\265\267\345\244\226\346\200\216\344\271\210\347\234\213\345\245\245\350\277\220\344\274\232.md"
 create mode 100644 "posts/tiyu-tiyu-zhibo/2025-06-23-\345\234\250\351\246\231\346\270\257\346\200\216\344\271\210\347\234\213cba\347\233\264\346\222\255\347\232\204.md"
 create mode 100644 "posts/tiyu-tiyu-zhibo/2025-06-23-\345\234\250\351\246\231\346\270\257\347\224\250\344\273\200\344\271\210\347\234\213nba.md"
 create mode 100644 "posts/tiyu-tiyu-zhibo/2025-06-24-\345\233\275\345\244\226\346\200\216\344\271\210\347\234\213nba\345\233\236\346\224\276.md"
 create mode 100644 "posts/tiyu-tiyu-zhibo/2025-06-24-\345\234\250\345\233\275\345\244\226\346\200\216\344\271\210\347\234\213nba\346\257\224\350\265\233\347\233\264\346\222\255.md"
 create mode 100644 "posts/tiyu-tiyu-zhibo/2025-06-24-\345\242\203\345\244\226\347\234\213cba.md"
 create mode 100644 "posts/yingyin-huiguo-yingyin/2025-06-16-\345\234\250\346\265\267\345\244\226\346\200\216\344\271\210\347\234\213\346\230\245\346\231\232\347\224\265\345\275\261.md"
 create mode 100644 "posts/yingyin-huiguo-yingyin/2025-06-16-\345\234\250\346\265\267\345\244\226\346\200\216\344\271\210\347\234\213\346\230\245\346\231\232\350\247\206\351\242\221.md"
 create mode 100644 "posts/yingyin-huiguo-yingyin/2025-06-18-\345\233\275\345\244\226\347\234\213\344\270\215\344\272\206\350\205\276\350\256\257\350\247\206\351\242\221\347\232\204\350\247\243\345\206\263\346\226\271\346\263\225\346\230\257\344\273\200\344\271\210.md"
 create mode 100644 "posts/yingyin-huiguo-yingyin/2025-06-18-\345\234\250\345\233\275\345\244\226\345\246\202\344\275\225\347\234\213\345\222\252\345\222\225\350\247\206\351\242\221.md"
 create mode 100644 "posts/yingyin-huiguo-yingyin/2025-06-18-\345\234\250\345\233\275\345\244\226\346\200\216\344\271\210\347\234\213\345\222\252\345\222\225\350\247\206\351\242\221\350\275\257\344\273\266.md"
 create mode 100644 "posts/yingyin-huiguo-yingyin/2025-06-18-\350\205\276\350\256\257\350\247\206\351\242\221\346\265\267\345\244\226\350\203\275\347\224\250\345\220\227.md"
 create mode 100644 "posts/yingyin-huiguo-yingyin/2025-06-24-\346\200\216\344\271\210\345\234\250\345\233\275\345\244\226\347\234\213\350\205\276\350\256\257\350\247\206\351\242\221\344\274\232\345\221\230.md"
 create mode 100644 "posts/yingyin-huiguo-yingyin/2025-06-24-\346\200\216\344\271\210\345\234\250\345\233\275\345\244\226\347\234\213\350\205\276\350\256\257\350\247\206\351\242\221\347\232\204\347\224\265\345\275\261.md"
 create mode 100644 "posts/yingyin-huiguo-yingyin/2025-06-24-\346\200\216\344\271\210\345\234\250\345\233\275\345\244\226\347\234\213\350\205\276\350\256\257\350\247\206\351\242\221\347\232\204\350\247\206\351\242\221.md"
 create mode 100644 "posts/yingyin-huiguo-yingyin/2025-06-24-\346\200\216\344\271\210\345\234\250\345\233\275\345\244\226\347\234\213\350\205\276\350\256\257\350\247\206\351\242\221\347\233\264\346\222\255.md"
 create mode 100644 "posts/youxi-huiguo-youxi/2025-07-08-\345\222\214\345\271\263\347\262\276\350\213\261\345\233\275\345\244\226\345\234\260\345\214\272\351\231\220\345\210\266\346\200\216\344\271\210\347\240\264\357\274\237\346\265\267\345\244\226\345\205\232\344\272\262\346\265\213\345\217\257\347\224\250.md"
 create mode 100644 "posts/youxi-huiguo-youxi/2025-07-08-\345\233\275\345\214\272\346\270\270\346\210\217\345\233\275\345\244\226\350\203\275\344\270\215\350\203\275\347\216\251\357\274\237\346\265\267\345\244\226\345\205\232\345\233\236\345\233\275\347\275\221\347\273\234\350\247\243\345\277\247\347\257\207.md"
 create mode 100644 "posts/youxi-huiguo-youxi/2025-07-08-\345\233\275\345\244\226\347\216\251lol\345\273\266\350\277\237\351\253\230\346\200\216\344\271\210\345\212\236\357\274\237\346\265\267\345\244\226\345\233\236\345\233\275\347\275\221\347\273\234\345\212\240\351\200\237\346\217\255\347\247\230.md"
 create mode 100644 "posts/youxi-huiguo-youxi/2025-07-08-\345\233\275\345\244\226\347\216\251\345\233\275\345\206\205\347\275\221\346\270\270\357\274\214\350\277\231\344\272\233\346\234\215\345\212\241\344\270\272\344\273\200\344\271\210\345\215\241\350\204\226\345\255\220\357\274\237.md"
 create mode 100644 "posts/youxi-huiguo-youxi/2025-07-08-\345\233\275\345\244\226\347\216\251\345\233\275\346\234\215\346\270\270\346\210\217\347\224\250\344\273\200\344\271\210\345\212\240\351\200\237\345\231\250\357\274\214\346\265\267\345\244\226\345\205\232\347\225\205\344\272\253\345\233\275\345\206\205\347\262\276.md"
 create mode 100644 "posts/youxi-huiguo-youxi/2025-07-08-\345\233\275\345\244\226\347\216\251\346\260\270\345\212\253\346\227\240\351\227\264\345\233\275\346\234\215\357\274\214\351\202\243\344\272\233\345\271\264\346\210\221\344\273\254\351\201\207\345\210\260\347\232\204\350\256\277\351\227\256\351\232\276\351\242\230.md"
 create mode 100644 "posts/youxi-huiguo-youxi/2025-07-08-\345\233\275\345\244\226\347\216\251\346\270\270\346\210\217\345\273\266\350\277\237\351\253\230\346\200\216\344\271\210\345\212\236\357\274\237\344\272\262\346\265\213\346\234\211\346\225\210\347\232\204\345\233\236\345\233\275\347\275\221\347\273\234\350\247\243.md"
 create mode 100644 "posts/youxi-huiguo-youxi/2025-07-08-\345\233\275\345\244\226\347\216\251\347\216\213\350\200\205\350\215\243\350\200\200\347\232\204\350\275\257\344\273\266\346\200\216\344\271\210\345\212\236\357\274\237\344\272\262\346\265\213\346\234\211\346\225\210\345\233\236\345\233\275\346\226\271\346\263\225.md"
 create mode 100644 "posts/youxi-huiguo-youxi/2025-07-08-\345\233\275\345\244\226\350\203\275\347\216\251\345\233\275\345\206\205\346\211\213\346\270\270\345\220\227\357\274\237\350\275\273\346\235\276\350\247\243\345\206\263\346\265\267\345\244\226\350\256\277\351\227\256\351\231\220\345\210\266.md"
 create mode 100644 "posts/youxi-huiguo-youxi/2025-07-08-\345\234\250\345\233\275\345\244\226\345\217\257\344\273\245\347\216\251\347\216\213\350\200\205\350\215\243\350\200\200\345\233\275\346\234\215\345\220\227\357\274\237\346\265\267\345\244\226\345\205\232\345\277\205\347\234\213\345\233\236\345\233\275\347\275\221.md"
 create mode 100644 "posts/youxi-huiguo-youxi/2025-07-08-\345\234\250\345\233\275\345\244\226\346\200\216\344\271\210\351\231\215\344\275\216\346\270\270\346\210\217\345\273\266\350\277\237\357\274\232\347\234\237\345\256\236\347\273\217\345\216\206\344\270\216\351\235\240\350\260\261\345\233\236\345\233\275\347\275\221.md"
 create mode 100644 "posts/youxi-huiguo-youxi/2025-07-08-\345\234\250\345\233\275\345\244\226\347\216\251\345\233\275\345\206\205\346\211\213\346\270\270\347\224\250\344\273\200\344\271\210\345\212\240\351\200\237\345\231\250\357\274\237\346\265\267\345\244\226\345\205\232\344\272\262\346\265\213\345\217\257\347\224\250.md"
 create mode 100644 "posts/youxi-huiguo-youxi/2025-07-08-\345\234\250\346\254\247\346\264\262\346\200\216\344\271\210\346\211\223\347\216\213\350\200\205\350\215\243\350\200\200\357\274\214\350\277\231\344\272\233\345\233\275\345\206\205\346\234\215\345\212\241\344\271\237\350\203\275\347\224\250.md"
 create mode 100644 "posts/youxi-huiguo-youxi/2025-07-08-\345\234\250\346\265\267\345\244\226\347\216\251\345\233\275\345\206\205\346\211\213\346\234\272\346\270\270\346\210\217\345\215\241\351\241\277\346\200\216\344\271\210\345\212\236\357\274\237\345\233\236\345\233\275\345\212\240\351\200\237\345\231\250\344\272\262.md"
 create mode 100644 "posts/youxi-huiguo-youxi/2025-07-08-\345\234\250\347\276\216\345\233\275\345\217\257\344\273\245\347\216\251\344\270\255\345\233\275\347\232\204\346\211\213\346\270\270\345\220\227\357\274\232\345\256\214\346\225\264\350\247\243\346\236\220\344\270\216\345\256\236\347\224\250\345\233\236\345\233\275.md"
 create mode 100644 "posts/youxi-huiguo-youxi/2025-07-08-\346\260\270\345\212\253\346\227\240\351\227\264\345\234\250\346\265\267\345\244\226\346\200\216\344\271\210\347\216\251\345\233\275\346\234\215\357\274\237\344\272\262\346\265\213\346\234\211\346\225\210\345\233\236\345\233\275\347\275\221\347\273\234\344\274\230.md"
 create mode 100644 "posts/youxi-huiguo-youxi/2025-07-08-\347\276\216\345\233\275\347\216\251\347\216\213\350\200\205\350\215\243\350\200\200\345\273\266\350\277\237\351\253\230\346\200\216\344\271\210\345\212\236\357\274\237\344\272\262\346\265\213\345\233\236\345\233\275\347\275\221\347\273\234\346\217\220\351\200\237.md"
 create mode 100644 "posts/youxi-huiguo-youxi/2025-07-09-\345\205\211\351\201\207\345\234\250\345\233\275\345\244\226\346\200\216\344\271\210\347\216\251\345\233\275\346\234\215\357\274\237\346\265\267\345\244\226\345\205\232\344\272\262\346\265\213\346\234\211\346\225\210\345\233\236\345\233\275\347\275\221\347\273\234.md"
 create mode 100644 "posts/youxi-huiguo-youxi/2025-07-09-\345\233\275\345\244\226\345\217\257\344\273\245\347\216\251\347\216\213\350\200\205\350\215\243\350\200\200\344\271\210\357\274\237\346\265\267\345\244\226\345\205\232\347\234\213\350\277\207\346\235\245\357\274\201.md"
 create mode 100644 "posts/youxi-huiguo-youxi/2025-07-09-\345\233\275\345\244\226\346\211\223\347\216\213\350\200\205\350\215\243\350\200\200\345\246\202\344\275\225\351\231\215\344\275\216\345\273\266\350\277\237\347\232\204\351\202\243\344\272\233\344\272\213\345\204\277.md"
To https://github.com/huiguojiasuqi/huiguojiasuqi.git
   7038ea7..1d22172  main -> main
[2026-09-10 18:12:28] batch start=1180 n=50
  3521 -> posts/jiaocheng-shiyong-jiaocheng/2025-06-16-在海外如何看春晚.md (1830 chars)
  3512 -> posts/tiyu-tiyu-zhibo/2025-06-13-国外看cctv5直播软件.md (2293 chars)
  3511 -> posts/yingyin-huiguo-yingyin/2025-06-13-海外如何看国内视频直播.md (2795 chars)
  3510 -> posts/yingyin-huiguo-yingyin/2025-06-13-海外如何看国内视频软件.md (2182 chars)
  3509 -> posts/yingyin-huiguo-yingyin/2025-06-13-海外如何看国内视频节目.md (3469 chars)
  3508 -> posts/yingyin-huiguo-yingyin/2025-06-13-海外怎么看国内视频.md (3904 chars)
  3493 -> posts/yingyin-huiguo-yingyin/2025-06-11-腾讯视频地域限制解决视频教学的问题.md (2139 chars)
  3492 -> posts/yingyin-huiguo-yingyin/2025-06-11-腾讯视频地域限制解决方法.md (2332 chars)
  3490 -> posts/jiaocheng-shiyong-jiaocheng/2025-06-11-韩剧tv海外可以看吗.md (3602 chars)
  3489 -> posts/jiaocheng-shiyong-jiaocheng/2025-06-11-韩剧-tv在国外看不了.md (1995 chars)
  3488 -> posts/yingyin-huiguo-yingyin/2025-06-11-在国外怎么看咪咕视频节目.md (2404 chars)
  3454 -> posts/yingyin-huiguo-yingyin/2025-06-05-海外看b站视频加载失败的原因.md (2844 chars)
  3471 -> posts/yingyin-huiguo-yingyin/2025-06-05-咪咕视频版权限制怎么解决.md (2081 chars)
  3470 -> posts/yingyin-huiguo-yingyin/2025-06-05-咪咕视频版权限制无法观看.md (1331 chars)
  3469 -> posts/jiaocheng-shiyong-jiaocheng/2025-06-05-在国外用什么网站看国内电视剧.md (2272 chars)
  3468 -> posts/jiaocheng-shiyong-jiaocheng/2025-06-05-海外华人如何看春晚.md (1934 chars)
  3467 -> posts/tiyu-tiyu-zhibo/2025-06-05-在国外怎么看nba.md (2159 chars)
  3466 -> posts/tiyu-tiyu-zhibo/2025-06-05-在国外怎么看nba直播.md (1870 chars)
  3453 -> posts/jiaocheng-shiyong-jiaocheng/2025-06-04-国外怎么翻回国内的网.md (2449 chars)
  3452 -> posts/tiyu-tiyu-zhibo/2025-06-04-cctv5地区限制.md (2706 chars)
  3451 -> posts/yingyin-huiguo-yingyin/2025-06-04-国外看国内视频如何解除地区限制.md (2494 chars)
  3450 -> posts/yingyin-huiguo-yingyin/2025-06-04-国外爱奇艺视频受限的解决方法.md (2206 chars)
  3434 -> posts/tiyu-tiyu-zhibo/2025-06-03-在澳门怎么看cba.md (1693 chars)
  3433 -> posts/tiyu-tiyu-zhibo/2025-06-03-海外如何看cba.md (2248 chars)
  3432 -> posts/tiyu-tiyu-zhibo/2025-06-03-海外看cba.md (1936 chars)
  3431 -> posts/jiaocheng-shiyong-jiaocheng/2025-06-03-海外怎么看国内的电视剧.md (2714 chars)
  3430 -> posts/yingyin-huiguo-yingyin/2025-06-03-爱奇艺地区限制怎么解决.md (2717 chars)
  3429 -> posts/yingyin-huiguo-yingyin/2025-06-03-国外看爱奇艺地域限制怎么办.md (2847 chars)
  3428 -> posts/tiyu-tiyu-zhibo/2025-06-03-香港怎么看cctv5.md (1343 chars)
  3413 -> posts/yingyin-huiguo-yingyin/2025-05-30-腾讯视频地域限制解决.md (2878 chars)
  3412 -> posts/yingyin-huiguo-yingyin/2025-05-30-在海外看腾讯视频卡顿的解决方法.md (2497 chars)
  3411 -> posts/yingyin-huiguo-yingyin/2025-05-30-腾讯视频在国外可以用吗.md (2591 chars)
  3410 -> posts/yingyin-huiguo-yingyin/2025-05-30-腾讯视频国外看不了怎么解决.md (1615 chars)
  3409 -> posts/jiaocheng-shiyong-jiaocheng/2025-05-30-在国外怎么看国内电视剧.md (2703 chars)
  3408 -> posts/jiaocheng-shiyong-jiaocheng/2025-05-30-在海外看国内电视剧用什么.md (3049 chars)
  3396 -> posts/jiaocheng-shiyong-jiaocheng/2025-05-29-在海外怎么看被限制的电视剧.md (1821 chars)
  3395 -> posts/jiaocheng-shiyong-jiaocheng/2025-05-29-海外看国内电视剧软件.md (2587 chars)
  3394 -> posts/yingyin-huiguo-yingyin/2025-05-29-海外看腾讯视频怎么解决版权问题.md (2801 chars)
  3393 -> posts/yingyin-huiguo-yingyin/2025-05-29-在国外手机看腾讯视频.md (2896 chars)
  3392 -> posts/jiaocheng-shiyong-jiaocheng/2025-05-29-在海外怎么看春晚.md (2578 chars)
  3391 -> posts/duanju-duanju-zhibo/2025-05-29-海外春晚直播在哪里看.md (2383 chars)
  3378 -> posts/yingyin-huiguo-yingyin/2025-05-28-国外怎么看腾讯视频.md (2757 chars)
  3377 -> posts/tiyu-tiyu-zhibo/2025-05-28-海外如何收看cctv5.md (2740 chars)
  3376 -> posts/tiyu-tiyu-zhibo/2025-05-28-可以在国外看的央视app.md (2451 chars)
  3375 -> posts/jiaocheng-shiyong-jiaocheng/2025-05-28-国外能看中央电视台吗.md (2388 chars)
  3374 -> posts/yingyin-huiguo-yingyin/2025-05-28-超级简单的取消腾讯视频地区限制的方法.md (3118 chars)
  3365 -> posts/tiyu-tiyu-zhibo/2025-05-26-怎么在国外看奥运会直播.md (2562 chars)
  3364 -> posts/yinyue-yinyue-yinpin/2025-05-26-海外用户如何下载网易云音乐？2025年5月最新破解指.md (2919 chars)
  3307 -> posts/yingyin-huiguo-yingyin/2025-05-21-如何在香港解除bilibili的限制：有效方法与注意事项.md (2810 chars)
  3308 -> posts/jiaocheng-shiyong-jiaocheng/2025-05-19-如何在美国轻松观看国内电视节目.md (2144 chars)
done: ok=50 fail=0
[main 281cc83] publish: posts batch start=1180 n=50 (total 1230)
 50 files changed, 3990 insertions(+)
 create mode 100644 "posts/duanju-duanju-zhibo/2025-05-29-\346\265\267\345\244\226\346\230\245\346\231\232\347\233\264\346\222\255\345\234\250\345\223\252\351\207\214\347\234\213.md"
 create mode 100644 "posts/jiaocheng-shiyong-jiaocheng/2025-05-19-\345\246\202\344\275\225\345\234\250\347\276\216\345\233\275\350\275\273\346\235\276\350\247\202\347\234\213\345\233\275\345\206\205\347\224\265\350\247\206\350\212\202\347\233\256.md"
 create mode 100644 "posts/jiaocheng-shiyong-jiaocheng/2025-05-28-\345\233\275\345\244\226\350\203\275\347\234\213\344\270\255\345\244\256\347\224\265\350\247\206\345\217\260\345\220\227.md"
 create mode 100644 "posts/jiaocheng-shiyong-jiaocheng/2025-05-29-\345\234\250\346\265\267\345\244\226\346\200\216\344\271\210\347\234\213\346\230\245\346\231\232.md"
 create mode 100644 "posts/jiaocheng-shiyong-jiaocheng/2025-05-29-\345\234\250\346\265\267\345\244\226\346\200\216\344\271\210\347\234\213\350\242\253\351\231\220\345\210\266\347\232\204\347\224\265\350\247\206\345\211\247.md"
 create mode 100644 "posts/jiaocheng-shiyong-jiaocheng/2025-05-29-\346\265\267\345\244\226\347\234\213\345\233\275\345\206\205\347\224\265\350\247\206\345\211\247\350\275\257\344\273\266.md"
 create mode 100644 "posts/jiaocheng-shiyong-jiaocheng/2025-05-30-\345\234\250\345\233\275\345\244\226\346\200\216\344\271\210\347\234\213\345\233\275\345\206\205\347\224\265\350\247\206\345\211\247.md"
 create mode 100644 "posts/jiaocheng-shiyong-jiaocheng/2025-05-30-\345\234\250\346\265\267\345\244\226\347\234\213\345\233\275\345\206\205\347\224\265\350\247\206\345\211\247\347\224\250\344\273\200\344\271\210.md"
 create mode 100644 "posts/jiaocheng-shiyong-jiaocheng/2025-06-03-\346\265\267\345\244\226\346\200\216\344\271\210\347\234\213\345\233\275\345\206\205\347\232\204\347\224\265\350\247\206\345\211\247.md"
 create mode 100644 "posts/jiaocheng-shiyong-jiaocheng/2025-06-04-\345\233\275\345\244\226\346\200\216\344\271\210\347\277\273\345\233\236\345\233\275\345\206\205\347\232\204\347\275\221.md"
 create mode 100644 "posts/jiaocheng-shiyong-jiaocheng/2025-06-05-\345\234\250\345\233\275\345\244\226\347\224\250\344\273\200\344\271\210\347\275\221\347\253\231\347\234\213\345\233\275\345\206\205\347\224\265\350\247\206\345\211\247.md"
 create mode 100644 "posts/jiaocheng-shiyong-jiaocheng/2025-06-05-\346\265\267\345\244\226\345\215\216\344\272\272\345\246\202\344\275\225\347\234\213\346\230\245\346\231\232.md"
 create mode 100644 "posts/jiaocheng-shiyong-jiaocheng/2025-06-11-\351\237\251\345\211\247-tv\345\234\250\345\233\275\345\244\226\347\234\213\344\270\215\344\272\206.md"
 create mode 100644 "posts/jiaocheng-shiyong-jiaocheng/2025-06-11-\351\237\251\345\211\247tv\346\265\267\345\244\226\345\217\257\344\273\245\347\234\213\345\220\227.md"
 create mode 100644 "posts/jiaocheng-shiyong-jiaocheng/2025-06-16-\345\234\250\346\265\267\345\244\226\345\246\202\344\275\225\347\234\213\346\230\245\346\231\232.md"
 create mode 100644 "posts/tiyu-tiyu-zhibo/2025-05-26-\346\200\216\344\271\210\345\234\250\345\233\275\345\244\226\347\234\213\345\245\245\350\277\220\344\274\232\347\233\264\346\222\255.md"
 create mode 100644 "posts/tiyu-tiyu-zhibo/2025-05-28-\345\217\257\344\273\245\345\234\250\345\233\275\345\244\226\347\234\213\347\232\204\345\244\256\350\247\206app.md"
 create mode 100644 "posts/tiyu-tiyu-zhibo/2025-05-28-\346\265\267\345\244\226\345\246\202\344\275\225\346\224\266\347\234\213cctv5.md"
 create mode 100644 "posts/tiyu-tiyu-zhibo/2025-06-03-\345\234\250\346\276\263\351\227\250\346\200\216\344\271\210\347\234\213cba.md"
 create mode 100644 "posts/tiyu-tiyu-zhibo/2025-06-03-\346\265\267\345\244\226\345\246\202\344\275\225\347\234\213cba.md"
 create mode 100644 "posts/tiyu-tiyu-zhibo/2025-06-03-\346\265\267\345\244\226\347\234\213cba.md"
 create mode 100644 "posts/tiyu-tiyu-zhibo/2025-06-03-\351\246\231\346\270\257\346\200\216\344\271\210\347\234\213cctv5.md"
 create mode 100644 "posts/tiyu-tiyu-zhibo/2025-06-04-cctv5\345\234\260\345\214\272\351\231\220\345\210\266.md"
 create mode 100644 "posts/tiyu-tiyu-zhibo/2025-06-05-\345\234\250\345\233\275\345\244\226\346\200\216\344\271\210\347\234\213nba.md"
 create mode 100644 "posts/tiyu-tiyu-zhibo/2025-06-05-\345\234\250\345\233\275\345\244\226\346\200\216\344\271\210\347\234\213nba\347\233\264\346\222\255.md"
 create mode 100644 "posts/tiyu-tiyu-zhibo/2025-06-13-\345\233\275\345\244\226\347\234\213cctv5\347\233\264\346\222\255\350\275\257\344\273\266.md"
 create mode 100644 "posts/yingyin-huiguo-yingyin/2025-05-21-\345\246\202\344\275\225\345\234\250\351\246\231\346\270\257\350\247\243\351\231\244bilibili\347\232\204\351\231\220\345\210\266\357\274\232\346\234\211\346\225\210\346\226\271\346\263\225\344\270\216\346\263\250\346\204\217\344\272\213\351\241\271.md"
 create mode 100644 "posts/yingyin-huiguo-yingyin/2025-05-28-\345\233\275\345\244\226\346\200\216\344\271\210\347\234\213\350\205\276\350\256\257\350\247\206\351\242\221.md"
 create mode 100644 "posts/yingyin-huiguo-yingyin/2025-05-28-\350\266\205\347\272\247\347\256\200\345\215\225\347\232\204\345\217\226\346\266\210\350\205\276\350\256\257\350\247\206\351\242\221\345\234\260\345\214\272\351\231\220\345\210\266\347\232\204\346\226\271\346\263\225.md"
 create mode 100644 "posts/yingyin-huiguo-yingyin/2025-05-29-\345\234\250\345\233\275\345\244\226\346\211\213\346\234\272\347\234\213\350\205\276\350\256\257\350\247\206\351\242\221.md"
 create mode 100644 "posts/yingyin-huiguo-yingyin/2025-05-29-\346\265\267\345\244\226\347\234\213\350\205\276\350\256\257\350\247\206\351\242\221\346\200\216\344\271\210\350\247\243\345\206\263\347\211\210\346\235\203\351\227\256\351\242\230.md"
 create mode 100644 "posts/yingyin-huiguo-yingyin/2025-05-30-\345\234\250\346\265\267\345\244\226\347\234\213\350\205\276\350\256\257\350\247\206\351\242\221\345\215\241\351\241\277\347\232\204\350\247\243\345\206\263\346\226\271\346\263\225.md"
 create mode 100644 "posts/yingyin-huiguo-yingyin/2025-05-30-\350\205\276\350\256\257\350\247\206\351\242\221\345\233\275\345\244\226\347\234\213\344\270\215\344\272\206\346\200\216\344\271\210\350\247\243\345\206\263.md"
 create mode 100644 "posts/yingyin-huiguo-yingyin/2025-05-30-\350\205\276\350\256\257\350\247\206\351\242\221\345\234\250\345\233\275\345\244\226\345\217\257\344\273\245\347\224\250\345\220\227.md"
 create mode 100644 "posts/yingyin-huiguo-yingyin/2025-05-30-\350\205\276\350\256\257\350\247\206\351\242\221\345\234\260\345\237\237\351\231\220\345\210\266\350\247\243\345\206\263.md"
 create mode 100644 "posts/yingyin-huiguo-yingyin/2025-06-03-\345\233\275\345\244\226\347\234\213\347\210\261\345\245\207\350\211\272\345\234\260\345\237\237\351\231\220\345\210\266\346\200\216\344\271\210\345\212\236.md"
 create mode 100644 "posts/yingyin-huiguo-yingyin/2025-06-03-\347\210\261\345\245\207\350\211\272\345\234\260\345\214\272\351\231\220\345\210\266\346\200\216\344\271\210\350\247\243\345\206\263.md"
 create mode 100644 "posts/yingyin-huiguo-yingyin/2025-06-04-\345\233\275\345\244\226\347\210\261\345\245\207\350\211\272\350\247\206\351\242\221\345\217\227\351\231\220\347\232\204\350\247\243\345\206\263\346\226\271\346\263\225.md"
 create mode 100644 "posts/yingyin-huiguo-yingyin/2025-06-04-\345\233\275\345\244\226\347\234\213\345\233\275\345\206\205\350\247\206\351\242\221\345\246\202\344\275\225\350\247\243\351\231\244\345\234\260\345\214\272\351\231\220\345\210\266.md"
 create mode 100644 "posts/yingyin-huiguo-yingyin/2025-06-05-\345\222\252\345\222\225\350\247\206\351\242\221\347\211\210\346\235\203\351\231\220\345\210\266\346\200\216\344\271\210\350\247\243\345\206\263.md"
 create mode 100644 "posts/yingyin-huiguo-yingyin/2025-06-05-\345\222\252\345\222\225\350\247\206\351\242\221\347\211\210\346\235\203\351\231\220\345\210\266\346\227\240\346\263\225\350\247\202\347\234\213.md"
 create mode 100644 "posts/yingyin-huiguo-yingyin/2025-06-05-\346\265\267\345\244\226\347\234\213b\347\253\231\350\247\206\351\242\221\345\212\240\350\275\275\345\244\261\350\264\245\347\232\204\345\216\237\345\233\240.md"
 create mode 100644 "posts/yingyin-huiguo-yingyin/2025-06-11-\345\234\250\345\233\275\345\244\226\346\200\216\344\271\210\347\234\213\345\222\252\345\222\225\350\247\206\351\242\221\350\212\202\347\233\256.md"
 create mode 100644 "posts/yingyin-huiguo-yingyin/2025-06-11-\350\205\276\350\256\257\350\247\206\351\242\221\345\234\260\345\237\237\351\231\220\345\210\266\350\247\243\345\206\263\346\226\271\346\263\225.md"
 create mode 100644 "posts/yingyin-huiguo-yingyin/2025-06-11-\350\205\276\350\256\257\350\247\206\351\242\221\345\234\260\345\237\237\351\231\220\345\210\266\350\247\243\345\206\263\350\247\206\351\242\221\346\225\231\345\255\246\347\232\204\351\227\256\351\242\230.md"
 create mode 100644 "posts/yingyin-huiguo-yingyin/2025-06-13-\346\265\267\345\244\226\345\246\202\344\275\225\347\234\213\345\233\275\345\206\205\350\247\206\351\242\221\347\233\264\346\222\255.md"
 create mode 100644 "posts/yingyin-huiguo-yingyin/2025-06-13-\346\265\267\345\244\226\345\246\202\344\275\225\347\234\213\345\233\275\345\206\205\350\247\206\351\242\221\350\212\202\347\233\256.md"
 create mode 100644 "posts/yingyin-huiguo-yingyin/2025-06-13-\346\265\267\345\244\226\345\246\202\344\275\225\347\234\213\345\233\275\345\206\205\350\247\206\351\242\221\350\275\257\344\273\266.md"
 create mode 100644 "posts/yingyin-huiguo-yingyin/2025-06-13-\346\265\267\345\244\226\346\200\216\344\271\210\347\234\213\345\233\275\345\206\205\350\247\206\351\242\221.md"
 create mode 100644 "posts/yinyue-yinyue-yinpin/2025-05-26-\346\265\267\345\244\226\347\224\250\346\210\267\345\246\202\344\275\225\344\270\213\350\275\275\347\275\221\346\230\223\344\272\221\351\237\263\344\271\220\357\274\2372025\345\271\2645\346\234\210\346\234\200\346\226\260\347\240\264\350\247\243\346\214\207.md"
To https://github.com/huiguojiasuqi/huiguojiasuqi.git
   1d22172..281cc83  main -> main
[2026-09-10 18:12:54] batch start=1230 n=50
  3305 -> posts/tiyu-tiyu-zhibo/2025-05-19-如何在香港流畅观看cctv5直播？解决网络延迟的实用.md (1786 chars)
  3292 -> posts/bangong-bangong-baokao/2025-05-19-中国知网海外地区无法使用？为什么会这样？.md (2488 chars)
  3289 -> posts/jiaocheng-shiyong-jiaocheng/2025-05-17-台灣可以看優酷嗎？解決方法與操作步驟全解析.md (2482 chars)
  3288 -> posts/jiaocheng-shiyong-jiaocheng/2025-05-17-台灣微信無法看廣告？解決方法大公開！.md (2596 chars)
  3217 -> posts/jiaocheng-shiyong-jiaocheng/2025-05-17-翻墙后国内网站打不开？解决方法全攻略.md (1538 chars)
  3216 -> posts/jiaocheng-shiyong-jiaocheng/2025-05-17-百度暫不支持海外及港澳台？解决方法大公開！.md (1545 chars)
  3195 -> posts/bangong-bangong-baokao/2025-04-11-知网海外打不开？试试这些方法轻松解决！.md (2027 chars)
  3196 -> posts/jiaocheng-shiyong-jiaocheng/2025-04-02-喜馬拉雅台灣不能聽？解決方法大公開！.md (2652 chars)
  3194 -> posts/jiaocheng-shiyong-jiaocheng/2025-04-02-中国的电视盒子在美国能用吗？解决方法与注意事.md (2353 chars)
  3186 -> posts/jiaocheng-shiyong-jiaocheng/2025-04-02-自建回国vpn：解决跨境网络访问难题的最佳方案.md (2741 chars)
  3185 -> posts/jiaocheng-shiyong-jiaocheng/2025-04-01-迪拜微信限制：如何突破通讯障碍并保持联系.md (2728 chars)
  3184 -> posts/jiaocheng-shiyong-jiaocheng/2025-04-01-百度网盘美国不能用？解决方法大公开！.md (2701 chars)
  3172 -> posts/jiaocheng-shiyong-jiaocheng/2025-04-01-自建回国节点：解决海外网络访问难题.md (2897 chars)
  3173 -> posts/jiaocheng-shiyong-jiaocheng/2025-03-31-穿梭不能用了？别慌，这里有实用的解决方法！.md (2068 chars)
  3174 -> posts/jiaocheng-shiyong-jiaocheng/2025-03-28-迪拜网络限制：如何轻松应对并保持在线自由.md (2354 chars)
  3175 -> posts/bangong-bangong-baokao/2025-03-28-中国知网海外不能用？3个有效解决方法帮你轻松访.md (3081 chars)
  3171 -> posts/tiyu-tiyu-zhibo/2025-03-28-澳洲怎么看cctv5？解决方法与操作步骤详解.md (2639 chars)
  3161 -> posts/jiaocheng-shiyong-jiaocheng/2025-03-28-阿里云盘海外不能用？解决方法大揭秘.md (2691 chars)
  3160 -> posts/jiaocheng-shiyong-jiaocheng/2025-03-27-v2ray回国节点的最佳解决方案：如何轻松访问国内网.md (2631 chars)
  3162 -> posts/jiaocheng-shiyong-jiaocheng/2025-03-27-阿里云盘海外怎么注册？解决方法与注意事项.md (2573 chars)
  3159 -> posts/jiaocheng-shiyong-jiaocheng/2025-03-27-sixfast好用吗？实测分享与详细使用指南.md (2608 chars)
  3155 -> posts/jiaocheng-shiyong-jiaocheng/2025-03-27-quickfox安全吗？解密quickfox的安全性與使用指南.md (2528 chars)
  3154 -> posts/jiaocheng-shiyong-jiaocheng/2025-03-26-golink好用吗？全面解析golink的功能与使用体验.md (2005 chars)
  3151 -> posts/jiaocheng-shiyong-jiaocheng/2025-03-26-翻墙回国机场：如何轻松解决跨境网络访问问题.md (2176 chars)
  3140 -> posts/youxi-huiguo-youxi/2025-03-25-王者榮耀定位海外怎麼修改到國內？.md (2389 chars)
  3142 -> posts/yinyue-yinyue-yinpin/2025-03-25-如何高效破解喜马拉雅的限制？番茄加速器助你畅.md (2715 chars)
  3143 -> posts/tiyu-tiyu-zhibo/2025-03-24-如何解决cctv5因版权限制无法观看的问题.md (2123 chars)
  3139 -> posts/jiaocheng-shiyong-jiaocheng/2025-03-24-天眼查香港無法使用怎麼辦？.md (2790 chars)
  3129 -> posts/jiaocheng-shiyong-jiaocheng/2025-03-18-酷狗音樂台灣不能用怎麼辦？.md (2886 chars)
  3128 -> posts/jiaocheng-shiyong-jiaocheng/2025-03-18-解除網易雲音樂海外地區無法播放的方法？.md (2752 chars)
  3120 -> posts/jiaocheng-shiyong-jiaocheng/2025-03-17-海外如何註冊qq？详解qq国际版注册流程.md (3164 chars)
  3117 -> posts/jiaocheng-shiyong-jiaocheng/2025-03-17-海外如何下載百度網盤文件？.md (3193 chars)
  3111 -> posts/jiaocheng-shiyong-jiaocheng/2025-03-13-百度网盘海外登录百度云国外登录.md (2752 chars)
  3112 -> posts/youxi-huiguo-youxi/2025-03-13-微信小游戏看不了广告微信小程序游戏免广告神器.md (3019 chars)
  3110 -> posts/jiaocheng-shiyong-jiaocheng/2025-03-13-百度網盤海外註冊百度网盘海外手机号怎么注册.md (3420 chars)
  3107 -> posts/bangong-bangong-baokao/2025-03-12-微信小程序無法看廣告微信小程序无法看广告怎么.md (3071 chars)
  3106 -> posts/yingyin-huiguo-yingyin/2025-03-12-腾讯视频地区限制腾讯视频地区限制怎么设置.md (2958 chars)
  3081 -> posts/yingyin-huiguo-yingyin/2025-03-11-您所在的地区，暂不支持播放该视频您所在的地区.md (2828 chars)
  3097 -> posts/yingyin-huiguo-yingyin/2025-03-11-b站港澳台解鎖怎麼操作？.md (2964 chars)
  3096 -> posts/yingyin-huiguo-yingyin/2025-03-11-bilibili台灣登入不上怎麼辦？.md (2760 chars)
  3089 -> posts/jiaocheng-shiyong-jiaocheng/2025-03-06-国外无法访问国内网站国外网站不能访问.md (2033 chars)
  3092 -> posts/tiyu-tiyu-zhibo/2025-03-06-海外怎么看奥运会海外怎样看奥运会.md (2809 chars)
  3088 -> posts/tiyu-tiyu-zhibo/2025-03-05-海外如何看奥运会海外如何看奥运会直播回放.md (3106 chars)
  3080 -> posts/jiaocheng-shiyong-jiaocheng/2025-03-05-微信看不了广告微信看不了广告怎么回事儿.md (3470 chars)
  3082 -> posts/youxi-huiguo-youxi/2025-03-04-微信遊戲廣告不能看ios微信游戏不能看广告视频.md (2972 chars)
  2958 -> posts/yinyue-yinyue-yinpin/2025-03-04-国外听书软件国外听书软件-全免费.md (2453 chars)
  2960 -> posts/tiyu-tiyu-zhibo/2025-02-27-海外看nba直播海外怎么看nba直播.md (3444 chars)
  2991 -> posts/jiaocheng-shiyong-jiaocheng/2025-02-26-庆余年第二季免费庆余年第二季免费观看完整版在.md (2953 chars)
  3057 -> posts/jiaocheng-shiyong-jiaocheng/2025-02-26-翻墙后无法连接appstore.md (3781 chars)
  3059 -> posts/jiaocheng-shiyong-jiaocheng/2025-02-24-海外百度网盘注册海外百度云盘注册.md (3482 chars)
done: ok=50 fail=0
[main 3b3ac5d] publish: posts batch start=1230 n=50 (total 1280)
 50 files changed, 4495 insertions(+)
 create mode 100644 "posts/bangong-bangong-baokao/2025-03-12-\345\276\256\344\277\241\345\260\217\347\250\213\345\272\217\347\204\241\346\263\225\347\234\213\345\273\243\345\221\212\345\276\256\344\277\241\345\260\217\347\250\213\345\272\217\346\227\240\346\263\225\347\234\213\345\271\277\345\221\212\346\200\216\344\271\210.md"
 create mode 100644 "posts/bangong-bangong-baokao/2025-03-28-\344\270\255\345\233\275\347\237\245\347\275\221\346\265\267\345\244\226\344\270\215\350\203\275\347\224\250\357\274\2373\344\270\252\346\234\211\346\225\210\350\247\243\345\206\263\346\226\271\346\263\225\345\270\256\344\275\240\350\275\273\346\235\276\350\256\277.md"
 create mode 100644 "posts/bangong-bangong-baokao/2025-04-11-\347\237\245\347\275\221\346\265\267\345\244\226\346\211\223\344\270\215\345\274\200\357\274\237\350\257\225\350\257\225\350\277\231\344\272\233\346\226\271\346\263\225\350\275\273\346\235\276\350\247\243\345\206\263\357\274\201.md"
 create mode 100644 "posts/bangong-bangong-baokao/2025-05-19-\344\270\255\345\233\275\347\237\245\347\275\221\346\265\267\345\244\226\345\234\260\345\214\272\346\227\240\346\263\225\344\275\277\347\224\250\357\274\237\344\270\272\344\273\200\344\271\210\344\274\232\350\277\231\346\240\267\357\274\237.md"
 create mode 100644 "posts/jiaocheng-shiyong-jiaocheng/2025-02-24-\346\265\267\345\244\226\347\231\276\345\272\246\347\275\221\347\233\230\346\263\250\345\206\214\346\265\267\345\244\226\347\231\276\345\272\246\344\272\221\347\233\230\346\263\250\345\206\214.md"
 create mode 100644 "posts/jiaocheng-shiyong-jiaocheng/2025-02-26-\345\272\206\344\275\231\345\271\264\347\254\254\344\272\214\345\255\243\345\205\215\350\264\271\345\272\206\344\275\231\345\271\264\347\254\254\344\272\214\345\255\243\345\205\215\350\264\271\350\247\202\347\234\213\345\256\214\346\225\264\347\211\210\345\234\250.md"
 create mode 100644 "posts/jiaocheng-shiyong-jiaocheng/2025-02-26-\347\277\273\345\242\231\345\220\216\346\227\240\346\263\225\350\277\236\346\216\245appstore.md"
 create mode 100644 "posts/jiaocheng-shiyong-jiaocheng/2025-03-05-\345\276\256\344\277\241\347\234\213\344\270\215\344\272\206\345\271\277\345\221\212\345\276\256\344\277\241\347\234\213\344\270\215\344\272\206\345\271\277\345\221\212\346\200\216\344\271\210\345\233\236\344\272\213\345\204\277.md"
 create mode 100644 "posts/jiaocheng-shiyong-jiaocheng/2025-03-06-\345\233\275\345\244\226\346\227\240\346\263\225\350\256\277\351\227\256\345\233\275\345\206\205\347\275\221\347\253\231\345\233\275\345\244\226\347\275\221\347\253\231\344\270\215\350\203\275\350\256\277\351\227\256.md"
 create mode 100644 "posts/jiaocheng-shiyong-jiaocheng/2025-03-13-\347\231\276\345\272\246\347\266\262\347\233\244\346\265\267\345\244\226\350\250\273\345\206\212\347\231\276\345\272\246\347\275\221\347\233\230\346\265\267\345\244\226\346\211\213\346\234\272\345\217\267\346\200\216\344\271\210\346\263\250\345\206\214.md"
 create mode 100644 "posts/jiaocheng-shiyong-jiaocheng/2025-03-13-\347\231\276\345\272\246\347\275\221\347\233\230\346\265\267\345\244\226\347\231\273\345\275\225\347\231\276\345\272\246\344\272\221\345\233\275\345\244\226\347\231\273\345\275\225.md"
 create mode 100644 "posts/jiaocheng-shiyong-jiaocheng/2025-03-17-\346\265\267\345\244\226\345\246\202\344\275\225\344\270\213\350\274\211\347\231\276\345\272\246\347\266\262\347\233\244\346\226\207\344\273\266\357\274\237.md"
 create mode 100644 "posts/jiaocheng-shiyong-jiaocheng/2025-03-17-\346\265\267\345\244\226\345\246\202\344\275\225\350\250\273\345\206\212qq\357\274\237\350\257\246\350\247\243qq\345\233\275\351\231\205\347\211\210\346\263\250\345\206\214\346\265\201\347\250\213.md"
 create mode 100644 "posts/jiaocheng-shiyong-jiaocheng/2025-03-18-\350\247\243\351\231\244\347\266\262\346\230\223\351\233\262\351\237\263\346\250\202\346\265\267\345\244\226\345\234\260\345\215\200\347\204\241\346\263\225\346\222\255\346\224\276\347\232\204\346\226\271\346\263\225\357\274\237.md"
 create mode 100644 "posts/jiaocheng-shiyong-jiaocheng/2025-03-18-\351\205\267\347\213\227\351\237\263\346\250\202\345\217\260\347\201\243\344\270\215\350\203\275\347\224\250\346\200\216\351\272\274\350\276\246\357\274\237.md"
 create mode 100644 "posts/jiaocheng-shiyong-jiaocheng/2025-03-24-\345\244\251\347\234\274\346\237\245\351\246\231\346\270\257\347\204\241\346\263\225\344\275\277\347\224\250\346\200\216\351\272\274\350\276\246\357\274\237.md"
 create mode 100644 "posts/jiaocheng-shiyong-jiaocheng/2025-03-26-golink\345\245\275\347\224\250\345\220\227\357\274\237\345\205\250\351\235\242\350\247\243\346\236\220golink\347\232\204\345\212\237\350\203\275\344\270\216\344\275\277\347\224\250\344\275\223\351\252\214.md"
 create mode 100644 "posts/jiaocheng-shiyong-jiaocheng/2025-03-26-\347\277\273\345\242\231\345\233\236\345\233\275\346\234\272\345\234\272\357\274\232\345\246\202\344\275\225\350\275\273\346\235\276\350\247\243\345\206\263\350\267\250\345\242\203\347\275\221\347\273\234\350\256\277\351\227\256\351\227\256\351\242\230.md"
 create mode 100644 "posts/jiaocheng-shiyong-jiaocheng/2025-03-27-quickfox\345\256\211\345\205\250\345\220\227\357\274\237\350\247\243\345\257\206quickfox\347\232\204\345\256\211\345\205\250\346\200\247\350\210\207\344\275\277\347\224\250\346\214\207\345\215\227.md"
 create mode 100644 "posts/jiaocheng-shiyong-jiaocheng/2025-03-27-sixfast\345\245\275\347\224\250\345\220\227\357\274\237\345\256\236\346\265\213\345\210\206\344\272\253\344\270\216\350\257\246\347\273\206\344\275\277\347\224\250\346\214\207\345\215\227.md"
 create mode 100644 "posts/jiaocheng-shiyong-jiaocheng/2025-03-27-v2ray\345\233\236\345\233\275\350\212\202\347\202\271\347\232\204\346\234\200\344\275\263\350\247\243\345\206\263\346\226\271\346\241\210\357\274\232\345\246\202\344\275\225\350\275\273\346\235\276\350\256\277\351\227\256\345\233\275\345\206\205\347\275\221.md"
 create mode 100644 "posts/jiaocheng-shiyong-jiaocheng/2025-03-27-\351\230\277\351\207\214\344\272\221\347\233\230\346\265\267\345\244\226\346\200\216\344\271\210\346\263\250\345\206\214\357\274\237\350\247\243\345\206\263\346\226\271\346\263\225\344\270\216\346\263\250\346\204\217\344\272\213\351\241\271.md"
 create mode 100644 "posts/jiaocheng-shiyong-jiaocheng/2025-03-28-\350\277\252\346\213\234\347\275\221\347\273\234\351\231\220\345\210\266\357\274\232\345\246\202\344\275\225\350\275\273\346\235\276\345\272\224\345\257\271\345\271\266\344\277\235\346\214\201\345\234\250\347\272\277\350\207\252\347\224\261.md"
 create mode 100644 "posts/jiaocheng-shiyong-jiaocheng/2025-03-28-\351\230\277\351\207\214\344\272\221\347\233\230\346\265\267\345\244\226\344\270\215\350\203\275\347\224\250\357\274\237\350\247\243\345\206\263\346\226\271\346\263\225\345\244\247\346\217\255\347\247\230.md"
 create mode 100644 "posts/jiaocheng-shiyong-jiaocheng/2025-03-31-\347\251\277\346\242\255\344\270\215\350\203\275\347\224\250\344\272\206\357\274\237\345\210\253\346\205\214\357\274\214\350\277\231\351\207\214\346\234\211\345\256\236\347\224\250\347\232\204\350\247\243\345\206\263\346\226\271\346\263\225\357\274\201.md"
 create mode 100644 "posts/jiaocheng-shiyong-jiaocheng/2025-04-01-\347\231\276\345\272\246\347\275\221\347\233\230\347\276\216\345\233\275\344\270\215\350\203\275\347\224\250\357\274\237\350\247\243\345\206\263\346\226\271\346\263\225\345\244\247\345\205\254\345\274\200\357\274\201.md"
 create mode 100644 "posts/jiaocheng-shiyong-jiaocheng/2025-04-01-\350\207\252\345\273\272\345\233\236\345\233\275\350\212\202\347\202\271\357\274\232\350\247\243\345\206\263\346\265\267\345\244\226\347\275\221\347\273\234\350\256\277\351\227\256\351\232\276\351\242\230.md"
 create mode 100644 "posts/jiaocheng-shiyong-jiaocheng/2025-04-01-\350\277\252\346\213\234\345\276\256\344\277\241\351\231\220\345\210\266\357\274\232\345\246\202\344\275\225\347\252\201\347\240\264\351\200\232\350\256\257\351\232\234\347\242\215\345\271\266\344\277\235\346\214\201\350\201\224\347\263\273.md"
 create mode 100644 "posts/jiaocheng-shiyong-jiaocheng/2025-04-02-\344\270\255\345\233\275\347\232\204\347\224\265\350\247\206\347\233\222\345\255\220\345\234\250\347\276\216\345\233\275\350\203\275\347\224\250\345\220\227\357\274\237\350\247\243\345\206\263\346\226\271\346\263\225\344\270\216\346\263\250\346\204\217\344\272\213.md"
 create mode 100644 "posts/jiaocheng-shiyong-jiaocheng/2025-04-02-\345\226\234\351\246\254\346\213\211\351\233\205\345\217\260\347\201\243\344\270\215\350\203\275\350\201\275\357\274\237\350\247\243\346\261\272\346\226\271\346\263\225\345\244\247\345\205\254\351\226\213\357\274\201.md"
 create mode 100644 "posts/jiaocheng-shiyong-jiaocheng/2025-04-02-\350\207\252\345\273\272\345\233\236\345\233\275vpn\357\274\232\350\247\243\345\206\263\350\267\250\345\242\203\347\275\221\347\273\234\350\256\277\351\227\256\351\232\276\351\242\230\347\232\204\346\234\200\344\275\263\346\226\271\346\241\210.md"
 create mode 100644 "posts/jiaocheng-shiyong-jiaocheng/2025-05-17-\345\217\260\347\201\243\345\217\257\344\273\245\347\234\213\345\204\252\351\205\267\345\227\216\357\274\237\350\247\243\346\261\272\346\226\271\346\263\225\350\210\207\346\223\215\344\275\234\346\255\245\351\251\237\345\205\250\350\247\243\346\236\220.md"
 create mode 100644 "posts/jiaocheng-shiyong-jiaocheng/2025-05-17-\345\217\260\347\201\243\345\276\256\344\277\241\347\204\241\346\263\225\347\234\213\345\273\243\345\221\212\357\274\237\350\247\243\346\261\272\346\226\271\346\263\225\345\244\247\345\205\254\351\226\213\357\274\201.md"
 create mode 100644 "posts/jiaocheng-shiyong-jiaocheng/2025-05-17-\347\231\276\345\272\246\346\232\253\344\270\215\346\224\257\346\214\201\346\265\267\345\244\226\345\217\212\346\270\257\346\276\263\345\217\260\357\274\237\350\247\243\345\206\263\346\226\271\346\263\225\345\244\247\345\205\254\351\226\213\357\274\201.md"
 create mode 100644 "posts/jiaocheng-shiyong-jiaocheng/2025-05-17-\347\277\273\345\242\231\345\220\216\345\233\275\345\206\205\347\275\221\347\253\231\346\211\223\344\270\215\345\274\200\357\274\237\350\247\243\345\206\263\346\226\271\346\263\225\345\205\250\346\224\273\347\225\245.md"
 create mode 100644 "posts/tiyu-tiyu-zhibo/2025-02-27-\346\265\267\345\244\226\347\234\213nba\347\233\264\346\222\255\346\265\267\345\244\226\346\200\216\344\271\210\347\234\213nba\347\233\264\346\222\255.md"
 create mode 100644 "posts/tiyu-tiyu-zhibo/2025-03-05-\346\265\267\345\244\226\345\246\202\344\275\225\347\234\213\345\245\245\350\277\220\344\274\232\346\265\267\345\244\226\345\246\202\344\275\225\347\234\213\345\245\245\350\277\220\344\274\232\347\233\264\346\222\255\345\233\236\346\224\276.md"
 create mode 100644 "posts/tiyu-tiyu-zhibo/2025-03-06-\346\265\267\345\244\226\346\200\216\344\271\210\347\234\213\345\245\245\350\277\220\344\274\232\346\265\267\345\244\226\346\200\216\346\240\267\347\234\213\345\245\245\350\277\220\344\274\232.md"
 create mode 100644 "posts/tiyu-tiyu-zhibo/2025-03-24-\345\246\202\344\275\225\350\247\243\345\206\263cctv5\345\233\240\347\211\210\346\235\203\351\231\220\345\210\266\346\227\240\346\263\225\350\247\202\347\234\213\347\232\204\351\227\256\351\242\230.md"
 create mode 100644 "posts/tiyu-tiyu-zhibo/2025-03-28-\346\276\263\346\264\262\346\200\216\344\271\210\347\234\213cctv5\357\274\237\350\247\243\345\206\263\346\226\271\346\263\225\344\270\216\346\223\215\344\275\234\346\255\245\351\252\244\350\257\246\350\247\243.md"
 create mode 100644 "posts/tiyu-tiyu-zhibo/2025-05-19-\345\246\202\344\275\225\345\234\250\351\246\231\346\270\257\346\265\201\347\225\205\350\247\202\347\234\213cctv5\347\233\264\346\222\255\357\274\237\350\247\243\345\206\263\347\275\221\347\273\234\345\273\266\350\277\237\347\232\204\345\256\236\347\224\250.md"
 create mode 100644 "posts/yingyin-huiguo-yingyin/2025-03-11-bilibili\345\217\260\347\201\243\347\231\273\345\205\245\344\270\215\344\270\212\346\200\216\351\272\274\350\276\246\357\274\237.md"
 create mode 100644 "posts/yingyin-huiguo-yingyin/2025-03-11-b\347\253\231\346\270\257\346\276\263\345\217\260\350\247\243\351\216\226\346\200\216\351\272\274\346\223\215\344\275\234\357\274\237.md"
 create mode 100644 "posts/yingyin-huiguo-yingyin/2025-03-11-\346\202\250\346\211\200\345\234\250\347\232\204\345\234\260\345\214\272\357\274\214\346\232\202\344\270\215\346\224\257\346\214\201\346\222\255\346\224\276\350\257\245\350\247\206\351\242\221\346\202\250\346\211\200\345\234\250\347\232\204\345\234\260\345\214\272.md"
 create mode 100644 "posts/yingyin-huiguo-yingyin/2025-03-12-\350\205\276\350\256\257\350\247\206\351\242\221\345\234\260\345\214\272\351\231\220\345\210\266\350\205\276\350\256\257\350\247\206\351\242\221\345\234\260\345\214\272\351\231\220\345\210\266\346\200\216\344\271\210\350\256\276\347\275\256.md"
 create mode 100644 "posts/yinyue-yinyue-yinpin/2025-03-04-\345\233\275\345\244\226\345\220\254\344\271\246\350\275\257\344\273\266\345\233\275\345\244\226\345\220\254\344\271\246\350\275\257\344\273\266-\345\205\250\345\205\215\350\264\271.md"
 create mode 100644 "posts/yinyue-yinyue-yinpin/2025-03-25-\345\246\202\344\275\225\351\253\230\346\225\210\347\240\264\350\247\243\345\226\234\351\251\254\346\213\211\351\233\205\347\232\204\351\231\220\345\210\266\357\274\237\347\225\252\350\214\204\345\212\240\351\200\237\345\231\250\345\212\251\344\275\240\347\225\205.md"
 create mode 100644 "posts/youxi-huiguo-youxi/2025-03-04-\345\276\256\344\277\241\351\201\212\346\210\262\345\273\243\345\221\212\344\270\215\350\203\275\347\234\213ios\345\276\256\344\277\241\346\270\270\346\210\217\344\270\215\350\203\275\347\234\213\345\271\277\345\221\212\350\247\206\351\242\221.md"
 create mode 100644 "posts/youxi-huiguo-youxi/2025-03-13-\345\276\256\344\277\241\345\260\217\346\270\270\346\210\217\347\234\213\344\270\215\344\272\206\345\271\277\345\221\212\345\276\256\344\277\241\345\260\217\347\250\213\345\272\217\346\270\270\346\210\217\345\205\215\345\271\277\345\221\212\347\245\236\345\231\250.md"
 create mode 100644 "posts/youxi-huiguo-youxi/2025-03-25-\347\216\213\350\200\205\346\246\256\350\200\200\345\256\232\344\275\215\346\265\267\345\244\226\346\200\216\351\272\274\344\277\256\346\224\271\345\210\260\345\234\213\345\205\247\357\274\237.md"
To https://github.com/huiguojiasuqi/huiguojiasuqi.git
   281cc83..3b3ac5d  main -> main
[2026-09-10 18:13:19] batch start=1280 n=50
  3058 -> posts/bangong-bangong-baokao/2025-02-21-手机微信小程序打不开手机微信小程序打不开怎么.md (3430 chars)
  3060 -> posts/jiaocheng-shiyong-jiaocheng/2025-02-21-百度海外注册海外百度账号申请注册-2.md (2671 chars)
  3061 -> posts/jiaocheng-shiyong-jiaocheng/2025-02-21-百度海外注册海外百度账号申请注册.md (3105 chars)
  3014 -> posts/jiaocheng-shiyong-jiaocheng/2025-02-19-华为手机不能翻墙华为手机下载软件在什么地方下.md (2838 chars)
  3037 -> posts/tiyu-tiyu-zhibo/2025-02-19-海外观看奥运会海外-看奥运.md (2710 chars)
  3038 -> posts/yingyin-huiguo-yingyin/2025-02-18-我的阿勒泰爱奇艺我的阿勒泰爱奇艺什么时候上映.md (2787 chars)
  3043 -> posts/tiyu-tiyu-zhibo/2025-02-18-央视奥运直播央视奥运直播主持人是谁.md (2477 chars)
  3042 -> posts/tiyu-tiyu-zhibo/2025-02-17-国外怎么看奥运直播国外如何看奥运会直播.md (2576 chars)
  3045 -> posts/jiaocheng-shiyong-jiaocheng/2025-02-17-穿梭不能用了穿梭vpn不能用了用什么代替.md (2679 chars)
  3046 -> posts/jiaocheng-shiyong-jiaocheng/2025-02-12-回国怎么翻墙国外怎么翻回国内.md (2632 chars)
  3039 -> posts/jiaocheng-shiyong-jiaocheng/2025-02-08-百度暂不支持海外及港澳台地区注册.md (2976 chars)
  3036 -> posts/tiyu-tiyu-zhibo/2025-02-08-海外如何看奥运会直播海外如何看奥运会直播回放.md (2854 chars)
  3033 -> posts/jiaocheng-shiyong-jiaocheng/2025-02-07-米家解除地區限制iphone米家设备地区限制.md (3524 chars)
  3032 -> posts/jiaocheng-shiyong-jiaocheng/2025-02-07-港澳台yy語音地區限制yy地区限制不能说话.md (3224 chars)
  3028 -> posts/jiaocheng-shiyong-jiaocheng/2025-02-06-穿梭transocks安全穿梭软件安全吗.md (3467 chars)
  3027 -> posts/yinyue-yinyue-yinpin/2025-02-06-喜馬拉雅app無法下載喜马拉雅app官网安卓版.md (2580 chars)
  3023 -> posts/bangong-bangong-baokao/2025-02-06-交管12123网络拥堵国外交管123123网络拥堵.md (3278 chars)
  3022 -> posts/yingyin-huiguo-yingyin/2025-02-05-央视频版权限制央视频版权限制什么意思.md (2649 chars)
  3020 -> posts/yingyin-huiguo-yingyin/2025-02-05-愛奇藝切換地區ios手机爱奇艺切换地区没有了.md (3008 chars)
  3013 -> posts/jiaocheng-shiyong-jiaocheng/2025-01-24-如何更改ip地址到中国如何修改路由器ip地址.md (2807 chars)
  3015 -> posts/jiaocheng-shiyong-jiaocheng/2025-01-24-穿梭chromeextension.md (2969 chars)
  3012 -> posts/jiaocheng-shiyong-jiaocheng/2025-01-24-米家地區設定米家app怎么设置地区.md (3351 chars)
  3005 -> posts/jiaocheng-shiyong-jiaocheng/2025-01-17-全民k歌地區限制ios全民k歌地区限制解决办法.md (2298 chars)
  3007 -> posts/bangong-bangong-baokao/2025-01-17-交管12123网络拥堵交管12123网络拥堵怎么解决.md (3381 chars)
  3004 -> posts/duanju-duanju-zhibo/2025-01-17-抖音海外无法直播抖音海外直播申请入口.md (3162 chars)
  2999 -> posts/yingyin-huiguo-yingyin/2025-01-11-哔哩哔哩港澳台版哔哩哔哩港澳台版app官网.md (2499 chars)
  3000 -> posts/yinyue-yinyue-yinpin/2025-01-11-网易云音乐连不上网网易云音乐连不上网是怎么回.md (3060 chars)
  2998 -> posts/yingyin-huiguo-yingyin/2025-01-11-解除bilibili地区限制解除哔哩哔哩地域限制.md (3810 chars)
  2989 -> posts/yingyin-huiguo-yingyin/2025-01-11-愛奇藝大陸版ios爱奇艺大陆版下载苹果.md (3171 chars)
  2990 -> posts/bangong-bangong-baokao/2025-01-11-交管12123国外手机号交管12123-国外.md (2826 chars)
  2992 -> posts/yinyue-yinyue-yinpin/2025-01-10-慶餘年喜馬拉雅庆余年喜马拉雅有声小说配音演员.md (2506 chars)
  2988 -> posts/jiaocheng-shiyong-jiaocheng/2025-01-10-yy語音台灣不能註冊yy-台湾版怎么验证.md (2552 chars)
  2975 -> posts/jiaocheng-shiyong-jiaocheng/2025-01-09-快帆chrome快帆官网.md (2546 chars)
  2974 -> posts/duanju-duanju-zhibo/2025-01-09-抖音直播限制抖音直播限制词.md (2880 chars)
  2976 -> posts/yingyin-huiguo-yingyin/2025-01-09-抱歉，您访问的视频版权受限暂无可播源视频版权.md (3086 chars)
  2977 -> posts/duanju-duanju-zhibo/2025-01-09-海外用户抖音实名认证抖音海外产品要实名和身份.md (2645 chars)
  2978 -> posts/duanju-duanju-zhibo/2025-01-09-小米盒子看台灣電視直播小米盒子看港澳台直播.md (2796 chars)
  2973 -> posts/yinyue-yinyue-yinpin/2025-01-09-网易云音乐国外网易云音乐国外地区限制.md (2416 chars)
  2961 -> posts/jiaocheng-shiyong-jiaocheng/2025-01-07-v2ray回国节点v2rayng2021节点.md (4081 chars)
  2962 -> posts/yinyue-yinyue-yinpin/2025-01-07-听书app海外国外有声书app.md (2851 chars)
  2963 -> posts/youxi-huiguo-youxi/2025-01-07-香港玩国服lol香港玩国服游戏需要加速器吗.md (2586 chars)
  2964 -> posts/yingyin-huiguo-yingyin/2025-01-07-海外看不了b站直播b站海外不能直播.md (2551 chars)
  2957 -> posts/youxi-huiguo-youxi/2025-01-07-香港玩國服lol香港玩国服英雄联盟推荐加速器.md (2148 chars)
  2944 -> posts/youxi-huiguo-youxi/2025-01-06-如何順暢玩大陸遊戲如何直接玩大型游戏.md (2731 chars)
  2945 -> posts/yingyin-huiguo-yingyin/2025-01-06-国外用什么软件看电影国外用什么软件看电影电视.md (2718 chars)
  2946 -> posts/youxi-huiguo-youxi/2025-01-06-王者荣耀非中国大陆如何定位安卓王者荣耀支付有.md (2680 chars)
  2947 -> posts/duanju-duanju-zhibo/2025-01-06-海外看国内电视直播app看海外直播网络电视.md (3049 chars)
  2948 -> posts/jiaocheng-shiyong-jiaocheng/2025-01-06-天眼查海外用戶天眼查外企.md (3018 chars)
  2943 -> posts/jiaocheng-shiyong-jiaocheng/2025-01-06-类似爱加速的软件类似爱加速的软件有哪些.md (3056 chars)
  2935 -> posts/jiaocheng-shiyong-jiaocheng/2025-01-03-国外看电视剧的app国外看电视剧的app有哪些.md (3111 chars)
done: ok=50 fail=0
[main 8c40475] publish: posts batch start=1280 n=50 (total 1330)
 50 files changed, 4052 insertions(+)
 create mode 100644 "posts/bangong-bangong-baokao/2025-01-11-\344\272\244\347\256\24112123\345\233\275\345\244\226\346\211\213\346\234\272\345\217\267\344\272\244\347\256\24112123-\345\233\275\345\244\226.md"
 create mode 100644 "posts/bangong-bangong-baokao/2025-01-17-\344\272\244\347\256\24112123\347\275\221\347\273\234\346\213\245\345\240\265\344\272\244\347\256\24112123\347\275\221\347\273\234\346\213\245\345\240\265\346\200\216\344\271\210\350\247\243\345\206\263.md"
 create mode 100644 "posts/bangong-bangong-baokao/2025-02-06-\344\272\244\347\256\24112123\347\275\221\347\273\234\346\213\245\345\240\265\345\233\275\345\244\226\344\272\244\347\256\241123123\347\275\221\347\273\234\346\213\245\345\240\265.md"
 create mode 100644 "posts/bangong-bangong-baokao/2025-02-21-\346\211\213\346\234\272\345\276\256\344\277\241\345\260\217\347\250\213\345\272\217\346\211\223\344\270\215\345\274\200\346\211\213\346\234\272\345\276\256\344\277\241\345\260\217\347\250\213\345\272\217\346\211\223\344\270\215\345\274\200\346\200\216\344\271\210.md"
 create mode 100644 "posts/duanju-duanju-zhibo/2025-01-06-\346\265\267\345\244\226\347\234\213\345\233\275\345\206\205\347\224\265\350\247\206\347\233\264\346\222\255app\347\234\213\346\265\267\345\244\226\347\233\264\346\222\255\347\275\221\347\273\234\347\224\265\350\247\206.md"
 create mode 100644 "posts/duanju-duanju-zhibo/2025-01-09-\345\260\217\347\261\263\347\233\222\345\255\220\347\234\213\345\217\260\347\201\243\351\233\273\350\246\226\347\233\264\346\222\255\345\260\217\347\261\263\347\233\222\345\255\220\347\234\213\346\270\257\346\276\263\345\217\260\347\233\264\346\222\255.md"
 create mode 100644 "posts/duanju-duanju-zhibo/2025-01-09-\346\212\226\351\237\263\347\233\264\346\222\255\351\231\220\345\210\266\346\212\226\351\237\263\347\233\264\346\222\255\351\231\220\345\210\266\350\257\215.md"
 create mode 100644 "posts/duanju-duanju-zhibo/2025-01-09-\346\265\267\345\244\226\347\224\250\346\210\267\346\212\226\351\237\263\345\256\236\345\220\215\350\256\244\350\257\201\346\212\226\351\237\263\346\265\267\345\244\226\344\272\247\345\223\201\350\246\201\345\256\236\345\220\215\345\222\214\350\272\253\344\273\275.md"
 create mode 100644 "posts/duanju-duanju-zhibo/2025-01-17-\346\212\226\351\237\263\346\265\267\345\244\226\346\227\240\346\263\225\347\233\264\346\222\255\346\212\226\351\237\263\346\265\267\345\244\226\347\233\264\346\222\255\347\224\263\350\257\267\345\205\245\345\217\243.md"
 create mode 100644 "posts/jiaocheng-shiyong-jiaocheng/2025-01-03-\345\233\275\345\244\226\347\234\213\347\224\265\350\247\206\345\211\247\347\232\204app\345\233\275\345\244\226\347\234\213\347\224\265\350\247\206\345\211\247\347\232\204app\346\234\211\345\223\252\344\272\233.md"
 create mode 100644 "posts/jiaocheng-shiyong-jiaocheng/2025-01-06-\345\244\251\347\234\274\346\237\245\346\265\267\345\244\226\347\224\250\346\210\266\345\244\251\347\234\274\346\237\245\345\244\226\344\274\201.md"
 create mode 100644 "posts/jiaocheng-shiyong-jiaocheng/2025-01-06-\347\261\273\344\274\274\347\210\261\345\212\240\351\200\237\347\232\204\350\275\257\344\273\266\347\261\273\344\274\274\347\210\261\345\212\240\351\200\237\347\232\204\350\275\257\344\273\266\346\234\211\345\223\252\344\272\233.md"
 create mode 100644 "posts/jiaocheng-shiyong-jiaocheng/2025-01-07-v2ray\345\233\236\345\233\275\350\212\202\347\202\271v2rayng2021\350\212\202\347\202\271.md"
 create mode 100644 "posts/jiaocheng-shiyong-jiaocheng/2025-01-09-\345\277\253\345\270\206chrome\345\277\253\345\270\206\345\256\230\347\275\221.md"
 create mode 100644 "posts/jiaocheng-shiyong-jiaocheng/2025-01-10-yy\350\252\236\351\237\263\345\217\260\347\201\243\344\270\215\350\203\275\350\250\273\345\206\212yy-\345\217\260\346\271\276\347\211\210\346\200\216\344\271\210\351\252\214\350\257\201.md"
 create mode 100644 "posts/jiaocheng-shiyong-jiaocheng/2025-01-17-\345\205\250\346\260\221k\346\255\214\345\234\260\345\215\200\351\231\220\345\210\266ios\345\205\250\346\260\221k\346\255\214\345\234\260\345\214\272\351\231\220\345\210\266\350\247\243\345\206\263\345\212\236\346\263\225.md"
 create mode 100644 "posts/jiaocheng-shiyong-jiaocheng/2025-01-24-\345\246\202\344\275\225\346\233\264\346\224\271ip\345\234\260\345\235\200\345\210\260\344\270\255\345\233\275\345\246\202\344\275\225\344\277\256\346\224\271\350\267\257\347\224\261\345\231\250ip\345\234\260\345\235\200.md"
 create mode 100644 "posts/jiaocheng-shiyong-jiaocheng/2025-01-24-\347\251\277\346\242\255chromeextension.md"
 create mode 100644 "posts/jiaocheng-shiyong-jiaocheng/2025-01-24-\347\261\263\345\256\266\345\234\260\345\215\200\350\250\255\345\256\232\347\261\263\345\256\266app\346\200\216\344\271\210\350\256\276\347\275\256\345\234\260\345\214\272.md"
 create mode 100644 "posts/jiaocheng-shiyong-jiaocheng/2025-02-06-\347\251\277\346\242\255transocks\345\256\211\345\205\250\347\251\277\346\242\255\350\275\257\344\273\266\345\256\211\345\205\250\345\220\227.md"
 create mode 100644 "posts/jiaocheng-shiyong-jiaocheng/2025-02-07-\346\270\257\346\276\263\345\217\260yy\350\252\236\351\237\263\345\234\260\345\215\200\351\231\220\345\210\266yy\345\234\260\345\214\272\351\231\220\345\210\266\344\270\215\350\203\275\350\257\264\350\257\235.md"
 create mode 100644 "posts/jiaocheng-shiyong-jiaocheng/2025-02-07-\347\261\263\345\256\266\350\247\243\351\231\244\345\234\260\345\215\200\351\231\220\345\210\266iphone\347\261\263\345\256\266\350\256\276\345\244\207\345\234\260\345\214\272\351\231\220\345\210\266.md"
 create mode 100644 "posts/jiaocheng-shiyong-jiaocheng/2025-02-08-\347\231\276\345\272\246\346\232\202\344\270\215\346\224\257\346\214\201\346\265\267\345\244\226\345\217\212\346\270\257\346\276\263\345\217\260\345\234\260\345\214\272\346\263\250\345\206\214.md"
 create mode 100644 "posts/jiaocheng-shiyong-jiaocheng/2025-02-12-\345\233\236\345\233\275\346\200\216\344\271\210\347\277\273\345\242\231\345\233\275\345\244\226\346\200\216\344\271\210\347\277\273\345\233\236\345\233\275\345\206\205.md"
 create mode 100644 "posts/jiaocheng-shiyong-jiaocheng/2025-02-17-\347\251\277\346\242\255\344\270\215\350\203\275\347\224\250\344\272\206\347\251\277\346\242\255vpn\344\270\215\350\203\275\347\224\250\344\272\206\347\224\250\344\273\200\344\271\210\344\273\243\346\233\277.md"
 create mode 100644 "posts/jiaocheng-shiyong-jiaocheng/2025-02-19-\345\215\216\344\270\272\346\211\213\346\234\272\344\270\215\350\203\275\347\277\273\345\242\231\345\215\216\344\270\272\346\211\213\346\234\272\344\270\213\350\275\275\350\275\257\344\273\266\345\234\250\344\273\200\344\271\210\345\234\260\346\226\271\344\270\213.md"
 create mode 100644 "posts/jiaocheng-shiyong-jiaocheng/2025-02-21-\347\231\276\345\272\246\346\265\267\345\244\226\346\263\250\345\206\214\346\265\267\345\244\226\347\231\276\345\272\246\350\264\246\345\217\267\347\224\263\350\257\267\346\263\250\345\206\214-2.md"
 create mode 100644 "posts/jiaocheng-shiyong-jiaocheng/2025-02-21-\347\231\276\345\272\246\346\265\267\345\244\226\346\263\250\345\206\214\346\265\267\345\244\226\347\231\276\345\272\246\350\264\246\345\217\267\347\224\263\350\257\267\346\263\250\345\206\214.md"
 create mode 100644 "posts/tiyu-tiyu-zhibo/2025-02-08-\346\265\267\345\244\226\345\246\202\344\275\225\347\234\213\345\245\245\350\277\220\344\274\232\347\233\264\346\222\255\346\265\267\345\244\226\345\246\202\344\275\225\347\234\213\345\245\245\350\277\220\344\274\232\347\233\264\346\222\255\345\233\236\346\224\276.md"
 create mode 100644 "posts/tiyu-tiyu-zhibo/2025-02-17-\345\233\275\345\244\226\346\200\216\344\271\210\347\234\213\345\245\245\350\277\220\347\233\264\346\222\255\345\233\275\345\244\226\345\246\202\344\275\225\347\234\213\345\245\245\350\277\220\344\274\232\347\233\264\346\222\255.md"
 create mode 100644 "posts/tiyu-tiyu-zhibo/2025-02-18-\345\244\256\350\247\206\345\245\245\350\277\220\347\233\264\346\222\255\345\244\256\350\247\206\345\245\245\350\277\220\347\233\264\346\222\255\344\270\273\346\214\201\344\272\272\346\230\257\350\260\201.md"
 create mode 100644 "posts/tiyu-tiyu-zhibo/2025-02-19-\346\265\267\345\244\226\350\247\202\347\234\213\345\245\245\350\277\220\344\274\232\346\265\267\345\244\226-\347\234\213\345\245\245\350\277\220.md"
 create mode 100644 "posts/yingyin-huiguo-yingyin/2025-01-06-\345\233\275\345\244\226\347\224\250\344\273\200\344\271\210\350\275\257\344\273\266\347\234\213\347\224\265\345\275\261\345\233\275\345\244\226\347\224\250\344\273\200\344\271\210\350\275\257\344\273\266\347\234\213\347\224\265\345\275\261\347\224\265\350\247\206.md"
 create mode 100644 "posts/yingyin-huiguo-yingyin/2025-01-07-\346\265\267\345\244\226\347\234\213\344\270\215\344\272\206b\347\253\231\347\233\264\346\222\255b\347\253\231\346\265\267\345\244\226\344\270\215\350\203\275\347\233\264\346\222\255.md"
 create mode 100644 "posts/yingyin-huiguo-yingyin/2025-01-09-\346\212\261\346\255\211\357\274\214\346\202\250\350\256\277\351\227\256\347\232\204\350\247\206\351\242\221\347\211\210\346\235\203\345\217\227\351\231\220\346\232\202\346\227\240\345\217\257\346\222\255\346\272\220\350\247\206\351\242\221\347\211\210\346\235\203.md"
 create mode 100644 "posts/yingyin-huiguo-yingyin/2025-01-11-\345\223\224\345\223\251\345\223\224\345\223\251\346\270\257\346\276\263\345\217\260\347\211\210\345\223\224\345\223\251\345\223\224\345\223\251\346\270\257\346\276\263\345\217\260\347\211\210app\345\256\230\347\275\221.md"
 create mode 100644 "posts/yingyin-huiguo-yingyin/2025-01-11-\346\204\233\345\245\207\350\227\235\345\244\247\351\231\270\347\211\210ios\347\210\261\345\245\207\350\211\272\345\244\247\351\231\206\347\211\210\344\270\213\350\275\275\350\213\271\346\236\234.md"
 create mode 100644 "posts/yingyin-huiguo-yingyin/2025-01-11-\350\247\243\351\231\244bilibili\345\234\260\345\214\272\351\231\220\345\210\266\350\247\243\351\231\244\345\223\224\345\223\251\345\223\224\345\223\251\345\234\260\345\237\237\351\231\220\345\210\266.md"
 create mode 100644 "posts/yingyin-huiguo-yingyin/2025-02-05-\345\244\256\350\247\206\351\242\221\347\211\210\346\235\203\351\231\220\345\210\266\345\244\256\350\247\206\351\242\221\347\211\210\346\235\203\351\231\220\345\210\266\344\273\200\344\271\210\346\204\217\346\200\235.md"
 create mode 100644 "posts/yingyin-huiguo-yingyin/2025-02-05-\346\204\233\345\245\207\350\227\235\345\210\207\346\217\233\345\234\260\345\215\200ios\346\211\213\346\234\272\347\210\261\345\245\207\350\211\272\345\210\207\346\215\242\345\234\260\345\214\272\346\262\241\346\234\211\344\272\206.md"
 create mode 100644 "posts/yingyin-huiguo-yingyin/2025-02-18-\346\210\221\347\232\204\351\230\277\345\213\222\346\263\260\347\210\261\345\245\207\350\211\272\346\210\221\347\232\204\351\230\277\345\213\222\346\263\260\347\210\261\345\245\207\350\211\272\344\273\200\344\271\210\346\227\266\345\200\231\344\270\212\346\230\240.md"
 create mode 100644 "posts/yinyue-yinyue-yinpin/2025-01-07-\345\220\254\344\271\246app\346\265\267\345\244\226\345\233\275\345\244\226\346\234\211\345\243\260\344\271\246app.md"
 create mode 100644 "posts/yinyue-yinyue-yinpin/2025-01-09-\347\275\221\346\230\223\344\272\221\351\237\263\344\271\220\345\233\275\345\244\226\347\275\221\346\230\223\344\272\221\351\237\263\344\271\220\345\233\275\345\244\226\345\234\260\345\214\272\351\231\220\345\210\266.md"
 create mode 100644 "posts/yinyue-yinyue-yinpin/2025-01-10-\346\205\266\351\244\230\345\271\264\345\226\234\351\246\254\346\213\211\351\233\205\345\272\206\344\275\231\345\271\264\345\226\234\351\251\254\346\213\211\351\233\205\346\234\211\345\243\260\345\260\217\350\257\264\351\205\215\351\237\263\346\274\224\345\221\230.md"
 create mode 100644 "posts/yinyue-yinyue-yinpin/2025-01-11-\347\275\221\346\230\223\344\272\221\351\237\263\344\271\220\350\277\236\344\270\215\344\270\212\347\275\221\347\275\221\346\230\223\344\272\221\351\237\263\344\271\220\350\277\236\344\270\215\344\270\212\347\275\221\346\230\257\346\200\216\344\271\210\345\233\236.md"
 create mode 100644 "posts/yinyue-yinyue-yinpin/2025-02-06-\345\226\234\351\246\254\346\213\211\351\233\205app\347\204\241\346\263\225\344\270\213\350\274\211\345\226\234\351\251\254\346\213\211\351\233\205app\345\256\230\347\275\221\345\256\211\345\215\223\347\211\210.md"
 create mode 100644 "posts/youxi-huiguo-youxi/2025-01-06-\345\246\202\344\275\225\351\240\206\346\232\242\347\216\251\345\244\247\351\231\270\351\201\212\346\210\262\345\246\202\344\275\225\347\233\264\346\216\245\347\216\251\345\244\247\345\236\213\346\270\270\346\210\217.md"
 create mode 100644 "posts/youxi-huiguo-youxi/2025-01-06-\347\216\213\350\200\205\350\215\243\350\200\200\351\235\236\344\270\255\345\233\275\345\244\247\351\231\206\345\246\202\344\275\225\345\256\232\344\275\215\345\256\211\345\215\223\347\216\213\350\200\205\350\215\243\350\200\200\346\224\257\344\273\230\346\234\211.md"
 create mode 100644 "posts/youxi-huiguo-youxi/2025-01-07-\351\246\231\346\270\257\347\216\251\345\233\275\346\234\215lol\351\246\231\346\270\257\347\216\251\345\233\275\346\234\215\346\270\270\346\210\217\351\234\200\350\246\201\345\212\240\351\200\237\345\231\250\345\220\227.md"
 create mode 100644 "posts/youxi-huiguo-youxi/2025-01-07-\351\246\231\346\270\257\347\216\251\345\234\213\346\234\215lol\351\246\231\346\270\257\347\216\251\345\233\275\346\234\215\350\213\261\351\233\204\350\201\224\347\233\237\346\216\250\350\215\220\345\212\240\351\200\237\345\231\250.md"
To https://github.com/huiguojiasuqi/huiguojiasuqi.git
   3b3ac5d..8c40475  main -> main
[2026-09-10 18:13:43] batch start=1330 n=50
  2934 -> posts/duanju-duanju-zhibo/2025-01-03-在海外如何看国内电视如何境外看国内电视直播.md (3265 chars)
  2936 -> posts/duanju-duanju-zhibo/2025-01-03-海外看中国电视直播海外看中国电视直播软件.md (2429 chars)
  2933 -> posts/yinyue-yinyue-yinpin/2025-01-03-国外听中文歌软件在国外用什么听歌软件可以听中.md (2707 chars)
  2928 -> posts/jiaocheng-shiyong-jiaocheng/2025-01-03-小火箭回国节点小火箭ssr节点分享.md (2599 chars)
  2929 -> posts/jiaocheng-shiyong-jiaocheng/2025-01-03-v2ray回国节点搭建v2ray节点使用教程.md (3488 chars)
  2927 -> posts/duanju-duanju-zhibo/2025-01-02-海外国内电视直播海外电视直播源.md (2745 chars)
  2910 -> posts/yinyue-yinyue-yinpin/2025-01-02-网易云黑胶vip海外网易云黑胶会员国外可以用吗-2.md (2825 chars)
  2913 -> posts/yingyin-huiguo-yingyin/2025-01-02-咪咕海外怎么看咪咕视频海外怎么用.md (4346 chars)
  2914 -> posts/jiaocheng-shiyong-jiaocheng/2025-01-02-回国esim回国后.md (2709 chars)
  2915 -> posts/jiaocheng-shiyong-jiaocheng/2025-01-02-v2ray机场订阅v2ray免费机场订阅地址.md (2910 chars)
  2916 -> posts/yingyin-huiguo-yingyin/2025-01-02-愛奇藝不能看ptt爱奇艺不能看庆余年第二季吗.md (1977 chars)
  2911 -> posts/yinyue-yinyue-yinpin/2025-01-02-网易云黑胶vip海外网易云黑胶会员国外可以用吗.md (2489 chars)
  2876 -> posts/duanju-duanju-zhibo/2024-12-30-海外中文电视海外中文电视直播app.md (3162 chars)
  2895 -> posts/yingyin-huiguo-yingyin/2024-12-30-腾讯会议海外腾讯会议海外版.md (2934 chars)
  2897 -> posts/jiaocheng-shiyong-jiaocheng/2024-12-30-境外观看电视剧在境外如何看国内电视剧.md (2763 chars)
  2898 -> posts/yinyue-yinyue-yinpin/2024-12-30-網易雲音樂地區限制dcard网易云地区版权不可用怎么.md (3095 chars)
  2899 -> posts/jiaocheng-shiyong-jiaocheng/2024-12-30-全民k歌地區限制dcard全民k歌地区限制怎么弄.md (3111 chars)
  2900 -> posts/jiaocheng-shiyong-jiaocheng/2024-12-30-回国v2ray翻墙回国v2ray国内节点.md (3053 chars)
  2901 -> posts/jiaocheng-shiyong-jiaocheng/2024-12-28-翻墙回国内的软件.md (3226 chars)
  2892 -> posts/jiaocheng-shiyong-jiaocheng/2024-12-28-翻墙回国chrome.md (3310 chars)
  2891 -> posts/jiaocheng-shiyong-jiaocheng/2024-12-26-海外看中文电视海外电视库.md (3472 chars)
  2875 -> posts/yingyin-huiguo-yingyin/2024-12-26-咪咕视频海外怎么看咪咕视频二台怎么看.md (2558 chars)
  2877 -> posts/jiaocheng-shiyong-jiaocheng/2024-12-26-国外电视剧网站国外电视剧网站免费观看.md (2918 chars)
  2878 -> posts/yingyin-huiguo-yingyin/2024-12-26-喜马拉雅电影喜马拉雅电影豆瓣.md (3554 chars)
  2879 -> posts/duanju-duanju-zhibo/2024-12-25-国外如何看咪咕咪咕国外无法看直播.md (3242 chars)
  2880 -> posts/tiyu-tiyu-zhibo/2024-12-25-马来西亚怎么看奥运会马来西亚奥运金牌榜.md (2946 chars)
  2881 -> posts/jiaocheng-shiyong-jiaocheng/2024-12-25-国外看电视剧国外看电视剧用什么网站.md (3630 chars)
  2882 -> posts/yinyue-yinyue-yinpin/2024-12-25-网易云在国外怎么用网易云在线播放网页.md (2871 chars)
  2874 -> posts/yingyin-huiguo-yingyin/2024-12-25-国内看剧网站国内看剧网站排行榜.md (2962 chars)
  2847 -> posts/jiaocheng-shiyong-jiaocheng/2024-12-24-云视听小电视香港云视听小电视怎么看港澳台.md (2950 chars)
  2848 -> posts/jiaocheng-shiyong-jiaocheng/2024-12-24-云视听小电视海外版云视听小电视.md (3261 chars)
  2846 -> posts/jiaocheng-shiyong-jiaocheng/2024-12-24-雲視聽小電視云视听小电视手机版.md (2474 chars)
  2850 -> posts/jiaocheng-shiyong-jiaocheng/2024-12-24-余庆年第二季在线余庆年第二季在线观看免费完整.md (2522 chars)
  2851 -> posts/jiaocheng-shiyong-jiaocheng/2024-12-24-優酷台灣不能註冊台湾不能注册youku.md (2517 chars)
  2849 -> posts/jiaocheng-shiyong-jiaocheng/2024-12-24-云视听小电视海外云视听小电视客服人工电话.md (2942 chars)
  2852 -> posts/yingyin-huiguo-yingyin/2024-12-24-優酷台灣不能看优酷很多tvb剧集看不了.md (2998 chars)
  2853 -> posts/yingyin-huiguo-yingyin/2024-12-23-優酷app台灣优酷app下载安装免费下载.md (2991 chars)
  2854 -> posts/tiyu-tiyu-zhibo/2024-12-23-央视直播海外app央视直播.md (2906 chars)
  2855 -> posts/tiyu-tiyu-zhibo/2024-12-23-央视直播海外央视直播在线.md (3065 chars)
  2856 -> posts/tiyu-tiyu-zhibo/2024-12-23-央视直播app免费央视直播app.md (2727 chars)
  2857 -> posts/tiyu-tiyu-zhibo/2024-12-23-央视影音海外央视影音-hap.md (2794 chars)
  2858 -> posts/tiyu-tiyu-zhibo/2024-12-23-央视体育直播海外央视体育直播cctv5.md (2433 chars)
  2845 -> posts/jiaocheng-shiyong-jiaocheng/2024-12-23-雲視聽小電視ios云视听小电视ios版.md (2349 chars)
  2843 -> posts/jiaocheng-shiyong-jiaocheng/2024-12-20-在国内可以访问一亩三分地吗一亩三分地网站是国.md (2741 chars)
  2829 -> posts/tiyu-tiyu-zhibo/2024-12-20-在国外怎么看奥运在国外怎么看奥运会回放.md (2769 chars)
  2828 -> posts/tiyu-tiyu-zhibo/2024-12-20-在国外怎么看奥运会国外怎么看奥运会开幕式.md (3079 chars)
  2830 -> posts/yingyin-huiguo-yingyin/2024-12-20-在国外用什么软件看电影在国外用什么软件看电影.md (3183 chars)
  2831 -> posts/yingyin-huiguo-yingyin/2024-12-20-在国外用什么看剧国外用什么看剧软件.md (3203 chars)
  2832 -> posts/youxi-huiguo-youxi/2024-12-20-在国外玩国内游戏在国外玩国内游戏很卡.md (3232 chars)
  2833 -> posts/jiaocheng-shiyong-jiaocheng/2024-12-20-在国外上不了国内的网在国外上不了中国国内的网.md (2895 chars)
done: ok=50 fail=0
[main 9a24ea1] publish: posts batch start=1330 n=50 (total 1380)
 50 files changed, 3566 insertions(+)
 create mode 100644 "posts/duanju-duanju-zhibo/2024-12-25-\345\233\275\345\244\226\345\246\202\344\275\225\347\234\213\345\222\252\345\222\225\345\222\252\345\222\225\345\233\275\345\244\226\346\227\240\346\263\225\347\234\213\347\233\264\346\222\255.md"
 create mode 100644 "posts/duanju-duanju-zhibo/2024-12-30-\346\265\267\345\244\226\344\270\255\346\226\207\347\224\265\350\247\206\346\265\267\345\244\226\344\270\255\346\226\207\347\224\265\350\247\206\347\233\264\346\222\255app.md"
 create mode 100644 "posts/duanju-duanju-zhibo/2025-01-02-\346\265\267\345\244\226\345\233\275\345\206\205\347\224\265\350\247\206\347\233\264\346\222\255\346\265\267\345\244\226\347\224\265\350\247\206\347\233\264\346\222\255\346\272\220.md"
 create mode 100644 "posts/duanju-duanju-zhibo/2025-01-03-\345\234\250\346\265\267\345\244\226\345\246\202\344\275\225\347\234\213\345\233\275\345\206\205\347\224\265\350\247\206\345\246\202\344\275\225\345\242\203\345\244\226\347\234\213\345\233\275\345\206\205\347\224\265\350\247\206\347\233\264\346\222\255.md"
 create mode 100644 "posts/duanju-duanju-zhibo/2025-01-03-\346\265\267\345\244\226\347\234\213\344\270\255\345\233\275\347\224\265\350\247\206\347\233\264\346\222\255\346\265\267\345\244\226\347\234\213\344\270\255\345\233\275\347\224\265\350\247\206\347\233\264\346\222\255\350\275\257\344\273\266.md"
 create mode 100644 "posts/jiaocheng-shiyong-jiaocheng/2024-12-20-\345\234\250\345\233\275\345\206\205\345\217\257\344\273\245\350\256\277\351\227\256\344\270\200\344\272\251\344\270\211\345\210\206\345\234\260\345\220\227\344\270\200\344\272\251\344\270\211\345\210\206\345\234\260\347\275\221\347\253\231\346\230\257\345\233\275.md"
 create mode 100644 "posts/jiaocheng-shiyong-jiaocheng/2024-12-20-\345\234\250\345\233\275\345\244\226\344\270\212\344\270\215\344\272\206\345\233\275\345\206\205\347\232\204\347\275\221\345\234\250\345\233\275\345\244\226\344\270\212\344\270\215\344\272\206\344\270\255\345\233\275\345\233\275\345\206\205\347\232\204\347\275\221.md"
 create mode 100644 "posts/jiaocheng-shiyong-jiaocheng/2024-12-23-\351\233\262\350\246\226\350\201\275\345\260\217\351\233\273\350\246\226ios\344\272\221\350\247\206\345\220\254\345\260\217\347\224\265\350\247\206ios\347\211\210.md"
 create mode 100644 "posts/jiaocheng-shiyong-jiaocheng/2024-12-24-\344\272\221\350\247\206\345\220\254\345\260\217\347\224\265\350\247\206\346\265\267\345\244\226\344\272\221\350\247\206\345\220\254\345\260\217\347\224\265\350\247\206\345\256\242\346\234\215\344\272\272\345\267\245\347\224\265\350\257\235.md"
 create mode 100644 "posts/jiaocheng-shiyong-jiaocheng/2024-12-24-\344\272\221\350\247\206\345\220\254\345\260\217\347\224\265\350\247\206\346\265\267\345\244\226\347\211\210\344\272\221\350\247\206\345\220\254\345\260\217\347\224\265\350\247\206.md"
 create mode 100644 "posts/jiaocheng-shiyong-jiaocheng/2024-12-24-\344\272\221\350\247\206\345\220\254\345\260\217\347\224\265\350\247\206\351\246\231\346\270\257\344\272\221\350\247\206\345\220\254\345\260\217\347\224\265\350\247\206\346\200\216\344\271\210\347\234\213\346\270\257\346\276\263\345\217\260.md"
 create mode 100644 "posts/jiaocheng-shiyong-jiaocheng/2024-12-24-\344\275\231\345\272\206\345\271\264\347\254\254\344\272\214\345\255\243\345\234\250\347\272\277\344\275\231\345\272\206\345\271\264\347\254\254\344\272\214\345\255\243\345\234\250\347\272\277\350\247\202\347\234\213\345\205\215\350\264\271\345\256\214\346\225\264.md"
 create mode 100644 "posts/jiaocheng-shiyong-jiaocheng/2024-12-24-\345\204\252\351\205\267\345\217\260\347\201\243\344\270\215\350\203\275\350\250\273\345\206\212\345\217\260\346\271\276\344\270\215\350\203\275\346\263\250\345\206\214youku.md"
 create mode 100644 "posts/jiaocheng-shiyong-jiaocheng/2024-12-24-\351\233\262\350\246\226\350\201\275\345\260\217\351\233\273\350\246\226\344\272\221\350\247\206\345\220\254\345\260\217\347\224\265\350\247\206\346\211\213\346\234\272\347\211\210.md"
 create mode 100644 "posts/jiaocheng-shiyong-jiaocheng/2024-12-25-\345\233\275\345\244\226\347\234\213\347\224\265\350\247\206\345\211\247\345\233\275\345\244\226\347\234\213\347\224\265\350\247\206\345\211\247\347\224\250\344\273\200\344\271\210\347\275\221\347\253\231.md"
 create mode 100644 "posts/jiaocheng-shiyong-jiaocheng/2024-12-26-\345\233\275\345\244\226\347\224\265\350\247\206\345\211\247\347\275\221\347\253\231\345\233\275\345\244\226\347\224\265\350\247\206\345\211\247\347\275\221\347\253\231\345\205\215\350\264\271\350\247\202\347\234\213.md"
 create mode 100644 "posts/jiaocheng-shiyong-jiaocheng/2024-12-26-\346\265\267\345\244\226\347\234\213\344\270\255\346\226\207\347\224\265\350\247\206\346\265\267\345\244\226\347\224\265\350\247\206\345\272\223.md"
 create mode 100644 "posts/jiaocheng-shiyong-jiaocheng/2024-12-28-\347\277\273\345\242\231\345\233\236\345\233\275chrome.md"
 create mode 100644 "posts/jiaocheng-shiyong-jiaocheng/2024-12-28-\347\277\273\345\242\231\345\233\236\345\233\275\345\206\205\347\232\204\350\275\257\344\273\266.md"
 create mode 100644 "posts/jiaocheng-shiyong-jiaocheng/2024-12-30-\345\205\250\346\260\221k\346\255\214\345\234\260\345\215\200\351\231\220\345\210\266dcard\345\205\250\346\260\221k\346\255\214\345\234\260\345\214\272\351\231\220\345\210\266\346\200\216\344\271\210\345\274\204.md"
 create mode 100644 "posts/jiaocheng-shiyong-jiaocheng/2024-12-30-\345\233\236\345\233\275v2ray\347\277\273\345\242\231\345\233\236\345\233\275v2ray\345\233\275\345\206\205\350\212\202\347\202\271.md"
 create mode 100644 "posts/jiaocheng-shiyong-jiaocheng/2024-12-30-\345\242\203\345\244\226\350\247\202\347\234\213\347\224\265\350\247\206\345\211\247\345\234\250\345\242\203\345\244\226\345\246\202\344\275\225\347\234\213\345\233\275\345\206\205\347\224\265\350\247\206\345\211\247.md"
 create mode 100644 "posts/jiaocheng-shiyong-jiaocheng/2025-01-02-v2ray\346\234\272\345\234\272\350\256\242\351\230\205v2ray\345\205\215\350\264\271\346\234\272\345\234\272\350\256\242\351\230\205\345\234\260\345\235\200.md"
 create mode 100644 "posts/jiaocheng-shiyong-jiaocheng/2025-01-02-\345\233\236\345\233\275esim\345\233\236\345\233\275\345\220\216.md"
 create mode 100644 "posts/jiaocheng-shiyong-jiaocheng/2025-01-03-v2ray\345\233\236\345\233\275\350\212\202\347\202\271\346\220\255\345\273\272v2ray\350\212\202\347\202\271\344\275\277\347\224\250\346\225\231\347\250\213.md"
 create mode 100644 "posts/jiaocheng-shiyong-jiaocheng/2025-01-03-\345\260\217\347\201\253\347\256\255\345\233\236\345\233\275\350\212\202\347\202\271\345\260\217\347\201\253\347\256\255ssr\350\212\202\347\202\271\345\210\206\344\272\253.md"
 create mode 100644 "posts/tiyu-tiyu-zhibo/2024-12-20-\345\234\250\345\233\275\345\244\226\346\200\216\344\271\210\347\234\213\345\245\245\350\277\220\344\274\232\345\233\275\345\244\226\346\200\216\344\271\210\347\234\213\345\245\245\350\277\220\344\274\232\345\274\200\345\271\225\345\274\217.md"
 create mode 100644 "posts/tiyu-tiyu-zhibo/2024-12-20-\345\234\250\345\233\275\345\244\226\346\200\216\344\271\210\347\234\213\345\245\245\350\277\220\345\234\250\345\233\275\345\244\226\346\200\216\344\271\210\347\234\213\345\245\245\350\277\220\344\274\232\345\233\236\346\224\276.md"
 create mode 100644 "posts/tiyu-tiyu-zhibo/2024-12-23-\345\244\256\350\247\206\344\275\223\350\202\262\347\233\264\346\222\255\346\265\267\345\244\226\345\244\256\350\247\206\344\275\223\350\202\262\347\233\264\346\222\255cctv5.md"
 create mode 100644 "posts/tiyu-tiyu-zhibo/2024-12-23-\345\244\256\350\247\206\345\275\261\351\237\263\346\265\267\345\244\226\345\244\256\350\247\206\345\275\261\351\237\263-hap.md"
 create mode 100644 "posts/tiyu-tiyu-zhibo/2024-12-23-\345\244\256\350\247\206\347\233\264\346\222\255app\345\205\215\350\264\271\345\244\256\350\247\206\347\233\264\346\222\255app.md"
 create mode 100644 "posts/tiyu-tiyu-zhibo/2024-12-23-\345\244\256\350\247\206\347\233\264\346\222\255\346\265\267\345\244\226app\345\244\256\350\247\206\347\233\264\346\222\255.md"
 create mode 100644 "posts/tiyu-tiyu-zhibo/2024-12-23-\345\244\256\350\247\206\347\233\264\346\222\255\346\265\267\345\244\226\345\244\256\350\247\206\347\233\264\346\222\255\345\234\250\347\272\277.md"
 create mode 100644 "posts/tiyu-tiyu-zhibo/2024-12-25-\351\251\254\346\235\245\350\245\277\344\272\232\346\200\216\344\271\210\347\234\213\345\245\245\350\277\220\344\274\232\351\251\254\346\235\245\350\245\277\344\272\232\345\245\245\350\277\220\351\207\221\347\211\214\346\246\234.md"
 create mode 100644 "posts/yingyin-huiguo-yingyin/2024-12-20-\345\234\250\345\233\275\345\244\226\347\224\250\344\273\200\344\271\210\347\234\213\345\211\247\345\233\275\345\244\226\347\224\250\344\273\200\344\271\210\347\234\213\345\211\247\350\275\257\344\273\266.md"
 create mode 100644 "posts/yingyin-huiguo-yingyin/2024-12-20-\345\234\250\345\233\275\345\244\226\347\224\250\344\273\200\344\271\210\350\275\257\344\273\266\347\234\213\347\224\265\345\275\261\345\234\250\345\233\275\345\244\226\347\224\250\344\273\200\344\271\210\350\275\257\344\273\266\347\234\213\347\224\265\345\275\261.md"
 create mode 100644 "posts/yingyin-huiguo-yingyin/2024-12-23-\345\204\252\351\205\267app\345\217\260\347\201\243\344\274\230\351\205\267app\344\270\213\350\275\275\345\256\211\350\243\205\345\205\215\350\264\271\344\270\213\350\275\275.md"
 create mode 100644 "posts/yingyin-huiguo-yingyin/2024-12-24-\345\204\252\351\205\267\345\217\260\347\201\243\344\270\215\350\203\275\347\234\213\344\274\230\351\205\267\345\276\210\345\244\232tvb\345\211\247\351\233\206\347\234\213\344\270\215\344\272\206.md"
 create mode 100644 "posts/yingyin-huiguo-yingyin/2024-12-25-\345\233\275\345\206\205\347\234\213\345\211\247\347\275\221\347\253\231\345\233\275\345\206\205\347\234\213\345\211\247\347\275\221\347\253\231\346\216\222\350\241\214\346\246\234.md"
 create mode 100644 "posts/yingyin-huiguo-yingyin/2024-12-26-\345\222\252\345\222\225\350\247\206\351\242\221\346\265\267\345\244\226\346\200\216\344\271\210\347\234\213\345\222\252\345\222\225\350\247\206\351\242\221\344\272\214\345\217\260\346\200\216\344\271\210\347\234\213.md"
 create mode 100644 "posts/yingyin-huiguo-yingyin/2024-12-26-\345\226\234\351\251\254\346\213\211\351\233\205\347\224\265\345\275\261\345\226\234\351\251\254\346\213\211\351\233\205\347\224\265\345\275\261\350\261\206\347\223\243.md"
 create mode 100644 "posts/yingyin-huiguo-yingyin/2024-12-30-\350\205\276\350\256\257\344\274\232\350\256\256\346\265\267\345\244\226\350\205\276\350\256\257\344\274\232\350\256\256\346\265\267\345\244\226\347\211\210.md"
 create mode 100644 "posts/yingyin-huiguo-yingyin/2025-01-02-\345\222\252\345\222\225\346\265\267\345\244\226\346\200\216\344\271\210\347\234\213\345\222\252\345\222\225\350\247\206\351\242\221\346\265\267\345\244\226\346\200\216\344\271\210\347\224\250.md"
 create mode 100644 "posts/yingyin-huiguo-yingyin/2025-01-02-\346\204\233\345\245\207\350\227\235\344\270\215\350\203\275\347\234\213ptt\347\210\261\345\245\207\350\211\272\344\270\215\350\203\275\347\234\213\345\272\206\344\275\231\345\271\264\347\254\254\344\272\214\345\255\243\345\220\227.md"
 create mode 100644 "posts/yinyue-yinyue-yinpin/2024-12-25-\347\275\221\346\230\223\344\272\221\345\234\250\345\233\275\345\244\226\346\200\216\344\271\210\347\224\250\347\275\221\346\230\223\344\272\221\345\234\250\347\272\277\346\222\255\346\224\276\347\275\221\351\241\265.md"
 create mode 100644 "posts/yinyue-yinyue-yinpin/2024-12-30-\347\266\262\346\230\223\351\233\262\351\237\263\346\250\202\345\234\260\345\215\200\351\231\220\345\210\266dcard\347\275\221\346\230\223\344\272\221\345\234\260\345\214\272\347\211\210\346\235\203\344\270\215\345\217\257\347\224\250\346\200\216\344\271\210.md"
 create mode 100644 "posts/yinyue-yinyue-yinpin/2025-01-02-\347\275\221\346\230\223\344\272\221\351\273\221\350\203\266vip\346\265\267\345\244\226\347\275\221\346\230\223\344\272\221\351\273\221\350\203\266\344\274\232\345\221\230\345\233\275\345\244\226\345\217\257\344\273\245\347\224\250\345\220\227-2.md"
 create mode 100644 "posts/yinyue-yinyue-yinpin/2025-01-02-\347\275\221\346\230\223\344\272\221\351\273\221\350\203\266vip\346\265\267\345\244\226\347\275\221\346\230\223\344\272\221\351\273\221\350\203\266\344\274\232\345\221\230\345\233\275\345\244\226\345\217\257\344\273\245\347\224\250\345\220\227.md"
 create mode 100644 "posts/yinyue-yinyue-yinpin/2025-01-03-\345\233\275\345\244\226\345\220\254\344\270\255\346\226\207\346\255\214\350\275\257\344\273\266\345\234\250\345\233\275\345\244\226\347\224\250\344\273\200\344\271\210\345\220\254\346\255\214\350\275\257\344\273\266\345\217\257\344\273\245\345\220\254\344\270\255.md"
 create mode 100644 "posts/youxi-huiguo-youxi/2024-12-20-\345\234\250\345\233\275\345\244\226\347\216\251\345\233\275\345\206\205\346\270\270\346\210\217\345\234\250\345\233\275\345\244\226\347\216\251\345\233\275\345\206\205\346\270\270\346\210\217\345\276\210\345\215\241.md"
To https://github.com/huiguojiasuqi/huiguojiasuqi.git
   8c40475..9a24ea1  main -> main
[2026-09-10 18:14:09] batch start=1380 n=50
  2834 -> posts/jiaocheng-shiyong-jiaocheng/2024-12-20-在国外翻墙回国内.md (3416 chars)
  2827 -> posts/yingyin-huiguo-yingyin/2024-12-20-在国外怎么看奥运会直播在国外怎么看奥运会直播.md (2552 chars)
  2814 -> posts/jiaocheng-shiyong-jiaocheng/2024-12-19-中国的电视盒子在美国能用吗国内机顶盒带来美国.md (2950 chars)
  2815 -> posts/jiaocheng-shiyong-jiaocheng/2024-12-19-怎么看国内电视电视怎么看国足.md (2568 chars)
  2816 -> posts/tiyu-tiyu-zhibo/2024-12-19-怎么看奥运会直播怎么看奥运会直播乒乓球.md (2398 chars)
  2817 -> posts/jiaocheng-shiyong-jiaocheng/2024-12-19-怎么翻墙回国.md (3365 chars)
  2818 -> posts/youxi-huiguo-youxi/2024-12-19-怎么把steam改回国区steam怎么快速回国区.md (2928 chars)
  2808 -> posts/jiaocheng-shiyong-jiaocheng/2024-12-19-v2ray回国机场翻墙回国机场.md (2965 chars)
  2782 -> posts/youxi-huiguo-youxi/2024-12-18-steam当前地区不可用steam当前地区不可用怎么解决.md (3373 chars)
  2800 -> posts/jiaocheng-shiyong-jiaocheng/2024-12-18-中央电视台5海外中央电视台海外娱乐频道.md (2585 chars)
  2801 -> posts/duanju-duanju-zhibo/2024-12-18-中央5台直播海外中央5台直播海外直播.md (2355 chars)
  2802 -> posts/duanju-duanju-zhibo/2024-12-18-中央5海外直播中央台直播5.md (2610 chars)
  2799 -> posts/duanju-duanju-zhibo/2024-12-18-中央电视台海外直播中央电视台直播频道在线直播.md (2684 chars)
  2783 -> posts/youxi-huiguo-youxi/2024-12-18-steam改回国区steam改回国区有什么影响.md (3082 chars)
  2780 -> posts/youxi-huiguo-youxi/2024-12-18-start云游戏海外start云游戏海外可以登陆么.md (2916 chars)
  2784 -> posts/youxi-huiguo-youxi/2024-12-18-steam国区steam国区怎么改.md (2932 chars)
  2785 -> posts/youxi-huiguo-youxi/2024-12-18-steam海外改国区steam在海外怎么换国区.md (2232 chars)
  2786 -> posts/youxi-huiguo-youxi/2024-12-18-steam回国steam回国教程.md (2793 chars)
  2788 -> posts/jiaocheng-shiyong-jiaocheng/2024-12-18-surfshark大陸翻牆surfshark大陆可以用吗-2.md (3690 chars)
  2787 -> posts/jiaocheng-shiyong-jiaocheng/2024-12-18-surfshark大陸翻牆surfshark大陆可以用吗.md (3238 chars)
  2769 -> posts/jiaocheng-shiyong-jiaocheng/2024-12-17-qq注册免手机2024qq免手机号注册平台.md (3011 chars)
  2770 -> posts/jiaocheng-shiyong-jiaocheng/2024-12-17-qq註冊2024qq注册20年.md (2893 chars)
  2771 -> posts/jiaocheng-shiyong-jiaocheng/2024-12-17-qq註冊台灣2024台湾qq怎么实名认证.md (2470 chars)
  2768 -> posts/jiaocheng-shiyong-jiaocheng/2024-12-17-qq注册免手机qq号免手机申请.md (2856 chars)
  2758 -> posts/jiaocheng-shiyong-jiaocheng/2024-12-17-hicn加速hi加速器.md (2950 chars)
  2757 -> posts/jiaocheng-shiyong-jiaocheng/2024-12-17-hicn回国加速海外回国加速器是什么用处.md (2467 chars)
  2764 -> posts/jiaocheng-shiyong-jiaocheng/2024-12-17-qq海外注册qq国外注册.md (3013 chars)
  2760 -> posts/jiaocheng-shiyong-jiaocheng/2024-12-16-ios访问限制ios访问限制怎么退出id.md (3036 chars)
  2756 -> posts/jiaocheng-shiyong-jiaocheng/2024-12-16-golink好用吗golink-app.md (3472 chars)
  2749 -> posts/duanju-duanju-zhibo/2024-12-13-中央五套海外中央五套直播在线观看.md (2703 chars)
  2750 -> posts/duanju-duanju-zhibo/2024-12-13-中央五台海外直播中央五台海外直播节目表.md (2599 chars)
  2751 -> posts/jiaocheng-shiyong-jiaocheng/2024-12-13-中央五台海外中央电视台海外中心主任.md (2768 chars)
  2748 -> posts/duanju-duanju-zhibo/2024-12-13-中央五套海外直播中央电视台海外版.md (2542 chars)
  2734 -> posts/yingyin-huiguo-yingyin/2024-12-13-bilibili台灣註冊pttbilibili怎么注册台湾账号.md (3362 chars)
  2735 -> posts/yingyin-huiguo-yingyin/2024-12-12-bilibili台灣註冊實名bilibili台湾账号.md (2977 chars)
  2736 -> posts/yingyin-huiguo-yingyin/2024-12-12-bilibili香港限制b站香港地区限制.md (2965 chars)
  2737 -> posts/yingyin-huiguo-yingyin/2024-12-12-bilibili直播姬海外bilibili直播姬教程.md (2819 chars)
  2733 -> posts/yingyin-huiguo-yingyin/2024-12-12-bilibili台灣卡頓bilibili老是卡.md (3050 chars)
  2727 -> posts/jiaocheng-shiyong-jiaocheng/2024-12-12-海外如何阅读漫画岛.md (7998 chars)
  2717 -> posts/yinyue-yinyue-yinpin/2024-12-10-海外用户如何在中国访问虾米音乐？.md (7000 chars)
  2718 -> posts/jiaocheng-shiyong-jiaocheng/2024-12-10-海外用户如何在线阅读番茄免费小说.md (12507 chars)
  2719 -> posts/jiaocheng-shiyong-jiaocheng/2024-12-10-海外用户如何在线观看樱花动画？.md (7947 chars)
  2715 -> posts/jiaocheng-shiyong-jiaocheng/2024-12-10-欢颜app在海外使用方法是什么？.md (12184 chars)
  2711 -> posts/yinyue-yinyue-yinpin/2024-12-10-酷我音乐在香港地区限制如何破解.md (6969 chars)
  2710 -> posts/jiaocheng-shiyong-jiaocheng/2024-12-10-夸克网盘海外注册具体流程是怎样的？.md (13779 chars)
  2708 -> posts/jiaocheng-shiyong-jiaocheng/2024-12-09-雷电云手机在国外使用时会遇到哪些问题？.md (8251 chars)
  2705 -> posts/yingyin-huiguo-yingyin/2024-12-06-泥视频app在海外如何使用？.md (12105 chars)
  2696 -> posts/tiyu-tiyu-zhibo/2024-12-05-如何观看cctv5海外频道？.md (6549 chars)
  2697 -> posts/jiaocheng-shiyong-jiaocheng/2024-12-05-区域限制，无法使用cici的原因及解决方法.md (8982 chars)
  2698 -> posts/yingyin-huiguo-yingyin/2024-12-05-庆余年2在腾讯海外版如何观看教程.md (9629 chars)
done: ok=50 fail=0
[main 5643d55] publish: posts batch start=1380 n=50 (total 1430)
 50 files changed, 5347 insertions(+)
 create mode 100644 "posts/duanju-duanju-zhibo/2024-12-13-\344\270\255\345\244\256\344\272\224\345\217\260\346\265\267\345\244\226\347\233\264\346\222\255\344\270\255\345\244\256\344\272\224\345\217\260\346\265\267\345\244\226\347\233\264\346\222\255\350\212\202\347\233\256\350\241\250.md"
 create mode 100644 "posts/duanju-duanju-zhibo/2024-12-13-\344\270\255\345\244\256\344\272\224\345\245\227\346\265\267\345\244\226\344\270\255\345\244\256\344\272\224\345\245\227\347\233\264\346\222\255\345\234\250\347\272\277\350\247\202\347\234\213.md"
 create mode 100644 "posts/duanju-duanju-zhibo/2024-12-13-\344\270\255\345\244\256\344\272\224\345\245\227\346\265\267\345\244\226\347\233\264\346\222\255\344\270\255\345\244\256\347\224\265\350\247\206\345\217\260\346\265\267\345\244\226\347\211\210.md"
 create mode 100644 "posts/duanju-duanju-zhibo/2024-12-18-\344\270\255\345\244\2565\345\217\260\347\233\264\346\222\255\346\265\267\345\244\226\344\270\255\345\244\2565\345\217\260\347\233\264\346\222\255\346\265\267\345\244\226\347\233\264\346\222\255.md"
 create mode 100644 "posts/duanju-duanju-zhibo/2024-12-18-\344\270\255\345\244\2565\346\265\267\345\244\226\347\233\264\346\222\255\344\270\255\345\244\256\345\217\260\347\233\264\346\222\2555.md"
 create mode 100644 "posts/duanju-duanju-zhibo/2024-12-18-\344\270\255\345\244\256\347\224\265\350\247\206\345\217\260\346\265\267\345\244\226\347\233\264\346\222\255\344\270\255\345\244\256\347\224\265\350\247\206\345\217\260\347\233\264\346\222\255\351\242\221\351\201\223\345\234\250\347\272\277\347\233\264\346\222\255.md"
 create mode 100644 "posts/jiaocheng-shiyong-jiaocheng/2024-12-05-\345\214\272\345\237\237\351\231\220\345\210\266\357\274\214\346\227\240\346\263\225\344\275\277\347\224\250cici\347\232\204\345\216\237\345\233\240\345\217\212\350\247\243\345\206\263\346\226\271\346\263\225.md"
 create mode 100644 "posts/jiaocheng-shiyong-jiaocheng/2024-12-09-\351\233\267\347\224\265\344\272\221\346\211\213\346\234\272\345\234\250\345\233\275\345\244\226\344\275\277\347\224\250\346\227\266\344\274\232\351\201\207\345\210\260\345\223\252\344\272\233\351\227\256\351\242\230\357\274\237.md"
 create mode 100644 "posts/jiaocheng-shiyong-jiaocheng/2024-12-10-\345\244\270\345\205\213\347\275\221\347\233\230\346\265\267\345\244\226\346\263\250\345\206\214\345\205\267\344\275\223\346\265\201\347\250\213\346\230\257\346\200\216\346\240\267\347\232\204\357\274\237.md"
 create mode 100644 "posts/jiaocheng-shiyong-jiaocheng/2024-12-10-\346\254\242\351\242\234app\345\234\250\346\265\267\345\244\226\344\275\277\347\224\250\346\226\271\346\263\225\346\230\257\344\273\200\344\271\210\357\274\237.md"
 create mode 100644 "posts/jiaocheng-shiyong-jiaocheng/2024-12-10-\346\265\267\345\244\226\347\224\250\346\210\267\345\246\202\344\275\225\345\234\250\347\272\277\350\247\202\347\234\213\346\250\261\350\212\261\345\212\250\347\224\273\357\274\237.md"
 create mode 100644 "posts/jiaocheng-shiyong-jiaocheng/2024-12-10-\346\265\267\345\244\226\347\224\250\346\210\267\345\246\202\344\275\225\345\234\250\347\272\277\351\230\205\350\257\273\347\225\252\350\214\204\345\205\215\350\264\271\345\260\217\350\257\264.md"
 create mode 100644 "posts/jiaocheng-shiyong-jiaocheng/2024-12-12-\346\265\267\345\244\226\345\246\202\344\275\225\351\230\205\350\257\273\346\274\253\347\224\273\345\262\233.md"
 create mode 100644 "posts/jiaocheng-shiyong-jiaocheng/2024-12-13-\344\270\255\345\244\256\344\272\224\345\217\260\346\265\267\345\244\226\344\270\255\345\244\256\347\224\265\350\247\206\345\217\260\346\265\267\345\244\226\344\270\255\345\277\203\344\270\273\344\273\273.md"
 create mode 100644 "posts/jiaocheng-shiyong-jiaocheng/2024-12-16-golink\345\245\275\347\224\250\345\220\227golink-app.md"
 create mode 100644 "posts/jiaocheng-shiyong-jiaocheng/2024-12-16-ios\350\256\277\351\227\256\351\231\220\345\210\266ios\350\256\277\351\227\256\351\231\220\345\210\266\346\200\216\344\271\210\351\200\200\345\207\272id.md"
 create mode 100644 "posts/jiaocheng-shiyong-jiaocheng/2024-12-17-hicn\345\212\240\351\200\237hi\345\212\240\351\200\237\345\231\250.md"
 create mode 100644 "posts/jiaocheng-shiyong-jiaocheng/2024-12-17-hicn\345\233\236\345\233\275\345\212\240\351\200\237\346\265\267\345\244\226\345\233\236\345\233\275\345\212\240\351\200\237\345\231\250\346\230\257\344\273\200\344\271\210\347\224\250\345\244\204.md"
 create mode 100644 "posts/jiaocheng-shiyong-jiaocheng/2024-12-17-qq\346\263\250\345\206\214\345\205\215\346\211\213\346\234\2722024qq\345\205\215\346\211\213\346\234\272\345\217\267\346\263\250\345\206\214\345\271\263\345\217\260.md"
 create mode 100644 "posts/jiaocheng-shiyong-jiaocheng/2024-12-17-qq\346\263\250\345\206\214\345\205\215\346\211\213\346\234\272qq\345\217\267\345\205\215\346\211\213\346\234\272\347\224\263\350\257\267.md"
 create mode 100644 "posts/jiaocheng-shiyong-jiaocheng/2024-12-17-qq\346\265\267\345\244\226\346\263\250\345\206\214qq\345\233\275\345\244\226\346\263\250\345\206\214.md"
 create mode 100644 "posts/jiaocheng-shiyong-jiaocheng/2024-12-17-qq\350\250\273\345\206\2122024qq\346\263\250\345\206\21420\345\271\264.md"
 create mode 100644 "posts/jiaocheng-shiyong-jiaocheng/2024-12-17-qq\350\250\273\345\206\212\345\217\260\347\201\2432024\345\217\260\346\271\276qq\346\200\216\344\271\210\345\256\236\345\220\215\350\256\244\350\257\201.md"
 create mode 100644 "posts/jiaocheng-shiyong-jiaocheng/2024-12-18-surfshark\345\244\247\351\231\270\347\277\273\347\211\206surfshark\345\244\247\351\231\206\345\217\257\344\273\245\347\224\250\345\220\227-2.md"
 create mode 100644 "posts/jiaocheng-shiyong-jiaocheng/2024-12-18-surfshark\345\244\247\351\231\270\347\277\273\347\211\206surfshark\345\244\247\351\231\206\345\217\257\344\273\245\347\224\250\345\220\227.md"
 create mode 100644 "posts/jiaocheng-shiyong-jiaocheng/2024-12-18-\344\270\255\345\244\256\347\224\265\350\247\206\345\217\2605\346\265\267\345\244\226\344\270\255\345\244\256\347\224\265\350\247\206\345\217\260\346\265\267\345\244\226\345\250\261\344\271\220\351\242\221\351\201\223.md"
 create mode 100644 "posts/jiaocheng-shiyong-jiaocheng/2024-12-19-v2ray\345\233\236\345\233\275\346\234\272\345\234\272\347\277\273\345\242\231\345\233\236\345\233\275\346\234\272\345\234\272.md"
 create mode 100644 "posts/jiaocheng-shiyong-jiaocheng/2024-12-19-\344\270\255\345\233\275\347\232\204\347\224\265\350\247\206\347\233\222\345\255\220\345\234\250\347\276\216\345\233\275\350\203\275\347\224\250\345\220\227\345\233\275\345\206\205\346\234\272\351\241\266\347\233\222\345\270\246\346\235\245\347\276\216\345\233\275.md"
 create mode 100644 "posts/jiaocheng-shiyong-jiaocheng/2024-12-19-\346\200\216\344\271\210\347\234\213\345\233\275\345\206\205\347\224\265\350\247\206\347\224\265\350\247\206\346\200\216\344\271\210\347\234\213\345\233\275\350\266\263.md"
 create mode 100644 "posts/jiaocheng-shiyong-jiaocheng/2024-12-19-\346\200\216\344\271\210\347\277\273\345\242\231\345\233\236\345\233\275.md"
 create mode 100644 "posts/jiaocheng-shiyong-jiaocheng/2024-12-20-\345\234\250\345\233\275\345\244\226\347\277\273\345\242\231\345\233\236\345\233\275\345\206\205.md"
 create mode 100644 "posts/tiyu-tiyu-zhibo/2024-12-05-\345\246\202\344\275\225\350\247\202\347\234\213cctv5\346\265\267\345\244\226\351\242\221\351\201\223\357\274\237.md"
 create mode 100644 "posts/tiyu-tiyu-zhibo/2024-12-19-\346\200\216\344\271\210\347\234\213\345\245\245\350\277\220\344\274\232\347\233\264\346\222\255\346\200\216\344\271\210\347\234\213\345\245\245\350\277\220\344\274\232\347\233\264\346\222\255\344\271\222\344\271\223\347\220\203.md"
 create mode 100644 "posts/yingyin-huiguo-yingyin/2024-12-05-\345\272\206\344\275\231\345\271\2642\345\234\250\350\205\276\350\256\257\346\265\267\345\244\226\347\211\210\345\246\202\344\275\225\350\247\202\347\234\213\346\225\231\347\250\213.md"
 create mode 100644 "posts/yingyin-huiguo-yingyin/2024-12-06-\346\263\245\350\247\206\351\242\221app\345\234\250\346\265\267\345\244\226\345\246\202\344\275\225\344\275\277\347\224\250\357\274\237.md"
 create mode 100644 "posts/yingyin-huiguo-yingyin/2024-12-12-bilibili\345\217\260\347\201\243\345\215\241\351\240\223bilibili\350\200\201\346\230\257\345\215\241.md"
 create mode 100644 "posts/yingyin-huiguo-yingyin/2024-12-12-bilibili\345\217\260\347\201\243\350\250\273\345\206\212\345\257\246\345\220\215bilibili\345\217\260\346\271\276\350\264\246\345\217\267.md"
 create mode 100644 "posts/yingyin-huiguo-yingyin/2024-12-12-bilibili\347\233\264\346\222\255\345\247\254\346\265\267\345\244\226bilibili\347\233\264\346\222\255\345\247\254\346\225\231\347\250\213.md"
 create mode 100644 "posts/yingyin-huiguo-yingyin/2024-12-12-bilibili\351\246\231\346\270\257\351\231\220\345\210\266b\347\253\231\351\246\231\346\270\257\345\234\260\345\214\272\351\231\220\345\210\266.md"
 create mode 100644 "posts/yingyin-huiguo-yingyin/2024-12-13-bilibili\345\217\260\347\201\243\350\250\273\345\206\212pttbilibili\346\200\216\344\271\210\346\263\250\345\206\214\345\217\260\346\271\276\350\264\246\345\217\267.md"
 create mode 100644 "posts/yingyin-huiguo-yingyin/2024-12-20-\345\234\250\345\233\275\345\244\226\346\200\216\344\271\210\347\234\213\345\245\245\350\277\220\344\274\232\347\233\264\346\222\255\345\234\250\345\233\275\345\244\226\346\200\216\344\271\210\347\234\213\345\245\245\350\277\220\344\274\232\347\233\264\346\222\255.md"
 create mode 100644 "posts/yinyue-yinyue-yinpin/2024-12-10-\346\265\267\345\244\226\347\224\250\346\210\267\345\246\202\344\275\225\345\234\250\344\270\255\345\233\275\350\256\277\351\227\256\350\231\276\347\261\263\351\237\263\344\271\220\357\274\237.md"
 create mode 100644 "posts/yinyue-yinyue-yinpin/2024-12-10-\351\205\267\346\210\221\351\237\263\344\271\220\345\234\250\351\246\231\346\270\257\345\234\260\345\214\272\351\231\220\345\210\266\345\246\202\344\275\225\347\240\264\350\247\243.md"
 create mode 100644 "posts/youxi-huiguo-youxi/2024-12-18-start\344\272\221\346\270\270\346\210\217\346\265\267\345\244\226start\344\272\221\346\270\270\346\210\217\346\265\267\345\244\226\345\217\257\344\273\245\347\231\273\351\231\206\344\271\210.md"
 create mode 100644 "posts/youxi-huiguo-youxi/2024-12-18-steam\345\233\236\345\233\275steam\345\233\236\345\233\275\346\225\231\347\250\213.md"
 create mode 100644 "posts/youxi-huiguo-youxi/2024-12-18-steam\345\233\275\345\214\272steam\345\233\275\345\214\272\346\200\216\344\271\210\346\224\271.md"
 create mode 100644 "posts/youxi-huiguo-youxi/2024-12-18-steam\345\275\223\345\211\215\345\234\260\345\214\272\344\270\215\345\217\257\347\224\250steam\345\275\223\345\211\215\345\234\260\345\214\272\344\270\215\345\217\257\347\224\250\346\200\216\344\271\210\350\247\243\345\206\263.md"
 create mode 100644 "posts/youxi-huiguo-youxi/2024-12-18-steam\346\224\271\345\233\236\345\233\275\345\214\272steam\346\224\271\345\233\236\345\233\275\345\214\272\346\234\211\344\273\200\344\271\210\345\275\261\345\223\215.md"
 create mode 100644 "posts/youxi-huiguo-youxi/2024-12-18-steam\346\265\267\345\244\226\346\224\271\345\233\275\345\214\272steam\345\234\250\346\265\267\345\244\226\346\200\216\344\271\210\346\215\242\345\233\275\345\214\272.md"
 create mode 100644 "posts/youxi-huiguo-youxi/2024-12-19-\346\200\216\344\271\210\346\212\212steam\346\224\271\345\233\236\345\233\275\345\214\272steam\346\200\216\344\271\210\345\277\253\351\200\237\345\233\236\345\233\275\345\214\272.md"
To https://github.com/huiguojiasuqi/huiguojiasuqi.git
   9a24ea1..5643d55  main -> main
[2026-09-10 18:14:35] batch start=1430 n=50
  2695 -> posts/tiyu-tiyu-zhibo/2024-12-05-如何获取海外cctv5的直播源？.md (5757 chars)
  2691 -> posts/jiaocheng-shiyong-jiaocheng/2024-12-04-如何破解唱享k歌的权限限制？.md (9282 chars)
  2690 -> posts/jiaocheng-shiyong-jiaocheng/2024-12-04-如何破解全民k歌的地区限制？.md (4419 chars)
  2686 -> posts/yinyue-yinyue-yinpin/2024-12-04-如何破解喜马拉雅版权限制.md (4212 chars)
  2685 -> posts/jiaocheng-shiyong-jiaocheng/2024-12-04-如何使用百度网盘海外加速？.md (12123 chars)
  2680 -> posts/tiyu-tiyu-zhibo/2024-12-02-如何收看cctv5的iptv节目？.md (8014 chars)
  2678 -> posts/jiaocheng-shiyong-jiaocheng/2024-12-02-如何通过vpn提高访问中国网站的速率？.md (11040 chars)
  2676 -> posts/yingyin-huiguo-yingyin/2024-12-02-如何通过翻墙观看国内视频内容？.md (8262 chars)
  2664 -> posts/jiaocheng-shiyong-jiaocheng/2024-12-02-如何在海外观看欧乐影院cctv频道？.md (7616 chars)
  2665 -> posts/tiyu-tiyu-zhibo/2024-12-02-如何在海外观看巴黎奥运会的直播？.md (11510 chars)
  2666 -> posts/jiaocheng-shiyong-jiaocheng/2024-12-02-如何在国外线上观看《医爱之名》？.md (8401 chars)
  2667 -> posts/jiaocheng-shiyong-jiaocheng/2024-12-02-如何在国外使用网页版小红书？.md (4845 chars)
  2668 -> posts/jiaocheng-shiyong-jiaocheng/2024-12-02-如何在国外看2024欧洲杯录像？.md (11007 chars)
  2663 -> posts/duanju-duanju-zhibo/2024-12-02-如何在海外观看世乒赛的直播？.md (11609 chars)
  2661 -> posts/jiaocheng-shiyong-jiaocheng/2024-11-30-如何在线观看《神隐》？.md (7412 chars)
  2641 -> posts/yinyue-yinyue-yinpin/2024-11-30-网易云音乐mac版海外用户如何进行下载？.md (12847 chars)
  2642 -> posts/yinyue-yinyue-yinpin/2024-11-30-网易云如何在海外使用？.md (11381 chars)
  2643 -> posts/yingyin-huiguo-yingyin/2024-11-30-腾讯提示您所在的地区无法观看如何解决？.md (7477 chars)
  2644 -> posts/yingyin-huiguo-yingyin/2024-11-30-腾讯视频网页版在海外观看卡顿怎么办.md (12665 chars)
  2645 -> posts/yingyin-huiguo-yingyin/2024-11-30-腾讯视频海外版如何破解地域限制.md (8894 chars)
  2646 -> posts/jiaocheng-shiyong-jiaocheng/2024-11-30-淘宝地区限制如何解决购买问题.md (10154 chars)
  2647 -> posts/yinyue-yinyue-yinpin/2024-11-30-台湾如何使用网易云音乐？.md (8424 chars)
  2648 -> posts/jiaocheng-shiyong-jiaocheng/2024-11-30-苏记在海外如何访问？.md (3927 chars)
  2649 -> posts/yingyin-huiguo-yingyin/2024-11-30-三体腾讯在海外是否可以访问？.md (5395 chars)
  2640 -> posts/yinyue-yinyue-yinpin/2024-11-30-网易云音乐版权问题如何解决？.md (7932 chars)
  2638 -> posts/jiaocheng-shiyong-jiaocheng/2024-11-29-微博网页版海外登录时遇到的问题有哪些？.md (12470 chars)
  2635 -> posts/jiaocheng-shiyong-jiaocheng/2024-11-29-微信tv版在国外怎么下载和安装？.md (12457 chars)
  2634 -> posts/jiaocheng-shiyong-jiaocheng/2024-11-29-微信网页版在海外无法登录的原因及解决方法.md (13101 chars)
  2626 -> posts/jiaocheng-shiyong-jiaocheng/2024-11-29-为什么海外买家使用阿里卖家windows客户端？.md (6618 chars)
  2627 -> posts/yingyin-huiguo-yingyin/2024-11-29-为什么国内视频网站在国外无法访问？.md (9722 chars)
  2628 -> posts/jiaocheng-shiyong-jiaocheng/2024-11-29-微信桌面版海外如何进行下载？.md (8920 chars)
  2625 -> posts/yingyin-huiguo-yingyin/2024-11-29-为什么海外无法直接观看bilibili直播？.md (5487 chars)
  2614 -> posts/youxi-huiguo-youxi/2024-11-29-为什么在海外无法直接观看dota2亚运会？.md (8992 chars)
  2615 -> posts/tiyu-tiyu-zhibo/2024-11-29-为什么在海外无法直接观看cctv5直播？.md (5472 chars)
  2616 -> posts/jiaocheng-shiyong-jiaocheng/2024-11-29-为什么在海外无法观看《在暴雪时分》？.md (4668 chars)
  2617 -> posts/yingyin-huiguo-yingyin/2024-11-28-为什么在海外访问bilibili会慢？.md (8680 chars)
  2618 -> posts/tiyu-tiyu-zhibo/2024-11-28-为什么在国外无法收看cctv5海外直播？.md (6173 chars)
  2613 -> posts/yingyin-huiguo-yingyin/2024-11-28-西瓜视频app在海外如何下载和使用？.md (5695 chars)
  2608 -> posts/jiaocheng-shiyong-jiaocheng/2024-11-28-向日葵远程软件在国外使用方法及注意事项.md (5464 chars)
  2601 -> posts/jiaocheng-shiyong-jiaocheng/2024-11-28-小米盒子海外版如何设置和使用？.md (8065 chars)
  2602 -> posts/jiaocheng-shiyong-jiaocheng/2024-11-28-小红书网页版在国外使用方法.md (3487 chars)
  2603 -> posts/jiaocheng-shiyong-jiaocheng/2024-11-28-小鹅通网页版在海外如何进行使用？.md (12204 chars)
  2600 -> posts/jiaocheng-shiyong-jiaocheng/2024-11-28-新浪微博网页版在海外能否登录？.md (3483 chars)
  2591 -> posts/yingyin-huiguo-yingyin/2024-11-27-爱奇艺地区限制如何解除？.md (5135 chars)
  2592 -> posts/youxi-huiguo-youxi/2024-11-27-如何在网易地区解除我的世界限制.md (7279 chars)
  2593 -> posts/yingyin-huiguo-yingyin/2024-11-27-如何解决bilibili的地区限制问题.md (5120 chars)
  2589 -> posts/yingyin-huiguo-yingyin/2024-11-27-如何解决所在地区不支持播放视频的问题？.md (9302 chars)
  2580 -> posts/tiyu-tiyu-zhibo/2024-11-27-cctv5海外如何观看？.md (8047 chars)
  2581 -> posts/tiyu-tiyu-zhibo/2024-11-27-cctv5在台湾不能看？海外党如何观看cctv5直播？.md (8211 chars)
  2582 -> posts/tiyu-tiyu-zhibo/2024-11-27-cctv5海外在线直播如何观看.md (4327 chars)
done: ok=50 fail=0
[main 29f67a1] publish: posts batch start=1430 n=50 (total 1480)
 50 files changed, 8488 insertions(+)
 create mode 100644 "posts/duanju-duanju-zhibo/2024-12-02-\345\246\202\344\275\225\345\234\250\346\265\267\345\244\226\350\247\202\347\234\213\344\270\226\344\271\222\350\265\233\347\232\204\347\233\264\346\222\255\357\274\237.md"
 create mode 100644 "posts/jiaocheng-shiyong-jiaocheng/2024-11-28-\345\220\221\346\227\245\350\221\265\350\277\234\347\250\213\350\275\257\344\273\266\345\234\250\345\233\275\345\244\226\344\275\277\347\224\250\346\226\271\346\263\225\345\217\212\346\263\250\346\204\217\344\272\213\351\241\271.md"
 create mode 100644 "posts/jiaocheng-shiyong-jiaocheng/2024-11-28-\345\260\217\347\261\263\347\233\222\345\255\220\346\265\267\345\244\226\347\211\210\345\246\202\344\275\225\350\256\276\347\275\256\345\222\214\344\275\277\347\224\250\357\274\237.md"
 create mode 100644 "posts/jiaocheng-shiyong-jiaocheng/2024-11-28-\345\260\217\347\272\242\344\271\246\347\275\221\351\241\265\347\211\210\345\234\250\345\233\275\345\244\226\344\275\277\347\224\250\346\226\271\346\263\225.md"
 create mode 100644 "posts/jiaocheng-shiyong-jiaocheng/2024-11-28-\345\260\217\351\271\205\351\200\232\347\275\221\351\241\265\347\211\210\345\234\250\346\265\267\345\244\226\345\246\202\344\275\225\350\277\233\350\241\214\344\275\277\347\224\250\357\274\237.md"
 create mode 100644 "posts/jiaocheng-shiyong-jiaocheng/2024-11-28-\346\226\260\346\265\252\345\276\256\345\215\232\347\275\221\351\241\265\347\211\210\345\234\250\346\265\267\345\244\226\350\203\275\345\220\246\347\231\273\345\275\225\357\274\237.md"
 create mode 100644 "posts/jiaocheng-shiyong-jiaocheng/2024-11-29-\344\270\272\344\273\200\344\271\210\345\234\250\346\265\267\345\244\226\346\227\240\346\263\225\350\247\202\347\234\213\343\200\212\345\234\250\346\232\264\351\233\252\346\227\266\345\210\206\343\200\213\357\274\237.md"
 create mode 100644 "posts/jiaocheng-shiyong-jiaocheng/2024-11-29-\344\270\272\344\273\200\344\271\210\346\265\267\345\244\226\344\271\260\345\256\266\344\275\277\347\224\250\351\230\277\351\207\214\345\215\226\345\256\266windows\345\256\242\346\210\267\347\253\257\357\274\237.md"
 create mode 100644 "posts/jiaocheng-shiyong-jiaocheng/2024-11-29-\345\276\256\344\277\241tv\347\211\210\345\234\250\345\233\275\345\244\226\346\200\216\344\271\210\344\270\213\350\275\275\345\222\214\345\256\211\350\243\205\357\274\237.md"
 create mode 100644 "posts/jiaocheng-shiyong-jiaocheng/2024-11-29-\345\276\256\344\277\241\346\241\214\351\235\242\347\211\210\346\265\267\345\244\226\345\246\202\344\275\225\350\277\233\350\241\214\344\270\213\350\275\275\357\274\237.md"
 create mode 100644 "posts/jiaocheng-shiyong-jiaocheng/2024-11-29-\345\276\256\344\277\241\347\275\221\351\241\265\347\211\210\345\234\250\346\265\267\345\244\226\346\227\240\346\263\225\347\231\273\345\275\225\347\232\204\345\216\237\345\233\240\345\217\212\350\247\243\345\206\263\346\226\271\346\263\225.md"
 create mode 100644 "posts/jiaocheng-shiyong-jiaocheng/2024-11-29-\345\276\256\345\215\232\347\275\221\351\241\265\347\211\210\346\265\267\345\244\226\347\231\273\345\275\225\346\227\266\351\201\207\345\210\260\347\232\204\351\227\256\351\242\230\346\234\211\345\223\252\344\272\233\357\274\237.md"
 create mode 100644 "posts/jiaocheng-shiyong-jiaocheng/2024-11-30-\345\246\202\344\275\225\345\234\250\347\272\277\350\247\202\347\234\213\343\200\212\347\245\236\351\232\220\343\200\213\357\274\237.md"
 create mode 100644 "posts/jiaocheng-shiyong-jiaocheng/2024-11-30-\346\267\230\345\256\235\345\234\260\345\214\272\351\231\220\345\210\266\345\246\202\344\275\225\350\247\243\345\206\263\350\264\255\344\271\260\351\227\256\351\242\230.md"
 create mode 100644 "posts/jiaocheng-shiyong-jiaocheng/2024-11-30-\350\213\217\350\256\260\345\234\250\346\265\267\345\244\226\345\246\202\344\275\225\350\256\277\351\227\256\357\274\237.md"
 create mode 100644 "posts/jiaocheng-shiyong-jiaocheng/2024-12-02-\345\246\202\344\275\225\345\234\250\345\233\275\345\244\226\344\275\277\347\224\250\347\275\221\351\241\265\347\211\210\345\260\217\347\272\242\344\271\246\357\274\237.md"
 create mode 100644 "posts/jiaocheng-shiyong-jiaocheng/2024-12-02-\345\246\202\344\275\225\345\234\250\345\233\275\345\244\226\347\234\2132024\346\254\247\346\264\262\346\235\257\345\275\225\345\203\217\357\274\237.md"
 create mode 100644 "posts/jiaocheng-shiyong-jiaocheng/2024-12-02-\345\246\202\344\275\225\345\234\250\345\233\275\345\244\226\347\272\277\344\270\212\350\247\202\347\234\213\343\200\212\345\214\273\347\210\261\344\271\213\345\220\215\343\200\213\357\274\237.md"
 create mode 100644 "posts/jiaocheng-shiyong-jiaocheng/2024-12-02-\345\246\202\344\275\225\345\234\250\346\265\267\345\244\226\350\247\202\347\234\213\346\254\247\344\271\220\345\275\261\351\231\242cctv\351\242\221\351\201\223\357\274\237.md"
 create mode 100644 "posts/jiaocheng-shiyong-jiaocheng/2024-12-02-\345\246\202\344\275\225\351\200\232\350\277\207vpn\346\217\220\351\253\230\350\256\277\351\227\256\344\270\255\345\233\275\347\275\221\347\253\231\347\232\204\351\200\237\347\216\207\357\274\237.md"
 create mode 100644 "posts/jiaocheng-shiyong-jiaocheng/2024-12-04-\345\246\202\344\275\225\344\275\277\347\224\250\347\231\276\345\272\246\347\275\221\347\233\230\346\265\267\345\244\226\345\212\240\351\200\237\357\274\237.md"
 create mode 100644 "posts/jiaocheng-shiyong-jiaocheng/2024-12-04-\345\246\202\344\275\225\347\240\264\350\247\243\345\205\250\346\260\221k\346\255\214\347\232\204\345\234\260\345\214\272\351\231\220\345\210\266\357\274\237.md"
 create mode 100644 "posts/jiaocheng-shiyong-jiaocheng/2024-12-04-\345\246\202\344\275\225\347\240\264\350\247\243\345\224\261\344\272\253k\346\255\214\347\232\204\346\235\203\351\231\220\351\231\220\345\210\266\357\274\237.md"
 create mode 100644 "posts/tiyu-tiyu-zhibo/2024-11-27-cctv5\345\234\250\345\217\260\346\271\276\344\270\215\350\203\275\347\234\213\357\274\237\346\265\267\345\244\226\345\205\232\345\246\202\344\275\225\350\247\202\347\234\213cctv5\347\233\264\346\222\255\357\274\237.md"
 create mode 100644 "posts/tiyu-tiyu-zhibo/2024-11-27-cctv5\346\265\267\345\244\226\345\234\250\347\272\277\347\233\264\346\222\255\345\246\202\344\275\225\350\247\202\347\234\213.md"
 create mode 100644 "posts/tiyu-tiyu-zhibo/2024-11-27-cctv5\346\265\267\345\244\226\345\246\202\344\275\225\350\247\202\347\234\213\357\274\237.md"
 create mode 100644 "posts/tiyu-tiyu-zhibo/2024-11-28-\344\270\272\344\273\200\344\271\210\345\234\250\345\233\275\345\244\226\346\227\240\346\263\225\346\224\266\347\234\213cctv5\346\265\267\345\244\226\347\233\264\346\222\255\357\274\237.md"
 create mode 100644 "posts/tiyu-tiyu-zhibo/2024-11-29-\344\270\272\344\273\200\344\271\210\345\234\250\346\265\267\345\244\226\346\227\240\346\263\225\347\233\264\346\216\245\350\247\202\347\234\213cctv5\347\233\264\346\222\255\357\274\237.md"
 create mode 100644 "posts/tiyu-tiyu-zhibo/2024-12-02-\345\246\202\344\275\225\345\234\250\346\265\267\345\244\226\350\247\202\347\234\213\345\267\264\351\273\216\345\245\245\350\277\220\344\274\232\347\232\204\347\233\264\346\222\255\357\274\237.md"
 create mode 100644 "posts/tiyu-tiyu-zhibo/2024-12-02-\345\246\202\344\275\225\346\224\266\347\234\213cctv5\347\232\204iptv\350\212\202\347\233\256\357\274\237.md"
 create mode 100644 "posts/tiyu-tiyu-zhibo/2024-12-05-\345\246\202\344\275\225\350\216\267\345\217\226\346\265\267\345\244\226cctv5\347\232\204\347\233\264\346\222\255\346\272\220\357\274\237.md"
 create mode 100644 "posts/yingyin-huiguo-yingyin/2024-11-27-\345\246\202\344\275\225\350\247\243\345\206\263bilibili\347\232\204\345\234\260\345\214\272\351\231\220\345\210\266\351\227\256\351\242\230.md"
 create mode 100644 "posts/yingyin-huiguo-yingyin/2024-11-27-\345\246\202\344\275\225\350\247\243\345\206\263\346\211\200\345\234\250\345\234\260\345\214\272\344\270\215\346\224\257\346\214\201\346\222\255\346\224\276\350\247\206\351\242\221\347\232\204\351\227\256\351\242\230\357\274\237.md"
 create mode 100644 "posts/yingyin-huiguo-yingyin/2024-11-27-\347\210\261\345\245\207\350\211\272\345\234\260\345\214\272\351\231\220\345\210\266\345\246\202\344\275\225\350\247\243\351\231\244\357\274\237.md"
 create mode 100644 "posts/yingyin-huiguo-yingyin/2024-11-28-\344\270\272\344\273\200\344\271\210\345\234\250\346\265\267\345\244\226\350\256\277\351\227\256bilibili\344\274\232\346\205\242\357\274\237.md"
 create mode 100644 "posts/yingyin-huiguo-yingyin/2024-11-28-\350\245\277\347\223\234\350\247\206\351\242\221app\345\234\250\346\265\267\345\244\226\345\246\202\344\275\225\344\270\213\350\275\275\345\222\214\344\275\277\347\224\250\357\274\237.md"
 create mode 100644 "posts/yingyin-huiguo-yingyin/2024-11-29-\344\270\272\344\273\200\344\271\210\345\233\275\345\206\205\350\247\206\351\242\221\347\275\221\347\253\231\345\234\250\345\233\275\345\244\226\346\227\240\346\263\225\350\256\277\351\227\256\357\274\237.md"
 create mode 100644 "posts/yingyin-huiguo-yingyin/2024-11-29-\344\270\272\344\273\200\344\271\210\346\265\267\345\244\226\346\227\240\346\263\225\347\233\264\346\216\245\350\247\202\347\234\213bilibili\347\233\264\346\222\255\357\274\237.md"
 create mode 100644 "posts/yingyin-huiguo-yingyin/2024-11-30-\344\270\211\344\275\223\350\205\276\350\256\257\345\234\250\346\265\267\345\244\226\346\230\257\345\220\246\345\217\257\344\273\245\350\256\277\351\227\256\357\274\237.md"
 create mode 100644 "posts/yingyin-huiguo-yingyin/2024-11-30-\350\205\276\350\256\257\346\217\220\347\244\272\346\202\250\346\211\200\345\234\250\347\232\204\345\234\260\345\214\272\346\227\240\346\263\225\350\247\202\347\234\213\345\246\202\344\275\225\350\247\243\345\206\263\357\274\237.md"
 create mode 100644 "posts/yingyin-huiguo-yingyin/2024-11-30-\350\205\276\350\256\257\350\247\206\351\242\221\346\265\267\345\244\226\347\211\210\345\246\202\344\275\225\347\240\264\350\247\243\345\234\260\345\237\237\351\231\220\345\210\266.md"
 create mode 100644 "posts/yingyin-huiguo-yingyin/2024-11-30-\350\205\276\350\256\257\350\247\206\351\242\221\347\275\221\351\241\265\347\211\210\345\234\250\346\265\267\345\244\226\350\247\202\347\234\213\345\215\241\351\241\277\346\200\216\344\271\210\345\212\236.md"
 create mode 100644 "posts/yingyin-huiguo-yingyin/2024-12-02-\345\246\202\344\275\225\351\200\232\350\277\207\347\277\273\345\242\231\350\247\202\347\234\213\345\233\275\345\206\205\350\247\206\351\242\221\345\206\205\345\256\271\357\274\237.md"
 create mode 100644 "posts/yinyue-yinyue-yinpin/2024-11-30-\345\217\260\346\271\276\345\246\202\344\275\225\344\275\277\347\224\250\347\275\221\346\230\223\344\272\221\351\237\263\344\271\220\357\274\237.md"
 create mode 100644 "posts/yinyue-yinyue-yinpin/2024-11-30-\347\275\221\346\230\223\344\272\221\345\246\202\344\275\225\345\234\250\346\265\267\345\244\226\344\275\277\347\224\250\357\274\237.md"
 create mode 100644 "posts/yinyue-yinyue-yinpin/2024-11-30-\347\275\221\346\230\223\344\272\221\351\237\263\344\271\220mac\347\211\210\346\265\267\345\244\226\347\224\250\346\210\267\345\246\202\344\275\225\350\277\233\350\241\214\344\270\213\350\275\275\357\274\237.md"
 create mode 100644 "posts/yinyue-yinyue-yinpin/2024-11-30-\347\275\221\346\230\223\344\272\221\351\237\263\344\271\220\347\211\210\346\235\203\351\227\256\351\242\230\345\246\202\344\275\225\350\247\243\345\206\263\357\274\237.md"
 create mode 100644 "posts/yinyue-yinyue-yinpin/2024-12-04-\345\246\202\344\275\225\347\240\264\350\247\243\345\226\234\351\251\254\346\213\211\351\233\205\347\211\210\346\235\203\351\231\220\345\210\266.md"
 create mode 100644 "posts/youxi-huiguo-youxi/2024-11-27-\345\246\202\344\275\225\345\234\250\347\275\221\346\230\223\345\234\260\345\214\272\350\247\243\351\231\244\346\210\221\347\232\204\344\270\226\347\225\214\351\231\220\345\210\266.md"
 create mode 100644 "posts/youxi-huiguo-youxi/2024-11-29-\344\270\272\344\273\200\344\271\210\345\234\250\346\265\267\345\244\226\346\227\240\346\263\225\347\233\264\346\216\245\350\247\202\347\234\213dota2\344\272\232\350\277\220\344\274\232\357\274\237.md"
To https://github.com/huiguojiasuqi/huiguojiasuqi.git
   5643d55..29f67a1  main -> main
[2026-09-10 18:15:01] batch start=1480 n=50
  2579 -> posts/tiyu-tiyu-zhibo/2024-11-27-海外cctv5如何观看直播？.md (5620 chars)
  2572 -> posts/yinyue-yinyue-yinpin/2024-11-27-网易云音乐播放限制如何解除.md (4883 chars)
  2573 -> posts/tiyu-tiyu-zhibo/2024-11-27-cctv5在海外如何进行直播观看？.md (4092 chars)
  2575 -> posts/tiyu-tiyu-zhibo/2024-11-26-cctv5海外直播如何进行搜索？.md (8046 chars)
  2571 -> posts/yingyin-huiguo-yingyin/2024-11-25-bilibili解除区域限制的具体步骤是什么？.md (4511 chars)
  2565 -> posts/yinyue-yinyue-yinpin/2024-11-22-如何在海外使用网易云音乐？.md (11591 chars)
  2566 -> posts/tiyu-tiyu-zhibo/2024-11-22-cctv5海外直播观看方法是什么？.md (4853 chars)
  2564 -> posts/bangong-bangong-baokao/2024-11-22-为什么我的12123账号在国外无法登录？.md (3330 chars)
  2555 -> posts/tiyu-tiyu-zhibo/2024-11-18-cctv5-iptv源如何查找？.md (6464 chars)
  2556 -> posts/yinyue-yinyue-yinpin/2024-11-18-如何解除iphone上qq音乐的海外限制？.md (5980 chars)
  2557 -> posts/yinyue-yinyue-yinpin/2024-11-16-海外qq音乐为什么没有音源.md (5000 chars)
  2553 -> posts/jiaocheng-shiyong-jiaocheng/2024-11-16-国外无法访问国内网站的原因是什么？.md (5790 chars)
  2545 -> posts/youxi-huiguo-youxi/2024-11-12-国外玩国内游戏加速器推荐.md (7052 chars)
  2546 -> posts/yinyue-yinyue-yinpin/2024-11-12-网易云音乐台湾使用方法.md (9289 chars)
  2544 -> posts/jiaocheng-shiyong-jiaocheng/2024-11-12-回国加速器推荐有哪些？.md (10772 chars)
  2542 -> posts/jiaocheng-shiyong-jiaocheng/2024-11-12-如何选择适合回国的vpn节点？.md (12458 chars)
  2538 -> posts/jiaocheng-shiyong-jiaocheng/2024-11-11-百度网盘海外注册流程是怎样的？.md (9713 chars)
  2518 -> posts/jiaocheng-shiyong-jiaocheng/2024-11-06-chrome浏览器运行缓慢的解决办法有哪些？.md (11755 chars)
  2519 -> posts/yinyue-yinyue-yinpin/2024-11-06-如何破解酷我音乐电脑版的地域限制？.md (9670 chars)
  2517 -> posts/jiaocheng-shiyong-jiaocheng/2024-11-06-海外华人网访问指南包括哪些内容？.md (2723 chars)
  2507 -> posts/jiaocheng-shiyong-jiaocheng/2024-11-04-全民k歌香港版怎么操作？.md (7679 chars)
  2508 -> posts/tiyu-tiyu-zhibo/2024-11-04-cctv5海外直播源怎么查找？.md (9201 chars)
  2509 -> posts/jiaocheng-shiyong-jiaocheng/2024-11-04-今日头条新闻海外版怎么下载？.md (9330 chars)
  2510 -> posts/jiaocheng-shiyong-jiaocheng/2024-11-04-全民k歌地区无法提供服务的原因及解决办法.md (3361 chars)
  2504 -> posts/jiaocheng-shiyong-jiaocheng/2024-10-31-如何使用阿里云盘海外版？.md (15174 chars)
  2503 -> posts/jiaocheng-shiyong-jiaocheng/2024-10-31-safari浏览器无法打开页面怎么办？.md (6005 chars)
  2495 -> posts/jiaocheng-shiyong-jiaocheng/2024-10-31-ios上全民k歌地区限制如何解除？.md (14370 chars)
  2496 -> posts/jiaocheng-shiyong-jiaocheng/2024-10-31-海外淘宝购物需要注意哪些事项？.md (14307 chars)
  2497 -> posts/jiaocheng-shiyong-jiaocheng/2024-10-31-如何选择合适的国内vpn节点？.md (6735 chars)
  2494 -> posts/jiaocheng-shiyong-jiaocheng/2024-10-31-全民k歌台湾版使用方法.md (14438 chars)
  2482 -> posts/jiaocheng-shiyong-jiaocheng/2024-10-30-为什么国内网站访问不了？.md (12521 chars)
  2483 -> posts/jiaocheng-shiyong-jiaocheng/2024-10-30-书香门第论坛在海外访问时可能遇到的问题有哪些.md (4850 chars)
  2484 -> posts/jiaocheng-shiyong-jiaocheng/2024-10-30-为什么我的穿梭vpn无法使用了？.md (17327 chars)
  2485 -> posts/duanju-duanju-zhibo/2024-10-30-海外如何收看到中央电视台的直播？.md (15427 chars)
  2486 -> posts/jiaocheng-shiyong-jiaocheng/2024-10-30-启信宝海外如何使用？.md (16553 chars)
  2481 -> posts/yinyue-yinyue-yinpin/2024-10-30-如何下载网易云音乐海外版？.md (13811 chars)
  2475 -> posts/jiaocheng-shiyong-jiaocheng/2024-10-29-美国翻墙回国的最佳途径有哪些？.md (15086 chars)
  2476 -> posts/jiaocheng-shiyong-jiaocheng/2024-10-29-海外如何使用美篇电脑版？.md (17390 chars)
  2474 -> posts/jiaocheng-shiyong-jiaocheng/2024-10-29-如何选择和使用传奇私服加速器？.md (17187 chars)
  2468 -> posts/jiaocheng-shiyong-jiaocheng/2024-10-29-wetv电脑版怎么使用.md (13083 chars)
  2469 -> posts/jiaocheng-shiyong-jiaocheng/2024-10-29-国内dns服务器推荐及配置方法是什么？.md (16461 chars)
  2466 -> posts/jiaocheng-shiyong-jiaocheng/2024-10-29-阿里云服务器搭建v2ray回国节点的具体步骤是什么？.md (20599 chars)
  2462 -> posts/jiaocheng-shiyong-jiaocheng/2024-10-28-国外有哪些优秀的华人影视平台？.md (17798 chars)
  2461 -> posts/jiaocheng-shiyong-jiaocheng/2024-10-28-ip-change轻松换在海外的使用效果怎么样.md (6966 chars)
  2457 -> posts/jiaocheng-shiyong-jiaocheng/2024-10-28-如何解除地区限制？.md (13055 chars)
  2456 -> posts/yingyin-huiguo-yingyin/2024-10-28-如何让腾讯视频在海外观看时加速？.md (19404 chars)
  2447 -> posts/jiaocheng-shiyong-jiaocheng/2024-10-28-机场搭建的步骤是怎样的？.md (17089 chars)
  2446 -> posts/jiaocheng-shiyong-jiaocheng/2024-10-28-微博在海外使用方法及步骤.md (17067 chars)
  2448 -> posts/jiaocheng-shiyong-jiaocheng/2024-10-25-如何解决无法访问国内网站的问题？.md (20260 chars)
  2449 -> posts/jiaocheng-shiyong-jiaocheng/2024-10-25-携程海外版使用方法介绍.md (19002 chars)
done: ok=50 fail=0
[main 9169b60] publish: posts batch start=1480 n=50 (total 1530)
 50 files changed, 11839 insertions(+)
 create mode 100644 "posts/bangong-bangong-baokao/2024-11-22-\344\270\272\344\273\200\344\271\210\346\210\221\347\232\20412123\350\264\246\345\217\267\345\234\250\345\233\275\345\244\226\346\227\240\346\263\225\347\231\273\345\275\225\357\274\237.md"
 create mode 100644 "posts/duanju-duanju-zhibo/2024-10-30-\346\265\267\345\244\226\345\246\202\344\275\225\346\224\266\347\234\213\345\210\260\344\270\255\345\244\256\347\224\265\350\247\206\345\217\260\347\232\204\347\233\264\346\222\255\357\274\237.md"
 create mode 100644 "posts/jiaocheng-shiyong-jiaocheng/2024-10-25-\345\246\202\344\275\225\350\247\243\345\206\263\346\227\240\346\263\225\350\256\277\351\227\256\345\233\275\345\206\205\347\275\221\347\253\231\347\232\204\351\227\256\351\242\230\357\274\237.md"
 create mode 100644 "posts/jiaocheng-shiyong-jiaocheng/2024-10-25-\346\220\272\347\250\213\346\265\267\345\244\226\347\211\210\344\275\277\347\224\250\346\226\271\346\263\225\344\273\213\347\273\215.md"
 create mode 100644 "posts/jiaocheng-shiyong-jiaocheng/2024-10-28-ip-change\350\275\273\346\235\276\346\215\242\345\234\250\346\265\267\345\244\226\347\232\204\344\275\277\347\224\250\346\225\210\346\236\234\346\200\216\344\271\210\346\240\267.md"
 create mode 100644 "posts/jiaocheng-shiyong-jiaocheng/2024-10-28-\345\233\275\345\244\226\346\234\211\345\223\252\344\272\233\344\274\230\347\247\200\347\232\204\345\215\216\344\272\272\345\275\261\350\247\206\345\271\263\345\217\260\357\274\237.md"
 create mode 100644 "posts/jiaocheng-shiyong-jiaocheng/2024-10-28-\345\246\202\344\275\225\350\247\243\351\231\244\345\234\260\345\214\272\351\231\220\345\210\266\357\274\237.md"
 create mode 100644 "posts/jiaocheng-shiyong-jiaocheng/2024-10-28-\345\276\256\345\215\232\345\234\250\346\265\267\345\244\226\344\275\277\347\224\250\346\226\271\346\263\225\345\217\212\346\255\245\351\252\244.md"
 create mode 100644 "posts/jiaocheng-shiyong-jiaocheng/2024-10-28-\346\234\272\345\234\272\346\220\255\345\273\272\347\232\204\346\255\245\351\252\244\346\230\257\346\200\216\346\240\267\347\232\204\357\274\237.md"
 create mode 100644 "posts/jiaocheng-shiyong-jiaocheng/2024-10-29-wetv\347\224\265\350\204\221\347\211\210\346\200\216\344\271\210\344\275\277\347\224\250.md"
 create mode 100644 "posts/jiaocheng-shiyong-jiaocheng/2024-10-29-\345\233\275\345\206\205dns\346\234\215\345\212\241\345\231\250\346\216\250\350\215\220\345\217\212\351\205\215\347\275\256\346\226\271\346\263\225\346\230\257\344\273\200\344\271\210\357\274\237.md"
 create mode 100644 "posts/jiaocheng-shiyong-jiaocheng/2024-10-29-\345\246\202\344\275\225\351\200\211\346\213\251\345\222\214\344\275\277\347\224\250\344\274\240\345\245\207\347\247\201\346\234\215\345\212\240\351\200\237\345\231\250\357\274\237.md"
 create mode 100644 "posts/jiaocheng-shiyong-jiaocheng/2024-10-29-\346\265\267\345\244\226\345\246\202\344\275\225\344\275\277\347\224\250\347\276\216\347\257\207\347\224\265\350\204\221\347\211\210\357\274\237.md"
 create mode 100644 "posts/jiaocheng-shiyong-jiaocheng/2024-10-29-\347\276\216\345\233\275\347\277\273\345\242\231\345\233\236\345\233\275\347\232\204\346\234\200\344\275\263\351\200\224\345\276\204\346\234\211\345\223\252\344\272\233\357\274\237.md"
 create mode 100644 "posts/jiaocheng-shiyong-jiaocheng/2024-10-29-\351\230\277\351\207\214\344\272\221\346\234\215\345\212\241\345\231\250\346\220\255\345\273\272v2ray\345\233\236\345\233\275\350\212\202\347\202\271\347\232\204\345\205\267\344\275\223\346\255\245\351\252\244\346\230\257\344\273\200\344\271\210\357\274\237.md"
 create mode 100644 "posts/jiaocheng-shiyong-jiaocheng/2024-10-30-\344\270\272\344\273\200\344\271\210\345\233\275\345\206\205\347\275\221\347\253\231\350\256\277\351\227\256\344\270\215\344\272\206\357\274\237.md"
 create mode 100644 "posts/jiaocheng-shiyong-jiaocheng/2024-10-30-\344\270\272\344\273\200\344\271\210\346\210\221\347\232\204\347\251\277\346\242\255vpn\346\227\240\346\263\225\344\275\277\347\224\250\344\272\206\357\274\237.md"
 create mode 100644 "posts/jiaocheng-shiyong-jiaocheng/2024-10-30-\344\271\246\351\246\231\351\227\250\347\254\254\350\256\272\345\235\233\345\234\250\346\265\267\345\244\226\350\256\277\351\227\256\346\227\266\345\217\257\350\203\275\351\201\207\345\210\260\347\232\204\351\227\256\351\242\230\346\234\211\345\223\252\344\272\233.md"
 create mode 100644 "posts/jiaocheng-shiyong-jiaocheng/2024-10-30-\345\220\257\344\277\241\345\256\235\346\265\267\345\244\226\345\246\202\344\275\225\344\275\277\347\224\250\357\274\237.md"
 create mode 100644 "posts/jiaocheng-shiyong-jiaocheng/2024-10-31-ios\344\270\212\345\205\250\346\260\221k\346\255\214\345\234\260\345\214\272\351\231\220\345\210\266\345\246\202\344\275\225\350\247\243\351\231\244\357\274\237.md"
 create mode 100644 "posts/jiaocheng-shiyong-jiaocheng/2024-10-31-safari\346\265\217\350\247\210\345\231\250\346\227\240\346\263\225\346\211\223\345\274\200\351\241\265\351\235\242\346\200\216\344\271\210\345\212\236\357\274\237.md"
 create mode 100644 "posts/jiaocheng-shiyong-jiaocheng/2024-10-31-\345\205\250\346\260\221k\346\255\214\345\217\260\346\271\276\347\211\210\344\275\277\347\224\250\346\226\271\346\263\225.md"
 create mode 100644 "posts/jiaocheng-shiyong-jiaocheng/2024-10-31-\345\246\202\344\275\225\344\275\277\347\224\250\351\230\277\351\207\214\344\272\221\347\233\230\346\265\267\345\244\226\347\211\210\357\274\237.md"
 create mode 100644 "posts/jiaocheng-shiyong-jiaocheng/2024-10-31-\345\246\202\344\275\225\351\200\211\346\213\251\345\220\210\351\200\202\347\232\204\345\233\275\345\206\205vpn\350\212\202\347\202\271\357\274\237.md"
 create mode 100644 "posts/jiaocheng-shiyong-jiaocheng/2024-10-31-\346\265\267\345\244\226\346\267\230\345\256\235\350\264\255\347\211\251\351\234\200\350\246\201\346\263\250\346\204\217\345\223\252\344\272\233\344\272\213\351\241\271\357\274\237.md"
 create mode 100644 "posts/jiaocheng-shiyong-jiaocheng/2024-11-04-\344\273\212\346\227\245\345\244\264\346\235\241\346\226\260\351\227\273\346\265\267\345\244\226\347\211\210\346\200\216\344\271\210\344\270\213\350\275\275\357\274\237.md"
 create mode 100644 "posts/jiaocheng-shiyong-jiaocheng/2024-11-04-\345\205\250\346\260\221k\346\255\214\345\234\260\345\214\272\346\227\240\346\263\225\346\217\220\344\276\233\346\234\215\345\212\241\347\232\204\345\216\237\345\233\240\345\217\212\350\247\243\345\206\263\345\212\236\346\263\225.md"
 create mode 100644 "posts/jiaocheng-shiyong-jiaocheng/2024-11-04-\345\205\250\346\260\221k\346\255\214\351\246\231\346\270\257\347\211\210\346\200\216\344\271\210\346\223\215\344\275\234\357\274\237.md"
 create mode 100644 "posts/jiaocheng-shiyong-jiaocheng/2024-11-06-chrome\346\265\217\350\247\210\345\231\250\350\277\220\350\241\214\347\274\223\346\205\242\347\232\204\350\247\243\345\206\263\345\212\236\346\263\225\346\234\211\345\223\252\344\272\233\357\274\237.md"
 create mode 100644 "posts/jiaocheng-shiyong-jiaocheng/2024-11-06-\346\265\267\345\244\226\345\215\216\344\272\272\347\275\221\350\256\277\351\227\256\346\214\207\345\215\227\345\214\205\346\213\254\345\223\252\344\272\233\345\206\205\345\256\271\357\274\237.md"
 create mode 100644 "posts/jiaocheng-shiyong-jiaocheng/2024-11-11-\347\231\276\345\272\246\347\275\221\347\233\230\346\265\267\345\244\226\346\263\250\345\206\214\346\265\201\347\250\213\346\230\257\346\200\216\346\240\267\347\232\204\357\274\237.md"
 create mode 100644 "posts/jiaocheng-shiyong-jiaocheng/2024-11-12-\345\233\236\345\233\275\345\212\240\351\200\237\345\231\250\346\216\250\350\215\220\346\234\211\345\223\252\344\272\233\357\274\237.md"
 create mode 100644 "posts/jiaocheng-shiyong-jiaocheng/2024-11-12-\345\246\202\344\275\225\351\200\211\346\213\251\351\200\202\345\220\210\345\233\236\345\233\275\347\232\204vpn\350\212\202\347\202\271\357\274\237.md"
 create mode 100644 "posts/jiaocheng-shiyong-jiaocheng/2024-11-16-\345\233\275\345\244\226\346\227\240\346\263\225\350\256\277\351\227\256\345\233\275\345\206\205\347\275\221\347\253\231\347\232\204\345\216\237\345\233\240\346\230\257\344\273\200\344\271\210\357\274\237.md"
 create mode 100644 "posts/tiyu-tiyu-zhibo/2024-11-04-cctv5\346\265\267\345\244\226\347\233\264\346\222\255\346\272\220\346\200\216\344\271\210\346\237\245\346\211\276\357\274\237.md"
 create mode 100644 "posts/tiyu-tiyu-zhibo/2024-11-18-cctv5-iptv\346\272\220\345\246\202\344\275\225\346\237\245\346\211\276\357\274\237.md"
 create mode 100644 "posts/tiyu-tiyu-zhibo/2024-11-22-cctv5\346\265\267\345\244\226\347\233\264\346\222\255\350\247\202\347\234\213\346\226\271\346\263\225\346\230\257\344\273\200\344\271\210\357\274\237.md"
 create mode 100644 "posts/tiyu-tiyu-zhibo/2024-11-26-cctv5\346\265\267\345\244\226\347\233\264\346\222\255\345\246\202\344\275\225\350\277\233\350\241\214\346\220\234\347\264\242\357\274\237.md"
 create mode 100644 "posts/tiyu-tiyu-zhibo/2024-11-27-cctv5\345\234\250\346\265\267\345\244\226\345\246\202\344\275\225\350\277\233\350\241\214\347\233\264\346\222\255\350\247\202\347\234\213\357\274\237.md"
 create mode 100644 "posts/tiyu-tiyu-zhibo/2024-11-27-\346\265\267\345\244\226cctv5\345\246\202\344\275\225\350\247\202\347\234\213\347\233\264\346\222\255\357\274\237.md"
 create mode 100644 "posts/yingyin-huiguo-yingyin/2024-10-28-\345\246\202\344\275\225\350\256\251\350\205\276\350\256\257\350\247\206\351\242\221\345\234\250\346\265\267\345\244\226\350\247\202\347\234\213\346\227\266\345\212\240\351\200\237\357\274\237.md"
 create mode 100644 "posts/yingyin-huiguo-yingyin/2024-11-25-bilibili\350\247\243\351\231\244\345\214\272\345\237\237\351\231\220\345\210\266\347\232\204\345\205\267\344\275\223\346\255\245\351\252\244\346\230\257\344\273\200\344\271\210\357\274\237.md"
 create mode 100644 "posts/yinyue-yinyue-yinpin/2024-10-30-\345\246\202\344\275\225\344\270\213\350\275\275\347\275\221\346\230\223\344\272\221\351\237\263\344\271\220\346\265\267\345\244\226\347\211\210\357\274\237.md"
 create mode 100644 "posts/yinyue-yinyue-yinpin/2024-11-06-\345\246\202\344\275\225\347\240\264\350\247\243\351\205\267\346\210\221\351\237\263\344\271\220\347\224\265\350\204\221\347\211\210\347\232\204\345\234\260\345\237\237\351\231\220\345\210\266\357\274\237.md"
 create mode 100644 "posts/yinyue-yinyue-yinpin/2024-11-12-\347\275\221\346\230\223\344\272\221\351\237\263\344\271\220\345\217\260\346\271\276\344\275\277\347\224\250\346\226\271\346\263\225.md"
 create mode 100644 "posts/yinyue-yinyue-yinpin/2024-11-16-\346\265\267\345\244\226qq\351\237\263\344\271\220\344\270\272\344\273\200\344\271\210\346\262\241\346\234\211\351\237\263\346\272\220.md"
 create mode 100644 "posts/yinyue-yinyue-yinpin/2024-11-18-\345\246\202\344\275\225\350\247\243\351\231\244iphone\344\270\212qq\351\237\263\344\271\220\347\232\204\346\265\267\345\244\226\351\231\220\345\210\266\357\274\237.md"
 create mode 100644 "posts/yinyue-yinyue-yinpin/2024-11-22-\345\246\202\344\275\225\345\234\250\346\265\267\345\244\226\344\275\277\347\224\250\347\275\221\346\230\223\344\272\221\351\237\263\344\271\220\357\274\237.md"
 create mode 100644 "posts/yinyue-yinyue-yinpin/2024-11-27-\347\275\221\346\230\223\344\272\221\351\237\263\344\271\220\346\222\255\346\224\276\351\231\220\345\210\266\345\246\202\344\275\225\350\247\243\351\231\244.md"
 create mode 100644 "posts/youxi-huiguo-youxi/2024-11-12-\345\233\275\345\244\226\347\216\251\345\233\275\345\206\205\346\270\270\346\210\217\345\212\240\351\200\237\345\231\250\346\216\250\350\215\220.md"
To https://github.com/huiguojiasuqi/huiguojiasuqi.git
   29f67a1..9169b60  main -> main
[2026-09-10 18:15:28] batch start=1530 n=50
  2443 -> posts/jiaocheng-shiyong-jiaocheng/2024-10-24-如何设置国内的dns？.md (22667 chars)
  2442 -> posts/jiaocheng-shiyong-jiaocheng/2024-10-24-clash回国节点配置指南包含哪些内容？.md (24365 chars)
  2440 -> posts/bangong-bangong-baokao/2024-10-24-交管12123官网有哪些主要功能？.md (21887 chars)
  2428 -> posts/jiaocheng-shiyong-jiaocheng/2024-10-24-夸克网盘使用过程中遇到的问题有哪些？.md (24567 chars)
  2429 -> posts/jiaocheng-shiyong-jiaocheng/2024-10-24-如何创建一个自建回国节点的教程.md (23992 chars)
  2430 -> posts/jiaocheng-shiyong-jiaocheng/2024-10-24-如何自建回国vpn服务器的步骤详细解答.md (23269 chars)
  2431 -> posts/jiaocheng-shiyong-jiaocheng/2024-10-24-阿里云回国vpn搭建步骤详解.md (21056 chars)
  2432 -> posts/jiaocheng-shiyong-jiaocheng/2024-10-24-kook语音网页版海外使用遇到的问题及解决办法.md (23056 chars)
  2433 -> posts/yinyue-yinyue-yinpin/2024-10-24-喜马拉雅的下载方式和内容有哪些？.md (21093 chars)
  2398 -> posts/yingyin-huiguo-yingyin/2024-10-23-在国外如何观看泥巴视频？.md (8337 chars)
  2399 -> posts/jiaocheng-shiyong-jiaocheng/2024-10-23-在国外如何观看国内电视剧？.md (10829 chars)
  2400 -> posts/jiaocheng-shiyong-jiaocheng/2024-10-23-在国外如何更改手机ip以访问国内网站？.md (18876 chars)
  2415 -> posts/yingyin-huiguo-yingyin/2024-10-23-樱花视频海外版下载方法及使用教程.md (11641 chars)
  2416 -> posts/yingyin-huiguo-yingyin/2024-10-23-bilibili港澳台解除区域限制ios版具体操作步骤.md (9429 chars)
  2417 -> posts/yingyin-huiguo-yingyin/2024-10-23-bilibili海外版使用方法介绍.md (12875 chars)
  2414 -> posts/yingyin-huiguo-yingyin/2024-10-23-优酷地区限制破解方法有哪些？.md (10119 chars)
  2405 -> posts/youxi-huiguo-youxi/2024-10-22-国外玩原神怎么加速.md (16357 chars)
  2406 -> posts/youxi-huiguo-youxi/2024-10-22-原神国服在海外的访问方式及游戏攻略.md (18023 chars)
  2407 -> posts/yingyin-huiguo-yingyin/2024-10-22-优酷地域限制如何突破？.md (13618 chars)
  2401 -> posts/jiaocheng-shiyong-jiaocheng/2024-10-19-在国外如何方便地观看电视剧？.md (10722 chars)
  2402 -> posts/yingyin-huiguo-yingyin/2024-10-18-在国外看电影最合适的app推荐.md (7017 chars)
  2396 -> posts/jiaocheng-shiyong-jiaocheng/2024-10-16-在国外如何设置dns服务器？.md (15745 chars)
  2383 -> posts/yingyin-huiguo-yingyin/2024-10-16-在海外观看《三大队》电影的方法有哪些？.md (8337 chars)
  2384 -> posts/jiaocheng-shiyong-jiaocheng/2024-10-16-在国外如何阅读番茄小说？.md (8854 chars)
  2385 -> posts/yinyue-yinyue-yinpin/2024-10-16-在国外如何下载抖音音乐？.md (9509 chars)
  2386 -> posts/jiaocheng-shiyong-jiaocheng/2024-10-16-app-store无法连接海外解决方案有哪些？.md (12575 chars)
  2387 -> posts/bangong-bangong-baokao/2024-10-16-在国外如何使用交管12123-app？.md (7764 chars)
  2388 -> posts/bangong-bangong-baokao/2024-10-16-在国外如何使用12123交警服务平台？.md (8507 chars)
  2382 -> posts/tiyu-tiyu-zhibo/2024-10-16-在海外观看奥运会直播的方法有哪些？.md (10622 chars)
  2328 -> posts/duanju-duanju-zhibo/2024-10-15-2024年欧洲杯海外直播平台有哪些？.md (634 chars)
  2373 -> posts/tiyu-tiyu-zhibo/2024-10-15-在海外如何收看cctv5的体育直播？.md (7833 chars)
  2374 -> posts/yingyin-huiguo-yingyin/2024-10-15-在海外如何使用央视频？.md (12286 chars)
  2375 -> posts/jiaocheng-shiyong-jiaocheng/2024-10-15-在海外如何使用香港yy？.md (11902 chars)
  2376 -> posts/jiaocheng-shiyong-jiaocheng/2024-10-15-在海外如何使用论文下载网？.md (12252 chars)
  2372 -> posts/tiyu-tiyu-zhibo/2024-10-15-在海外如何收看cctv5的直播？.md (15017 chars)
  2360 -> posts/jiaocheng-shiyong-jiaocheng/2024-10-06-在海外如何在线观看《云之羽》.md (4829 chars)
  2359 -> posts/yingyin-huiguo-yingyin/2024-10-06-在海外如何在线观看电影《乌云之上》？.md (9762 chars)
  2361 -> posts/yinyue-yinyue-yinpin/2024-10-06-在海外如何下载喜马拉雅.md (8669 chars)
  2327 -> posts/jiaocheng-shiyong-jiaocheng/2024-10-04-403-forbidden错误是什么以及如何解决.md (12239 chars)
  2325 -> posts/jiaocheng-shiyong-jiaocheng/2024-10-04-3服务异常请稍后再试9803故障原因及解决方法.md (13391 chars)
  2326 -> posts/jiaocheng-shiyong-jiaocheng/2024-10-04-69书吧为什么在海外无法访问.md (4266 chars)
  2329 -> posts/bangong-bangong-baokao/2024-10-04-12123服务异常处理方法是什么？.md (10271 chars)
  2330 -> posts/tiyu-tiyu-zhibo/2024-10-03-在海外怎么才能看到cctv5体育频道的网络直播？.md (7573 chars)
  2331 -> posts/yinyue-yinyue-yinpin/2024-10-03-在海外使用喜马拉雅听书的方法.md (11385 chars)
  2332 -> posts/jiaocheng-shiyong-jiaocheng/2024-10-03-在海外使用曲奇云盘的方法是什么？.md (6165 chars)
  2299 -> posts/jiaocheng-shiyong-jiaocheng/2024-10-02-《大江大河3》在哪里可以在线观看？.md (4359 chars)
  2300 -> posts/jiaocheng-shiyong-jiaocheng/2024-10-02-《画江湖之不良人》第六季在哪里可以观看？.md (5217 chars)
  2301 -> posts/jiaocheng-shiyong-jiaocheng/2024-10-02-《莲花楼》在线观看的方法有哪些？.md (7496 chars)
  2303 -> posts/jiaocheng-shiyong-jiaocheng/2024-10-02-《唐朝诡事录2》在哪里可以观看？.md (11909 chars)
  2302 -> posts/jiaocheng-shiyong-jiaocheng/2024-10-02-《三大队》电视剧在线观看平台.md (4173 chars)
done: ok=50 fail=0
[main bc25181] publish: posts batch start=1530 n=50 (total 1580)
 50 files changed, 13744 insertions(+)
 create mode 100644 "posts/bangong-bangong-baokao/2024-10-04-12123\346\234\215\345\212\241\345\274\202\345\270\270\345\244\204\347\220\206\346\226\271\346\263\225\346\230\257\344\273\200\344\271\210\357\274\237.md"
 create mode 100644 "posts/bangong-bangong-baokao/2024-10-16-\345\234\250\345\233\275\345\244\226\345\246\202\344\275\225\344\275\277\347\224\25012123\344\272\244\350\255\246\346\234\215\345\212\241\345\271\263\345\217\260\357\274\237.md"
 create mode 100644 "posts/bangong-bangong-baokao/2024-10-16-\345\234\250\345\233\275\345\244\226\345\246\202\344\275\225\344\275\277\347\224\250\344\272\244\347\256\24112123-app\357\274\237.md"
 create mode 100644 "posts/bangong-bangong-baokao/2024-10-24-\344\272\244\347\256\24112123\345\256\230\347\275\221\346\234\211\345\223\252\344\272\233\344\270\273\350\246\201\345\212\237\350\203\275\357\274\237.md"
 create mode 100644 "posts/duanju-duanju-zhibo/2024-10-15-2024\345\271\264\346\254\247\346\264\262\346\235\257\346\265\267\345\244\226\347\233\264\346\222\255\345\271\263\345\217\260\346\234\211\345\223\252\344\272\233\357\274\237.md"
 create mode 100644 "posts/jiaocheng-shiyong-jiaocheng/2024-10-02-\343\200\212\344\270\211\345\244\247\351\230\237\343\200\213\347\224\265\350\247\206\345\211\247\345\234\250\347\272\277\350\247\202\347\234\213\345\271\263\345\217\260.md"
 create mode 100644 "posts/jiaocheng-shiyong-jiaocheng/2024-10-02-\343\200\212\345\224\220\346\234\235\350\257\241\344\272\213\345\275\2252\343\200\213\345\234\250\345\223\252\351\207\214\345\217\257\344\273\245\350\247\202\347\234\213\357\274\237.md"
 create mode 100644 "posts/jiaocheng-shiyong-jiaocheng/2024-10-02-\343\200\212\345\244\247\346\261\237\345\244\247\346\262\2633\343\200\213\345\234\250\345\223\252\351\207\214\345\217\257\344\273\245\345\234\250\347\272\277\350\247\202\347\234\213\357\274\237.md"
 create mode 100644 "posts/jiaocheng-shiyong-jiaocheng/2024-10-02-\343\200\212\347\224\273\346\261\237\346\271\226\344\271\213\344\270\215\350\211\257\344\272\272\343\200\213\347\254\254\345\205\255\345\255\243\345\234\250\345\223\252\351\207\214\345\217\257\344\273\245\350\247\202\347\234\213\357\274\237.md"
 create mode 100644 "posts/jiaocheng-shiyong-jiaocheng/2024-10-02-\343\200\212\350\216\262\350\212\261\346\245\274\343\200\213\345\234\250\347\272\277\350\247\202\347\234\213\347\232\204\346\226\271\346\263\225\346\234\211\345\223\252\344\272\233\357\274\237.md"
 create mode 100644 "posts/jiaocheng-shiyong-jiaocheng/2024-10-03-\345\234\250\346\265\267\345\244\226\344\275\277\347\224\250\346\233\262\345\245\207\344\272\221\347\233\230\347\232\204\346\226\271\346\263\225\346\230\257\344\273\200\344\271\210\357\274\237.md"
 create mode 100644 "posts/jiaocheng-shiyong-jiaocheng/2024-10-04-3\346\234\215\345\212\241\345\274\202\345\270\270\350\257\267\347\250\215\345\220\216\345\206\215\350\257\2259803\346\225\205\351\232\234\345\216\237\345\233\240\345\217\212\350\247\243\345\206\263\346\226\271\346\263\225.md"
 create mode 100644 "posts/jiaocheng-shiyong-jiaocheng/2024-10-04-403-forbidden\351\224\231\350\257\257\346\230\257\344\273\200\344\271\210\344\273\245\345\217\212\345\246\202\344\275\225\350\247\243\345\206\263.md"
 create mode 100644 "posts/jiaocheng-shiyong-jiaocheng/2024-10-04-69\344\271\246\345\220\247\344\270\272\344\273\200\344\271\210\345\234\250\346\265\267\345\244\226\346\227\240\346\263\225\350\256\277\351\227\256.md"
 create mode 100644 "posts/jiaocheng-shiyong-jiaocheng/2024-10-06-\345\234\250\346\265\267\345\244\226\345\246\202\344\275\225\345\234\250\347\272\277\350\247\202\347\234\213\343\200\212\344\272\221\344\271\213\347\276\275\343\200\213.md"
 create mode 100644 "posts/jiaocheng-shiyong-jiaocheng/2024-10-15-\345\234\250\346\265\267\345\244\226\345\246\202\344\275\225\344\275\277\347\224\250\350\256\272\346\226\207\344\270\213\350\275\275\347\275\221\357\274\237.md"
 create mode 100644 "posts/jiaocheng-shiyong-jiaocheng/2024-10-15-\345\234\250\346\265\267\345\244\226\345\246\202\344\275\225\344\275\277\347\224\250\351\246\231\346\270\257yy\357\274\237.md"
 create mode 100644 "posts/jiaocheng-shiyong-jiaocheng/2024-10-16-app-store\346\227\240\346\263\225\350\277\236\346\216\245\346\265\267\345\244\226\350\247\243\345\206\263\346\226\271\346\241\210\346\234\211\345\223\252\344\272\233\357\274\237.md"
 create mode 100644 "posts/jiaocheng-shiyong-jiaocheng/2024-10-16-\345\234\250\345\233\275\345\244\226\345\246\202\344\275\225\350\256\276\347\275\256dns\346\234\215\345\212\241\345\231\250\357\274\237.md"
 create mode 100644 "posts/jiaocheng-shiyong-jiaocheng/2024-10-16-\345\234\250\345\233\275\345\244\226\345\246\202\344\275\225\351\230\205\350\257\273\347\225\252\350\214\204\345\260\217\350\257\264\357\274\237.md"
 create mode 100644 "posts/jiaocheng-shiyong-jiaocheng/2024-10-19-\345\234\250\345\233\275\345\244\226\345\246\202\344\275\225\346\226\271\344\276\277\345\234\260\350\247\202\347\234\213\347\224\265\350\247\206\345\211\247\357\274\237.md"
 create mode 100644 "posts/jiaocheng-shiyong-jiaocheng/2024-10-23-\345\234\250\345\233\275\345\244\226\345\246\202\344\275\225\346\233\264\346\224\271\346\211\213\346\234\272ip\344\273\245\350\256\277\351\227\256\345\233\275\345\206\205\347\275\221\347\253\231\357\274\237.md"
 create mode 100644 "posts/jiaocheng-shiyong-jiaocheng/2024-10-23-\345\234\250\345\233\275\345\244\226\345\246\202\344\275\225\350\247\202\347\234\213\345\233\275\345\206\205\347\224\265\350\247\206\345\211\247\357\274\237.md"
 create mode 100644 "posts/jiaocheng-shiyong-jiaocheng/2024-10-24-clash\345\233\236\345\233\275\350\212\202\347\202\271\351\205\215\347\275\256\346\214\207\345\215\227\345\214\205\345\220\253\345\223\252\344\272\233\345\206\205\345\256\271\357\274\237.md"
 create mode 100644 "posts/jiaocheng-shiyong-jiaocheng/2024-10-24-kook\350\257\255\351\237\263\347\275\221\351\241\265\347\211\210\346\265\267\345\244\226\344\275\277\347\224\250\351\201\207\345\210\260\347\232\204\351\227\256\351\242\230\345\217\212\350\247\243\345\206\263\345\212\236\346\263\225.md"
 create mode 100644 "posts/jiaocheng-shiyong-jiaocheng/2024-10-24-\345\244\270\345\205\213\347\275\221\347\233\230\344\275\277\347\224\250\350\277\207\347\250\213\344\270\255\351\201\207\345\210\260\347\232\204\351\227\256\351\242\230\346\234\211\345\223\252\344\272\233\357\274\237.md"
 create mode 100644 "posts/jiaocheng-shiyong-jiaocheng/2024-10-24-\345\246\202\344\275\225\345\210\233\345\273\272\344\270\200\344\270\252\350\207\252\345\273\272\345\233\236\345\233\275\350\212\202\347\202\271\347\232\204\346\225\231\347\250\213.md"
 create mode 100644 "posts/jiaocheng-shiyong-jiaocheng/2024-10-24-\345\246\202\344\275\225\350\207\252\345\273\272\345\233\236\345\233\275vpn\346\234\215\345\212\241\345\231\250\347\232\204\346\255\245\351\252\244\350\257\246\347\273\206\350\247\243\347\255\224.md"
 create mode 100644 "posts/jiaocheng-shiyong-jiaocheng/2024-10-24-\345\246\202\344\275\225\350\256\276\347\275\256\345\233\275\345\206\205\347\232\204dns\357\274\237.md"
 create mode 100644 "posts/jiaocheng-shiyong-jiaocheng/2024-10-24-\351\230\277\351\207\214\344\272\221\345\233\236\345\233\275vpn\346\220\255\345\273\272\346\255\245\351\252\244\350\257\246\350\247\243.md"
 create mode 100644 "posts/tiyu-tiyu-zhibo/2024-10-03-\345\234\250\346\265\267\345\244\226\346\200\216\344\271\210\346\211\215\350\203\275\347\234\213\345\210\260cctv5\344\275\223\350\202\262\351\242\221\351\201\223\347\232\204\347\275\221\347\273\234\347\233\264\346\222\255\357\274\237.md"
 create mode 100644 "posts/tiyu-tiyu-zhibo/2024-10-15-\345\234\250\346\265\267\345\244\226\345\246\202\344\275\225\346\224\266\347\234\213cctv5\347\232\204\344\275\223\350\202\262\347\233\264\346\222\255\357\274\237.md"
 create mode 100644 "posts/tiyu-tiyu-zhibo/2024-10-15-\345\234\250\346\265\267\345\244\226\345\246\202\344\275\225\346\224\266\347\234\213cctv5\347\232\204\347\233\264\346\222\255\357\274\237.md"
 create mode 100644 "posts/tiyu-tiyu-zhibo/2024-10-16-\345\234\250\346\265\267\345\244\226\350\247\202\347\234\213\345\245\245\350\277\220\344\274\232\347\233\264\346\222\255\347\232\204\346\226\271\346\263\225\346\234\211\345\223\252\344\272\233\357\274\237.md"
 create mode 100644 "posts/yingyin-huiguo-yingyin/2024-10-06-\345\234\250\346\265\267\345\244\226\345\246\202\344\275\225\345\234\250\347\272\277\350\247\202\347\234\213\347\224\265\345\275\261\343\200\212\344\271\214\344\272\221\344\271\213\344\270\212\343\200\213\357\274\237.md"
 create mode 100644 "posts/yingyin-huiguo-yingyin/2024-10-15-\345\234\250\346\265\267\345\244\226\345\246\202\344\275\225\344\275\277\347\224\250\345\244\256\350\247\206\351\242\221\357\274\237.md"
 create mode 100644 "posts/yingyin-huiguo-yingyin/2024-10-16-\345\234\250\346\265\267\345\244\226\350\247\202\347\234\213\343\200\212\344\270\211\345\244\247\351\230\237\343\200\213\347\224\265\345\275\261\347\232\204\346\226\271\346\263\225\346\234\211\345\223\252\344\272\233\357\274\237.md"
 create mode 100644 "posts/yingyin-huiguo-yingyin/2024-10-18-\345\234\250\345\233\275\345\244\226\347\234\213\347\224\265\345\275\261\346\234\200\345\220\210\351\200\202\347\232\204app\346\216\250\350\215\220.md"
 create mode 100644 "posts/yingyin-huiguo-yingyin/2024-10-22-\344\274\230\351\205\267\345\234\260\345\237\237\351\231\220\345\210\266\345\246\202\344\275\225\347\252\201\347\240\264\357\274\237.md"
 create mode 100644 "posts/yingyin-huiguo-yingyin/2024-10-23-bilibili\346\265\267\345\244\226\347\211\210\344\275\277\347\224\250\346\226\271\346\263\225\344\273\213\347\273\215.md"
 create mode 100644 "posts/yingyin-huiguo-yingyin/2024-10-23-bilibili\346\270\257\346\276\263\345\217\260\350\247\243\351\231\244\345\214\272\345\237\237\351\231\220\345\210\266ios\347\211\210\345\205\267\344\275\223\346\223\215\344\275\234\346\255\245\351\252\244.md"
 create mode 100644 "posts/yingyin-huiguo-yingyin/2024-10-23-\344\274\230\351\205\267\345\234\260\345\214\272\351\231\220\345\210\266\347\240\264\350\247\243\346\226\271\346\263\225\346\234\211\345\223\252\344\272\233\357\274\237.md"
 create mode 100644 "posts/yingyin-huiguo-yingyin/2024-10-23-\345\234\250\345\233\275\345\244\226\345\246\202\344\275\225\350\247\202\347\234\213\346\263\245\345\267\264\350\247\206\351\242\221\357\274\237.md"
 create mode 100644 "posts/yingyin-huiguo-yingyin/2024-10-23-\346\250\261\350\212\261\350\247\206\351\242\221\346\265\267\345\244\226\347\211\210\344\270\213\350\275\275\346\226\271\346\263\225\345\217\212\344\275\277\347\224\250\346\225\231\347\250\213.md"
 create mode 100644 "posts/yinyue-yinyue-yinpin/2024-10-03-\345\234\250\346\265\267\345\244\226\344\275\277\347\224\250\345\226\234\351\251\254\346\213\211\351\233\205\345\220\254\344\271\246\347\232\204\346\226\271\346\263\225.md"
 create mode 100644 "posts/yinyue-yinyue-yinpin/2024-10-06-\345\234\250\346\265\267\345\244\226\345\246\202\344\275\225\344\270\213\350\275\275\345\226\234\351\251\254\346\213\211\351\233\205.md"
 create mode 100644 "posts/yinyue-yinyue-yinpin/2024-10-16-\345\234\250\345\233\275\345\244\226\345\246\202\344\275\225\344\270\213\350\275\275\346\212\226\351\237\263\351\237\263\344\271\220\357\274\237.md"
 create mode 100644 "posts/yinyue-yinyue-yinpin/2024-10-24-\345\226\234\351\251\254\346\213\211\351\233\205\347\232\204\344\270\213\350\275\275\346\226\271\345\274\217\345\222\214\345\206\205\345\256\271\346\234\211\345\223\252\344\272\233\357\274\237.md"
 create mode 100644 "posts/youxi-huiguo-youxi/2024-10-22-\345\216\237\347\245\236\345\233\275\346\234\215\345\234\250\346\265\267\345\244\226\347\232\204\350\256\277\351\227\256\346\226\271\345\274\217\345\217\212\346\270\270\346\210\217\346\224\273\347\225\245.md"
 create mode 100644 "posts/youxi-huiguo-youxi/2024-10-22-\345\233\275\345\244\226\347\216\251\345\216\237\347\245\236\346\200\216\344\271\210\345\212\240\351\200\237.md"
To https://github.com/huiguojiasuqi/huiguojiasuqi.git
   9169b60..bc25181  main -> main
[2026-09-10 18:15:55] batch start=1580 n=50
  2304 -> posts/jiaocheng-shiyong-jiaocheng/2024-10-02-《西出玉门》在线观看方法.md (9449 chars)
  2298 -> posts/jiaocheng-shiyong-jiaocheng/2024-10-02-《保护我方城主大人》在海外观看的具体方法是什.md (5175 chars)
  2268 -> posts/tiyu-tiyu-zhibo/2024-10-01-在香港如何观看cctv5的直播？.md (11203 chars)
  2269 -> posts/jiaocheng-shiyong-jiaocheng/2024-10-01-在线玩掼蛋的方法有哪些？.md (11753 chars)
  2270 -> posts/jiaocheng-shiyong-jiaocheng/2024-10-01-在线观看欧洲杯的方法有哪些？.md (4776 chars)
  2273 -> posts/yinyue-yinyue-yinpin/2024-10-01-在台湾使用喜马拉雅fm的步骤和方法.md (14812 chars)
  2271 -> posts/jiaocheng-shiyong-jiaocheng/2024-10-01-在线观看《以爱为营》的方法有哪些？.md (10199 chars)
  2272 -> posts/jiaocheng-shiyong-jiaocheng/2024-10-01-在线观看《惜花芷》的途径有哪些？.md (9554 chars)
  2274 -> posts/yingyin-huiguo-yingyin/2024-10-01-在日本如何观看樱花视频？.md (9186 chars)
  2267 -> posts/youxi-huiguo-youxi/2024-09-30-战舰世界亚服海外玩家如何进行游戏.md (10826 chars)
  2276 -> posts/jiaocheng-shiyong-jiaocheng/2024-09-30-在美国如何使用淘宝购物.md (13937 chars)
  2266 -> posts/duanju-duanju-zhibo/2024-09-30-直播伴侣海外版如何使用？.md (13545 chars)
  2265 -> posts/jiaocheng-shiyong-jiaocheng/2024-09-30-中国地区vpn节点推荐如何选择？.md (10317 chars)
  2264 -> posts/jiaocheng-shiyong-jiaocheng/2024-09-30-中国节点的vpn有哪些推荐.md (10740 chars)
  2262 -> posts/jiaocheng-shiyong-jiaocheng/2024-09-29-中央五套在海外如何收看？.md (4990 chars)
  2254 -> posts/jiaocheng-shiyong-jiaocheng/2024-09-29-自建回国vpn服务器的安全性如何评估.md (17408 chars)
  2256 -> posts/duanju-duanju-zhibo/2024-09-29-抓饭直播海外版无法打开的原因是什么？.md (14854 chars)
  2257 -> posts/jiaocheng-shiyong-jiaocheng/2024-09-29-抓饭网的海外用户访问技巧有哪些？.md (9975 chars)
  2255 -> posts/jiaocheng-shiyong-jiaocheng/2024-09-29-自己搭建回国vpn的安全性如何评估？.md (8743 chars)
  2238 -> posts/jiaocheng-shiyong-jiaocheng/2024-09-27-海外使用k歌软件推荐.md (10922 chars)
  2239 -> posts/yinyue-yinyue-yinpin/2024-09-27-海外使用qq音乐的方法是什么？.md (7344 chars)
  2240 -> posts/jiaocheng-shiyong-jiaocheng/2024-09-27-回国机场如何使用vpn？.md (6598 chars)
  2241 -> posts/jiaocheng-shiyong-jiaocheng/2024-09-27-回国节点github资源有哪些？.md (15924 chars)
  2242 -> posts/jiaocheng-shiyong-jiaocheng/2024-09-27-如何翻墙回国？.md (8361 chars)
  2209 -> posts/tiyu-tiyu-zhibo/2024-09-26-cctv5海外直播怎么观看？.md (10711 chars)
  2210 -> posts/jiaocheng-shiyong-jiaocheng/2024-09-26-wetvvpn是什么功能？.md (11983 chars)
  2211 -> posts/jiaocheng-shiyong-jiaocheng/2024-09-26-地区限制如何被突破.md (14132 chars)
  2212 -> posts/jiaocheng-shiyong-jiaocheng/2024-09-26-翻墙后国内网站无法访问的原因是什么？.md (5436 chars)
  2208 -> posts/yingyin-huiguo-yingyin/2024-09-26-bilibili地区限制如何解除？.md (21934 chars)
  2185 -> posts/jiaocheng-shiyong-jiaocheng/2024-09-25-回国节点搭建教程有哪些？.md (12746 chars)
  2186 -> posts/jiaocheng-shiyong-jiaocheng/2024-09-25-回国时在机场如何选择合适的vpn服务？.md (8687 chars)
  2187 -> posts/yinyue-yinyue-yinpin/2024-09-25-酷我音乐破解地区限制的方法有哪些？.md (16693 chars)
  2188 -> posts/jiaocheng-shiyong-jiaocheng/2024-09-25-如何搭建回国vpn？搭建回国vpn需要哪些步骤？.md (9985 chars)
  2184 -> posts/jiaocheng-shiyong-jiaocheng/2024-09-25-回国机场节点哪家机场的服务质量好？-2.md (9337 chars)
  2170 -> posts/bangong-bangong-baokao/2024-09-24-国外用户如何访问12123网站？.md (10529 chars)
  2171 -> posts/jiaocheng-shiyong-jiaocheng/2024-09-24-海外党翻墙回国的方法有哪些？.md (20564 chars)
  2172 -> posts/jiaocheng-shiyong-jiaocheng/2024-09-24-海外党选择翻墙回国机场的原因是什么？.md (13279 chars)
  2173 -> posts/jiaocheng-shiyong-jiaocheng/2024-09-24-回国机场节点哪家机场的服务质量好？.md (9385 chars)
  2169 -> posts/jiaocheng-shiyong-jiaocheng/2024-09-24-国内网站无法访问的原因及解决办法.md (18813 chars)
  2165 -> posts/yingyin-huiguo-yingyin/2024-09-23-【迪拜微信地区限制】如何解决迪拜网络限制导致.md (5952 chars)
  2156 -> posts/jiaocheng-shiyong-jiaocheng/2024-09-20-【韓劇tv地區限制】如何突破韓劇tv-app的地區限制，輕.md (4203 chars)
  2148 -> posts/jiaocheng-shiyong-jiaocheng/2024-09-19-【優酷台灣不能看】了解優酷播放受限的原因與解.md (4406 chars)
  2142 -> posts/yingyin-huiguo-yingyin/2024-09-18-国外无法观看腾讯视频？有效解决方案指南.md (4631 chars)
  2135 -> posts/yingyin-huiguo-yingyin/2024-09-13-如何在海外顺利观看咪咕视频？有效解决方法推荐.md (5569 chars)
  2123 -> posts/jiaocheng-shiyong-jiaocheng/2024-09-12-如何解决在国外使用粤省事app时显示网络问题查询.md (1631 chars)
  2122 -> posts/jiaocheng-shiyong-jiaocheng/2024-09-12-台灣地區如何使用騰訊服務：功能限制與解決方案.md (3534 chars)
  2117 -> posts/yingyin-huiguo-yingyin/2024-09-12-海外微信没有视频号的原因及解决方法.md (4281 chars)
  2111 -> posts/bangong-bangong-baokao/2024-09-11-如何解决海外微信微信小程序加载失败和广告无法.md (5058 chars)
  2101 -> posts/jiaocheng-shiyong-jiaocheng/2024-09-11-菲律宾如何使用加速器模拟国内网络访问-2.md (3941 chars)
  2106 -> posts/jiaocheng-shiyong-jiaocheng/2024-09-10-如何解决国外听荔枝变慢和卡顿的问题.md (3332 chars)
done: ok=50 fail=0
[main 1017088] publish: posts batch start=1580 n=50 (total 1630)
 50 files changed, 10709 insertions(+)
 create mode 100644 "posts/bangong-bangong-baokao/2024-09-11-\345\246\202\344\275\225\350\247\243\345\206\263\346\265\267\345\244\226\345\276\256\344\277\241\345\276\256\344\277\241\345\260\217\347\250\213\345\272\217\345\212\240\350\275\275\345\244\261\350\264\245\345\222\214\345\271\277\345\221\212\346\227\240\346\263\225.md"
 create mode 100644 "posts/bangong-bangong-baokao/2024-09-24-\345\233\275\345\244\226\347\224\250\346\210\267\345\246\202\344\275\225\350\256\277\351\227\25612123\347\275\221\347\253\231\357\274\237.md"
 create mode 100644 "posts/duanju-duanju-zhibo/2024-09-29-\346\212\223\351\245\255\347\233\264\346\222\255\346\265\267\345\244\226\347\211\210\346\227\240\346\263\225\346\211\223\345\274\200\347\232\204\345\216\237\345\233\240\346\230\257\344\273\200\344\271\210\357\274\237.md"
 create mode 100644 "posts/duanju-duanju-zhibo/2024-09-30-\347\233\264\346\222\255\344\274\264\344\276\243\346\265\267\345\244\226\347\211\210\345\246\202\344\275\225\344\275\277\347\224\250\357\274\237.md"
 create mode 100644 "posts/jiaocheng-shiyong-jiaocheng/2024-09-10-\345\246\202\344\275\225\350\247\243\345\206\263\345\233\275\345\244\226\345\220\254\350\215\224\346\236\235\345\217\230\346\205\242\345\222\214\345\215\241\351\241\277\347\232\204\351\227\256\351\242\230.md"
 create mode 100644 "posts/jiaocheng-shiyong-jiaocheng/2024-09-11-\350\217\262\345\276\213\345\256\276\345\246\202\344\275\225\344\275\277\347\224\250\345\212\240\351\200\237\345\231\250\346\250\241\346\213\237\345\233\275\345\206\205\347\275\221\347\273\234\350\256\277\351\227\256-2.md"
 create mode 100644 "posts/jiaocheng-shiyong-jiaocheng/2024-09-12-\345\217\260\347\201\243\345\234\260\345\215\200\345\246\202\344\275\225\344\275\277\347\224\250\351\250\260\350\250\212\346\234\215\345\213\231\357\274\232\345\212\237\350\203\275\351\231\220\345\210\266\350\210\207\350\247\243\346\261\272\346\226\271\346\241\210.md"
 create mode 100644 "posts/jiaocheng-shiyong-jiaocheng/2024-09-12-\345\246\202\344\275\225\350\247\243\345\206\263\345\234\250\345\233\275\345\244\226\344\275\277\347\224\250\347\262\244\347\234\201\344\272\213app\346\227\266\346\230\276\347\244\272\347\275\221\347\273\234\351\227\256\351\242\230\346\237\245\350\257\242.md"
 create mode 100644 "posts/jiaocheng-shiyong-jiaocheng/2024-09-19-\343\200\220\345\204\252\351\205\267\345\217\260\347\201\243\344\270\215\350\203\275\347\234\213\343\200\221\344\272\206\350\247\243\345\204\252\351\205\267\346\222\255\346\224\276\345\217\227\351\231\220\347\232\204\345\216\237\345\233\240\350\210\207\350\247\243.md"
 create mode 100644 "posts/jiaocheng-shiyong-jiaocheng/2024-09-20-\343\200\220\351\237\223\345\212\207tv\345\234\260\345\215\200\351\231\220\345\210\266\343\200\221\345\246\202\344\275\225\347\252\201\347\240\264\351\237\223\345\212\207tv-app\347\232\204\345\234\260\345\215\200\351\231\220\345\210\266\357\274\214\350\274\225.md"
 create mode 100644 "posts/jiaocheng-shiyong-jiaocheng/2024-09-24-\345\233\236\345\233\275\346\234\272\345\234\272\350\212\202\347\202\271\345\223\252\345\256\266\346\234\272\345\234\272\347\232\204\346\234\215\345\212\241\350\264\250\351\207\217\345\245\275\357\274\237.md"
 create mode 100644 "posts/jiaocheng-shiyong-jiaocheng/2024-09-24-\345\233\275\345\206\205\347\275\221\347\253\231\346\227\240\346\263\225\350\256\277\351\227\256\347\232\204\345\216\237\345\233\240\345\217\212\350\247\243\345\206\263\345\212\236\346\263\225.md"
 create mode 100644 "posts/jiaocheng-shiyong-jiaocheng/2024-09-24-\346\265\267\345\244\226\345\205\232\347\277\273\345\242\231\345\233\236\345\233\275\347\232\204\346\226\271\346\263\225\346\234\211\345\223\252\344\272\233\357\274\237.md"
 create mode 100644 "posts/jiaocheng-shiyong-jiaocheng/2024-09-24-\346\265\267\345\244\226\345\205\232\351\200\211\346\213\251\347\277\273\345\242\231\345\233\236\345\233\275\346\234\272\345\234\272\347\232\204\345\216\237\345\233\240\346\230\257\344\273\200\344\271\210\357\274\237.md"
 create mode 100644 "posts/jiaocheng-shiyong-jiaocheng/2024-09-25-\345\233\236\345\233\275\346\227\266\345\234\250\346\234\272\345\234\272\345\246\202\344\275\225\351\200\211\346\213\251\345\220\210\351\200\202\347\232\204vpn\346\234\215\345\212\241\357\274\237.md"
 create mode 100644 "posts/jiaocheng-shiyong-jiaocheng/2024-09-25-\345\233\236\345\233\275\346\234\272\345\234\272\350\212\202\347\202\271\345\223\252\345\256\266\346\234\272\345\234\272\347\232\204\346\234\215\345\212\241\350\264\250\351\207\217\345\245\275\357\274\237-2.md"
 create mode 100644 "posts/jiaocheng-shiyong-jiaocheng/2024-09-25-\345\233\236\345\233\275\350\212\202\347\202\271\346\220\255\345\273\272\346\225\231\347\250\213\346\234\211\345\223\252\344\272\233\357\274\237.md"
 create mode 100644 "posts/jiaocheng-shiyong-jiaocheng/2024-09-25-\345\246\202\344\275\225\346\220\255\345\273\272\345\233\236\345\233\275vpn\357\274\237\346\220\255\345\273\272\345\233\236\345\233\275vpn\351\234\200\350\246\201\345\223\252\344\272\233\346\255\245\351\252\244\357\274\237.md"
 create mode 100644 "posts/jiaocheng-shiyong-jiaocheng/2024-09-26-wetvvpn\346\230\257\344\273\200\344\271\210\345\212\237\350\203\275\357\274\237.md"
 create mode 100644 "posts/jiaocheng-shiyong-jiaocheng/2024-09-26-\345\234\260\345\214\272\351\231\220\345\210\266\345\246\202\344\275\225\350\242\253\347\252\201\347\240\264.md"
 create mode 100644 "posts/jiaocheng-shiyong-jiaocheng/2024-09-26-\347\277\273\345\242\231\345\220\216\345\233\275\345\206\205\347\275\221\347\253\231\346\227\240\346\263\225\350\256\277\351\227\256\347\232\204\345\216\237\345\233\240\346\230\257\344\273\200\344\271\210\357\274\237.md"
 create mode 100644 "posts/jiaocheng-shiyong-jiaocheng/2024-09-27-\345\233\236\345\233\275\346\234\272\345\234\272\345\246\202\344\275\225\344\275\277\347\224\250vpn\357\274\237.md"
 create mode 100644 "posts/jiaocheng-shiyong-jiaocheng/2024-09-27-\345\233\236\345\233\275\350\212\202\347\202\271github\350\265\204\346\272\220\346\234\211\345\223\252\344\272\233\357\274\237.md"
 create mode 100644 "posts/jiaocheng-shiyong-jiaocheng/2024-09-27-\345\246\202\344\275\225\347\277\273\345\242\231\345\233\236\345\233\275\357\274\237.md"
 create mode 100644 "posts/jiaocheng-shiyong-jiaocheng/2024-09-27-\346\265\267\345\244\226\344\275\277\347\224\250k\346\255\214\350\275\257\344\273\266\346\216\250\350\215\220.md"
 create mode 100644 "posts/jiaocheng-shiyong-jiaocheng/2024-09-29-\344\270\255\345\244\256\344\272\224\345\245\227\345\234\250\346\265\267\345\244\226\345\246\202\344\275\225\346\224\266\347\234\213\357\274\237.md"
 create mode 100644 "posts/jiaocheng-shiyong-jiaocheng/2024-09-29-\346\212\223\351\245\255\347\275\221\347\232\204\346\265\267\345\244\226\347\224\250\346\210\267\350\256\277\351\227\256\346\212\200\345\267\247\346\234\211\345\223\252\344\272\233\357\274\237.md"
 create mode 100644 "posts/jiaocheng-shiyong-jiaocheng/2024-09-29-\350\207\252\345\267\261\346\220\255\345\273\272\345\233\236\345\233\275vpn\347\232\204\345\256\211\345\205\250\346\200\247\345\246\202\344\275\225\350\257\204\344\274\260\357\274\237.md"
 create mode 100644 "posts/jiaocheng-shiyong-jiaocheng/2024-09-29-\350\207\252\345\273\272\345\233\236\345\233\275vpn\346\234\215\345\212\241\345\231\250\347\232\204\345\256\211\345\205\250\346\200\247\345\246\202\344\275\225\350\257\204\344\274\260.md"
 create mode 100644 "posts/jiaocheng-shiyong-jiaocheng/2024-09-30-\344\270\255\345\233\275\345\234\260\345\214\272vpn\350\212\202\347\202\271\346\216\250\350\215\220\345\246\202\344\275\225\351\200\211\346\213\251\357\274\237.md"
 create mode 100644 "posts/jiaocheng-shiyong-jiaocheng/2024-09-30-\344\270\255\345\233\275\350\212\202\347\202\271\347\232\204vpn\346\234\211\345\223\252\344\272\233\346\216\250\350\215\220.md"
 create mode 100644 "posts/jiaocheng-shiyong-jiaocheng/2024-09-30-\345\234\250\347\276\216\345\233\275\345\246\202\344\275\225\344\275\277\347\224\250\346\267\230\345\256\235\350\264\255\347\211\251.md"
 create mode 100644 "posts/jiaocheng-shiyong-jiaocheng/2024-10-01-\345\234\250\347\272\277\347\216\251\346\216\274\350\233\213\347\232\204\346\226\271\346\263\225\346\234\211\345\223\252\344\272\233\357\274\237.md"
 create mode 100644 "posts/jiaocheng-shiyong-jiaocheng/2024-10-01-\345\234\250\347\272\277\350\247\202\347\234\213\343\200\212\344\273\245\347\210\261\344\270\272\350\220\245\343\200\213\347\232\204\346\226\271\346\263\225\346\234\211\345\223\252\344\272\233\357\274\237.md"
 create mode 100644 "posts/jiaocheng-shiyong-jiaocheng/2024-10-01-\345\234\250\347\272\277\350\247\202\347\234\213\343\200\212\346\203\234\350\212\261\350\212\267\343\200\213\347\232\204\351\200\224\345\276\204\346\234\211\345\223\252\344\272\233\357\274\237.md"
 create mode 100644 "posts/jiaocheng-shiyong-jiaocheng/2024-10-01-\345\234\250\347\272\277\350\247\202\347\234\213\346\254\247\346\264\262\346\235\257\347\232\204\346\226\271\346\263\225\346\234\211\345\223\252\344\272\233\357\274\237.md"
 create mode 100644 "posts/jiaocheng-shiyong-jiaocheng/2024-10-02-\343\200\212\344\277\235\346\212\244\346\210\221\346\226\271\345\237\216\344\270\273\345\244\247\344\272\272\343\200\213\345\234\250\346\265\267\345\244\226\350\247\202\347\234\213\347\232\204\345\205\267\344\275\223\346\226\271\346\263\225\346\230\257\344\273\200.md"
 create mode 100644 "posts/jiaocheng-shiyong-jiaocheng/2024-10-02-\343\200\212\350\245\277\345\207\272\347\216\211\351\227\250\343\200\213\345\234\250\347\272\277\350\247\202\347\234\213\346\226\271\346\263\225.md"
 create mode 100644 "posts/tiyu-tiyu-zhibo/2024-09-26-cctv5\346\265\267\345\244\226\347\233\264\346\222\255\346\200\216\344\271\210\350\247\202\347\234\213\357\274\237.md"
 create mode 100644 "posts/tiyu-tiyu-zhibo/2024-10-01-\345\234\250\351\246\231\346\270\257\345\246\202\344\275\225\350\247\202\347\234\213cctv5\347\232\204\347\233\264\346\222\255\357\274\237.md"
 create mode 100644 "posts/yingyin-huiguo-yingyin/2024-09-12-\346\265\267\345\244\226\345\276\256\344\277\241\346\262\241\346\234\211\350\247\206\351\242\221\345\217\267\347\232\204\345\216\237\345\233\240\345\217\212\350\247\243\345\206\263\346\226\271\346\263\225.md"
 create mode 100644 "posts/yingyin-huiguo-yingyin/2024-09-13-\345\246\202\344\275\225\345\234\250\346\265\267\345\244\226\351\241\272\345\210\251\350\247\202\347\234\213\345\222\252\345\222\225\350\247\206\351\242\221\357\274\237\346\234\211\346\225\210\350\247\243\345\206\263\346\226\271\346\263\225\346\216\250\350\215\220.md"
 create mode 100644 "posts/yingyin-huiguo-yingyin/2024-09-18-\345\233\275\345\244\226\346\227\240\346\263\225\350\247\202\347\234\213\350\205\276\350\256\257\350\247\206\351\242\221\357\274\237\346\234\211\346\225\210\350\247\243\345\206\263\346\226\271\346\241\210\346\214\207\345\215\227.md"
 create mode 100644 "posts/yingyin-huiguo-yingyin/2024-09-23-\343\200\220\350\277\252\346\213\234\345\276\256\344\277\241\345\234\260\345\214\272\351\231\220\345\210\266\343\200\221\345\246\202\344\275\225\350\247\243\345\206\263\350\277\252\346\213\234\347\275\221\347\273\234\351\231\220\345\210\266\345\257\274\350\207\264.md"
 create mode 100644 "posts/yingyin-huiguo-yingyin/2024-09-26-bilibili\345\234\260\345\214\272\351\231\220\345\210\266\345\246\202\344\275\225\350\247\243\351\231\244\357\274\237.md"
 create mode 100644 "posts/yingyin-huiguo-yingyin/2024-10-01-\345\234\250\346\227\245\346\234\254\345\246\202\344\275\225\350\247\202\347\234\213\346\250\261\350\212\261\350\247\206\351\242\221\357\274\237.md"
 create mode 100644 "posts/yinyue-yinyue-yinpin/2024-09-25-\351\205\267\346\210\221\351\237\263\344\271\220\347\240\264\350\247\243\345\234\260\345\214\272\351\231\220\345\210\266\347\232\204\346\226\271\346\263\225\346\234\211\345\223\252\344\272\233\357\274\237.md"
 create mode 100644 "posts/yinyue-yinyue-yinpin/2024-09-27-\346\265\267\345\244\226\344\275\277\347\224\250qq\351\237\263\344\271\220\347\232\204\346\226\271\346\263\225\346\230\257\344\273\200\344\271\210\357\274\237.md"
 create mode 100644 "posts/yinyue-yinyue-yinpin/2024-10-01-\345\234\250\345\217\260\346\271\276\344\275\277\347\224\250\345\226\234\351\251\254\346\213\211\351\233\205fm\347\232\204\346\255\245\351\252\244\345\222\214\346\226\271\346\263\225.md"
 create mode 100644 "posts/youxi-huiguo-youxi/2024-09-30-\346\210\230\350\210\260\344\270\226\347\225\214\344\272\232\346\234\215\346\265\267\345\244\226\347\216\251\345\256\266\345\246\202\344\275\225\350\277\233\350\241\214\346\270\270\346\210\217.md"
To https://github.com/huiguojiasuqi/huiguojiasuqi.git
   bc25181..1017088  main -> main
[2026-09-10 18:16:22] batch start=1630 n=50
  2092 -> posts/jiaocheng-shiyong-jiaocheng/2024-09-09-小米盒子國際版如何觀看中國內地電視節目.md (4056 chars)
  2087 -> posts/jiaocheng-shiyong-jiaocheng/2024-09-09-韓劇tv-app地區限制怎么解除.md (5593 chars)
  2078 -> posts/youxi-huiguo-youxi/2024-09-07-在国外怎么玩国内的和平精英.md (7803 chars)
  2077 -> posts/jiaocheng-shiyong-jiaocheng/2024-09-07-如何在海外注册和登录百度网盘：新用户指南.md (4480 chars)
  2060 -> posts/bangong-bangong-baokao/2024-09-06-如何在海外访问知网资源？知网是否提供海外版本.md (4007 chars)
  2058 -> posts/jiaocheng-shiyong-jiaocheng/2024-09-06-如何解決雲視聽小電視地區限制問題.md (3223 chars)
  2046 -> posts/yingyin-huiguo-yingyin/2024-09-05-b站直播地区限制，海外用户如何开启直播.md (5823 chars)
  2044 -> posts/jiaocheng-shiyong-jiaocheng/2024-09-05-在美国如何看中国电视.md (3854 chars)
  2039 -> posts/yingyin-huiguo-yingyin/2024-09-04-如何在海外观看咪咕视频上的体育赛事：有效解决.md (3496 chars)
  2035 -> posts/yingyin-huiguo-yingyin/2024-09-04-如何在国外使用b站云视听小电视：解决方法详解.md (3642 chars)
  2007 -> posts/youxi-huiguo-youxi/2024-09-03-如何在海外畅玩国服《冒险岛》：解决地域ip限制的.md (3327 chars)
  1997 -> posts/tiyu-tiyu-zhibo/2024-09-02-全面指南：如何观看cctv5海外直播.md (13396 chars)
  1994 -> posts/youxi-huiguo-youxi/2024-09-02-国外手机玩国内游戏，翻墙后还提示网络错误.md (2182 chars)
  1991 -> posts/yinyue-yinyue-yinpin/2024-09-02-喜马拉雅地区限制怎么办.md (7068 chars)
  1989 -> posts/jiaocheng-shiyong-jiaocheng/2024-09-02-quickfox-vpn安全吗？.md (2063 chars)
  1976 -> posts/yingyin-huiguo-yingyin/2024-08-30-在台湾如何不受限制的观看优酷？详细指南与推荐.md (2345 chars)
  1973 -> posts/jiaocheng-shiyong-jiaocheng/2024-08-30-如何解决小米盒子海外版权限制.md (6857 chars)
  1873 -> posts/youxi-huiguo-youxi/2024-08-29-为什么香港玩不了网易版我的世界.md (2211 chars)
  1962 -> posts/yinyue-yinyue-yinpin/2024-08-29-如何在海外畅听书旗小说？.md (1925 chars)
  1566 -> posts/jiaocheng-shiyong-jiaocheng/2024-08-29-海外用户如何顺利下载百度网盘文件.md (2009 chars)
  1564 -> posts/jiaocheng-shiyong-jiaocheng/2024-08-29-国外能访问国内网站吗？如何在海外访问国内网站.md (6165 chars)
  1560 -> posts/jiaocheng-shiyong-jiaocheng/2024-08-28-小米盒子国际版能在国外看国内电视吗？.md (6351 chars)
  1556 -> posts/yinyue-yinyue-yinpin/2024-08-28-荔枝fm国外用不了海外版权限制怎么解决.md (5938 chars)
  1518 -> posts/jiaocheng-shiyong-jiaocheng/2024-08-27-翻墙回国免费工具推荐，海外快速翻墙回国.md (9020 chars)
  1511 -> posts/youxi-huiguo-youxi/2024-08-27-海外我的世界中國版地區無法登入.md (7150 chars)
  1503 -> posts/jiaocheng-shiyong-jiaocheng/2024-08-26-韓劇tv-app地區限制.md (6936 chars)
  1493 -> posts/tiyu-tiyu-zhibo/2024-08-24-cctv5海外直播观看超级详细的方法步骤.md (6828 chars)
  1489 -> posts/jiaocheng-shiyong-jiaocheng/2024-08-24-在海外怎么翻墙回国，翻墙回国方法.md (12317 chars)
  1484 -> posts/jiaocheng-shiyong-jiaocheng/2024-08-23-翻墙回国用什么工具稳定不掉线.md (1945 chars)
  1481 -> posts/duanju-duanju-zhibo/2024-08-23-开启vpn翻墙回国后抖音直播还是有地区限制怎么办.md (1648 chars)
  1477 -> posts/yingyin-huiguo-yingyin/2024-08-22-手机在国外怎么看爱奇艺.md (2700 chars)
  1473 -> posts/yingyin-huiguo-yingyin/2024-08-22-海外爱奇艺播放不了怎么办？.md (3653 chars)
  1469 -> posts/jiaocheng-shiyong-jiaocheng/2024-08-21-在香港使用国内购买的酷我畅听.md (2537 chars)
  1465 -> posts/jiaocheng-shiyong-jiaocheng/2024-08-21-在美国怎么挂clash回国梯子访问国内.md (2220 chars)
  1463 -> posts/jiaocheng-shiyong-jiaocheng/2024-08-21-如何在海外使用梯子访问国内网站的有效方法.md (1942 chars)
  1459 -> posts/jiaocheng-shiyong-jiaocheng/2024-08-21-在迪拜网络限制怎么破解.md (4087 chars)
  1447 -> posts/youxi-huiguo-youxi/2024-08-20-如何在国外畅玩中国大陆游戏.md (2703 chars)
  1442 -> posts/bangong-bangong-baokao/2024-08-20-如何在国外流畅使用微信小程序：回国节点设置指.md (2789 chars)
  1439 -> posts/yingyin-huiguo-yingyin/2024-08-19-国外爱奇艺受限制怎么解决.md (3178 chars)
  1434 -> posts/yingyin-huiguo-yingyin/2024-08-19-香港cctv视频看不了怎么办.md (2621 chars)
  1431 -> posts/yingyin-huiguo-yingyin/2024-08-19-cctv视频出国后怎么用.md (3115 chars)
  1425 -> posts/youxi-huiguo-youxi/2024-08-16-在国外怎么玩国内手机游戏.md (2821 chars)
  1419 -> posts/jiaocheng-shiyong-jiaocheng/2024-08-14-国外打不开税务网站.md (1801 chars)
  1416 -> posts/yinyue-yinyue-yinpin/2024-08-13-在美国怎么用网易云音乐，如何破解地区限制.md (2177 chars)
  1414 -> posts/bangong-bangong-baokao/2024-08-13-在国外进不去微信小程序.md (2120 chars)
  1412 -> posts/jiaocheng-shiyong-jiaocheng/2024-08-13-境外访问中国国内网站有防火墙吗？.md (1744 chars)
  1408 -> posts/tiyu-tiyu-zhibo/2024-08-12-海外怎么看国内解说的英超联赛.md (1865 chars)
  1406 -> posts/duanju-duanju-zhibo/2024-08-12-如何破解cctv直播的地区限制.md (1796 chars)
  1403 -> posts/tiyu-tiyu-zhibo/2024-08-10-海外电视盒子怎么看cctv5.md (1978 chars)
  1401 -> posts/tiyu-tiyu-zhibo/2024-08-10-海外怎么看cctv5直播.md (1943 chars)
done: ok=50 fail=0
[main 90083e5] publish: posts batch start=1630 n=50 (total 1680)
 50 files changed, 6171 insertions(+)
 create mode 100644 "posts/bangong-bangong-baokao/2024-08-13-\345\234\250\345\233\275\345\244\226\350\277\233\344\270\215\345\216\273\345\276\256\344\277\241\345\260\217\347\250\213\345\272\217.md"
 create mode 100644 "posts/bangong-bangong-baokao/2024-08-20-\345\246\202\344\275\225\345\234\250\345\233\275\345\244\226\346\265\201\347\225\205\344\275\277\347\224\250\345\276\256\344\277\241\345\260\217\347\250\213\345\272\217\357\274\232\345\233\236\345\233\275\350\212\202\347\202\271\350\256\276\347\275\256\346\214\207.md"
 create mode 100644 "posts/bangong-bangong-baokao/2024-09-06-\345\246\202\344\275\225\345\234\250\346\265\267\345\244\226\350\256\277\351\227\256\347\237\245\347\275\221\350\265\204\346\272\220\357\274\237\347\237\245\347\275\221\346\230\257\345\220\246\346\217\220\344\276\233\346\265\267\345\244\226\347\211\210\346\234\254.md"
 create mode 100644 "posts/duanju-duanju-zhibo/2024-08-12-\345\246\202\344\275\225\347\240\264\350\247\243cctv\347\233\264\346\222\255\347\232\204\345\234\260\345\214\272\351\231\220\345\210\266.md"
 create mode 100644 "posts/duanju-duanju-zhibo/2024-08-23-\345\274\200\345\220\257vpn\347\277\273\345\242\231\345\233\236\345\233\275\345\220\216\346\212\226\351\237\263\347\233\264\346\222\255\350\277\230\346\230\257\346\234\211\345\234\260\345\214\272\351\231\220\345\210\266\346\200\216\344\271\210\345\212\236.md"
 create mode 100644 "posts/jiaocheng-shiyong-jiaocheng/2024-08-13-\345\242\203\345\244\226\350\256\277\351\227\256\344\270\255\345\233\275\345\233\275\345\206\205\347\275\221\347\253\231\346\234\211\351\230\262\347\201\253\345\242\231\345\220\227\357\274\237.md"
 create mode 100644 "posts/jiaocheng-shiyong-jiaocheng/2024-08-14-\345\233\275\345\244\226\346\211\223\344\270\215\345\274\200\347\250\216\345\212\241\347\275\221\347\253\231.md"
 create mode 100644 "posts/jiaocheng-shiyong-jiaocheng/2024-08-21-\345\234\250\347\276\216\345\233\275\346\200\216\344\271\210\346\214\202clash\345\233\236\345\233\275\346\242\257\345\255\220\350\256\277\351\227\256\345\233\275\345\206\205.md"
 create mode 100644 "posts/jiaocheng-shiyong-jiaocheng/2024-08-21-\345\234\250\350\277\252\346\213\234\347\275\221\347\273\234\351\231\220\345\210\266\346\200\216\344\271\210\347\240\264\350\247\243.md"
 create mode 100644 "posts/jiaocheng-shiyong-jiaocheng/2024-08-21-\345\234\250\351\246\231\346\270\257\344\275\277\347\224\250\345\233\275\345\206\205\350\264\255\344\271\260\347\232\204\351\205\267\346\210\221\347\225\205\345\220\254.md"
 create mode 100644 "posts/jiaocheng-shiyong-jiaocheng/2024-08-21-\345\246\202\344\275\225\345\234\250\346\265\267\345\244\226\344\275\277\347\224\250\346\242\257\345\255\220\350\256\277\351\227\256\345\233\275\345\206\205\347\275\221\347\253\231\347\232\204\346\234\211\346\225\210\346\226\271\346\263\225.md"
 create mode 100644 "posts/jiaocheng-shiyong-jiaocheng/2024-08-23-\347\277\273\345\242\231\345\233\236\345\233\275\347\224\250\344\273\200\344\271\210\345\267\245\345\205\267\347\250\263\345\256\232\344\270\215\346\216\211\347\272\277.md"
 create mode 100644 "posts/jiaocheng-shiyong-jiaocheng/2024-08-24-\345\234\250\346\265\267\345\244\226\346\200\216\344\271\210\347\277\273\345\242\231\345\233\236\345\233\275\357\274\214\347\277\273\345\242\231\345\233\236\345\233\275\346\226\271\346\263\225.md"
 create mode 100644 "posts/jiaocheng-shiyong-jiaocheng/2024-08-26-\351\237\223\345\212\207tv-app\345\234\260\345\215\200\351\231\220\345\210\266.md"
 create mode 100644 "posts/jiaocheng-shiyong-jiaocheng/2024-08-27-\347\277\273\345\242\231\345\233\236\345\233\275\345\205\215\350\264\271\345\267\245\345\205\267\346\216\250\350\215\220\357\274\214\346\265\267\345\244\226\345\277\253\351\200\237\347\277\273\345\242\231\345\233\236\345\233\275.md"
 create mode 100644 "posts/jiaocheng-shiyong-jiaocheng/2024-08-28-\345\260\217\347\261\263\347\233\222\345\255\220\345\233\275\351\231\205\347\211\210\350\203\275\345\234\250\345\233\275\345\244\226\347\234\213\345\233\275\345\206\205\347\224\265\350\247\206\345\220\227\357\274\237.md"
 create mode 100644 "posts/jiaocheng-shiyong-jiaocheng/2024-08-29-\345\233\275\345\244\226\350\203\275\350\256\277\351\227\256\345\233\275\345\206\205\347\275\221\347\253\231\345\220\227\357\274\237\345\246\202\344\275\225\345\234\250\346\265\267\345\244\226\350\256\277\351\227\256\345\233\275\345\206\205\347\275\221\347\253\231.md"
 create mode 100644 "posts/jiaocheng-shiyong-jiaocheng/2024-08-29-\346\265\267\345\244\226\347\224\250\346\210\267\345\246\202\344\275\225\351\241\272\345\210\251\344\270\213\350\275\275\347\231\276\345\272\246\347\275\221\347\233\230\346\226\207\344\273\266.md"
 create mode 100644 "posts/jiaocheng-shiyong-jiaocheng/2024-08-30-\345\246\202\344\275\225\350\247\243\345\206\263\345\260\217\347\261\263\347\233\222\345\255\220\346\265\267\345\244\226\347\211\210\346\235\203\351\231\220\345\210\266.md"
 create mode 100644 "posts/jiaocheng-shiyong-jiaocheng/2024-09-02-quickfox-vpn\345\256\211\345\205\250\345\220\227\357\274\237.md"
 create mode 100644 "posts/jiaocheng-shiyong-jiaocheng/2024-09-05-\345\234\250\347\276\216\345\233\275\345\246\202\344\275\225\347\234\213\344\270\255\345\233\275\347\224\265\350\247\206.md"
 create mode 100644 "posts/jiaocheng-shiyong-jiaocheng/2024-09-06-\345\246\202\344\275\225\350\247\243\346\261\272\351\233\262\350\246\226\350\201\275\345\260\217\351\233\273\350\246\226\345\234\260\345\215\200\351\231\220\345\210\266\345\225\217\351\241\214.md"
 create mode 100644 "posts/jiaocheng-shiyong-jiaocheng/2024-09-07-\345\246\202\344\275\225\345\234\250\346\265\267\345\244\226\346\263\250\345\206\214\345\222\214\347\231\273\345\275\225\347\231\276\345\272\246\347\275\221\347\233\230\357\274\232\346\226\260\347\224\250\346\210\267\346\214\207\345\215\227.md"
 create mode 100644 "posts/jiaocheng-shiyong-jiaocheng/2024-09-09-\345\260\217\347\261\263\347\233\222\345\255\220\345\234\213\351\232\233\347\211\210\345\246\202\344\275\225\350\247\200\347\234\213\344\270\255\345\234\213\345\205\247\345\234\260\351\233\273\350\246\226\347\257\200\347\233\256.md"
 create mode 100644 "posts/jiaocheng-shiyong-jiaocheng/2024-09-09-\351\237\223\345\212\207tv-app\345\234\260\345\215\200\351\231\220\345\210\266\346\200\216\344\271\210\350\247\243\351\231\244.md"
 create mode 100644 "posts/tiyu-tiyu-zhibo/2024-08-10-\346\265\267\345\244\226\346\200\216\344\271\210\347\234\213cctv5\347\233\264\346\222\255.md"
 create mode 100644 "posts/tiyu-tiyu-zhibo/2024-08-10-\346\265\267\345\244\226\347\224\265\350\247\206\347\233\222\345\255\220\346\200\216\344\271\210\347\234\213cctv5.md"
 create mode 100644 "posts/tiyu-tiyu-zhibo/2024-08-12-\346\265\267\345\244\226\346\200\216\344\271\210\347\234\213\345\233\275\345\206\205\350\247\243\350\257\264\347\232\204\350\213\261\350\266\205\350\201\224\350\265\233.md"
 create mode 100644 "posts/tiyu-tiyu-zhibo/2024-08-24-cctv5\346\265\267\345\244\226\347\233\264\346\222\255\350\247\202\347\234\213\350\266\205\347\272\247\350\257\246\347\273\206\347\232\204\346\226\271\346\263\225\346\255\245\351\252\244.md"
 create mode 100644 "posts/tiyu-tiyu-zhibo/2024-09-02-\345\205\250\351\235\242\346\214\207\345\215\227\357\274\232\345\246\202\344\275\225\350\247\202\347\234\213cctv5\346\265\267\345\244\226\347\233\264\346\222\255.md"
 create mode 100644 "posts/yingyin-huiguo-yingyin/2024-08-19-cctv\350\247\206\351\242\221\345\207\272\345\233\275\345\220\216\346\200\216\344\271\210\347\224\250.md"
 create mode 100644 "posts/yingyin-huiguo-yingyin/2024-08-19-\345\233\275\345\244\226\347\210\261\345\245\207\350\211\272\345\217\227\351\231\220\345\210\266\346\200\216\344\271\210\350\247\243\345\206\263.md"
 create mode 100644 "posts/yingyin-huiguo-yingyin/2024-08-19-\351\246\231\346\270\257cctv\350\247\206\351\242\221\347\234\213\344\270\215\344\272\206\346\200\216\344\271\210\345\212\236.md"
 create mode 100644 "posts/yingyin-huiguo-yingyin/2024-08-22-\346\211\213\346\234\272\345\234\250\345\233\275\345\244\226\346\200\216\344\271\210\347\234\213\347\210\261\345\245\207\350\211\272.md"
 create mode 100644 "posts/yingyin-huiguo-yingyin/2024-08-22-\346\265\267\345\244\226\347\210\261\345\245\207\350\211\272\346\222\255\346\224\276\344\270\215\344\272\206\346\200\216\344\271\210\345\212\236\357\274\237.md"
 create mode 100644 "posts/yingyin-huiguo-yingyin/2024-08-30-\345\234\250\345\217\260\346\271\276\345\246\202\344\275\225\344\270\215\345\217\227\351\231\220\345\210\266\347\232\204\350\247\202\347\234\213\344\274\230\351\205\267\357\274\237\350\257\246\347\273\206\346\214\207\345\215\227\344\270\216\346\216\250\350\215\220.md"
 create mode 100644 "posts/yingyin-huiguo-yingyin/2024-09-04-\345\246\202\344\275\225\345\234\250\345\233\275\345\244\226\344\275\277\347\224\250b\347\253\231\344\272\221\350\247\206\345\220\254\345\260\217\347\224\265\350\247\206\357\274\232\350\247\243\345\206\263\346\226\271\346\263\225\350\257\246\350\247\243.md"
 create mode 100644 "posts/yingyin-huiguo-yingyin/2024-09-04-\345\246\202\344\275\225\345\234\250\346\265\267\345\244\226\350\247\202\347\234\213\345\222\252\345\222\225\350\247\206\351\242\221\344\270\212\347\232\204\344\275\223\350\202\262\350\265\233\344\272\213\357\274\232\346\234\211\346\225\210\350\247\243\345\206\263.md"
 create mode 100644 "posts/yingyin-huiguo-yingyin/2024-09-05-b\347\253\231\347\233\264\346\222\255\345\234\260\345\214\272\351\231\220\345\210\266\357\274\214\346\265\267\345\244\226\347\224\250\346\210\267\345\246\202\344\275\225\345\274\200\345\220\257\347\233\264\346\222\255.md"
 create mode 100644 "posts/yinyue-yinyue-yinpin/2024-08-13-\345\234\250\347\276\216\345\233\275\346\200\216\344\271\210\347\224\250\347\275\221\346\230\223\344\272\221\351\237\263\344\271\220\357\274\214\345\246\202\344\275\225\347\240\264\350\247\243\345\234\260\345\214\272\351\231\220\345\210\266.md"
 create mode 100644 "posts/yinyue-yinyue-yinpin/2024-08-28-\350\215\224\346\236\235fm\345\233\275\345\244\226\347\224\250\344\270\215\344\272\206\346\265\267\345\244\226\347\211\210\346\235\203\351\231\220\345\210\266\346\200\216\344\271\210\350\247\243\345\206\263.md"
 create mode 100644 "posts/yinyue-yinyue-yinpin/2024-08-29-\345\246\202\344\275\225\345\234\250\346\265\267\345\244\226\347\225\205\345\220\254\344\271\246\346\227\227\345\260\217\350\257\264\357\274\237.md"
 create mode 100644 "posts/yinyue-yinyue-yinpin/2024-09-02-\345\226\234\351\251\254\346\213\211\351\233\205\345\234\260\345\214\272\351\231\220\345\210\266\346\200\216\344\271\210\345\212\236.md"
 create mode 100644 "posts/youxi-huiguo-youxi/2024-08-16-\345\234\250\345\233\275\345\244\226\346\200\216\344\271\210\347\216\251\345\233\275\345\206\205\346\211\213\346\234\272\346\270\270\346\210\217.md"
 create mode 100644 "posts/youxi-huiguo-youxi/2024-08-20-\345\246\202\344\275\225\345\234\250\345\233\275\345\244\226\347\225\205\347\216\251\344\270\255\345\233\275\345\244\247\351\231\206\346\270\270\346\210\217.md"
 create mode 100644 "posts/youxi-huiguo-youxi/2024-08-27-\346\265\267\345\244\226\346\210\221\347\232\204\344\270\226\347\225\214\344\270\255\345\234\213\347\211\210\345\234\260\345\215\200\347\204\241\346\263\225\347\231\273\345\205\245.md"
 create mode 100644 "posts/youxi-huiguo-youxi/2024-08-29-\344\270\272\344\273\200\344\271\210\351\246\231\346\270\257\347\216\251\344\270\215\344\272\206\347\275\221\346\230\223\347\211\210\346\210\221\347\232\204\344\270\226\347\225\214.md"
 create mode 100644 "posts/youxi-huiguo-youxi/2024-09-02-\345\233\275\345\244\226\346\211\213\346\234\272\347\216\251\345\233\275\345\206\205\346\270\270\346\210\217\357\274\214\347\277\273\345\242\231\345\220\216\350\277\230\346\217\220\347\244\272\347\275\221\347\273\234\351\224\231\350\257\257.md"
 create mode 100644 "posts/youxi-huiguo-youxi/2024-09-03-\345\246\202\344\275\225\345\234\250\346\265\267\345\244\226\347\225\205\347\216\251\345\233\275\346\234\215\343\200\212\345\206\222\351\231\251\345\262\233\343\200\213\357\274\232\350\247\243\345\206\263\345\234\260\345\237\237ip\351\231\220\345\210\266\347\232\204.md"
 create mode 100644 "posts/youxi-huiguo-youxi/2024-09-07-\345\234\250\345\233\275\345\244\226\346\200\216\344\271\210\347\216\251\345\233\275\345\206\205\347\232\204\345\222\214\345\271\263\347\262\276\350\213\261.md"
To https://github.com/huiguojiasuqi/huiguojiasuqi.git
   1017088..90083e5  main -> main
[2026-09-10 18:16:48] batch start=1680 n=50
  1377 -> posts/tiyu-tiyu-zhibo/2024-08-08-海外看国内cctv5小程序看不了怎么办.md (2357 chars)
  1371 -> posts/bangong-bangong-baokao/2024-08-08-海外玩寻道大千小程序暂无广告可看.md (2386 chars)
  1369 -> posts/tiyu-tiyu-zhibo/2024-08-06-海外访问国内cctv5线上直播有地区限制怎么办.md (1989 chars)
  1365 -> posts/tiyu-tiyu-zhibo/2024-08-05-在美國怎麼看cctv5直播.md (2428 chars)
  1278 -> posts/tiyu-tiyu-zhibo/2024-07-31-海外看怎么看cctv5网页端直播，在那里可以看录播.md (2097 chars)
  1276 -> posts/tiyu-tiyu-zhibo/2024-07-31-cctv5海外直播有哪些平台转播可以线上看.md (2128 chars)
  1272 -> posts/tiyu-tiyu-zhibo/2024-07-30-2024國內cctv5直播奧運會海外怎麼看.md (2182 chars)
  1268 -> posts/tiyu-tiyu-zhibo/2024-07-30-海外cctv5如何在電腦線上看.md (3149 chars)
  1260 -> posts/tiyu-tiyu-zhibo/2024-07-30-在海外手机上怎么看cctv5央视直播.md (2671 chars)
  1251 -> posts/tiyu-tiyu-zhibo/2024-07-27-国外怎么看cctv5奥运会直播.md (2477 chars)
  1247 -> posts/tiyu-tiyu-zhibo/2024-07-27-海外怎么看央视直播-2.md (2473 chars)
  1238 -> posts/jiaocheng-shiyong-jiaocheng/2024-07-26-百度网盘海外地区限制怎么办.md (3013 chars)
  1234 -> posts/youxi-huiguo-youxi/2024-07-26-百度网盘海外登录不上怎么办？.md (2554 chars)
  1230 -> posts/jiaocheng-shiyong-jiaocheng/2024-07-26-海外如何下载百度网盘文件-2.md (2456 chars)
  1227 -> posts/youxi-huiguo-youxi/2024-07-26-在国外怎么打国内游戏？.md (3120 chars)
  1188 -> posts/yinyue-yinyue-yinpin/2024-07-24-喜马拉雅在国外有版权限制怎么办.md (2037 chars)
  1184 -> posts/yingyin-huiguo-yingyin/2024-07-24-b站区域限制手机上怎么解决.md (2339 chars)
  1171 -> posts/youxi-huiguo-youxi/2024-07-23-在海外怎么玩我的世界国服手游.md (2085 chars)
  1173 -> posts/youxi-huiguo-youxi/2024-07-23-在国外玩《原神》不卡的方法.md (1879 chars)
  1170 -> posts/jiaocheng-shiyong-jiaocheng/2024-07-23-海外看国内电视剧的解决方法.md (1849 chars)
  1167 -> posts/jiaocheng-shiyong-jiaocheng/2024-07-23-淘宝屏蔽海外用户怎么破解.md (1989 chars)
  1163 -> posts/yingyin-huiguo-yingyin/2024-07-22-b站区域限制海外破解方法.md (2480 chars)
  1159 -> posts/jiaocheng-shiyong-jiaocheng/2024-07-22-golink好用吗？.md (1590 chars)
  1155 -> posts/youxi-huiguo-youxi/2024-07-22-海外如何玩王者荣耀.md (3080 chars)
  1152 -> posts/jiaocheng-shiyong-jiaocheng/2024-07-19-你所在的国家或地区暂未开放微信豆充值服务怎么.md (2299 chars)
  1147 -> posts/yinyue-yinyue-yinpin/2024-07-19-喜马拉雅海外地区限制怎么解决.md (2988 chars)
  1143 -> posts/bangong-bangong-baokao/2024-07-18-在海外怎么用知网.md (4799 chars)
  1138 -> posts/tiyu-tiyu-zhibo/2024-07-18-cctv5直播在国外可以用吗？.md (2146 chars)
  1134 -> posts/yinyue-yinyue-yinpin/2024-07-18-解除qq音乐海外限制.md (3780 chars)
  1132 -> posts/yinyue-yinyue-yinpin/2024-07-18-国外酷狗音乐版权限制破解.md (3004 chars)
  1127 -> posts/yinyue-yinyue-yinpin/2024-07-18-网易云音乐国外听歌版权限制怎么办？.md (2952 chars)
  1118 -> posts/tiyu-tiyu-zhibo/2024-07-17-柬埔寨看cctv5海外直播地区限制怎么办.md (1526 chars)
  1115 -> posts/yinyue-yinyue-yinpin/2024-07-17-在国外怎么用酷狗音乐？.md (2980 chars)
  1113 -> posts/jiaocheng-shiyong-jiaocheng/2024-07-17-在美国用快帆和穿梭哪个好？.md (2166 chars)
  1107 -> posts/tiyu-tiyu-zhibo/2024-07-16-葡萄牙怎么在海外看cctv5直播.md (3592 chars)
  1105 -> posts/jiaocheng-shiyong-jiaocheng/2024-07-16-百度网盘在国外下载速度非常慢：有效解决方法.md (2759 chars)
  1101 -> posts/tiyu-tiyu-zhibo/2024-07-13-cctv5线上在香港看不了，有什么办法解决.md (3053 chars)
  1098 -> posts/tiyu-tiyu-zhibo/2024-07-12-海外电脑翻墙看cctv5直播卡顿怎么办.md (2450 chars)
  1093 -> posts/tiyu-tiyu-zhibo/2024-07-10-在海外电视机上怎么看cctv5直播？.md (2695 chars)
  1090 -> posts/bangong-bangong-baokao/2024-07-10-海外微信小程序加载不出来广告，用不了怎么办.md (3673 chars)
  1087 -> posts/tiyu-tiyu-zhibo/2024-07-09-海外看cctv5需要翻墙吗？.md (2546 chars)
  1084 -> posts/youxi-huiguo-youxi/2024-07-08-在国外下载国内游戏慢怎么办？.md (2882 chars)
  1080 -> posts/tiyu-tiyu-zhibo/2024-07-08-cctv5国外手机上怎么看直播.md (2759 chars)
  1077 -> posts/jiaocheng-shiyong-jiaocheng/2024-07-03-在国外如何登陆中国建造师网.md (2475 chars)
  1074 -> posts/tiyu-tiyu-zhibo/2024-07-03-cctv-5怎么看奥运会直播.md (2444 chars)
  1072 -> posts/tiyu-tiyu-zhibo/2024-07-03-国外怎么看奥运会.md (2196 chars)
  1070 -> posts/jiaocheng-shiyong-jiaocheng/2024-07-02-快帆和穿梭哪个速度好.md (1700 chars)
  1067 -> posts/tiyu-tiyu-zhibo/2024-07-01-在海外手机上就能看cctv5的方法.md (2824 chars)
  1064 -> posts/jiaocheng-shiyong-jiaocheng/2024-06-29-海外留学生翻墙回国的方法有哪些.md (2288 chars)
  1061 -> posts/tiyu-tiyu-zhibo/2024-06-29-海外cctv5直播在线看方法，不需要第三方播放.md (3895 chars)
done: ok=50 fail=0
[main adcdbcf] publish: posts batch start=1680 n=50 (total 1730)
 50 files changed, 4827 insertions(+)
 create mode 100644 "posts/bangong-bangong-baokao/2024-07-10-\346\265\267\345\244\226\345\276\256\344\277\241\345\260\217\347\250\213\345\272\217\345\212\240\350\275\275\344\270\215\345\207\272\346\235\245\345\271\277\345\221\212\357\274\214\347\224\250\344\270\215\344\272\206\346\200\216\344\271\210\345\212\236.md"
 create mode 100644 "posts/bangong-bangong-baokao/2024-07-18-\345\234\250\346\265\267\345\244\226\346\200\216\344\271\210\347\224\250\347\237\245\347\275\221.md"
 create mode 100644 "posts/bangong-bangong-baokao/2024-08-08-\346\265\267\345\244\226\347\216\251\345\257\273\351\201\223\345\244\247\345\215\203\345\260\217\347\250\213\345\272\217\346\232\202\346\227\240\345\271\277\345\221\212\345\217\257\347\234\213.md"
 create mode 100644 "posts/jiaocheng-shiyong-jiaocheng/2024-06-29-\346\265\267\345\244\226\347\225\231\345\255\246\347\224\237\347\277\273\345\242\231\345\233\236\345\233\275\347\232\204\346\226\271\346\263\225\346\234\211\345\223\252\344\272\233.md"
 create mode 100644 "posts/jiaocheng-shiyong-jiaocheng/2024-07-02-\345\277\253\345\270\206\345\222\214\347\251\277\346\242\255\345\223\252\344\270\252\351\200\237\345\272\246\345\245\275.md"
 create mode 100644 "posts/jiaocheng-shiyong-jiaocheng/2024-07-03-\345\234\250\345\233\275\345\244\226\345\246\202\344\275\225\347\231\273\351\231\206\344\270\255\345\233\275\345\273\272\351\200\240\345\270\210\347\275\221.md"
 create mode 100644 "posts/jiaocheng-shiyong-jiaocheng/2024-07-16-\347\231\276\345\272\246\347\275\221\347\233\230\345\234\250\345\233\275\345\244\226\344\270\213\350\275\275\351\200\237\345\272\246\351\235\236\345\270\270\346\205\242\357\274\232\346\234\211\346\225\210\350\247\243\345\206\263\346\226\271\346\263\225.md"
 create mode 100644 "posts/jiaocheng-shiyong-jiaocheng/2024-07-17-\345\234\250\347\276\216\345\233\275\347\224\250\345\277\253\345\270\206\345\222\214\347\251\277\346\242\255\345\223\252\344\270\252\345\245\275\357\274\237.md"
 create mode 100644 "posts/jiaocheng-shiyong-jiaocheng/2024-07-19-\344\275\240\346\211\200\345\234\250\347\232\204\345\233\275\345\256\266\346\210\226\345\234\260\345\214\272\346\232\202\346\234\252\345\274\200\346\224\276\345\276\256\344\277\241\350\261\206\345\205\205\345\200\274\346\234\215\345\212\241\346\200\216\344\271\210.md"
 create mode 100644 "posts/jiaocheng-shiyong-jiaocheng/2024-07-22-golink\345\245\275\347\224\250\345\220\227\357\274\237.md"
 create mode 100644 "posts/jiaocheng-shiyong-jiaocheng/2024-07-23-\346\265\267\345\244\226\347\234\213\345\233\275\345\206\205\347\224\265\350\247\206\345\211\247\347\232\204\350\247\243\345\206\263\346\226\271\346\263\225.md"
 create mode 100644 "posts/jiaocheng-shiyong-jiaocheng/2024-07-23-\346\267\230\345\256\235\345\261\217\350\224\275\346\265\267\345\244\226\347\224\250\346\210\267\346\200\216\344\271\210\347\240\264\350\247\243.md"
 create mode 100644 "posts/jiaocheng-shiyong-jiaocheng/2024-07-26-\346\265\267\345\244\226\345\246\202\344\275\225\344\270\213\350\275\275\347\231\276\345\272\246\347\275\221\347\233\230\346\226\207\344\273\266-2.md"
 create mode 100644 "posts/jiaocheng-shiyong-jiaocheng/2024-07-26-\347\231\276\345\272\246\347\275\221\347\233\230\346\265\267\345\244\226\345\234\260\345\214\272\351\231\220\345\210\266\346\200\216\344\271\210\345\212\236.md"
 create mode 100644 "posts/tiyu-tiyu-zhibo/2024-06-29-\346\265\267\345\244\226cctv5\347\233\264\346\222\255\345\234\250\347\272\277\347\234\213\346\226\271\346\263\225\357\274\214\344\270\215\351\234\200\350\246\201\347\254\254\344\270\211\346\226\271\346\222\255\346\224\276.md"
 create mode 100644 "posts/tiyu-tiyu-zhibo/2024-07-01-\345\234\250\346\265\267\345\244\226\346\211\213\346\234\272\344\270\212\345\260\261\350\203\275\347\234\213cctv5\347\232\204\346\226\271\346\263\225.md"
 create mode 100644 "posts/tiyu-tiyu-zhibo/2024-07-03-cctv-5\346\200\216\344\271\210\347\234\213\345\245\245\350\277\220\344\274\232\347\233\264\346\222\255.md"
 create mode 100644 "posts/tiyu-tiyu-zhibo/2024-07-03-\345\233\275\345\244\226\346\200\216\344\271\210\347\234\213\345\245\245\350\277\220\344\274\232.md"
 create mode 100644 "posts/tiyu-tiyu-zhibo/2024-07-08-cctv5\345\233\275\345\244\226\346\211\213\346\234\272\344\270\212\346\200\216\344\271\210\347\234\213\347\233\264\346\222\255.md"
 create mode 100644 "posts/tiyu-tiyu-zhibo/2024-07-09-\346\265\267\345\244\226\347\234\213cctv5\351\234\200\350\246\201\347\277\273\345\242\231\345\220\227\357\274\237.md"
 create mode 100644 "posts/tiyu-tiyu-zhibo/2024-07-10-\345\234\250\346\265\267\345\244\226\347\224\265\350\247\206\346\234\272\344\270\212\346\200\216\344\271\210\347\234\213cctv5\347\233\264\346\222\255\357\274\237.md"
 create mode 100644 "posts/tiyu-tiyu-zhibo/2024-07-12-\346\265\267\345\244\226\347\224\265\350\204\221\347\277\273\345\242\231\347\234\213cctv5\347\233\264\346\222\255\345\215\241\351\241\277\346\200\216\344\271\210\345\212\236.md"
 create mode 100644 "posts/tiyu-tiyu-zhibo/2024-07-13-cctv5\347\272\277\344\270\212\345\234\250\351\246\231\346\270\257\347\234\213\344\270\215\344\272\206\357\274\214\346\234\211\344\273\200\344\271\210\345\212\236\346\263\225\350\247\243\345\206\263.md"
 create mode 100644 "posts/tiyu-tiyu-zhibo/2024-07-16-\350\221\241\350\220\204\347\211\231\346\200\216\344\271\210\345\234\250\346\265\267\345\244\226\347\234\213cctv5\347\233\264\346\222\255.md"
 create mode 100644 "posts/tiyu-tiyu-zhibo/2024-07-17-\346\237\254\345\237\224\345\257\250\347\234\213cctv5\346\265\267\345\244\226\347\233\264\346\222\255\345\234\260\345\214\272\351\231\220\345\210\266\346\200\216\344\271\210\345\212\236.md"
 create mode 100644 "posts/tiyu-tiyu-zhibo/2024-07-18-cctv5\347\233\264\346\222\255\345\234\250\345\233\275\345\244\226\345\217\257\344\273\245\347\224\250\345\220\227\357\274\237.md"
 create mode 100644 "posts/tiyu-tiyu-zhibo/2024-07-27-\345\233\275\345\244\226\346\200\216\344\271\210\347\234\213cctv5\345\245\245\350\277\220\344\274\232\347\233\264\346\222\255.md"
 create mode 100644 "posts/tiyu-tiyu-zhibo/2024-07-27-\346\265\267\345\244\226\346\200\216\344\271\210\347\234\213\345\244\256\350\247\206\347\233\264\346\222\255-2.md"
 create mode 100644 "posts/tiyu-tiyu-zhibo/2024-07-30-2024\345\234\213\345\205\247cctv5\347\233\264\346\222\255\345\245\247\351\201\213\346\234\203\346\265\267\345\244\226\346\200\216\351\272\274\347\234\213.md"
 create mode 100644 "posts/tiyu-tiyu-zhibo/2024-07-30-\345\234\250\346\265\267\345\244\226\346\211\213\346\234\272\344\270\212\346\200\216\344\271\210\347\234\213cctv5\345\244\256\350\247\206\347\233\264\346\222\255.md"
 create mode 100644 "posts/tiyu-tiyu-zhibo/2024-07-30-\346\265\267\345\244\226cctv5\345\246\202\344\275\225\345\234\250\351\233\273\350\205\246\347\267\232\344\270\212\347\234\213.md"
 create mode 100644 "posts/tiyu-tiyu-zhibo/2024-07-31-cctv5\346\265\267\345\244\226\347\233\264\346\222\255\346\234\211\345\223\252\344\272\233\345\271\263\345\217\260\350\275\254\346\222\255\345\217\257\344\273\245\347\272\277\344\270\212\347\234\213.md"
 create mode 100644 "posts/tiyu-tiyu-zhibo/2024-07-31-\346\265\267\345\244\226\347\234\213\346\200\216\344\271\210\347\234\213cctv5\347\275\221\351\241\265\347\253\257\347\233\264\346\222\255\357\274\214\345\234\250\351\202\243\351\207\214\345\217\257\344\273\245\347\234\213\345\275\225\346\222\255.md"
 create mode 100644 "posts/tiyu-tiyu-zhibo/2024-08-05-\345\234\250\347\276\216\345\234\213\346\200\216\351\272\274\347\234\213cctv5\347\233\264\346\222\255.md"
 create mode 100644 "posts/tiyu-tiyu-zhibo/2024-08-06-\346\265\267\345\244\226\350\256\277\351\227\256\345\233\275\345\206\205cctv5\347\272\277\344\270\212\347\233\264\346\222\255\346\234\211\345\234\260\345\214\272\351\231\220\345\210\266\346\200\216\344\271\210\345\212\236.md"
 create mode 100644 "posts/tiyu-tiyu-zhibo/2024-08-08-\346\265\267\345\244\226\347\234\213\345\233\275\345\206\205cctv5\345\260\217\347\250\213\345\272\217\347\234\213\344\270\215\344\272\206\346\200\216\344\271\210\345\212\236.md"
 create mode 100644 "posts/yingyin-huiguo-yingyin/2024-07-22-b\347\253\231\345\214\272\345\237\237\351\231\220\345\210\266\346\265\267\345\244\226\347\240\264\350\247\243\346\226\271\346\263\225.md"
 create mode 100644 "posts/yingyin-huiguo-yingyin/2024-07-24-b\347\253\231\345\214\272\345\237\237\351\231\220\345\210\266\346\211\213\346\234\272\344\270\212\346\200\216\344\271\210\350\247\243\345\206\263.md"
 create mode 100644 "posts/yinyue-yinyue-yinpin/2024-07-17-\345\234\250\345\233\275\345\244\226\346\200\216\344\271\210\347\224\250\351\205\267\347\213\227\351\237\263\344\271\220\357\274\237.md"
 create mode 100644 "posts/yinyue-yinyue-yinpin/2024-07-18-\345\233\275\345\244\226\351\205\267\347\213\227\351\237\263\344\271\220\347\211\210\346\235\203\351\231\220\345\210\266\347\240\264\350\247\243.md"
 create mode 100644 "posts/yinyue-yinyue-yinpin/2024-07-18-\347\275\221\346\230\223\344\272\221\351\237\263\344\271\220\345\233\275\345\244\226\345\220\254\346\255\214\347\211\210\346\235\203\351\231\220\345\210\266\346\200\216\344\271\210\345\212\236\357\274\237.md"
 create mode 100644 "posts/yinyue-yinyue-yinpin/2024-07-18-\350\247\243\351\231\244qq\351\237\263\344\271\220\346\265\267\345\244\226\351\231\220\345\210\266.md"
 create mode 100644 "posts/yinyue-yinyue-yinpin/2024-07-19-\345\226\234\351\251\254\346\213\211\351\233\205\346\265\267\345\244\226\345\234\260\345\214\272\351\231\220\345\210\266\346\200\216\344\271\210\350\247\243\345\206\263.md"
 create mode 100644 "posts/yinyue-yinyue-yinpin/2024-07-24-\345\226\234\351\251\254\346\213\211\351\233\205\345\234\250\345\233\275\345\244\226\346\234\211\347\211\210\346\235\203\351\231\220\345\210\266\346\200\216\344\271\210\345\212\236.md"
 create mode 100644 "posts/youxi-huiguo-youxi/2024-07-08-\345\234\250\345\233\275\345\244\226\344\270\213\350\275\275\345\233\275\345\206\205\346\270\270\346\210\217\346\205\242\346\200\216\344\271\210\345\212\236\357\274\237.md"
 create mode 100644 "posts/youxi-huiguo-youxi/2024-07-22-\346\265\267\345\244\226\345\246\202\344\275\225\347\216\251\347\216\213\350\200\205\350\215\243\350\200\200.md"
 create mode 100644 "posts/youxi-huiguo-youxi/2024-07-23-\345\234\250\345\233\275\345\244\226\347\216\251\343\200\212\345\216\237\347\245\236\343\200\213\344\270\215\345\215\241\347\232\204\346\226\271\346\263\225.md"
 create mode 100644 "posts/youxi-huiguo-youxi/2024-07-23-\345\234\250\346\265\267\345\244\226\346\200\216\344\271\210\347\216\251\346\210\221\347\232\204\344\270\226\347\225\214\345\233\275\346\234\215\346\211\213\346\270\270.md"
 create mode 100644 "posts/youxi-huiguo-youxi/2024-07-26-\345\234\250\345\233\275\345\244\226\346\200\216\344\271\210\346\211\223\345\233\275\345\206\205\346\270\270\346\210\217\357\274\237.md"
 create mode 100644 "posts/youxi-huiguo-youxi/2024-07-26-\347\231\276\345\272\246\347\275\221\347\233\230\346\265\267\345\244\226\347\231\273\345\275\225\344\270\215\344\270\212\346\200\216\344\271\210\345\212\236\357\274\237.md"
To https://github.com/huiguojiasuqi/huiguojiasuqi.git
   90083e5..adcdbcf  main -> main
[2026-09-10 18:17:13] batch start=1730 n=50
  1057 -> posts/yinyue-yinyue-yinpin/2024-06-29-网易云音乐海外地区限制怎么解决.md (2434 chars)
  1053 -> posts/yinyue-yinyue-yinpin/2024-06-28-国外酷我音乐有地区限制，该怎么使用.md (2059 chars)
  1049 -> posts/jiaocheng-shiyong-jiaocheng/2024-06-27-海外如何下载百度网盘文件.md (2266 chars)
  1044 -> posts/youxi-huiguo-youxi/2024-06-26-原神国服在国外怎么玩.md (4638 chars)
  1041 -> posts/tiyu-tiyu-zhibo/2024-06-25-海外怎么看央视直播.md (2731 chars)
  1039 -> posts/tiyu-tiyu-zhibo/2024-06-24-cctv5-live在海外怎么看.md (2050 chars)
  1035 -> posts/tiyu-tiyu-zhibo/2024-06-21-cctv5海外直播：海外华人怎么看？cctv5地区限制解决方法.md (2258 chars)
  1017 -> posts/tiyu-tiyu-zhibo/2024-06-20-如何在海外观看cctv5直播.md (1636 chars)
  1013 -> posts/tiyu-tiyu-zhibo/2024-06-18-海外看cctv5欧洲杯怎么看.md (3297 chars)
  1010 -> posts/tiyu-tiyu-zhibo/2024-06-17-海外cctv5地区限制怎么看欧洲杯直播.md (2520 chars)
  995 -> posts/jiaocheng-shiyong-jiaocheng/2024-06-14-在国外登录不了国内学校的网站.md (2476 chars)
  984 -> posts/yinyue-yinyue-yinpin/2024-06-13-iphone-qq音乐您所在的地区没有音源怎么办？.md (3016 chars)
  978 -> posts/yinyue-yinyue-yinpin/2024-06-12-解除网易云音乐播放限制.md (1783 chars)
  976 -> posts/tiyu-tiyu-zhibo/2024-06-11-在德国留学生在境外如何观看cctv5.md (2626 chars)
  974 -> posts/jiaocheng-shiyong-jiaocheng/2024-06-07-外国人访问中国网站有没有限制.md (2299 chars)
  971 -> posts/yingyin-huiguo-yingyin/2024-06-07-在国外看国内视频受限怎么办.md (2364 chars)
  968 -> posts/jiaocheng-shiyong-jiaocheng/2024-06-05-国外访问中国网站受限吗？.md (1721 chars)
  966 -> posts/jiaocheng-shiyong-jiaocheng/2024-06-05-外网网络怎么访问中国内地网站.md (1862 chars)
  964 -> posts/jiaocheng-shiyong-jiaocheng/2024-06-03-在伊朗如何访问国内网站.md (1390 chars)
  962 -> posts/jiaocheng-shiyong-jiaocheng/2024-06-03-怎样在境外登陆中国国内网页.md (1246 chars)
  960 -> posts/youxi-huiguo-youxi/2024-05-31-美国玩国内游戏用什么加速器.md (2416 chars)
  954 -> posts/jiaocheng-shiyong-jiaocheng/2024-05-27-如何解决愛奇藝版權限制：创意方法探索.md (1313 chars)
  952 -> posts/jiaocheng-shiyong-jiaocheng/2024-05-25-穿梭和快帆好用吗？.md (2882 chars)
  950 -> posts/tiyu-tiyu-zhibo/2024-05-23-cctv5海外直播：如何解决地区限制观看国内直播.md (1662 chars)
  943 -> posts/jiaocheng-shiyong-jiaocheng/2024-05-22-golink加速器好用吗？和番茄加速器对比哪个回国效果.md (2331 chars)
  939 -> posts/jiaocheng-shiyong-jiaocheng/2024-05-22-sixfast加速器好用吗？和golink加速器对比哪个回国效果更.md (2445 chars)
  936 -> posts/jiaocheng-shiyong-jiaocheng/2024-05-21-在国外上不了国内的网.md (2372 chars)
  932 -> posts/jiaocheng-shiyong-jiaocheng/2024-05-18-完美的她：国外怎么看？.md (1451 chars)
  925 -> posts/yingyin-huiguo-yingyin/2024-05-15-电视剧《老家伙》国外怎么看？爱奇艺海外观看.md (1101 chars)
  920 -> posts/jiaocheng-shiyong-jiaocheng/2024-05-13-我的少年时代国外怎么看.md (1083 chars)
  916 -> posts/yingyin-huiguo-yingyin/2024-05-13-《请和这样的我恋爱吧》海外观看指南：解锁爱奇.md (1314 chars)
  911 -> posts/jiaocheng-shiyong-jiaocheng/2024-05-11-不可告人-在国外怎么看.md (1273 chars)
  909 -> posts/yingyin-huiguo-yingyin/2024-05-09-国外怎么看《哈哈哈哈哈第四季》？爱奇艺地区版.md (1102 chars)
  907 -> posts/yingyin-huiguo-yingyin/2024-05-09-国外观看《种地吧》第二季：爱奇艺海外地区限制.md (1239 chars)
  893 -> posts/yingyin-huiguo-yingyin/2024-05-08-国外怎么看《我的阿勒泰》？爱奇艺海外地区限制.md (1138 chars)
  887 -> posts/yingyin-huiguo-yingyin/2024-05-07-爱奇艺海外怎么看《宁安如梦》.md (1225 chars)
  883 -> posts/yingyin-huiguo-yingyin/2024-05-06-爱奇艺电视剧版权限制：南来北往在国外怎么看？.md (1309 chars)
  880 -> posts/jiaocheng-shiyong-jiaocheng/2024-04-30-免费访问中国的vpn有哪些.md (3074 chars)
  873 -> posts/jiaocheng-shiyong-jiaocheng/2024-04-29-在国外怎么降低国内延迟-访问国内加速.md (1558 chars)
  859 -> posts/youxi-huiguo-youxi/2024-04-29-如何解决国外玩国内游戏延迟高的问题.md (1109 chars)
  857 -> posts/youxi-huiguo-youxi/2024-04-27-美国玩王者荣耀用什么加速器.md (2578 chars)
  852 -> posts/jiaocheng-shiyong-jiaocheng/2024-04-26-回国加速器能加速国内app吗.md (1842 chars)
  849 -> posts/jiaocheng-shiyong-jiaocheng/2024-04-25-在国外登录中国网站需要vpn吗.md (1280 chars)
  847 -> posts/jiaocheng-shiyong-jiaocheng/2024-04-24-海外访问国内网站如何加速：翻墙回国指南.md (1559 chars)
  844 -> posts/youxi-huiguo-youxi/2024-04-24-国外玩dnf端游用什么回国加速器.md (1356 chars)
  827 -> posts/jiaocheng-shiyong-jiaocheng/2024-04-22-翻墙回国最快的方法：海外华人留学生翻墙访问国.md (7317 chars)
  825 -> posts/jiaocheng-shiyong-jiaocheng/2024-04-20-有哪些好用的回国加速器.md (3176 chars)
  816 -> posts/jiaocheng-shiyong-jiaocheng/2024-04-19-旋风-加速器.md (1581 chars)
  814 -> posts/jiaocheng-shiyong-jiaocheng/2024-04-19-uu-加速器海外怎么用.md (1829 chars)
  811 -> posts/jiaocheng-shiyong-jiaocheng/2024-04-18-国外怎么访问国内政府网站-登录不了怎么办.md (1074 chars)
done: ok=50 fail=0
[main 1f088a2] publish: posts batch start=1730 n=50 (total 1780)
 50 files changed, 4158 insertions(+)
 create mode 100644 "posts/jiaocheng-shiyong-jiaocheng/2024-04-18-\345\233\275\345\244\226\346\200\216\344\271\210\350\256\277\351\227\256\345\233\275\345\206\205\346\224\277\345\272\234\347\275\221\347\253\231-\347\231\273\345\275\225\344\270\215\344\272\206\346\200\216\344\271\210\345\212\236.md"
 create mode 100644 "posts/jiaocheng-shiyong-jiaocheng/2024-04-19-uu-\345\212\240\351\200\237\345\231\250\346\265\267\345\244\226\346\200\216\344\271\210\347\224\250.md"
 create mode 100644 "posts/jiaocheng-shiyong-jiaocheng/2024-04-19-\346\227\213\351\243\216-\345\212\240\351\200\237\345\231\250.md"
 create mode 100644 "posts/jiaocheng-shiyong-jiaocheng/2024-04-20-\346\234\211\345\223\252\344\272\233\345\245\275\347\224\250\347\232\204\345\233\236\345\233\275\345\212\240\351\200\237\345\231\250.md"
 create mode 100644 "posts/jiaocheng-shiyong-jiaocheng/2024-04-22-\347\277\273\345\242\231\345\233\236\345\233\275\346\234\200\345\277\253\347\232\204\346\226\271\346\263\225\357\274\232\346\265\267\345\244\226\345\215\216\344\272\272\347\225\231\345\255\246\347\224\237\347\277\273\345\242\231\350\256\277\351\227\256\345\233\275.md"
 create mode 100644 "posts/jiaocheng-shiyong-jiaocheng/2024-04-24-\346\265\267\345\244\226\350\256\277\351\227\256\345\233\275\345\206\205\347\275\221\347\253\231\345\246\202\344\275\225\345\212\240\351\200\237\357\274\232\347\277\273\345\242\231\345\233\236\345\233\275\346\214\207\345\215\227.md"
 create mode 100644 "posts/jiaocheng-shiyong-jiaocheng/2024-04-25-\345\234\250\345\233\275\345\244\226\347\231\273\345\275\225\344\270\255\345\233\275\347\275\221\347\253\231\351\234\200\350\246\201vpn\345\220\227.md"
 create mode 100644 "posts/jiaocheng-shiyong-jiaocheng/2024-04-26-\345\233\236\345\233\275\345\212\240\351\200\237\345\231\250\350\203\275\345\212\240\351\200\237\345\233\275\345\206\205app\345\220\227.md"
 create mode 100644 "posts/jiaocheng-shiyong-jiaocheng/2024-04-29-\345\234\250\345\233\275\345\244\226\346\200\216\344\271\210\351\231\215\344\275\216\345\233\275\345\206\205\345\273\266\350\277\237-\350\256\277\351\227\256\345\233\275\345\206\205\345\212\240\351\200\237.md"
 create mode 100644 "posts/jiaocheng-shiyong-jiaocheng/2024-04-30-\345\205\215\350\264\271\350\256\277\351\227\256\344\270\255\345\233\275\347\232\204vpn\346\234\211\345\223\252\344\272\233.md"
 create mode 100644 "posts/jiaocheng-shiyong-jiaocheng/2024-05-11-\344\270\215\345\217\257\345\221\212\344\272\272-\345\234\250\345\233\275\345\244\226\346\200\216\344\271\210\347\234\213.md"
 create mode 100644 "posts/jiaocheng-shiyong-jiaocheng/2024-05-13-\346\210\221\347\232\204\345\260\221\345\271\264\346\227\266\344\273\243\345\233\275\345\244\226\346\200\216\344\271\210\347\234\213.md"
 create mode 100644 "posts/jiaocheng-shiyong-jiaocheng/2024-05-18-\345\256\214\347\276\216\347\232\204\345\245\271\357\274\232\345\233\275\345\244\226\346\200\216\344\271\210\347\234\213\357\274\237.md"
 create mode 100644 "posts/jiaocheng-shiyong-jiaocheng/2024-05-21-\345\234\250\345\233\275\345\244\226\344\270\212\344\270\215\344\272\206\345\233\275\345\206\205\347\232\204\347\275\221.md"
 create mode 100644 "posts/jiaocheng-shiyong-jiaocheng/2024-05-22-golink\345\212\240\351\200\237\345\231\250\345\245\275\347\224\250\345\220\227\357\274\237\345\222\214\347\225\252\350\214\204\345\212\240\351\200\237\345\231\250\345\257\271\346\257\224\345\223\252\344\270\252\345\233\236\345\233\275\346\225\210\346\236\234.md"
 create mode 100644 "posts/jiaocheng-shiyong-jiaocheng/2024-05-22-sixfast\345\212\240\351\200\237\345\231\250\345\245\275\347\224\250\345\220\227\357\274\237\345\222\214golink\345\212\240\351\200\237\345\231\250\345\257\271\346\257\224\345\223\252\344\270\252\345\233\236\345\233\275\346\225\210\346\236\234\346\233\264.md"
 create mode 100644 "posts/jiaocheng-shiyong-jiaocheng/2024-05-25-\347\251\277\346\242\255\345\222\214\345\277\253\345\270\206\345\245\275\347\224\250\345\220\227\357\274\237.md"
 create mode 100644 "posts/jiaocheng-shiyong-jiaocheng/2024-05-27-\345\246\202\344\275\225\350\247\243\345\206\263\346\204\233\345\245\207\350\227\235\347\211\210\346\254\212\351\231\220\345\210\266\357\274\232\345\210\233\346\204\217\346\226\271\346\263\225\346\216\242\347\264\242.md"
 create mode 100644 "posts/jiaocheng-shiyong-jiaocheng/2024-06-03-\345\234\250\344\274\212\346\234\227\345\246\202\344\275\225\350\256\277\351\227\256\345\233\275\345\206\205\347\275\221\347\253\231.md"
 create mode 100644 "posts/jiaocheng-shiyong-jiaocheng/2024-06-03-\346\200\216\346\240\267\345\234\250\345\242\203\345\244\226\347\231\273\351\231\206\344\270\255\345\233\275\345\233\275\345\206\205\347\275\221\351\241\265.md"
 create mode 100644 "posts/jiaocheng-shiyong-jiaocheng/2024-06-05-\345\233\275\345\244\226\350\256\277\351\227\256\344\270\255\345\233\275\347\275\221\347\253\231\345\217\227\351\231\220\345\220\227\357\274\237.md"
 create mode 100644 "posts/jiaocheng-shiyong-jiaocheng/2024-06-05-\345\244\226\347\275\221\347\275\221\347\273\234\346\200\216\344\271\210\350\256\277\351\227\256\344\270\255\345\233\275\345\206\205\345\234\260\347\275\221\347\253\231.md"
 create mode 100644 "posts/jiaocheng-shiyong-jiaocheng/2024-06-07-\345\244\226\345\233\275\344\272\272\350\256\277\351\227\256\344\270\255\345\233\275\347\275\221\347\253\231\346\234\211\346\262\241\346\234\211\351\231\220\345\210\266.md"
 create mode 100644 "posts/jiaocheng-shiyong-jiaocheng/2024-06-14-\345\234\250\345\233\275\345\244\226\347\231\273\345\275\225\344\270\215\344\272\206\345\233\275\345\206\205\345\255\246\346\240\241\347\232\204\347\275\221\347\253\231.md"
 create mode 100644 "posts/jiaocheng-shiyong-jiaocheng/2024-06-27-\346\265\267\345\244\226\345\246\202\344\275\225\344\270\213\350\275\275\347\231\276\345\272\246\347\275\221\347\233\230\346\226\207\344\273\266.md"
 create mode 100644 "posts/tiyu-tiyu-zhibo/2024-05-23-cctv5\346\265\267\345\244\226\347\233\264\346\222\255\357\274\232\345\246\202\344\275\225\350\247\243\345\206\263\345\234\260\345\214\272\351\231\220\345\210\266\350\247\202\347\234\213\345\233\275\345\206\205\347\233\264\346\222\255.md"
 create mode 100644 "posts/tiyu-tiyu-zhibo/2024-06-11-\345\234\250\345\276\267\345\233\275\347\225\231\345\255\246\347\224\237\345\234\250\345\242\203\345\244\226\345\246\202\344\275\225\350\247\202\347\234\213cctv5.md"
 create mode 100644 "posts/tiyu-tiyu-zhibo/2024-06-17-\346\265\267\345\244\226cctv5\345\234\260\345\214\272\351\231\220\345\210\266\346\200\216\344\271\210\347\234\213\346\254\247\346\264\262\346\235\257\347\233\264\346\222\255.md"
 create mode 100644 "posts/tiyu-tiyu-zhibo/2024-06-18-\346\265\267\345\244\226\347\234\213cctv5\346\254\247\346\264\262\346\235\257\346\200\216\344\271\210\347\234\213.md"
 create mode 100644 "posts/tiyu-tiyu-zhibo/2024-06-20-\345\246\202\344\275\225\345\234\250\346\265\267\345\244\226\350\247\202\347\234\213cctv5\347\233\264\346\222\255.md"
 create mode 100644 "posts/tiyu-tiyu-zhibo/2024-06-21-cctv5\346\265\267\345\244\226\347\233\264\346\222\255\357\274\232\346\265\267\345\244\226\345\215\216\344\272\272\346\200\216\344\271\210\347\234\213\357\274\237cctv5\345\234\260\345\214\272\351\231\220\345\210\266\350\247\243\345\206\263\346\226\271\346\263\225.md"
 create mode 100644 "posts/tiyu-tiyu-zhibo/2024-06-24-cctv5-live\345\234\250\346\265\267\345\244\226\346\200\216\344\271\210\347\234\213.md"
 create mode 100644 "posts/tiyu-tiyu-zhibo/2024-06-25-\346\265\267\345\244\226\346\200\216\344\271\210\347\234\213\345\244\256\350\247\206\347\233\264\346\222\255.md"
 create mode 100644 "posts/yingyin-huiguo-yingyin/2024-05-06-\347\210\261\345\245\207\350\211\272\347\224\265\350\247\206\345\211\247\347\211\210\346\235\203\351\231\220\345\210\266\357\274\232\345\215\227\346\235\245\345\214\227\345\276\200\345\234\250\345\233\275\345\244\226\346\200\216\344\271\210\347\234\213\357\274\237.md"
 create mode 100644 "posts/yingyin-huiguo-yingyin/2024-05-07-\347\210\261\345\245\207\350\211\272\346\265\267\345\244\226\346\200\216\344\271\210\347\234\213\343\200\212\345\256\201\345\256\211\345\246\202\346\242\246\343\200\213.md"
 create mode 100644 "posts/yingyin-huiguo-yingyin/2024-05-08-\345\233\275\345\244\226\346\200\216\344\271\210\347\234\213\343\200\212\346\210\221\347\232\204\351\230\277\345\213\222\346\263\260\343\200\213\357\274\237\347\210\261\345\245\207\350\211\272\346\265\267\345\244\226\345\234\260\345\214\272\351\231\220\345\210\266.md"
 create mode 100644 "posts/yingyin-huiguo-yingyin/2024-05-09-\345\233\275\345\244\226\346\200\216\344\271\210\347\234\213\343\200\212\345\223\210\345\223\210\345\223\210\345\223\210\345\223\210\347\254\254\345\233\233\345\255\243\343\200\213\357\274\237\347\210\261\345\245\207\350\211\272\345\234\260\345\214\272\347\211\210.md"
 create mode 100644 "posts/yingyin-huiguo-yingyin/2024-05-09-\345\233\275\345\244\226\350\247\202\347\234\213\343\200\212\347\247\215\345\234\260\345\220\247\343\200\213\347\254\254\344\272\214\345\255\243\357\274\232\347\210\261\345\245\207\350\211\272\346\265\267\345\244\226\345\234\260\345\214\272\351\231\220\345\210\266.md"
 create mode 100644 "posts/yingyin-huiguo-yingyin/2024-05-13-\343\200\212\350\257\267\345\222\214\350\277\231\346\240\267\347\232\204\346\210\221\346\201\213\347\210\261\345\220\247\343\200\213\346\265\267\345\244\226\350\247\202\347\234\213\346\214\207\345\215\227\357\274\232\350\247\243\351\224\201\347\210\261\345\245\207.md"
 create mode 100644 "posts/yingyin-huiguo-yingyin/2024-05-15-\347\224\265\350\247\206\345\211\247\343\200\212\350\200\201\345\256\266\344\274\231\343\200\213\345\233\275\345\244\226\346\200\216\344\271\210\347\234\213\357\274\237\347\210\261\345\245\207\350\211\272\346\265\267\345\244\226\350\247\202\347\234\213.md"
 create mode 100644 "posts/yingyin-huiguo-yingyin/2024-06-07-\345\234\250\345\233\275\345\244\226\347\234\213\345\233\275\345\206\205\350\247\206\351\242\221\345\217\227\351\231\220\346\200\216\344\271\210\345\212\236.md"
 create mode 100644 "posts/yinyue-yinyue-yinpin/2024-06-12-\350\247\243\351\231\244\347\275\221\346\230\223\344\272\221\351\237\263\344\271\220\346\222\255\346\224\276\351\231\220\345\210\266.md"
 create mode 100644 "posts/yinyue-yinyue-yinpin/2024-06-13-iphone-qq\351\237\263\344\271\220\346\202\250\346\211\200\345\234\250\347\232\204\345\234\260\345\214\272\346\262\241\346\234\211\351\237\263\346\272\220\346\200\216\344\271\210\345\212\236\357\274\237.md"
 create mode 100644 "posts/yinyue-yinyue-yinpin/2024-06-28-\345\233\275\345\244\226\351\205\267\346\210\221\351\237\263\344\271\220\346\234\211\345\234\260\345\214\272\351\231\220\345\210\266\357\274\214\350\257\245\346\200\216\344\271\210\344\275\277\347\224\250.md"
 create mode 100644 "posts/yinyue-yinyue-yinpin/2024-06-29-\347\275\221\346\230\223\344\272\221\351\237\263\344\271\220\346\265\267\345\244\226\345\234\260\345\214\272\351\231\220\345\210\266\346\200\216\344\271\210\350\247\243\345\206\263.md"
 create mode 100644 "posts/youxi-huiguo-youxi/2024-04-24-\345\233\275\345\244\226\347\216\251dnf\347\253\257\346\270\270\347\224\250\344\273\200\344\271\210\345\233\236\345\233\275\345\212\240\351\200\237\345\231\250.md"
 create mode 100644 "posts/youxi-huiguo-youxi/2024-04-27-\347\276\216\345\233\275\347\216\251\347\216\213\350\200\205\350\215\243\350\200\200\347\224\250\344\273\200\344\271\210\345\212\240\351\200\237\345\231\250.md"
 create mode 100644 "posts/youxi-huiguo-youxi/2024-04-29-\345\246\202\344\275\225\350\247\243\345\206\263\345\233\275\345\244\226\347\216\251\345\233\275\345\206\205\346\270\270\346\210\217\345\273\266\350\277\237\351\253\230\347\232\204\351\227\256\351\242\230.md"
 create mode 100644 "posts/youxi-huiguo-youxi/2024-05-31-\347\276\216\345\233\275\347\216\251\345\233\275\345\206\205\346\270\270\346\210\217\347\224\250\344\273\200\344\271\210\345\212\240\351\200\237\345\231\250.md"
 create mode 100644 "posts/youxi-huiguo-youxi/2024-06-26-\345\216\237\347\245\236\345\233\275\346\234\215\345\234\250\345\233\275\345\244\226\346\200\216\344\271\210\347\216\251.md"
To https://github.com/huiguojiasuqi/huiguojiasuqi.git
   adcdbcf..1f088a2  main -> main
[2026-09-10 18:17:38] batch start=1780 n=50
  809 -> posts/jiaocheng-shiyong-jiaocheng/2024-04-18-如何在国外登陆国内网站：国外翻墙回国指南.md (1796 chars)
  807 -> posts/jiaocheng-shiyong-jiaocheng/2024-04-17-免费-vpn-翻墙回国指南：回国vpn-地区限制解决方案.md (1045 chars)
  805 -> posts/jiaocheng-shiyong-jiaocheng/2024-04-17-回国vpn免费：如何使用回国vpn解决地区限制问题.md (1010 chars)
  800 -> posts/yinyue-yinyue-yinpin/2024-04-16-酷狗音乐-海外-破解版：使用指南.md (1218 chars)
  799 -> posts/yinyue-yinyue-yinpin/2024-04-16-如何在海外使用酷狗音乐海外版.md (1269 chars)
  797 -> posts/tiyu-tiyu-zhibo/2024-04-11-海外如何观看咪咕体育世界杯海外比赛？.md (1916 chars)
  792 -> posts/tiyu-tiyu-zhibo/2024-04-11-如何在美国使用回国vpn观看咪咕体育？.md (1075 chars)
  790 -> posts/tiyu-tiyu-zhibo/2024-04-10-在海外如何观看cctv5？小米盒子解决方案.md (1479 chars)
  786 -> posts/tiyu-tiyu-zhibo/2024-04-10-海外cctv5在线直播有地区限制解决方法.md (1371 chars)
  781 -> posts/tiyu-tiyu-zhibo/2024-04-09-如何在海外观看cctv5？一位华人的指南.md (1793 chars)
  765 -> posts/tiyu-tiyu-zhibo/2024-04-09-cctv5-live-海外.md (1867 chars)
  759 -> posts/yingyin-huiguo-yingyin/2024-04-07-如何在国外观看国内电影.md (1567 chars)
  756 -> posts/jiaocheng-shiyong-jiaocheng/2024-04-07-全民k歌所在地区无法提供服务.md (1157 chars)
  754 -> posts/yingyin-huiguo-yingyin/2024-04-01-中东地区怎么解除微信地区限制，以及加速访问微.md (1522 chars)
  746 -> posts/youxi-huiguo-youxi/2024-03-28-原神国服在国外可以玩吗？国外玩原神国服的方法.md (2681 chars)
  742 -> posts/jiaocheng-shiyong-jiaocheng/2024-03-27-国外打开同花顺app太慢怎么解决.md (2343 chars)
  739 -> posts/yingyin-huiguo-yingyin/2024-03-27-电视盒子上面的腾讯视频地区版权限制怎么办？怎.md (1222 chars)
  732 -> posts/jiaocheng-shiyong-jiaocheng/2024-03-26-国外打开钉钉很慢-钉钉地区限制.md (2675 chars)
  729 -> posts/jiaocheng-shiyong-jiaocheng/2024-03-26-国外百度云下载太慢怎么办-国外怎么加速下载国内.md (1715 chars)
  727 -> posts/bangong-bangong-baokao/2024-03-25-国外手机玩微信小程序打不开怎么办.md (1949 chars)
  713 -> posts/yinyue-yinyue-yinpin/2024-03-23-解除网易云音乐海外地区无法播放问题.md (1278 chars)
  708 -> posts/jiaocheng-shiyong-jiaocheng/2024-03-22-在美国如何翻墙回国.md (3006 chars)
  704 -> posts/jiaocheng-shiyong-jiaocheng/2024-03-22-在国外玩元梦之星用什么加速器.md (1760 chars)
  698 -> posts/jiaocheng-shiyong-jiaocheng/2024-03-21-在国外怎么看国内的电视剧？.md (1786 chars)
  694 -> posts/duanju-duanju-zhibo/2024-03-21-在美国可以用虎牙直播吗？.md (1463 chars)
  691 -> posts/jiaocheng-shiyong-jiaocheng/2024-03-20-国外加载国内网页慢怎么解决.md (1411 chars)
  686 -> posts/yinyue-yinyue-yinpin/2024-03-18-qq音乐海外能用吗？.md (2178 chars)
  681 -> posts/jiaocheng-shiyong-jiaocheng/2024-03-18-那种回国加速器可以不用实名.md (2155 chars)
  657 -> posts/duanju-duanju-zhibo/2024-03-15-国内电视直播地域限制怎么解除.md (2705 chars)
  651 -> posts/jiaocheng-shiyong-jiaocheng/2024-03-15-国外观看电视剧的地区限制解决方案.md (1776 chars)
  650 -> posts/jiaocheng-shiyong-jiaocheng/2024-03-15-国外访问中国网站的vpn.md (866 chars)
  648 -> posts/jiaocheng-shiyong-jiaocheng/2024-03-14-海外访问国内留学生常用番茄回国vpn.md (1094 chars)
  644 -> posts/jiaocheng-shiyong-jiaocheng/2024-03-14-海外访问国内取消地域限制.md (1643 chars)
  640 -> posts/youxi-huiguo-youxi/2024-03-13-在国外玩网易我的世界需要回国加速器吗？.md (885 chars)
  635 -> posts/youxi-huiguo-youxi/2024-03-13-635-2.md (1251 chars)
  631 -> posts/youxi-huiguo-youxi/2024-03-12-坦克世界免费回国加速器：提升游戏体验的终极秘.md (2259 chars)
  626 -> posts/yingyin-huiguo-yingyin/2024-03-12-国外如何访问国内爱奇艺-破解爱奇艺版权限制.md (2074 chars)
  622 -> posts/jiaocheng-shiyong-jiaocheng/2024-03-11-国外无法连接西藏网络.md (1258 chars)
  617 -> posts/youxi-huiguo-youxi/2024-03-08-国外玩国内游戏怎么减少网络延迟-回国游戏加速器.md (2119 chars)
  613 -> posts/jiaocheng-shiyong-jiaocheng/2024-03-07-为什么爱艺奇由于版权限制您所在的地区无法观看.md (1677 chars)
  607 -> posts/jiaocheng-shiyong-jiaocheng/2024-03-06-windows可用的回国加速器.md (1483 chars)
  598 -> posts/yingyin-huiguo-yingyin/2024-03-05-爱奇艺如何更改国内地区？.md (2672 chars)
  595 -> posts/jiaocheng-shiyong-jiaocheng/2024-03-04-国外留学用什么vpn访问国内.md (785 chars)
  590 -> posts/youxi-huiguo-youxi/2024-02-29-国外玩国内游戏用什么加速器.md (888 chars)
  587 -> posts/jiaocheng-shiyong-jiaocheng/2024-02-28-欧洲留学生在国外怎么翻墙回国内.md (1051 chars)
  583 -> posts/yingyin-huiguo-yingyin/2024-02-27-安卓用户在国外如何观看国内的b站番剧？.md (1267 chars)
  576 -> posts/youxi-huiguo-youxi/2024-02-26-北美玩王者用什么加速器.md (1231 chars)
  578 -> posts/jiaocheng-shiyong-jiaocheng/2024-02-26-2024国外翻墙回国的方法.md (1089 chars)
done: ok=48 fail=2
  FAIL 690: no body
  FAIL 645: no body
[main 807a5da] publish: posts batch start=1780 n=50 (total 1828)
 48 files changed, 2890 insertions(+)
 create mode 100644 "posts/bangong-bangong-baokao/2024-03-25-\345\233\275\345\244\226\346\211\213\346\234\272\347\216\251\345\276\256\344\277\241\345\260\217\347\250\213\345\272\217\346\211\223\344\270\215\345\274\200\346\200\216\344\271\210\345\212\236.md"
 create mode 100644 "posts/duanju-duanju-zhibo/2024-03-15-\345\233\275\345\206\205\347\224\265\350\247\206\347\233\264\346\222\255\345\234\260\345\237\237\351\231\220\345\210\266\346\200\216\344\271\210\350\247\243\351\231\244.md"
 create mode 100644 "posts/duanju-duanju-zhibo/2024-03-21-\345\234\250\347\276\216\345\233\275\345\217\257\344\273\245\347\224\250\350\231\216\347\211\231\347\233\264\346\222\255\345\220\227\357\274\237.md"
 create mode 100644 "posts/jiaocheng-shiyong-jiaocheng/2024-02-26-2024\345\233\275\345\244\226\347\277\273\345\242\231\345\233\236\345\233\275\347\232\204\346\226\271\346\263\225.md"
 create mode 100644 "posts/jiaocheng-shiyong-jiaocheng/2024-02-28-\346\254\247\346\264\262\347\225\231\345\255\246\347\224\237\345\234\250\345\233\275\345\244\226\346\200\216\344\271\210\347\277\273\345\242\231\345\233\236\345\233\275\345\206\205.md"
 create mode 100644 "posts/jiaocheng-shiyong-jiaocheng/2024-03-04-\345\233\275\345\244\226\347\225\231\345\255\246\347\224\250\344\273\200\344\271\210vpn\350\256\277\351\227\256\345\233\275\345\206\205.md"
 create mode 100644 "posts/jiaocheng-shiyong-jiaocheng/2024-03-06-windows\345\217\257\347\224\250\347\232\204\345\233\236\345\233\275\345\212\240\351\200\237\345\231\250.md"
 create mode 100644 "posts/jiaocheng-shiyong-jiaocheng/2024-03-07-\344\270\272\344\273\200\344\271\210\347\210\261\350\211\272\345\245\207\347\224\261\344\272\216\347\211\210\346\235\203\351\231\220\345\210\266\346\202\250\346\211\200\345\234\250\347\232\204\345\234\260\345\214\272\346\227\240\346\263\225\350\247\202\347\234\213.md"
 create mode 100644 "posts/jiaocheng-shiyong-jiaocheng/2024-03-11-\345\233\275\345\244\226\346\227\240\346\263\225\350\277\236\346\216\245\350\245\277\350\227\217\347\275\221\347\273\234.md"
 create mode 100644 "posts/jiaocheng-shiyong-jiaocheng/2024-03-14-\346\265\267\345\244\226\350\256\277\351\227\256\345\233\275\345\206\205\345\217\226\346\266\210\345\234\260\345\237\237\351\231\220\345\210\266.md"
 create mode 100644 "posts/jiaocheng-shiyong-jiaocheng/2024-03-14-\346\265\267\345\244\226\350\256\277\351\227\256\345\233\275\345\206\205\347\225\231\345\255\246\347\224\237\345\270\270\347\224\250\347\225\252\350\214\204\345\233\236\345\233\275vpn.md"
 create mode 100644 "posts/jiaocheng-shiyong-jiaocheng/2024-03-15-\345\233\275\345\244\226\350\247\202\347\234\213\347\224\265\350\247\206\345\211\247\347\232\204\345\234\260\345\214\272\351\231\220\345\210\266\350\247\243\345\206\263\346\226\271\346\241\210.md"
 create mode 100644 "posts/jiaocheng-shiyong-jiaocheng/2024-03-15-\345\233\275\345\244\226\350\256\277\351\227\256\344\270\255\345\233\275\347\275\221\347\253\231\347\232\204vpn.md"
 create mode 100644 "posts/jiaocheng-shiyong-jiaocheng/2024-03-18-\351\202\243\347\247\215\345\233\236\345\233\275\345\212\240\351\200\237\345\231\250\345\217\257\344\273\245\344\270\215\347\224\250\345\256\236\345\220\215.md"
 create mode 100644 "posts/jiaocheng-shiyong-jiaocheng/2024-03-20-\345\233\275\345\244\226\345\212\240\350\275\275\345\233\275\345\206\205\347\275\221\351\241\265\346\205\242\346\200\216\344\271\210\350\247\243\345\206\263.md"
 create mode 100644 "posts/jiaocheng-shiyong-jiaocheng/2024-03-21-\345\234\250\345\233\275\345\244\226\346\200\216\344\271\210\347\234\213\345\233\275\345\206\205\347\232\204\347\224\265\350\247\206\345\211\247\357\274\237.md"
 create mode 100644 "posts/jiaocheng-shiyong-jiaocheng/2024-03-22-\345\234\250\345\233\275\345\244\226\347\216\251\345\205\203\346\242\246\344\271\213\346\230\237\347\224\250\344\273\200\344\271\210\345\212\240\351\200\237\345\231\250.md"
 create mode 100644 "posts/jiaocheng-shiyong-jiaocheng/2024-03-22-\345\234\250\347\276\216\345\233\275\345\246\202\344\275\225\347\277\273\345\242\231\345\233\236\345\233\275.md"
 create mode 100644 "posts/jiaocheng-shiyong-jiaocheng/2024-03-26-\345\233\275\345\244\226\346\211\223\345\274\200\351\222\211\351\222\211\345\276\210\346\205\242-\351\222\211\351\222\211\345\234\260\345\214\272\351\231\220\345\210\266.md"
 create mode 100644 "posts/jiaocheng-shiyong-jiaocheng/2024-03-26-\345\233\275\345\244\226\347\231\276\345\272\246\344\272\221\344\270\213\350\275\275\345\244\252\346\205\242\346\200\216\344\271\210\345\212\236-\345\233\275\345\244\226\346\200\216\344\271\210\345\212\240\351\200\237\344\270\213\350\275\275\345\233\275\345\206\205.md"
 create mode 100644 "posts/jiaocheng-shiyong-jiaocheng/2024-03-27-\345\233\275\345\244\226\346\211\223\345\274\200\345\220\214\350\212\261\351\241\272app\345\244\252\346\205\242\346\200\216\344\271\210\350\247\243\345\206\263.md"
 create mode 100644 "posts/jiaocheng-shiyong-jiaocheng/2024-04-07-\345\205\250\346\260\221k\346\255\214\346\211\200\345\234\250\345\234\260\345\214\272\346\227\240\346\263\225\346\217\220\344\276\233\346\234\215\345\212\241.md"
 create mode 100644 "posts/jiaocheng-shiyong-jiaocheng/2024-04-17-\345\205\215\350\264\271-vpn-\347\277\273\345\242\231\345\233\236\345\233\275\346\214\207\345\215\227\357\274\232\345\233\236\345\233\275vpn-\345\234\260\345\214\272\351\231\220\345\210\266\350\247\243\345\206\263\346\226\271\346\241\210.md"
 create mode 100644 "posts/jiaocheng-shiyong-jiaocheng/2024-04-17-\345\233\236\345\233\275vpn\345\205\215\350\264\271\357\274\232\345\246\202\344\275\225\344\275\277\347\224\250\345\233\236\345\233\275vpn\350\247\243\345\206\263\345\234\260\345\214\272\351\231\220\345\210\266\351\227\256\351\242\230.md"
 create mode 100644 "posts/jiaocheng-shiyong-jiaocheng/2024-04-18-\345\246\202\344\275\225\345\234\250\345\233\275\345\244\226\347\231\273\351\231\206\345\233\275\345\206\205\347\275\221\347\253\231\357\274\232\345\233\275\345\244\226\347\277\273\345\242\231\345\233\236\345\233\275\346\214\207\345\215\227.md"
 create mode 100644 "posts/tiyu-tiyu-zhibo/2024-04-09-cctv5-live-\346\265\267\345\244\226.md"
 create mode 100644 "posts/tiyu-tiyu-zhibo/2024-04-09-\345\246\202\344\275\225\345\234\250\346\265\267\345\244\226\350\247\202\347\234\213cctv5\357\274\237\344\270\200\344\275\215\345\215\216\344\272\272\347\232\204\346\214\207\345\215\227.md"
 create mode 100644 "posts/tiyu-tiyu-zhibo/2024-04-10-\345\234\250\346\265\267\345\244\226\345\246\202\344\275\225\350\247\202\347\234\213cctv5\357\274\237\345\260\217\347\261\263\347\233\222\345\255\220\350\247\243\345\206\263\346\226\271\346\241\210.md"
 create mode 100644 "posts/tiyu-tiyu-zhibo/2024-04-10-\346\265\267\345\244\226cctv5\345\234\250\347\272\277\347\233\264\346\222\255\346\234\211\345\234\260\345\214\272\351\231\220\345\210\266\350\247\243\345\206\263\346\226\271\346\263\225.md"
 create mode 100644 "posts/tiyu-tiyu-zhibo/2024-04-11-\345\246\202\344\275\225\345\234\250\347\276\216\345\233\275\344\275\277\347\224\250\345\233\236\345\233\275vpn\350\247\202\347\234\213\345\222\252\345\222\225\344\275\223\350\202\262\357\274\237.md"
 create mode 100644 "posts/tiyu-tiyu-zhibo/2024-04-11-\346\265\267\345\244\226\345\246\202\344\275\225\350\247\202\347\234\213\345\222\252\345\222\225\344\275\223\350\202\262\344\270\226\347\225\214\346\235\257\346\265\267\345\244\226\346\257\224\350\265\233\357\274\237.md"
 create mode 100644 "posts/yingyin-huiguo-yingyin/2024-02-27-\345\256\211\345\215\223\347\224\250\346\210\267\345\234\250\345\233\275\345\244\226\345\246\202\344\275\225\350\247\202\347\234\213\345\233\275\345\206\205\347\232\204b\347\253\231\347\225\252\345\211\247\357\274\237.md"
 create mode 100644 "posts/yingyin-huiguo-yingyin/2024-03-05-\347\210\261\345\245\207\350\211\272\345\246\202\344\275\225\346\233\264\346\224\271\345\233\275\345\206\205\345\234\260\345\214\272\357\274\237.md"
 create mode 100644 "posts/yingyin-huiguo-yingyin/2024-03-12-\345\233\275\345\244\226\345\246\202\344\275\225\350\256\277\351\227\256\345\233\275\345\206\205\347\210\261\345\245\207\350\211\272-\347\240\264\350\247\243\347\210\261\345\245\207\350\211\272\347\211\210\346\235\203\351\231\220\345\210\266.md"
 create mode 100644 "posts/yingyin-huiguo-yingyin/2024-03-27-\347\224\265\350\247\206\347\233\222\345\255\220\344\270\212\351\235\242\347\232\204\350\205\276\350\256\257\350\247\206\351\242\221\345\234\260\345\214\272\347\211\210\346\235\203\351\231\220\345\210\266\346\200\216\344\271\210\345\212\236\357\274\237\346\200\216.md"
 create mode 100644 "posts/yingyin-huiguo-yingyin/2024-04-01-\344\270\255\344\270\234\345\234\260\345\214\272\346\200\216\344\271\210\350\247\243\351\231\244\345\276\256\344\277\241\345\234\260\345\214\272\351\231\220\345\210\266\357\274\214\344\273\245\345\217\212\345\212\240\351\200\237\350\256\277\351\227\256\345\276\256.md"
 create mode 100644 "posts/yingyin-huiguo-yingyin/2024-04-07-\345\246\202\344\275\225\345\234\250\345\233\275\345\244\226\350\247\202\347\234\213\345\233\275\345\206\205\347\224\265\345\275\261.md"
 create mode 100644 "posts/yinyue-yinyue-yinpin/2024-03-18-qq\351\237\263\344\271\220\346\265\267\345\244\226\350\203\275\347\224\250\345\220\227\357\274\237.md"
 create mode 100644 "posts/yinyue-yinyue-yinpin/2024-03-23-\350\247\243\351\231\244\347\275\221\346\230\223\344\272\221\351\237\263\344\271\220\346\265\267\345\244\226\345\234\260\345\214\272\346\227\240\346\263\225\346\222\255\346\224\276\351\227\256\351\242\230.md"
 create mode 100644 "posts/yinyue-yinyue-yinpin/2024-04-16-\345\246\202\344\275\225\345\234\250\346\265\267\345\244\226\344\275\277\347\224\250\351\205\267\347\213\227\351\237\263\344\271\220\346\265\267\345\244\226\347\211\210.md"
 create mode 100644 "posts/yinyue-yinyue-yinpin/2024-04-16-\351\205\267\347\213\227\351\237\263\344\271\220-\346\265\267\345\244\226-\347\240\264\350\247\243\347\211\210\357\274\232\344\275\277\347\224\250\346\214\207\345\215\227.md"
 create mode 100644 "posts/youxi-huiguo-youxi/2024-02-26-\345\214\227\347\276\216\347\216\251\347\216\213\350\200\205\347\224\250\344\273\200\344\271\210\345\212\240\351\200\237\345\231\250.md"
 create mode 100644 "posts/youxi-huiguo-youxi/2024-02-29-\345\233\275\345\244\226\347\216\251\345\233\275\345\206\205\346\270\270\346\210\217\347\224\250\344\273\200\344\271\210\345\212\240\351\200\237\345\231\250.md"
 create mode 100644 "posts/youxi-huiguo-youxi/2024-03-08-\345\233\275\345\244\226\347\216\251\345\233\275\345\206\205\346\270\270\346\210\217\346\200\216\344\271\210\345\207\217\345\260\221\347\275\221\347\273\234\345\273\266\350\277\237-\345\233\236\345\233\275\346\270\270\346\210\217\345\212\240\351\200\237\345\231\250.md"
 create mode 100644 "posts/youxi-huiguo-youxi/2024-03-12-\345\235\246\345\205\213\344\270\226\347\225\214\345\205\215\350\264\271\345\233\236\345\233\275\345\212\240\351\200\237\345\231\250\357\274\232\346\217\220\345\215\207\346\270\270\346\210\217\344\275\223\351\252\214\347\232\204\347\273\210\346\236\201\347\247\230.md"
 create mode 100644 posts/youxi-huiguo-youxi/2024-03-13-635-2.md
 create mode 100644 "posts/youxi-huiguo-youxi/2024-03-13-\345\234\250\345\233\275\345\244\226\347\216\251\347\275\221\346\230\223\346\210\221\347\232\204\344\270\226\347\225\214\351\234\200\350\246\201\345\233\236\345\233\275\345\212\240\351\200\237\345\231\250\345\220\227\357\274\237.md"
 create mode 100644 "posts/youxi-huiguo-youxi/2024-03-28-\345\216\237\347\245\236\345\233\275\346\234\215\345\234\250\345\233\275\345\244\226\345\217\257\344\273\245\347\216\251\345\220\227\357\274\237\345\233\275\345\244\226\347\216\251\345\216\237\347\245\236\345\233\275\346\234\215\347\232\204\346\226\271\346\263\225.md"
To https://github.com/huiguojiasuqi/huiguojiasuqi.git
   1f088a2..807a5da  main -> main
[2026-09-10 18:18:02] batch start=1828 n=50
  573 -> posts/jiaocheng-shiyong-jiaocheng/2024-02-22-解决国内app地域限制的有效方法.md (1010 chars)
  566 -> posts/jiaocheng-shiyong-jiaocheng/2024-02-21-如何在国外登录中国国内的网站？.md (1606 chars)
  562 -> posts/jiaocheng-shiyong-jiaocheng/2024-02-20-海外华人翻墙回国有那些方法.md (991 chars)
  558 -> posts/youxi-huiguo-youxi/2024-02-19-在国外玩国服-lol用什么-加速器lol国服需要加速器吗.md (2042 chars)
  554 -> posts/yingyin-huiguo-yingyin/2024-01-26-在国外看优酷怎么解除地域限制：海外华人超级简.md (1555 chars)
  550 -> posts/yingyin-huiguo-yingyin/2024-01-26-解除b站区域限制：海外华人b站地区限制破解方法.md (1855 chars)
  548 -> posts/yingyin-huiguo-yingyin/2024-01-25-爱奇艺解除区域限制手机：海外华人的音频挑战解.md (1910 chars)
  545 -> posts/yinyue-yinyue-yinpin/2024-01-24-喜马拉雅版权限制：海外华人音乐与有声书籍的完.md (1503 chars)
  541 -> posts/yinyue-yinyue-yinpin/2024-01-24-喜马拉雅版权限制：海外华人如何绕过国内音乐app.md (1748 chars)
  537 -> posts/yinyue-yinyue-yinpin/2024-01-23-喜马拉雅版权限制：海外华人音乐需求的桎梏.md (1439 chars)
  534 -> posts/yinyue-yinyue-yinpin/2024-01-20-海外华人听喜马拉雅在国外地域限制怎么解决.md (1531 chars)
  530 -> posts/yinyue-yinyue-yinpin/2024-01-19-怎么取消喜马拉雅版权限制：海外华人看不了怎么.md (1519 chars)
  527 -> posts/yinyue-yinyue-yinpin/2024-01-19-喜马拉雅海外为什么用不了：在国外地区限制怎么.md (1523 chars)
  524 -> posts/yinyue-yinyue-yinpin/2024-01-18-喜马拉雅版权限制：海外华人的国外听喜马拉雅地.md (1652 chars)
  520 -> posts/jiaocheng-shiyong-jiaocheng/2024-01-17-海外华人和留学生的翻墙回中国vpn.md (1495 chars)
  504 -> posts/jiaocheng-shiyong-jiaocheng/2024-01-13-澳大利亚翻墙回国vpn由于版权限制您所在的地区无.md (1819 chars)
  502 -> posts/yingyin-huiguo-yingyin/2024-01-13-柬埔寨回国vpn：由于版权限制您所在的地区无法观.md (1463 chars)
  492 -> posts/jiaocheng-shiyong-jiaocheng/2024-01-13-免费翻墙回国由于版权限制您所在的地区无法观看.md (1727 chars)
  485 -> posts/jiaocheng-shiyong-jiaocheng/2024-01-12-立陶宛回国vpn由于版权限制您所在的地区无法观看.md (1722 chars)
  482 -> posts/yingyin-huiguo-yingyin/2024-01-12-尼日利亚回国vpn由于版权限制您所在的地区无法观.md (1840 chars)
  478 -> posts/yingyin-huiguo-yingyin/2024-01-12-白俄罗斯回国vpn由于版权限制您所在的地区无法观.md (807 chars)
  474 -> posts/yingyin-huiguo-yingyin/2024-01-12-缅甸由于版权限制您所在的地区无法观看该视频：.md (1337 chars)
  467 -> posts/yingyin-huiguo-yingyin/2024-01-11-意大利回国vpn由于版权限制您所在的地区无法观看.md (1980 chars)
  464 -> posts/jiaocheng-shiyong-jiaocheng/2024-01-11-瑞典回国vpn由于版权限制您所在的地区无法观看该.md (1471 chars)
  462 -> posts/yingyin-huiguo-yingyin/2024-01-11-美国翻墙回国由于爱奇艺版权限制您所在的地区无.md (2135 chars)
  455 -> posts/jiaocheng-shiyong-jiaocheng/2024-01-10-美国华人回国vpn连接祖国的桥梁：由于版权限制您.md (1651 chars)
  450 -> posts/yingyin-huiguo-yingyin/2024-01-10-英国华人回国vpn连接影视娱乐：回国加速器解决由.md (1796 chars)
  447 -> posts/jiaocheng-shiyong-jiaocheng/2024-01-10-澳大利亚华人链接祖国的有效方法：澳大利亚回国.md (1294 chars)
  444 -> posts/jiaocheng-shiyong-jiaocheng/2024-01-10-新加坡华人连接国内娱乐的有效方法新加坡回国加.md (1892 chars)
  440 -> posts/jiaocheng-shiyong-jiaocheng/2024-01-09-西班牙所在区域暂无此内容版权如设置vpn请关闭后.md (1386 chars)
  437 -> posts/jiaocheng-shiyong-jiaocheng/2024-01-09-爱尔兰所在区域暂无此内容版权如设置vpn请关闭后.md (1741 chars)
  435 -> posts/jiaocheng-shiyong-jiaocheng/2024-01-09-在区域暂无此内容版权如设置vpn请关闭后重试：柬.md (2023 chars)
  432 -> posts/jiaocheng-shiyong-jiaocheng/2024-01-09-阿根廷所在区域暂无此内容版权如设置vpn请关闭后.md (1557 chars)
  428 -> posts/jiaocheng-shiyong-jiaocheng/2024-01-09-阿拉伯回国加速器所在区域暂无此内容版权如设置vp.md (1635 chars)
  424 -> posts/jiaocheng-shiyong-jiaocheng/2024-01-09-波多黎各所在区域暂无此内容版权如设置vpn请关闭.md (1234 chars)
  421 -> posts/jiaocheng-shiyong-jiaocheng/2024-01-08-您所在区域暂无此内容版权如设置vpn请关闭后重试-2.md (1638 chars)
  416 -> posts/jiaocheng-shiyong-jiaocheng/2024-01-08-您所在区域暂无此内容版权如设置vpn请关闭后重试.md (1443 chars)
  413 -> posts/yingyin-huiguo-yingyin/2024-01-08-澳大利亚爱奇艺版权限制：海外华人的影视挑战.md (1637 chars)
  410 -> posts/yingyin-huiguo-yingyin/2024-01-08-西班牙爱奇艺版权限制：海外华人面临的版权限制.md (1322 chars)
  407 -> posts/yingyin-huiguo-yingyin/2024-01-08-越南爱奇艺版权限制：链接海外华人与国内影视内.md (1284 chars)
  400 -> posts/yingyin-huiguo-yingyin/2024-01-08-美国爱奇艺版权限制：海外华人如何绕过地理限制.md (1656 chars)
  394 -> posts/yingyin-huiguo-yingyin/2024-01-06-爱奇艺版权限制：海外华人如何合理观看国内影视.md (2058 chars)
  391 -> posts/yingyin-huiguo-yingyin/2024-01-06-爱奇艺国外版权限制：海外华人解决方法.md (1324 chars)
  388 -> posts/yingyin-huiguo-yingyin/2024-01-06-爱奇艺版权限制：海外华人的影视解决策略.md (1452 chars)
  383 -> posts/yingyin-huiguo-yingyin/2024-01-06-爱奇艺版权限制：海外华人的影视解决方案.md (1713 chars)
  378 -> posts/yingyin-huiguo-yingyin/2024-01-06-爱奇艺版权限制：海外华人如何克服国内影视app的.md (1191 chars)
  375 -> posts/yingyin-huiguo-yingyin/2024-01-06-爱奇艺版权限制：海外华人影视娱乐的桥梁.md (1302 chars)
  370 -> posts/yingyin-huiguo-yingyin/2024-01-05-爱奇艺版权限制：海外华人解决版权访问的有效工.md (1660 chars)
done: ok=50 fail=0
[main 1e0fddd] publish: posts batch start=1828 n=50 (total 1876)
 48 files changed, 2187 insertions(+)
 create mode 100644 "posts/jiaocheng-shiyong-jiaocheng/2024-01-08-\346\202\250\346\211\200\345\234\250\345\214\272\345\237\237\346\232\202\346\227\240\346\255\244\345\206\205\345\256\271\347\211\210\346\235\203\345\246\202\350\256\276\347\275\256vpn\350\257\267\345\205\263\351\227\255\345\220\216\351\207\215\350\257\225-2.md"
 create mode 100644 "posts/jiaocheng-shiyong-jiaocheng/2024-01-08-\346\202\250\346\211\200\345\234\250\345\214\272\345\237\237\346\232\202\346\227\240\346\255\244\345\206\205\345\256\271\347\211\210\346\235\203\345\246\202\350\256\276\347\275\256vpn\350\257\267\345\205\263\351\227\255\345\220\216\351\207\215\350\257\225.md"
 create mode 100644 "posts/jiaocheng-shiyong-jiaocheng/2024-01-09-\345\234\250\345\214\272\345\237\237\346\232\202\346\227\240\346\255\244\345\206\205\345\256\271\347\211\210\346\235\203\345\246\202\350\256\276\347\275\256vpn\350\257\267\345\205\263\351\227\255\345\220\216\351\207\215\350\257\225\357\274\232\346\237\254.md"
 create mode 100644 "posts/jiaocheng-shiyong-jiaocheng/2024-01-09-\346\263\242\345\244\232\351\273\216\345\220\204\346\211\200\345\234\250\345\214\272\345\237\237\346\232\202\346\227\240\346\255\244\345\206\205\345\256\271\347\211\210\346\235\203\345\246\202\350\256\276\347\275\256vpn\350\257\267\345\205\263\351\227\255.md"
 create mode 100644 "posts/jiaocheng-shiyong-jiaocheng/2024-01-09-\347\210\261\345\260\224\345\205\260\346\211\200\345\234\250\345\214\272\345\237\237\346\232\202\346\227\240\346\255\244\345\206\205\345\256\271\347\211\210\346\235\203\345\246\202\350\256\276\347\275\256vpn\350\257\267\345\205\263\351\227\255\345\220\216.md"
 create mode 100644 "posts/jiaocheng-shiyong-jiaocheng/2024-01-09-\350\245\277\347\217\255\347\211\231\346\211\200\345\234\250\345\214\272\345\237\237\346\232\202\346\227\240\346\255\244\345\206\205\345\256\271\347\211\210\346\235\203\345\246\202\350\256\276\347\275\256vpn\350\257\267\345\205\263\351\227\255\345\220\216.md"
 create mode 100644 "posts/jiaocheng-shiyong-jiaocheng/2024-01-09-\351\230\277\346\213\211\344\274\257\345\233\236\345\233\275\345\212\240\351\200\237\345\231\250\346\211\200\345\234\250\345\214\272\345\237\237\346\232\202\346\227\240\346\255\244\345\206\205\345\256\271\347\211\210\346\235\203\345\246\202\350\256\276\347\275\256vp.md"
 create mode 100644 "posts/jiaocheng-shiyong-jiaocheng/2024-01-09-\351\230\277\346\240\271\345\273\267\346\211\200\345\234\250\345\214\272\345\237\237\346\232\202\346\227\240\346\255\244\345\206\205\345\256\271\347\211\210\346\235\203\345\246\202\350\256\276\347\275\256vpn\350\257\267\345\205\263\351\227\255\345\220\216.md"
 create mode 100644 "posts/jiaocheng-shiyong-jiaocheng/2024-01-10-\346\226\260\345\212\240\345\235\241\345\215\216\344\272\272\350\277\236\346\216\245\345\233\275\345\206\205\345\250\261\344\271\220\347\232\204\346\234\211\346\225\210\346\226\271\346\263\225\346\226\260\345\212\240\345\235\241\345\233\236\345\233\275\345\212\240.md"
 create mode 100644 "posts/jiaocheng-shiyong-jiaocheng/2024-01-10-\346\276\263\345\244\247\345\210\251\344\272\232\345\215\216\344\272\272\351\223\276\346\216\245\347\245\226\345\233\275\347\232\204\346\234\211\346\225\210\346\226\271\346\263\225\357\274\232\346\276\263\345\244\247\345\210\251\344\272\232\345\233\236\345\233\275.md"
 create mode 100644 "posts/jiaocheng-shiyong-jiaocheng/2024-01-10-\347\276\216\345\233\275\345\215\216\344\272\272\345\233\236\345\233\275vpn\350\277\236\346\216\245\347\245\226\345\233\275\347\232\204\346\241\245\346\242\201\357\274\232\347\224\261\344\272\216\347\211\210\346\235\203\351\231\220\345\210\266\346\202\250.md"
 create mode 100644 "posts/jiaocheng-shiyong-jiaocheng/2024-01-11-\347\221\236\345\205\270\345\233\236\345\233\275vpn\347\224\261\344\272\216\347\211\210\346\235\203\351\231\220\345\210\266\346\202\250\346\211\200\345\234\250\347\232\204\345\234\260\345\214\272\346\227\240\346\263\225\350\247\202\347\234\213\350\257\245.md"
 create mode 100644 "posts/jiaocheng-shiyong-jiaocheng/2024-01-12-\347\253\213\351\231\266\345\256\233\345\233\236\345\233\275vpn\347\224\261\344\272\216\347\211\210\346\235\203\351\231\220\345\210\266\346\202\250\346\211\200\345\234\250\347\232\204\345\234\260\345\214\272\346\227\240\346\263\225\350\247\202\347\234\213.md"
 create mode 100644 "posts/jiaocheng-shiyong-jiaocheng/2024-01-13-\345\205\215\350\264\271\347\277\273\345\242\231\345\233\236\345\233\275\347\224\261\344\272\216\347\211\210\346\235\203\351\231\220\345\210\266\346\202\250\346\211\200\345\234\250\347\232\204\345\234\260\345\214\272\346\227\240\346\263\225\350\247\202\347\234\213.md"
 create mode 100644 "posts/jiaocheng-shiyong-jiaocheng/2024-01-13-\346\276\263\345\244\247\345\210\251\344\272\232\347\277\273\345\242\231\345\233\236\345\233\275vpn\347\224\261\344\272\216\347\211\210\346\235\203\351\231\220\345\210\266\346\202\250\346\211\200\345\234\250\347\232\204\345\234\260\345\214\272\346\227\240.md"
 create mode 100644 "posts/jiaocheng-shiyong-jiaocheng/2024-01-17-\346\265\267\345\244\226\345\215\216\344\272\272\345\222\214\347\225\231\345\255\246\347\224\237\347\232\204\347\277\273\345\242\231\345\233\236\344\270\255\345\233\275vpn.md"
 create mode 100644 "posts/jiaocheng-shiyong-jiaocheng/2024-02-20-\346\265\267\345\244\226\345\215\216\344\272\272\347\277\273\345\242\231\345\233\236\345\233\275\346\234\211\351\202\243\344\272\233\346\226\271\346\263\225.md"
 create mode 100644 "posts/jiaocheng-shiyong-jiaocheng/2024-02-21-\345\246\202\344\275\225\345\234\250\345\233\275\345\244\226\347\231\273\345\275\225\344\270\255\345\233\275\345\233\275\345\206\205\347\232\204\347\275\221\347\253\231\357\274\237.md"
 create mode 100644 "posts/jiaocheng-shiyong-jiaocheng/2024-02-22-\350\247\243\345\206\263\345\233\275\345\206\205app\345\234\260\345\237\237\351\231\220\345\210\266\347\232\204\346\234\211\346\225\210\346\226\271\346\263\225.md"
 create mode 100644 "posts/yingyin-huiguo-yingyin/2024-01-05-\347\210\261\345\245\207\350\211\272\347\211\210\346\235\203\351\231\220\345\210\266\357\274\232\346\265\267\345\244\226\345\215\216\344\272\272\350\247\243\345\206\263\347\211\210\346\235\203\350\256\277\351\227\256\347\232\204\346\234\211\346\225\210\345\267\245.md"
 create mode 100644 "posts/yingyin-huiguo-yingyin/2024-01-06-\347\210\261\345\245\207\350\211\272\345\233\275\345\244\226\347\211\210\346\235\203\351\231\220\345\210\266\357\274\232\346\265\267\345\244\226\345\215\216\344\272\272\350\247\243\345\206\263\346\226\271\346\263\225.md"
 create mode 100644 "posts/yingyin-huiguo-yingyin/2024-01-06-\347\210\261\345\245\207\350\211\272\347\211\210\346\235\203\351\231\220\345\210\266\357\274\232\346\265\267\345\244\226\345\215\216\344\272\272\345\246\202\344\275\225\345\205\213\346\234\215\345\233\275\345\206\205\345\275\261\350\247\206app\347\232\204.md"
 create mode 100644 "posts/yingyin-huiguo-yingyin/2024-01-06-\347\210\261\345\245\207\350\211\272\347\211\210\346\235\203\351\231\220\345\210\266\357\274\232\346\265\267\345\244\226\345\215\216\344\272\272\345\246\202\344\275\225\345\220\210\347\220\206\350\247\202\347\234\213\345\233\275\345\206\205\345\275\261\350\247\206.md"
 create mode 100644 "posts/yingyin-huiguo-yingyin/2024-01-06-\347\210\261\345\245\207\350\211\272\347\211\210\346\235\203\351\231\220\345\210\266\357\274\232\346\265\267\345\244\226\345\215\216\344\272\272\345\275\261\350\247\206\345\250\261\344\271\220\347\232\204\346\241\245\346\242\201.md"
 create mode 100644 "posts/yingyin-huiguo-yingyin/2024-01-06-\347\210\261\345\245\207\350\211\272\347\211\210\346\235\203\351\231\220\345\210\266\357\274\232\346\265\267\345\244\226\345\215\216\344\272\272\347\232\204\345\275\261\350\247\206\350\247\243\345\206\263\346\226\271\346\241\210.md"
 create mode 100644 "posts/yingyin-huiguo-yingyin/2024-01-06-\347\210\261\345\245\207\350\211\272\347\211\210\346\235\203\351\231\220\345\210\266\357\274\232\346\265\267\345\244\226\345\215\216\344\272\272\347\232\204\345\275\261\350\247\206\350\247\243\345\206\263\347\255\226\347\225\245.md"
 create mode 100644 "posts/yingyin-huiguo-yingyin/2024-01-08-\346\276\263\345\244\247\345\210\251\344\272\232\347\210\261\345\245\207\350\211\272\347\211\210\346\235\203\351\231\220\345\210\266\357\274\232\346\265\267\345\244\226\345\215\216\344\272\272\347\232\204\345\275\261\350\247\206\346\214\221\346\210\230.md"
 create mode 100644 "posts/yingyin-huiguo-yingyin/2024-01-08-\347\276\216\345\233\275\347\210\261\345\245\207\350\211\272\347\211\210\346\235\203\351\231\220\345\210\266\357\274\232\346\265\267\345\244\226\345\215\216\344\272\272\345\246\202\344\275\225\347\273\225\350\277\207\345\234\260\347\220\206\351\231\220\345\210\266.md"
 create mode 100644 "posts/yingyin-huiguo-yingyin/2024-01-08-\350\245\277\347\217\255\347\211\231\347\210\261\345\245\207\350\211\272\347\211\210\346\235\203\351\231\220\345\210\266\357\274\232\346\265\267\345\244\226\345\215\216\344\272\272\351\235\242\344\270\264\347\232\204\347\211\210\346\235\203\351\231\220\345\210\266.md"
 create mode 100644 "posts/yingyin-huiguo-yingyin/2024-01-08-\350\266\212\345\215\227\347\210\261\345\245\207\350\211\272\347\211\210\346\235\203\351\231\220\345\210\266\357\274\232\351\223\276\346\216\245\346\265\267\345\244\226\345\215\216\344\272\272\344\270\216\345\233\275\345\206\205\345\275\261\350\247\206\345\206\205.md"
 create mode 100644 "posts/yingyin-huiguo-yingyin/2024-01-10-\350\213\261\345\233\275\345\215\216\344\272\272\345\233\236\345\233\275vpn\350\277\236\346\216\245\345\275\261\350\247\206\345\250\261\344\271\220\357\274\232\345\233\236\345\233\275\345\212\240\351\200\237\345\231\250\350\247\243\345\206\263\347\224\261.md"
 create mode 100644 "posts/yingyin-huiguo-yingyin/2024-01-11-\346\204\217\345\244\247\345\210\251\345\233\236\345\233\275vpn\347\224\261\344\272\216\347\211\210\346\235\203\351\231\220\345\210\266\346\202\250\346\211\200\345\234\250\347\232\204\345\234\260\345\214\272\346\227\240\346\263\225\350\247\202\347\234\213.md"
 create mode 100644 "posts/yingyin-huiguo-yingyin/2024-01-11-\347\276\216\345\233\275\347\277\273\345\242\231\345\233\236\345\233\275\347\224\261\344\272\216\347\210\261\345\245\207\350\211\272\347\211\210\346\235\203\351\231\220\345\210\266\346\202\250\346\211\200\345\234\250\347\232\204\345\234\260\345\214\272\346\227\240.md"
 create mode 100644 "posts/yingyin-huiguo-yingyin/2024-01-12-\345\260\274\346\227\245\345\210\251\344\272\232\345\233\236\345\233\275vpn\347\224\261\344\272\216\347\211\210\346\235\203\351\231\220\345\210\266\346\202\250\346\211\200\345\234\250\347\232\204\345\234\260\345\214\272\346\227\240\346\263\225\350\247\202.md"
 create mode 100644 "posts/yingyin-huiguo-yingyin/2024-01-12-\347\231\275\344\277\204\347\275\227\346\226\257\345\233\236\345\233\275vpn\347\224\261\344\272\216\347\211\210\346\235\203\351\231\220\345\210\266\346\202\250\346\211\200\345\234\250\347\232\204\345\234\260\345\214\272\346\227\240\346\263\225\350\247\202.md"
 create mode 100644 "posts/yingyin-huiguo-yingyin/2024-01-12-\347\274\205\347\224\270\347\224\261\344\272\216\347\211\210\346\235\203\351\231\220\345\210\266\346\202\250\346\211\200\345\234\250\347\232\204\345\234\260\345\214\272\346\227\240\346\263\225\350\247\202\347\234\213\350\257\245\350\247\206\351\242\221\357\274\232.md"
 create mode 100644 "posts/yingyin-huiguo-yingyin/2024-01-13-\346\237\254\345\237\224\345\257\250\345\233\236\345\233\275vpn\357\274\232\347\224\261\344\272\216\347\211\210\346\235\203\351\231\220\345\210\266\346\202\250\346\211\200\345\234\250\347\232\204\345\234\260\345\214\272\346\227\240\346\263\225\350\247\202.md"
 create mode 100644 "posts/yingyin-huiguo-yingyin/2024-01-25-\347\210\261\345\245\207\350\211\272\350\247\243\351\231\244\345\214\272\345\237\237\351\231\220\345\210\266\346\211\213\346\234\272\357\274\232\346\265\267\345\244\226\345\215\216\344\272\272\347\232\204\351\237\263\351\242\221\346\214\221\346\210\230\350\247\243.md"
 create mode 100644 "posts/yingyin-huiguo-yingyin/2024-01-26-\345\234\250\345\233\275\345\244\226\347\234\213\344\274\230\351\205\267\346\200\216\344\271\210\350\247\243\351\231\244\345\234\260\345\237\237\351\231\220\345\210\266\357\274\232\346\265\267\345\244\226\345\215\216\344\272\272\350\266\205\347\272\247\347\256\200.md"
 create mode 100644 "posts/yingyin-huiguo-yingyin/2024-01-26-\350\247\243\351\231\244b\347\253\231\345\214\272\345\237\237\351\231\220\345\210\266\357\274\232\346\265\267\345\244\226\345\215\216\344\272\272b\347\253\231\345\234\260\345\214\272\351\231\220\345\210\266\347\240\264\350\247\243\346\226\271\346\263\225.md"
 create mode 100644 "posts/yinyue-yinyue-yinpin/2024-01-18-\345\226\234\351\251\254\346\213\211\351\233\205\347\211\210\346\235\203\351\231\220\345\210\266\357\274\232\346\265\267\345\244\226\345\215\216\344\272\272\347\232\204\345\233\275\345\244\226\345\220\254\345\226\234\351\251\254\346\213\211\351\233\205\345\234\260.md"
 create mode 100644 "posts/yinyue-yinyue-yinpin/2024-01-19-\345\226\234\351\251\254\346\213\211\351\233\205\346\265\267\345\244\226\344\270\272\344\273\200\344\271\210\347\224\250\344\270\215\344\272\206\357\274\232\345\234\250\345\233\275\345\244\226\345\234\260\345\214\272\351\231\220\345\210\266\346\200\216\344\271\210.md"
 create mode 100644 "posts/yinyue-yinyue-yinpin/2024-01-19-\346\200\216\344\271\210\345\217\226\346\266\210\345\226\234\351\251\254\346\213\211\351\233\205\347\211\210\346\235\203\351\231\220\345\210\266\357\274\232\346\265\267\345\244\226\345\215\216\344\272\272\347\234\213\344\270\215\344\272\206\346\200\216\344\271\210.md"
 create mode 100644 "posts/yinyue-yinyue-yinpin/2024-01-20-\346\265\267\345\244\226\345\215\216\344\272\272\345\220\254\345\226\234\351\251\254\346\213\211\351\233\205\345\234\250\345\233\275\345\244\226\345\234\260\345\237\237\351\231\220\345\210\266\346\200\216\344\271\210\350\247\243\345\206\263.md"
 create mode 100644 "posts/yinyue-yinyue-yinpin/2024-01-23-\345\226\234\351\251\254\346\213\211\351\233\205\347\211\210\346\235\203\351\231\220\345\210\266\357\274\232\346\265\267\345\244\226\345\215\216\344\272\272\351\237\263\344\271\220\351\234\200\346\261\202\347\232\204\346\241\216\346\242\217.md"
 create mode 100644 "posts/yinyue-yinyue-yinpin/2024-01-24-\345\226\234\351\251\254\346\213\211\351\233\205\347\211\210\346\235\203\351\231\220\345\210\266\357\274\232\346\265\267\345\244\226\345\215\216\344\272\272\345\246\202\344\275\225\347\273\225\350\277\207\345\233\275\345\206\205\351\237\263\344\271\220app.md"
 create mode 100644 "posts/yinyue-yinyue-yinpin/2024-01-24-\345\226\234\351\251\254\346\213\211\351\233\205\347\211\210\346\235\203\351\231\220\345\210\266\357\274\232\346\265\267\345\244\226\345\215\216\344\272\272\351\237\263\344\271\220\344\270\216\346\234\211\345\243\260\344\271\246\347\261\215\347\232\204\345\256\214.md"
 create mode 100644 "posts/youxi-huiguo-youxi/2024-02-19-\345\234\250\345\233\275\345\244\226\347\216\251\345\233\275\346\234\215-lol\347\224\250\344\273\200\344\271\210-\345\212\240\351\200\237\345\231\250lol\345\233\275\346\234\215\351\234\200\350\246\201\345\212\240\351\200\237\345\231\250\345\220\227.md"
To https://github.com/huiguojiasuqi/huiguojiasuqi.git
   807a5da..1e0fddd  main -> main
[2026-09-10 18:18:28] batch start=1876 n=45
  368 -> posts/yingyin-huiguo-yingyin/2024-01-05-爱奇艺版权限制：海外华人的番剧观看障碍解决.md (1575 chars)
  366 -> posts/jiaocheng-shiyong-jiaocheng/2024-01-05-由于版权限制您所在的地区无法观看：海外华人的-7.md (1558 chars)
  363 -> posts/jiaocheng-shiyong-jiaocheng/2024-01-05-由于版权限制您所在的地区无法观看：海外华人影.md (1180 chars)
  360 -> posts/yingyin-huiguo-yingyin/2024-01-05-由于版权限制您所在的地区无法观看该视频：海外.md (1649 chars)
  357 -> posts/jiaocheng-shiyong-jiaocheng/2024-01-05-由于版权限制您所在的地区无法观看：海外华人的-6.md (2199 chars)
  355 -> posts/jiaocheng-shiyong-jiaocheng/2024-01-05-由于版权限制您所在的地区无法观看：海外华人的-5.md (1793 chars)
  351 -> posts/yingyin-huiguo-yingyin/2024-01-05-由于版权限制您所在的地区无法观看电影：链接海.md (1021 chars)
  346 -> posts/jiaocheng-shiyong-jiaocheng/2024-01-04-由于版权限制您所在的地区无法观看该电视剧：海.md (1113 chars)
  342 -> posts/jiaocheng-shiyong-jiaocheng/2024-01-04-由于版权限制您所在的地区无法观看该视：海外华-6.md (1156 chars)
  339 -> posts/jiaocheng-shiyong-jiaocheng/2024-01-03-由于版权限制您所在的地区无法观看：海外华人的-4.md (1876 chars)
  336 -> posts/jiaocheng-shiyong-jiaocheng/2024-01-03-由于版权限制您所在的地区无法观看该视：海外华-5.md (1371 chars)
  333 -> posts/yingyin-huiguo-yingyin/2024-01-03-由于版权限制您所在的地区无法观看该视：海外华-4.md (1991 chars)
  328 -> posts/jiaocheng-shiyong-jiaocheng/2024-01-03-由于版权限制您所在的地区无法观看该视：海外华-3.md (1731 chars)
  323 -> posts/jiaocheng-shiyong-jiaocheng/2024-01-02-由于版权限制您所在的地区无法观看该视：海外华-2.md (1329 chars)
  321 -> posts/jiaocheng-shiyong-jiaocheng/2024-01-02-由于版权限制您所在的地区无法观看：海外华人的-3.md (1721 chars)
  318 -> posts/jiaocheng-shiyong-jiaocheng/2024-01-02-由于版权限制您所在的地区无法观看：海外华人的-2.md (1011 chars)
  315 -> posts/jiaocheng-shiyong-jiaocheng/2024-01-02-由于版权限制您所在的地区无法观看：海外华人遇.md (1246 chars)
  312 -> posts/jiaocheng-shiyong-jiaocheng/2023-12-29-由于版权限制您所在的地区无法观看：海外华人的.md (1812 chars)
  308 -> posts/jiaocheng-shiyong-jiaocheng/2023-12-29-由于版权限制您所在的地区无法观看该视：海外华.md (1827 chars)
  302 -> posts/yingyin-huiguo-yingyin/2023-12-28-爱奇艺-因版权限制：海外华人的影视解决方案.md (1602 chars)
  297 -> posts/yingyin-huiguo-yingyin/2023-12-28-爱奇艺因版权限制：海外华人的影视挑战解决策略.md (1234 chars)
  292 -> posts/yingyin-huiguo-yingyin/2023-12-28-爱奇艺因版权限制：海外华人的神器，回国加速器.md (1969 chars)
  288 -> posts/yingyin-huiguo-yingyin/2023-12-28-爱奇艺海外版权限制：海外华人的影视娱乐解决方.md (1697 chars)
  284 -> posts/yingyin-huiguo-yingyin/2023-12-27-爱奇艺因版权限制：海外华人的理想影音平台.md (1761 chars)
  280 -> posts/yingyin-huiguo-yingyin/2023-12-27-爱奇艺因版权限制：海外华人的在线娱乐解决方案.md (1873 chars)
  276 -> posts/yingyin-huiguo-yingyin/2023-12-27-爱奇艺因版权限制的绝佳解决策略.md (1525 chars)
  266 -> posts/yingyin-huiguo-yingyin/2023-12-27-爱奇艺，海外华人的娱乐桥梁.md (1128 chars)
  255 -> posts/yingyin-huiguo-yingyin/2023-12-26-爱奇艺因版权限制：海外华人的影音娱乐利器.md (1659 chars)
  253 -> posts/yingyin-huiguo-yingyin/2023-12-26-爱奇艺地区版权限制.md (1358 chars)
  237 -> posts/yingyin-huiguo-yingyin/2023-12-26-爱奇艺海外版权限制：连接海外华人与国内影视.md (2136 chars)
  234 -> posts/yingyin-huiguo-yingyin/2023-12-26-爱奇艺-因版权限制：海外华人的影视娱乐解决方案.md (1378 chars)
  230 -> posts/jiaocheng-shiyong-jiaocheng/2023-12-25-解决版权限制：海外华人的连接桥.md (1923 chars)
  215 -> posts/yingyin-huiguo-yingyin/2023-12-25-解决爱奇艺地区限制：海外华人的文娱桥梁.md (1784 chars)
  210 -> posts/youxi-huiguo-youxi/2023-12-18-《永劫无间》pc您所在的地区被限制登录怎么办？解.md (1541 chars)
  192 -> posts/youxi-huiguo-youxi/2023-12-15-在外国使用steam国服？详细介绍国外玩国内游戏.md (2467 chars)
  176 -> posts/youxi-huiguo-youxi/2023-12-12-国外的玩家能不能玩国内的冒险岛？详细解决连接.md (944 chars)
  156 -> posts/jiaocheng-shiyong-jiaocheng/2023-12-07-翻墙回国vpn-推荐番茄加速器.md (2539 chars)
  153 -> posts/yingyin-huiguo-yingyin/2023-12-05-轻松解除优酷区域限制-番茄加速器.md (2544 chars)
  148 -> posts/yingyin-huiguo-yingyin/2023-12-04-在国内看国外视频限制如何解决，打破视听界限！.md (2060 chars)
  132 -> posts/jiaocheng-shiyong-jiaocheng/2023-12-02-打破界限，尽在指尖：解锁海外地域限制app的终极.md (3770 chars)
  127 -> posts/yingyin-huiguo-yingyin/2023-12-01-国外地域限制如何使用爱奇艺-破解国外地域限制.md (2935 chars)
  108 -> posts/jiaocheng-shiyong-jiaocheng/2023-12-01-解锁国外地域限制的妙招：克服地域限制的指南.md (2998 chars)
  98 -> posts/jiaocheng-shiyong-jiaocheng/2023-11-30-免费加速器：解锁网络的便捷利器.md (940 chars)
done: ok=45 fail=0
[main b01708f] publish: posts batch start=1876 n=45 (total 1919)
 43 files changed, 2518 insertions(+)
 create mode 100644 "posts/jiaocheng-shiyong-jiaocheng/2023-11-30-\345\205\215\350\264\271\345\212\240\351\200\237\345\231\250\357\274\232\350\247\243\351\224\201\347\275\221\347\273\234\347\232\204\344\276\277\346\215\267\345\210\251\345\231\250.md"
 create mode 100644 "posts/jiaocheng-shiyong-jiaocheng/2023-12-01-\350\247\243\351\224\201\345\233\275\345\244\226\345\234\260\345\237\237\351\231\220\345\210\266\347\232\204\345\246\231\346\213\233\357\274\232\345\205\213\346\234\215\345\234\260\345\237\237\351\231\220\345\210\266\347\232\204\346\214\207\345\215\227.md"
 create mode 100644 "posts/jiaocheng-shiyong-jiaocheng/2023-12-02-\346\211\223\347\240\264\347\225\214\351\231\220\357\274\214\345\260\275\345\234\250\346\214\207\345\260\226\357\274\232\350\247\243\351\224\201\346\265\267\345\244\226\345\234\260\345\237\237\351\231\220\345\210\266app\347\232\204\347\273\210\346\236\201.md"
 create mode 100644 "posts/jiaocheng-shiyong-jiaocheng/2023-12-07-\347\277\273\345\242\231\345\233\236\345\233\275vpn-\346\216\250\350\215\220\347\225\252\350\214\204\345\212\240\351\200\237\345\231\250.md"
 create mode 100644 "posts/jiaocheng-shiyong-jiaocheng/2023-12-25-\350\247\243\345\206\263\347\211\210\346\235\203\351\231\220\345\210\266\357\274\232\346\265\267\345\244\226\345\215\216\344\272\272\347\232\204\350\277\236\346\216\245\346\241\245.md"
 create mode 100644 "posts/jiaocheng-shiyong-jiaocheng/2023-12-29-\347\224\261\344\272\216\347\211\210\346\235\203\351\231\220\345\210\266\346\202\250\346\211\200\345\234\250\347\232\204\345\234\260\345\214\272\346\227\240\346\263\225\350\247\202\347\234\213\350\257\245\350\247\206\357\274\232\346\265\267\345\244\226\345\215\216.md"
 create mode 100644 "posts/jiaocheng-shiyong-jiaocheng/2023-12-29-\347\224\261\344\272\216\347\211\210\346\235\203\351\231\220\345\210\266\346\202\250\346\211\200\345\234\250\347\232\204\345\234\260\345\214\272\346\227\240\346\263\225\350\247\202\347\234\213\357\274\232\346\265\267\345\244\226\345\215\216\344\272\272\347\232\204.md"
 create mode 100644 "posts/jiaocheng-shiyong-jiaocheng/2024-01-02-\347\224\261\344\272\216\347\211\210\346\235\203\351\231\220\345\210\266\346\202\250\346\211\200\345\234\250\347\232\204\345\234\260\345\214\272\346\227\240\346\263\225\350\247\202\347\234\213\350\257\245\350\247\206\357\274\232\346\265\267\345\244\226\345\215\216-2.md"
 create mode 100644 "posts/jiaocheng-shiyong-jiaocheng/2024-01-02-\347\224\261\344\272\216\347\211\210\346\235\203\351\231\220\345\210\266\346\202\250\346\211\200\345\234\250\347\232\204\345\234\260\345\214\272\346\227\240\346\263\225\350\247\202\347\234\213\357\274\232\346\265\267\345\244\226\345\215\216\344\272\272\347\232\204-2.md"
 create mode 100644 "posts/jiaocheng-shiyong-jiaocheng/2024-01-02-\347\224\261\344\272\216\347\211\210\346\235\203\351\231\220\345\210\266\346\202\250\346\211\200\345\234\250\347\232\204\345\234\260\345\214\272\346\227\240\346\263\225\350\247\202\347\234\213\357\274\232\346\265\267\345\244\226\345\215\216\344\272\272\347\232\204-3.md"
 create mode 100644 "posts/jiaocheng-shiyong-jiaocheng/2024-01-02-\347\224\261\344\272\216\347\211\210\346\235\203\351\231\220\345\210\266\346\202\250\346\211\200\345\234\250\347\232\204\345\234\260\345\214\272\346\227\240\346\263\225\350\247\202\347\234\213\357\274\232\346\265\267\345\244\226\345\215\216\344\272\272\351\201\207.md"
 create mode 100644 "posts/jiaocheng-shiyong-jiaocheng/2024-01-03-\347\224\261\344\272\216\347\211\210\346\235\203\351\231\220\345\210\266\346\202\250\346\211\200\345\234\250\347\232\204\345\234\260\345\214\272\346\227\240\346\263\225\350\247\202\347\234\213\350\257\245\350\247\206\357\274\232\346\265\267\345\244\226\345\215\216-3.md"
 create mode 100644 "posts/jiaocheng-shiyong-jiaocheng/2024-01-03-\347\224\261\344\272\216\347\211\210\346\235\203\351\231\220\345\210\266\346\202\250\346\211\200\345\234\250\347\232\204\345\234\260\345\214\272\346\227\240\346\263\225\350\247\202\347\234\213\350\257\245\350\247\206\357\274\232\346\265\267\345\244\226\345\215\216-5.md"
 create mode 100644 "posts/jiaocheng-shiyong-jiaocheng/2024-01-03-\347\224\261\344\272\216\347\211\210\346\235\203\351\231\220\345\210\266\346\202\250\346\211\200\345\234\250\347\232\204\345\234\260\345\214\272\346\227\240\346\263\225\350\247\202\347\234\213\357\274\232\346\265\267\345\244\226\345\215\216\344\272\272\347\232\204-4.md"
 create mode 100644 "posts/jiaocheng-shiyong-jiaocheng/2024-01-04-\347\224\261\344\272\216\347\211\210\346\235\203\351\231\220\345\210\266\346\202\250\346\211\200\345\234\250\347\232\204\345\234\260\345\214\272\346\227\240\346\263\225\350\247\202\347\234\213\350\257\245\347\224\265\350\247\206\345\211\247\357\274\232\346\265\267.md"
 create mode 100644 "posts/jiaocheng-shiyong-jiaocheng/2024-01-04-\347\224\261\344\272\216\347\211\210\346\235\203\351\231\220\345\210\266\346\202\250\346\211\200\345\234\250\347\232\204\345\234\260\345\214\272\346\227\240\346\263\225\350\247\202\347\234\213\350\257\245\350\247\206\357\274\232\346\265\267\345\244\226\345\215\216-6.md"
 create mode 100644 "posts/jiaocheng-shiyong-jiaocheng/2024-01-05-\347\224\261\344\272\216\347\211\210\346\235\203\351\231\220\345\210\266\346\202\250\346\211\200\345\234\250\347\232\204\345\234\260\345\214\272\346\227\240\346\263\225\350\247\202\347\234\213\357\274\232\346\265\267\345\244\226\345\215\216\344\272\272\345\275\261.md"
 create mode 100644 "posts/jiaocheng-shiyong-jiaocheng/2024-01-05-\347\224\261\344\272\216\347\211\210\346\235\203\351\231\220\345\210\266\346\202\250\346\211\200\345\234\250\347\232\204\345\234\260\345\214\272\346\227\240\346\263\225\350\247\202\347\234\213\357\274\232\346\265\267\345\244\226\345\215\216\344\272\272\347\232\204-5.md"
 create mode 100644 "posts/jiaocheng-shiyong-jiaocheng/2024-01-05-\347\224\261\344\272\216\347\211\210\346\235\203\351\231\220\345\210\266\346\202\250\346\211\200\345\234\250\347\232\204\345\234\260\345\214\272\346\227\240\346\263\225\350\247\202\347\234\213\357\274\232\346\265\267\345\244\226\345\215\216\344\272\272\347\232\204-6.md"
 create mode 100644 "posts/jiaocheng-shiyong-jiaocheng/2024-01-05-\347\224\261\344\272\216\347\211\210\346\235\203\351\231\220\345\210\266\346\202\250\346\211\200\345\234\250\347\232\204\345\234\260\345\214\272\346\227\240\346\263\225\350\247\202\347\234\213\357\274\232\346\265\267\345\244\226\345\215\216\344\272\272\347\232\204-7.md"
 create mode 100644 "posts/yingyin-huiguo-yingyin/2023-12-01-\345\233\275\345\244\226\345\234\260\345\237\237\351\231\220\345\210\266\345\246\202\344\275\225\344\275\277\347\224\250\347\210\261\345\245\207\350\211\272-\347\240\264\350\247\243\345\233\275\345\244\226\345\234\260\345\237\237\351\231\220\345\210\266.md"
 create mode 100644 "posts/yingyin-huiguo-yingyin/2023-12-04-\345\234\250\345\233\275\345\206\205\347\234\213\345\233\275\345\244\226\350\247\206\351\242\221\351\231\220\345\210\266\345\246\202\344\275\225\350\247\243\345\206\263\357\274\214\346\211\223\347\240\264\350\247\206\345\220\254\347\225\214\351\231\220\357\274\201.md"
 create mode 100644 "posts/yingyin-huiguo-yingyin/2023-12-05-\350\275\273\346\235\276\350\247\243\351\231\244\344\274\230\351\205\267\345\214\272\345\237\237\351\231\220\345\210\266-\347\225\252\350\214\204\345\212\240\351\200\237\345\231\250.md"
 create mode 100644 "posts/yingyin-huiguo-yingyin/2023-12-25-\350\247\243\345\206\263\347\210\261\345\245\207\350\211\272\345\234\260\345\214\272\351\231\220\345\210\266\357\274\232\346\265\267\345\244\226\345\215\216\344\272\272\347\232\204\346\226\207\345\250\261\346\241\245\346\242\201.md"
 create mode 100644 "posts/yingyin-huiguo-yingyin/2023-12-26-\347\210\261\345\245\207\350\211\272-\345\233\240\347\211\210\346\235\203\351\231\220\345\210\266\357\274\232\346\265\267\345\244\226\345\215\216\344\272\272\347\232\204\345\275\261\350\247\206\345\250\261\344\271\220\350\247\243\345\206\263\346\226\271\346\241\210.md"
 create mode 100644 "posts/yingyin-huiguo-yingyin/2023-12-26-\347\210\261\345\245\207\350\211\272\345\233\240\347\211\210\346\235\203\351\231\220\345\210\266\357\274\232\346\265\267\345\244\226\345\215\216\344\272\272\347\232\204\345\275\261\351\237\263\345\250\261\344\271\220\345\210\251\345\231\250.md"
 create mode 100644 "posts/yingyin-huiguo-yingyin/2023-12-26-\347\210\261\345\245\207\350\211\272\345\234\260\345\214\272\347\211\210\346\235\203\351\231\220\345\210\266.md"
 create mode 100644 "posts/yingyin-huiguo-yingyin/2023-12-26-\347\210\261\345\245\207\350\211\272\346\265\267\345\244\226\347\211\210\346\235\203\351\231\220\345\210\266\357\274\232\350\277\236\346\216\245\346\265\267\345\244\226\345\215\216\344\272\272\344\270\216\345\233\275\345\206\205\345\275\261\350\247\206.md"
 create mode 100644 "posts/yingyin-huiguo-yingyin/2023-12-27-\347\210\261\345\245\207\350\211\272\345\233\240\347\211\210\346\235\203\351\231\220\345\210\266\347\232\204\347\273\235\344\275\263\350\247\243\345\206\263\347\255\226\347\225\245.md"
 create mode 100644 "posts/yingyin-huiguo-yingyin/2023-12-27-\347\210\261\345\245\207\350\211\272\345\233\240\347\211\210\346\235\203\351\231\220\345\210\266\357\274\232\346\265\267\345\244\226\345\215\216\344\272\272\347\232\204\345\234\250\347\272\277\345\250\261\344\271\220\350\247\243\345\206\263\346\226\271\346\241\210.md"
 create mode 100644 "posts/yingyin-huiguo-yingyin/2023-12-27-\347\210\261\345\245\207\350\211\272\345\233\240\347\211\210\346\235\203\351\231\220\345\210\266\357\274\232\346\265\267\345\244\226\345\215\216\344\272\272\347\232\204\347\220\206\346\203\263\345\275\261\351\237\263\345\271\263\345\217\260.md"
 create mode 100644 "posts/yingyin-huiguo-yingyin/2023-12-27-\347\210\261\345\245\207\350\211\272\357\274\214\346\265\267\345\244\226\345\215\216\344\272\272\347\232\204\345\250\261\344\271\220\346\241\245\346\242\201.md"
 create mode 100644 "posts/yingyin-huiguo-yingyin/2023-12-28-\347\210\261\345\245\207\350\211\272-\345\233\240\347\211\210\346\235\203\351\231\220\345\210\266\357\274\232\346\265\267\345\244\226\345\215\216\344\272\272\347\232\204\345\275\261\350\247\206\350\247\243\345\206\263\346\226\271\346\241\210.md"
 create mode 100644 "posts/yingyin-huiguo-yingyin/2023-12-28-\347\210\261\345\245\207\350\211\272\345\233\240\347\211\210\346\235\203\351\231\220\345\210\266\357\274\232\346\265\267\345\244\226\345\215\216\344\272\272\347\232\204\345\275\261\350\247\206\346\214\221\346\210\230\350\247\243\345\206\263\347\255\226\347\225\245.md"
 create mode 100644 "posts/yingyin-huiguo-yingyin/2023-12-28-\347\210\261\345\245\207\350\211\272\345\233\240\347\211\210\346\235\203\351\231\220\345\210\266\357\274\232\346\265\267\345\244\226\345\215\216\344\272\272\347\232\204\347\245\236\345\231\250\357\274\214\345\233\236\345\233\275\345\212\240\351\200\237\345\231\250.md"
 create mode 100644 "posts/yingyin-huiguo-yingyin/2023-12-28-\347\210\261\345\245\207\350\211\272\346\265\267\345\244\226\347\211\210\346\235\203\351\231\220\345\210\266\357\274\232\346\265\267\345\244\226\345\215\216\344\272\272\347\232\204\345\275\261\350\247\206\345\250\261\344\271\220\350\247\243\345\206\263\346\226\271.md"
 create mode 100644 "posts/yingyin-huiguo-yingyin/2024-01-03-\347\224\261\344\272\216\347\211\210\346\235\203\351\231\220\345\210\266\346\202\250\346\211\200\345\234\250\347\232\204\345\234\260\345\214\272\346\227\240\346\263\225\350\247\202\347\234\213\350\257\245\350\247\206\357\274\232\346\265\267\345\244\226\345\215\216-4.md"
 create mode 100644 "posts/yingyin-huiguo-yingyin/2024-01-05-\347\210\261\345\245\207\350\211\272\347\211\210\346\235\203\351\231\220\345\210\266\357\274\232\346\265\267\345\244\226\345\215\216\344\272\272\347\232\204\347\225\252\345\211\247\350\247\202\347\234\213\351\232\234\347\242\215\350\247\243\345\206\263.md"
 create mode 100644 "posts/yingyin-huiguo-yingyin/2024-01-05-\347\224\261\344\272\216\347\211\210\346\235\203\351\231\220\345\210\266\346\202\250\346\211\200\345\234\250\347\232\204\345\234\260\345\214\272\346\227\240\346\263\225\350\247\202\347\234\213\347\224\265\345\275\261\357\274\232\351\223\276\346\216\245\346\265\267.md"
 create mode 100644 "posts/yingyin-huiguo-yingyin/2024-01-05-\347\224\261\344\272\216\347\211\210\346\235\203\351\231\220\345\210\266\346\202\250\346\211\200\345\234\250\347\232\204\345\234\260\345\214\272\346\227\240\346\263\225\350\247\202\347\234\213\350\257\245\350\247\206\351\242\221\357\274\232\346\265\267\345\244\226.md"
 create mode 100644 "posts/youxi-huiguo-youxi/2023-12-12-\345\233\275\345\244\226\347\232\204\347\216\251\345\256\266\350\203\275\344\270\215\350\203\275\347\216\251\345\233\275\345\206\205\347\232\204\345\206\222\351\231\251\345\262\233\357\274\237\350\257\246\347\273\206\350\247\243\345\206\263\350\277\236\346\216\245.md"
 create mode 100644 "posts/youxi-huiguo-youxi/2023-12-15-\345\234\250\345\244\226\345\233\275\344\275\277\347\224\250steam\345\233\275\346\234\215\357\274\237\350\257\246\347\273\206\344\273\213\347\273\215\345\233\275\345\244\226\347\216\251\345\233\275\345\206\205\346\270\270\346\210\217.md"
 create mode 100644 "posts/youxi-huiguo-youxi/2023-12-18-\343\200\212\346\260\270\345\212\253\346\227\240\351\227\264\343\200\213pc\346\202\250\346\211\200\345\234\250\347\232\204\345\234\260\345\214\272\350\242\253\351\231\220\345\210\266\347\231\273\345\275\225\346\200\216\344\271\210\345\212\236\357\274\237\350\247\243.md"
To https://github.com/huiguojiasuqi/huiguojiasuqi.git
   1e0fddd..b01708f  main -> main
[2026-09-10 18:18:51] batch start=1919 n=2
done: ok=2 fail=0
On branch main
Your branch is up to date with 'origin/main'.

Untracked files:
  (use "git add <file>..." to include in what will be committed)
	batch_publish.sh
	progress.log

nothing added to commit but untracked files present (use "git add" to track)
Everything up-to-date
[2026-09-10 18:18:54] batch start=1919 n=2
done: ok=2 fail=0
On branch main
Your branch is up to date with 'origin/main'.

Untracked files:
  (use "git add <file>..." to include in what will be committed)
	batch_publish.sh
	progress.log

nothing added to commit but untracked files present (use "git add" to track)
Everything up-to-date
[2026-09-10 18:18:58] batch start=1919 n=2
done: ok=2 fail=0
On branch main
Your branch is up to date with 'origin/main'.

Untracked files:
  (use "git add <file>..." to include in what will be committed)
	batch_publish.sh
	progress.log

nothing added to commit but untracked files present (use "git add" to track)
Everything up-to-date
[2026-09-10 18:19:01] batch start=1919 n=2
done: ok=2 fail=0
On branch main
Your branch is up to date with 'origin/main'.

Untracked files:
  (use "git add <file>..." to include in what will be committed)
	batch_publish.sh
	progress.log

nothing added to commit but untracked files present (use "git add" to track)
Everything up-to-date
[2026-09-10 18:19:05] batch start=1919 n=2
done: ok=2 fail=0
On branch main
Your branch is up to date with 'origin/main'.

Untracked files:
  (use "git add <file>..." to include in what will be committed)
	batch_publish.sh
	progress.log

nothing added to commit but untracked files present (use "git add" to track)
Everything up-to-date
[2026-09-10 18:19:09] batch start=1919 n=2
done: ok=2 fail=0
On branch main
Your branch is up to date with 'origin/main'.

Untracked files:
  (use "git add <file>..." to include in what will be committed)
	batch_publish.sh
	progress.log

nothing added to commit but untracked files present (use "git add" to track)
Everything up-to-date
[2026-09-10 18:19:12] batch start=1919 n=2
done: ok=2 fail=0
On branch main
Your branch is up to date with 'origin/main'.

Untracked files:
  (use "git add <file>..." to include in what will be committed)
	batch_publish.sh
	progress.log

nothing added to commit but untracked files present (use "git add" to track)
Everything up-to-date
[2026-09-10 18:19:16] batch start=1919 n=2
done: ok=2 fail=0
On branch main
Your branch is up to date with 'origin/main'.

Untracked files:
  (use "git add <file>..." to include in what will be committed)
	batch_publish.sh
	progress.log

nothing added to commit but untracked files present (use "git add" to track)
Everything up-to-date
[2026-09-10 18:19:19] batch start=1919 n=2
done: ok=2 fail=0
On branch main
Your branch is up to date with 'origin/main'.

Untracked files:
  (use "git add <file>..." to include in what will be committed)
	batch_publish.sh
	progress.log

nothing added to commit but untracked files present (use "git add" to track)
Everything up-to-date
[2026-09-10 18:19:23] batch start=1919 n=2
done: ok=2 fail=0
On branch main
Your branch is up to date with 'origin/main'.

Untracked files:
  (use "git add <file>..." to include in what will be committed)
	batch_publish.sh
	progress.log

nothing added to commit but untracked files present (use "git add" to track)
Everything up-to-date
[2026-09-10 18:19:27] batch start=1919 n=2
done: ok=2 fail=0
On branch main
Your branch is up to date with 'origin/main'.

Untracked files:
  (use "git add <file>..." to include in what will be committed)
	batch_publish.sh
	progress.log

nothing added to commit but untracked files present (use "git add" to track)
Everything up-to-date
[2026-09-10 18:19:30] batch start=1919 n=2
done: ok=2 fail=0
On branch main
Your branch is up to date with 'origin/main'.

Untracked files:
  (use "git add <file>..." to include in what will be committed)
	batch_publish.sh
	progress.log

nothing added to commit but untracked files present (use "git add" to track)
Everything up-to-date
[2026-09-10 18:19:34] batch start=1919 n=2
done: ok=2 fail=0
On branch main
Your branch is up to date with 'origin/main'.

Untracked files:
  (use "git add <file>..." to include in what will be committed)
	batch_publish.sh
	progress.log

nothing added to commit but untracked files present (use "git add" to track)
Everything up-to-date
[2026-09-10 18:19:37] batch start=1919 n=2
done: ok=2 fail=0
On branch main
Your branch is up to date with 'origin/main'.

Untracked files:
  (use "git add <file>..." to include in what will be committed)
	batch_publish.sh
	progress.log

nothing added to commit but untracked files present (use "git add" to track)
Everything up-to-date
[2026-09-10 18:19:41] batch start=1919 n=2
done: ok=2 fail=0
On branch main
Your branch is up to date with 'origin/main'.

Untracked files:
  (use "git add <file>..." to include in what will be committed)
	batch_publish.sh
	progress.log

nothing added to commit but untracked files present (use "git add" to track)
Everything up-to-date
[2026-09-10 18:19:45] batch start=1919 n=2
done: ok=2 fail=0
On branch main
Your branch is up to date with 'origin/main'.

Untracked files:
  (use "git add <file>..." to include in what will be committed)
	batch_publish.sh
	progress.log

nothing added to commit but untracked files present (use "git add" to track)
Everything up-to-date
[2026-09-10 18:19:48] batch start=1919 n=2
done: ok=2 fail=0
On branch main
Your branch is up to date with 'origin/main'.

Untracked files:
  (use "git add <file>..." to include in what will be committed)
	batch_publish.sh
	progress.log

nothing added to commit but untracked files present (use "git add" to track)
Everything up-to-date
[2026-09-10 18:19:52] batch start=1919 n=2
done: ok=2 fail=0
On branch main
Your branch is up to date with 'origin/main'.

Untracked files:
  (use "git add <file>..." to include in what will be committed)
	batch_publish.sh
	progress.log

nothing added to commit but untracked files present (use "git add" to track)
Everything up-to-date
[2026-09-10 18:19:56] batch start=1919 n=2
done: ok=2 fail=0
On branch main
Your branch is up to date with 'origin/main'.

Untracked files:
  (use "git add <file>..." to include in what will be committed)
	batch_publish.sh
	progress.log

nothing added to commit but untracked files present (use "git add" to track)
Everything up-to-date
[2026-09-10 18:19:59] batch start=1919 n=2
done: ok=2 fail=0
On branch main
Your branch is up to date with 'origin/main'.

Untracked files:
  (use "git add <file>..." to include in what will be committed)
	batch_publish.sh
	progress.log

nothing added to commit but untracked files present (use "git add" to track)
Everything up-to-date
[2026-09-10 18:20:03] batch start=1919 n=2
done: ok=2 fail=0
On branch main
Your branch is up to date with 'origin/main'.

Untracked files:
  (use "git add <file>..." to include in what will be committed)
	batch_publish.sh
	progress.log

nothing added to commit but untracked files present (use "git add" to track)
Everything up-to-date
[2026-09-10 18:20:07] batch start=1919 n=2
done: ok=2 fail=0
On branch main
Your branch is up to date with 'origin/main'.

Untracked files:
  (use "git add <file>..." to include in what will be committed)
	batch_publish.sh
	progress.log

nothing added to commit but untracked files present (use "git add" to track)
Everything up-to-date
[2026-09-10 18:20:10] batch start=1919 n=2
done: ok=2 fail=0
On branch main
Your branch is up to date with 'origin/main'.

Untracked files:
  (use "git add <file>..." to include in what will be committed)
	batch_publish.sh
	progress.log

nothing added to commit but untracked files present (use "git add" to track)
Everything up-to-date
[2026-09-10 18:20:14] batch start=1919 n=2
done: ok=2 fail=0
On branch main
Your branch is up to date with 'origin/main'.

Untracked files:
  (use "git add <file>..." to include in what will be committed)
	batch_publish.sh
	progress.log

nothing added to commit but untracked files present (use "git add" to track)
Everything up-to-date
[2026-09-10 18:20:17] batch start=1919 n=2
done: ok=2 fail=0
On branch main
Your branch is up to date with 'origin/main'.

Untracked files:
  (use "git add <file>..." to include in what will be committed)
	batch_publish.sh
	progress.log

nothing added to commit but untracked files present (use "git add" to track)
Everything up-to-date
[2026-09-10 18:20:21] batch start=1919 n=2
done: ok=2 fail=0
On branch main
Your branch is up to date with 'origin/main'.

Untracked files:
  (use "git add <file>..." to include in what will be committed)
	batch_publish.sh
	progress.log

nothing added to commit but untracked files present (use "git add" to track)
Everything up-to-date
[2026-09-10 18:20:25] batch start=1919 n=2
done: ok=2 fail=0
On branch main
Your branch is up to date with 'origin/main'.

Untracked files:
  (use "git add <file>..." to include in what will be committed)
	batch_publish.sh
	progress.log

nothing added to commit but untracked files present (use "git add" to track)
Everything up-to-date
[2026-09-10 18:20:28] batch start=1919 n=2
done: ok=2 fail=0
On branch main
Your branch is up to date with 'origin/main'.

Untracked files:
  (use "git add <file>..." to include in what will be committed)
	batch_publish.sh
	progress.log

nothing added to commit but untracked files present (use "git add" to track)
Everything up-to-date
[2026-09-10 18:20:32] batch start=1919 n=2
done: ok=2 fail=0
On branch main
Your branch is up to date with 'origin/main'.

Untracked files:
  (use "git add <file>..." to include in what will be committed)
	batch_publish.sh
	progress.log

nothing added to commit but untracked files present (use "git add" to track)
Everything up-to-date
[2026-09-10 18:20:35] batch start=1919 n=2
done: ok=2 fail=0
On branch main
Your branch is up to date with 'origin/main'.

Untracked files:
  (use "git add <file>..." to include in what will be committed)
	batch_publish.sh
	progress.log

nothing added to commit but untracked files present (use "git add" to track)
Everything up-to-date
[2026-09-10 18:20:39] batch start=1919 n=2
done: ok=2 fail=0
On branch main
Your branch is up to date with 'origin/main'.

Untracked files:
  (use "git add <file>..." to include in what will be committed)
	batch_publish.sh
	progress.log

nothing added to commit but untracked files present (use "git add" to track)
Everything up-to-date
[2026-09-10 18:20:42] batch start=1919 n=2
done: ok=2 fail=0
On branch main
Your branch is up to date with 'origin/main'.

Untracked files:
  (use "git add <file>..." to include in what will be committed)
	batch_publish.sh
	progress.log

nothing added to commit but untracked files present (use "git add" to track)
Everything up-to-date
[2026-09-10 18:20:46] batch start=1919 n=2
done: ok=2 fail=0
On branch main
Your branch is up to date with 'origin/main'.

Untracked files:
  (use "git add <file>..." to include in what will be committed)
	batch_publish.sh
	progress.log

nothing added to commit but untracked files present (use "git add" to track)
Everything up-to-date
[2026-09-10 18:20:49] batch start=1919 n=2
done: ok=2 fail=0
On branch main
Your branch is up to date with 'origin/main'.

Untracked files:
  (use "git add <file>..." to include in what will be committed)
	batch_publish.sh
	progress.log

nothing added to commit but untracked files present (use "git add" to track)
Everything up-to-date
[2026-09-10 18:20:53] batch start=1919 n=2
done: ok=2 fail=0
On branch main
Your branch is up to date with 'origin/main'.

Untracked files:
  (use "git add <file>..." to include in what will be committed)
	batch_publish.sh
	progress.log

nothing added to commit but untracked files present (use "git add" to track)
Everything up-to-date
[2026-09-10 18:20:57] batch start=1919 n=2
done: ok=2 fail=0
On branch main
Your branch is up to date with 'origin/main'.

Untracked files:
  (use "git add <file>..." to include in what will be committed)
	batch_publish.sh
	progress.log

nothing added to commit but untracked files present (use "git add" to track)
Everything up-to-date
[2026-09-10 18:21:00] batch start=1919 n=2
done: ok=2 fail=0
On branch main
Your branch is up to date with 'origin/main'.

Untracked files:
  (use "git add <file>..." to include in what will be committed)
	batch_publish.sh
	progress.log

nothing added to commit but untracked files present (use "git add" to track)
Everything up-to-date
[2026-09-10 18:21:04] batch start=1919 n=2
done: ok=2 fail=0
On branch main
Your branch is up to date with 'origin/main'.

Untracked files:
  (use "git add <file>..." to include in what will be committed)
	batch_publish.sh
	progress.log

nothing added to commit but untracked files present (use "git add" to track)
Everything up-to-date
[2026-09-10 18:21:08] batch start=1919 n=2
done: ok=2 fail=0
On branch main
Your branch is up to date with 'origin/main'.

Untracked files:
  (use "git add <file>..." to include in what will be committed)
	batch_publish.sh
	progress.log

nothing added to commit but untracked files present (use "git add" to track)
Everything up-to-date
[2026-09-10 18:21:12] batch start=1919 n=2
done: ok=2 fail=0
On branch main
Your branch is up to date with 'origin/main'.

Untracked files:
  (use "git add <file>..." to include in what will be committed)
	batch_publish.sh
	progress.log

nothing added to commit but untracked files present (use "git add" to track)
Everything up-to-date
[2026-09-10 18:21:15] batch start=1919 n=2
done: ok=2 fail=0
On branch main
Your branch is up to date with 'origin/main'.

Untracked files:
  (use "git add <file>..." to include in what will be committed)
	batch_publish.sh
	progress.log

nothing added to commit but untracked files present (use "git add" to track)
Everything up-to-date
[2026-09-10 18:21:19] batch start=1919 n=2
done: ok=2 fail=0
On branch main
Your branch is up to date with 'origin/main'.

Untracked files:
  (use "git add <file>..." to include in what will be committed)
	batch_publish.sh
	progress.log

nothing added to commit but untracked files present (use "git add" to track)
Everything up-to-date
[2026-09-10 18:21:22] batch start=1919 n=2
done: ok=2 fail=0
On branch main
Your branch is up to date with 'origin/main'.

Untracked files:
  (use "git add <file>..." to include in what will be committed)
	batch_publish.sh
	progress.log

nothing added to commit but untracked files present (use "git add" to track)
Everything up-to-date
[2026-09-10 18:21:26] batch start=1919 n=2
done: ok=2 fail=0
On branch main
Your branch is up to date with 'origin/main'.

Untracked files:
  (use "git add <file>..." to include in what will be committed)
	batch_publish.sh
	progress.log

nothing added to commit but untracked files present (use "git add" to track)
Everything up-to-date
[2026-09-10 18:21:29] batch start=1919 n=2
done: ok=2 fail=0
On branch main
Your branch is up to date with 'origin/main'.

Untracked files:
  (use "git add <file>..." to include in what will be committed)
	batch_publish.sh
	progress.log

nothing added to commit but untracked files present (use "git add" to track)
Everything up-to-date
[2026-09-10 18:21:33] batch start=1919 n=2
done: ok=2 fail=0
On branch main
Your branch is up to date with 'origin/main'.

Untracked files:
  (use "git add <file>..." to include in what will be committed)
	batch_publish.sh
	progress.log

nothing added to commit but untracked files present (use "git add" to track)
Everything up-to-date
[2026-09-10 18:21:37] batch start=1919 n=2
done: ok=2 fail=0
On branch main
Your branch is up to date with 'origin/main'.

Untracked files:
  (use "git add <file>..." to include in what will be committed)
	batch_publish.sh
	progress.log

nothing added to commit but untracked files present (use "git add" to track)
Everything up-to-date
[2026-09-10 18:21:40] batch start=1919 n=2
done: ok=2 fail=0
On branch main
Your branch is up to date with 'origin/main'.

Untracked files:
  (use "git add <file>..." to include in what will be committed)
	batch_publish.sh
	progress.log

nothing added to commit but untracked files present (use "git add" to track)
Everything up-to-date
[2026-09-10 18:21:44] batch start=1919 n=2
done: ok=2 fail=0
On branch main
Your branch is up to date with 'origin/main'.

Untracked files:
  (use "git add <file>..." to include in what will be committed)
	batch_publish.sh
	progress.log

nothing added to commit but untracked files present (use "git add" to track)
Everything up-to-date
[2026-09-10 18:21:47] batch start=1919 n=2
done: ok=2 fail=0
On branch main
Your branch is up to date with 'origin/main'.

Untracked files:
  (use "git add <file>..." to include in what will be committed)
	batch_publish.sh
	progress.log

nothing added to commit but untracked files present (use "git add" to track)
Everything up-to-date
[2026-09-10 18:21:51] batch start=1919 n=2
done: ok=2 fail=0
On branch main
Your branch is up to date with 'origin/main'.

Untracked files:
  (use "git add <file>..." to include in what will be committed)
	batch_publish.sh
	progress.log

nothing added to commit but untracked files present (use "git add" to track)
Everything up-to-date
[2026-09-10 18:21:54] batch start=1919 n=2
done: ok=2 fail=0
On branch main
Your branch is up to date with 'origin/main'.

Untracked files:
  (use "git add <file>..." to include in what will be committed)
	batch_publish.sh
	progress.log

nothing added to commit but untracked files present (use "git add" to track)
Everything up-to-date
[2026-09-10 18:21:58] batch start=1919 n=2
done: ok=2 fail=0
On branch main
Your branch is up to date with 'origin/main'.

Untracked files:
  (use "git add <file>..." to include in what will be committed)
	batch_publish.sh
	progress.log

nothing added to commit but untracked files present (use "git add" to track)
Everything up-to-date
[2026-09-10 18:22:02] batch start=1919 n=2
done: ok=2 fail=0
On branch main
Your branch is up to date with 'origin/main'.

Untracked files:
  (use "git add <file>..." to include in what will be committed)
	batch_publish.sh
	progress.log

nothing added to commit but untracked files present (use "git add" to track)
Everything up-to-date
[2026-09-10 18:22:05] batch start=1919 n=2
done: ok=2 fail=0
On branch main
Your branch is up to date with 'origin/main'.

Untracked files:
  (use "git add <file>..." to include in what will be committed)
	batch_publish.sh
	progress.log

nothing added to commit but untracked files present (use "git add" to track)
Everything up-to-date
[2026-09-10 18:22:09] batch start=1919 n=2
done: ok=2 fail=0
On branch main
Your branch is up to date with 'origin/main'.

Untracked files:
  (use "git add <file>..." to include in what will be committed)
	batch_publish.sh
	progress.log

nothing added to commit but untracked files present (use "git add" to track)
Everything up-to-date
[2026-09-10 18:22:13] batch start=1919 n=2
done: ok=2 fail=0
On branch main
Your branch is up to date with 'origin/main'.

Untracked files:
  (use "git add <file>..." to include in what will be committed)
	batch_publish.sh
	progress.log

nothing added to commit but untracked files present (use "git add" to track)
Everything up-to-date
[2026-09-10 18:22:16] batch start=1919 n=2
done: ok=2 fail=0
On branch main
Your branch is up to date with 'origin/main'.

Untracked files:
  (use "git add <file>..." to include in what will be committed)
	batch_publish.sh
	progress.log

nothing added to commit but untracked files present (use "git add" to track)
Everything up-to-date
[2026-09-10 18:22:20] batch start=1919 n=2
done: ok=2 fail=0
On branch main
Your branch is up to date with 'origin/main'.

Untracked files:
  (use "git add <file>..." to include in what will be committed)
	batch_publish.sh
	progress.log

nothing added to commit but untracked files present (use "git add" to track)
Everything up-to-date
[2026-09-10 18:22:24] batch start=1919 n=2
done: ok=2 fail=0
On branch main
Your branch is up to date with 'origin/main'.

Untracked files:
  (use "git add <file>..." to include in what will be committed)
	batch_publish.sh
	progress.log

nothing added to commit but untracked files present (use "git add" to track)
Everything up-to-date
[2026-09-10 18:22:27] batch start=1919 n=2
done: ok=2 fail=0
On branch main
Your branch is up to date with 'origin/main'.

Untracked files:
  (use "git add <file>..." to include in what will be committed)
	batch_publish.sh
	progress.log

nothing added to commit but untracked files present (use "git add" to track)
Everything up-to-date
[2026-09-10 18:22:31] batch start=1919 n=2
done: ok=2 fail=0
On branch main
Your branch is up to date with 'origin/main'.

Untracked files:
  (use "git add <file>..." to include in what will be committed)
	batch_publish.sh
	progress.log

nothing added to commit but untracked files present (use "git add" to track)
Everything up-to-date
[2026-09-10 18:22:35] batch start=1919 n=2
done: ok=2 fail=0
On branch main
Your branch is up to date with 'origin/main'.

Untracked files:
  (use "git add <file>..." to include in what will be committed)
	batch_publish.sh
	progress.log

nothing added to commit but untracked files present (use "git add" to track)
Everything up-to-date
[2026-09-10 18:22:39] batch start=1919 n=2
done: ok=2 fail=0
On branch main
Your branch is up to date with 'origin/main'.

Untracked files:
  (use "git add <file>..." to include in what will be committed)
	batch_publish.sh
	progress.log

nothing added to commit but untracked files present (use "git add" to track)
Everything up-to-date
[2026-09-10 18:22:42] batch start=1919 n=2
done: ok=2 fail=0
On branch main
Your branch is up to date with 'origin/main'.

Untracked files:
  (use "git add <file>..." to include in what will be committed)
	batch_publish.sh
	progress.log

nothing added to commit but untracked files present (use "git add" to track)
Everything up-to-date
[2026-09-10 18:22:46] batch start=1919 n=2
done: ok=2 fail=0
On branch main
Your branch is up to date with 'origin/main'.

Untracked files:
  (use "git add <file>..." to include in what will be committed)
	batch_publish.sh
	progress.log

nothing added to commit but untracked files present (use "git add" to track)
Everything up-to-date
[2026-09-10 18:22:50] batch start=1919 n=2
done: ok=2 fail=0
On branch main
Your branch is up to date with 'origin/main'.

Untracked files:
  (use "git add <file>..." to include in what will be committed)
	batch_publish.sh
	progress.log

nothing added to commit but untracked files present (use "git add" to track)
Everything up-to-date
[2026-09-10 18:22:55] batch start=1919 n=2
done: ok=2 fail=0
On branch main
Your branch is up to date with 'origin/main'.

Untracked files:
  (use "git add <file>..." to include in what will be committed)
	batch_publish.sh
	progress.log

nothing added to commit but untracked files present (use "git add" to track)
Everything up-to-date
[2026-09-10 18:22:58] batch start=1919 n=2
done: ok=2 fail=0
On branch main
Your branch is up to date with 'origin/main'.

Untracked files:
  (use "git add <file>..." to include in what will be committed)
	batch_publish.sh
	progress.log

nothing added to commit but untracked files present (use "git add" to track)
Everything up-to-date
[2026-09-10 18:23:02] batch start=1919 n=2
done: ok=2 fail=0
On branch main
Your branch is up to date with 'origin/main'.

Untracked files:
  (use "git add <file>..." to include in what will be committed)
	batch_publish.sh
	progress.log

nothing added to commit but untracked files present (use "git add" to track)
Everything up-to-date
[2026-09-10 18:23:05] batch start=1919 n=2
done: ok=2 fail=0
On branch main
Your branch is up to date with 'origin/main'.

Untracked files:
  (use "git add <file>..." to include in what will be committed)
	batch_publish.sh
	progress.log

nothing added to commit but untracked files present (use "git add" to track)
Everything up-to-date
[2026-09-10 18:23:09] batch start=1919 n=2
done: ok=2 fail=0
On branch main
Your branch is up to date with 'origin/main'.

Untracked files:
  (use "git add <file>..." to include in what will be committed)
	batch_publish.sh
	progress.log

nothing added to commit but untracked files present (use "git add" to track)
Everything up-to-date
[2026-09-10 18:23:13] batch start=1919 n=2
done: ok=2 fail=0
On branch main
Your branch is up to date with 'origin/main'.

Untracked files:
  (use "git add <file>..." to include in what will be committed)
	batch_publish.sh
	progress.log

nothing added to commit but untracked files present (use "git add" to track)
Everything up-to-date
[2026-09-10 18:23:16] batch start=1919 n=2
done: ok=2 fail=0
On branch main
Your branch is up to date with 'origin/main'.

Untracked files:
  (use "git add <file>..." to include in what will be committed)
	batch_publish.sh
	progress.log

nothing added to commit but untracked files present (use "git add" to track)
Everything up-to-date
[2026-09-10 18:23:20] batch start=1919 n=2
done: ok=2 fail=0
On branch main
Your branch is up to date with 'origin/main'.

Untracked files:
  (use "git add <file>..." to include in what will be committed)
	batch_publish.sh
	progress.log

nothing added to commit but untracked files present (use "git add" to track)
Everything up-to-date
[2026-09-10 18:23:23] batch start=1919 n=2
done: ok=2 fail=0
On branch main
Your branch is up to date with 'origin/main'.

Untracked files:
  (use "git add <file>..." to include in what will be committed)
	batch_publish.sh
	progress.log

nothing added to commit but untracked files present (use "git add" to track)
Everything up-to-date
[2026-09-10 18:23:27] batch start=1919 n=2
done: ok=2 fail=0
On branch main
Your branch is up to date with 'origin/main'.

Untracked files:
  (use "git add <file>..." to include in what will be committed)
	batch_publish.sh
	progress.log

nothing added to commit but untracked files present (use "git add" to track)
Everything up-to-date
[2026-09-10 18:23:31] batch start=1919 n=2
done: ok=2 fail=0
On branch main
Your branch is up to date with 'origin/main'.

Untracked files:
  (use "git add <file>..." to include in what will be committed)
	batch_publish.sh
	progress.log

nothing added to commit but untracked files present (use "git add" to track)
Everything up-to-date
[2026-09-10 18:23:35] batch start=1919 n=2
done: ok=2 fail=0
On branch main
Your branch is up to date with 'origin/main'.

Untracked files:
  (use "git add <file>..." to include in what will be committed)
	batch_publish.sh
	progress.log

nothing added to commit but untracked files present (use "git add" to track)
Everything up-to-date
[2026-09-10 18:23:38] batch start=1919 n=2
done: ok=2 fail=0
On branch main
Your branch is up to date with 'origin/main'.

Untracked files:
  (use "git add <file>..." to include in what will be committed)
	batch_publish.sh
	progress.log

nothing added to commit but untracked files present (use "git add" to track)
Everything up-to-date
[2026-09-10 18:23:42] batch start=1919 n=2
done: ok=2 fail=0
On branch main
Your branch is up to date with 'origin/main'.

Untracked files:
  (use "git add <file>..." to include in what will be committed)
	batch_publish.sh
	progress.log

nothing added to commit but untracked files present (use "git add" to track)
Everything up-to-date
[2026-09-10 18:23:46] batch start=1919 n=2
done: ok=2 fail=0
On branch main
Your branch is up to date with 'origin/main'.

Untracked files:
  (use "git add <file>..." to include in what will be committed)
	batch_publish.sh
	progress.log

nothing added to commit but untracked files present (use "git add" to track)
Everything up-to-date
[2026-09-10 18:23:50] batch start=1919 n=2
done: ok=2 fail=0
On branch main
Your branch is up to date with 'origin/main'.

Untracked files:
  (use "git add <file>..." to include in what will be committed)
	batch_publish.sh
	progress.log

nothing added to commit but untracked files present (use "git add" to track)
Everything up-to-date
[2026-09-10 18:23:54] batch start=1919 n=2
done: ok=2 fail=0
On branch main
Your branch is up to date with 'origin/main'.

Untracked files:
  (use "git add <file>..." to include in what will be committed)
	batch_publish.sh
	progress.log

nothing added to commit but untracked files present (use "git add" to track)
Everything up-to-date
[2026-09-10 18:23:58] batch start=1919 n=2
done: ok=2 fail=0
On branch main
Your branch is up to date with 'origin/main'.

Untracked files:
  (use "git add <file>..." to include in what will be committed)
	batch_publish.sh
	progress.log

nothing added to commit but untracked files present (use "git add" to track)
Everything up-to-date
[2026-09-10 18:24:01] batch start=1919 n=2
done: ok=2 fail=0
On branch main
Your branch is up to date with 'origin/main'.

Untracked files:
  (use "git add <file>..." to include in what will be committed)
	batch_publish.sh
	progress.log

nothing added to commit but untracked files present (use "git add" to track)
Everything up-to-date
[2026-09-10 18:24:05] batch start=1919 n=2
done: ok=2 fail=0
On branch main
Your branch is up to date with 'origin/main'.

Untracked files:
  (use "git add <file>..." to include in what will be committed)
	batch_publish.sh
	progress.log

nothing added to commit but untracked files present (use "git add" to track)
Everything up-to-date
[2026-09-10 18:24:09] batch start=1919 n=2
done: ok=2 fail=0
On branch main
Your branch is up to date with 'origin/main'.

Untracked files:
  (use "git add <file>..." to include in what will be committed)
	batch_publish.sh
	progress.log

nothing added to commit but untracked files present (use "git add" to track)
Everything up-to-date
[2026-09-10 18:24:12] batch start=1919 n=2
done: ok=2 fail=0
On branch main
Your branch is up to date with 'origin/main'.

Untracked files:
  (use "git add <file>..." to include in what will be committed)
	batch_publish.sh
	progress.log

nothing added to commit but untracked files present (use "git add" to track)
Everything up-to-date
[2026-09-10 18:24:16] batch start=1919 n=2
done: ok=2 fail=0
On branch main
Your branch is up to date with 'origin/main'.

Untracked files:
  (use "git add <file>..." to include in what will be committed)
	batch_publish.sh
	progress.log

nothing added to commit but untracked files present (use "git add" to track)
Everything up-to-date
[2026-09-10 18:24:20] batch start=1919 n=2
done: ok=2 fail=0
On branch main
Your branch is up to date with 'origin/main'.

Untracked files:
  (use "git add <file>..." to include in what will be committed)
	batch_publish.sh
	progress.log

nothing added to commit but untracked files present (use "git add" to track)
Everything up-to-date
[2026-09-10 18:24:24] batch start=1919 n=2
done: ok=2 fail=0
On branch main
Your branch is up to date with 'origin/main'.

Untracked files:
  (use "git add <file>..." to include in what will be committed)
	batch_publish.sh
	progress.log

nothing added to commit but untracked files present (use "git add" to track)
Everything up-to-date
[2026-09-10 18:24:27] batch start=1919 n=2
done: ok=2 fail=0
On branch main
Your branch is up to date with 'origin/main'.

Untracked files:
  (use "git add <file>..." to include in what will be committed)
	batch_publish.sh
	progress.log

nothing added to commit but untracked files present (use "git add" to track)
Everything up-to-date
[2026-09-10 18:24:31] batch start=1919 n=2
done: ok=2 fail=0
On branch main
Your branch is up to date with 'origin/main'.

Untracked files:
  (use "git add <file>..." to include in what will be committed)
	batch_publish.sh
	progress.log

nothing added to commit but untracked files present (use "git add" to track)
Everything up-to-date
[2026-09-10 18:24:35] batch start=1919 n=2
done: ok=2 fail=0
On branch main
Your branch is up to date with 'origin/main'.

Untracked files:
  (use "git add <file>..." to include in what will be committed)
	batch_publish.sh
	progress.log

nothing added to commit but untracked files present (use "git add" to track)
Everything up-to-date
[2026-09-10 18:24:39] batch start=1919 n=2
done: ok=2 fail=0
On branch main
Your branch is up to date with 'origin/main'.

Untracked files:
  (use "git add <file>..." to include in what will be committed)
	batch_publish.sh
	progress.log

nothing added to commit but untracked files present (use "git add" to track)
Everything up-to-date
[2026-09-10 18:24:42] batch start=1919 n=2
done: ok=2 fail=0
On branch main
Your branch is up to date with 'origin/main'.

Untracked files:
  (use "git add <file>..." to include in what will be committed)
	batch_publish.sh
	progress.log

nothing added to commit but untracked files present (use "git add" to track)
Everything up-to-date
[2026-09-10 18:24:46] batch start=1919 n=2
done: ok=2 fail=0
On branch main
Your branch is up to date with 'origin/main'.

Untracked files:
  (use "git add <file>..." to include in what will be committed)
	batch_publish.sh
	progress.log

nothing added to commit but untracked files present (use "git add" to track)
Everything up-to-date
[2026-09-10 18:24:49] batch start=1919 n=2
done: ok=2 fail=0
On branch main
Your branch is up to date with 'origin/main'.

Untracked files:
  (use "git add <file>..." to include in what will be committed)
	batch_publish.sh
	progress.log

nothing added to commit but untracked files present (use "git add" to track)
Everything up-to-date
[2026-09-10 18:24:53] batch start=1919 n=2
done: ok=2 fail=0
On branch main
Your branch is up to date with 'origin/main'.

Untracked files:
  (use "git add <file>..." to include in what will be committed)
	batch_publish.sh
	progress.log

nothing added to commit but untracked files present (use "git add" to track)
Everything up-to-date
[2026-09-10 18:24:57] batch start=1919 n=2
done: ok=2 fail=0
On branch main
Your branch is up to date with 'origin/main'.

Untracked files:
  (use "git add <file>..." to include in what will be committed)
	batch_publish.sh
	progress.log

nothing added to commit but untracked files present (use "git add" to track)
Everything up-to-date
[2026-09-10 18:25:00] batch start=1919 n=2
done: ok=2 fail=0
On branch main
Your branch is up to date with 'origin/main'.

Untracked files:
  (use "git add <file>..." to include in what will be committed)
	batch_publish.sh
	progress.log

nothing added to commit but untracked files present (use "git add" to track)
Everything up-to-date
[2026-09-10 18:25:04] batch start=1919 n=2
done: ok=2 fail=0
On branch main
Your branch is up to date with 'origin/main'.

Untracked files:
  (use "git add <file>..." to include in what will be committed)
	batch_publish.sh
	progress.log

nothing added to commit but untracked files present (use "git add" to track)
Everything up-to-date
[2026-09-10 18:25:08] batch start=1919 n=2
done: ok=2 fail=0
On branch main
Your branch is up to date with 'origin/main'.

Untracked files:
  (use "git add <file>..." to include in what will be committed)
	batch_publish.sh
	progress.log

nothing added to commit but untracked files present (use "git add" to track)
Everything up-to-date
[2026-09-10 18:25:11] batch start=1919 n=2
done: ok=2 fail=0
On branch main
Your branch is up to date with 'origin/main'.

Untracked files:
  (use "git add <file>..." to include in what will be committed)
	batch_publish.sh
	progress.log

nothing added to commit but untracked files present (use "git add" to track)
Everything up-to-date
[2026-09-10 18:25:15] batch start=1919 n=2
done: ok=2 fail=0
On branch main
Your branch is up to date with 'origin/main'.

Untracked files:
  (use "git add <file>..." to include in what will be committed)
	batch_publish.sh
	progress.log

nothing added to commit but untracked files present (use "git add" to track)
Everything up-to-date
[2026-09-10 18:25:18] batch start=1919 n=2
done: ok=2 fail=0
On branch main
Your branch is up to date with 'origin/main'.

Untracked files:
  (use "git add <file>..." to include in what will be committed)
	batch_publish.sh
	progress.log

nothing added to commit but untracked files present (use "git add" to track)
Everything up-to-date
[2026-09-10 18:25:22] batch start=1919 n=2
done: ok=2 fail=0
On branch main
Your branch is up to date with 'origin/main'.

Untracked files:
  (use "git add <file>..." to include in what will be committed)
	batch_publish.sh
	progress.log

nothing added to commit but untracked files present (use "git add" to track)
Everything up-to-date
[2026-09-10 18:25:26] batch start=1919 n=2
done: ok=2 fail=0
On branch main
Your branch is up to date with 'origin/main'.

Untracked files:
  (use "git add <file>..." to include in what will be committed)
	batch_publish.sh
	progress.log

nothing added to commit but untracked files present (use "git add" to track)
Everything up-to-date
[2026-09-10 18:25:29] batch start=1919 n=2
done: ok=2 fail=0
On branch main
Your branch is up to date with 'origin/main'.

Untracked files:
  (use "git add <file>..." to include in what will be committed)
	batch_publish.sh
	progress.log

nothing added to commit but untracked files present (use "git add" to track)
Everything up-to-date
[2026-09-10 18:25:33] batch start=1919 n=2
done: ok=2 fail=0
On branch main
Your branch is up to date with 'origin/main'.

Untracked files:
  (use "git add <file>..." to include in what will be committed)
	batch_publish.sh
	progress.log

nothing added to commit but untracked files present (use "git add" to track)
Everything up-to-date
[2026-09-10 18:25:36] batch start=1919 n=2
done: ok=2 fail=0
On branch main
Your branch is up to date with 'origin/main'.

Untracked files:
  (use "git add <file>..." to include in what will be committed)
	batch_publish.sh
	progress.log

nothing added to commit but untracked files present (use "git add" to track)
Everything up-to-date
[2026-09-10 18:25:40] batch start=1919 n=2
done: ok=2 fail=0
On branch main
Your branch is up to date with 'origin/main'.

Untracked files:
  (use "git add <file>..." to include in what will be committed)
	batch_publish.sh
	progress.log

nothing added to commit but untracked files present (use "git add" to track)
Everything up-to-date
[2026-09-10 18:25:44] batch start=1919 n=2
done: ok=2 fail=0
On branch main
Your branch is up to date with 'origin/main'.

Untracked files:
  (use "git add <file>..." to include in what will be committed)
	batch_publish.sh
	progress.log

nothing added to commit but untracked files present (use "git add" to track)
Everything up-to-date
[2026-09-10 18:25:48] batch start=1919 n=2
done: ok=2 fail=0
On branch main
Your branch is up to date with 'origin/main'.

Untracked files:
  (use "git add <file>..." to include in what will be committed)
	batch_publish.sh
	progress.log

nothing added to commit but untracked files present (use "git add" to track)
Everything up-to-date
[2026-09-10 18:25:51] batch start=1919 n=2
done: ok=2 fail=0
On branch main
Your branch is up to date with 'origin/main'.

Untracked files:
  (use "git add <file>..." to include in what will be committed)
	batch_publish.sh
	progress.log

nothing added to commit but untracked files present (use "git add" to track)
Everything up-to-date
[2026-09-10 18:25:55] batch start=1919 n=2
done: ok=2 fail=0
On branch main
Your branch is up to date with 'origin/main'.

Untracked files:
  (use "git add <file>..." to include in what will be committed)
	batch_publish.sh
	progress.log

nothing added to commit but untracked files present (use "git add" to track)
Everything up-to-date
[2026-09-10 18:25:58] batch start=1919 n=2
done: ok=2 fail=0
On branch main
Your branch is up to date with 'origin/main'.

Untracked files:
  (use "git add <file>..." to include in what will be committed)
	batch_publish.sh
	progress.log

nothing added to commit but untracked files present (use "git add" to track)
Everything up-to-date
[2026-09-10 18:26:02] batch start=1919 n=2
done: ok=2 fail=0
On branch main
Your branch is up to date with 'origin/main'.

Untracked files:
  (use "git add <file>..." to include in what will be committed)
	batch_publish.sh
	progress.log

nothing added to commit but untracked files present (use "git add" to track)
Everything up-to-date
[2026-09-10 18:26:06] batch start=1919 n=2
done: ok=2 fail=0
On branch main
Your branch is up to date with 'origin/main'.

Untracked files:
  (use "git add <file>..." to include in what will be committed)
	batch_publish.sh
	progress.log

nothing added to commit but untracked files present (use "git add" to track)
Everything up-to-date
[2026-09-10 18:26:09] batch start=1919 n=2
done: ok=2 fail=0
On branch main
Your branch is up to date with 'origin/main'.

Untracked files:
  (use "git add <file>..." to include in what will be committed)
	batch_publish.sh
	progress.log

nothing added to commit but untracked files present (use "git add" to track)
Everything up-to-date
[2026-09-10 18:26:13] batch start=1919 n=2
done: ok=2 fail=0
On branch main
Your branch is up to date with 'origin/main'.

Untracked files:
  (use "git add <file>..." to include in what will be committed)
	batch_publish.sh
	progress.log

nothing added to commit but untracked files present (use "git add" to track)
Everything up-to-date
[2026-09-10 18:26:16] batch start=1919 n=2
done: ok=2 fail=0
On branch main
Your branch is up to date with 'origin/main'.

Untracked files:
  (use "git add <file>..." to include in what will be committed)
	batch_publish.sh
	progress.log

nothing added to commit but untracked files present (use "git add" to track)
Everything up-to-date
[2026-09-10 18:26:20] batch start=1919 n=2
done: ok=2 fail=0
On branch main
Your branch is up to date with 'origin/main'.

Untracked files:
  (use "git add <file>..." to include in what will be committed)
	batch_publish.sh
	progress.log

nothing added to commit but untracked files present (use "git add" to track)
Everything up-to-date
[2026-09-10 18:26:24] batch start=1919 n=2
done: ok=2 fail=0
On branch main
Your branch is up to date with 'origin/main'.

Untracked files:
  (use "git add <file>..." to include in what will be committed)
	batch_publish.sh
	progress.log

nothing added to commit but untracked files present (use "git add" to track)
Everything up-to-date
[2026-09-10 18:26:27] batch start=1919 n=2
done: ok=2 fail=0
On branch main
Your branch is up to date with 'origin/main'.

Untracked files:
  (use "git add <file>..." to include in what will be committed)
	batch_publish.sh
	progress.log

nothing added to commit but untracked files present (use "git add" to track)
Everything up-to-date
[2026-09-10 18:26:31] batch start=1919 n=2
done: ok=2 fail=0
On branch main
Your branch is up to date with 'origin/main'.

Untracked files:
  (use "git add <file>..." to include in what will be committed)
	batch_publish.sh
	progress.log

nothing added to commit but untracked files present (use "git add" to track)
Everything up-to-date
[2026-09-10 18:26:34] batch start=1919 n=2
done: ok=2 fail=0
On branch main
Your branch is up to date with 'origin/main'.

Untracked files:
  (use "git add <file>..." to include in what will be committed)
	batch_publish.sh
	progress.log

nothing added to commit but untracked files present (use "git add" to track)
Everything up-to-date
[2026-09-10 18:26:38] batch start=1919 n=2
done: ok=2 fail=0
On branch main
Your branch is up to date with 'origin/main'.

Untracked files:
  (use "git add <file>..." to include in what will be committed)
	batch_publish.sh
	progress.log

nothing added to commit but untracked files present (use "git add" to track)
Everything up-to-date
[2026-09-10 18:26:41] batch start=1919 n=2
done: ok=2 fail=0
On branch main
Your branch is up to date with 'origin/main'.

Untracked files:
  (use "git add <file>..." to include in what will be committed)
	batch_publish.sh
	progress.log

nothing added to commit but untracked files present (use "git add" to track)
Everything up-to-date
[2026-09-10 18:26:45] batch start=1919 n=2
done: ok=2 fail=0
On branch main
Your branch is up to date with 'origin/main'.

Untracked files:
  (use "git add <file>..." to include in what will be committed)
	batch_publish.sh
	progress.log

nothing added to commit but untracked files present (use "git add" to track)
Everything up-to-date
[2026-09-10 18:26:49] batch start=1919 n=2
done: ok=2 fail=0
On branch main
Your branch is up to date with 'origin/main'.

Untracked files:
  (use "git add <file>..." to include in what will be committed)
	batch_publish.sh
	progress.log

nothing added to commit but untracked files present (use "git add" to track)
Everything up-to-date
[2026-09-10 18:26:52] batch start=1919 n=2
done: ok=2 fail=0
On branch main
Your branch is up to date with 'origin/main'.

Untracked files:
  (use "git add <file>..." to include in what will be committed)
	batch_publish.sh
	progress.log

nothing added to commit but untracked files present (use "git add" to track)
Everything up-to-date
[2026-09-10 18:26:56] batch start=1919 n=2
done: ok=2 fail=0
On branch main
Your branch is up to date with 'origin/main'.

Untracked files:
  (use "git add <file>..." to include in what will be committed)
	batch_publish.sh
	progress.log

nothing added to commit but untracked files present (use "git add" to track)
Everything up-to-date
[2026-09-10 18:26:59] batch start=1919 n=2
done: ok=2 fail=0
On branch main
Your branch is up to date with 'origin/main'.

Untracked files:
  (use "git add <file>..." to include in what will be committed)
	batch_publish.sh
	progress.log

nothing added to commit but untracked files present (use "git add" to track)
Everything up-to-date
[2026-09-10 18:27:04] batch start=1919 n=2
done: ok=2 fail=0
On branch main
Your branch is up to date with 'origin/main'.

Untracked files:
  (use "git add <file>..." to include in what will be committed)
	batch_publish.sh
	progress.log

nothing added to commit but untracked files present (use "git add" to track)
Everything up-to-date
[2026-09-10 18:27:08] batch start=1919 n=2
done: ok=2 fail=0
On branch main
Your branch is up to date with 'origin/main'.

Untracked files:
  (use "git add <file>..." to include in what will be committed)
	batch_publish.sh
	progress.log

nothing added to commit but untracked files present (use "git add" to track)
Everything up-to-date
[2026-09-10 18:27:12] batch start=1919 n=2
done: ok=2 fail=0
On branch main
Your branch is up to date with 'origin/main'.

Untracked files:
  (use "git add <file>..." to include in what will be committed)
	batch_publish.sh
	progress.log

nothing added to commit but untracked files present (use "git add" to track)
Everything up-to-date
[2026-09-10 18:27:15] batch start=1919 n=2
done: ok=2 fail=0
On branch main
Your branch is up to date with 'origin/main'.

Untracked files:
  (use "git add <file>..." to include in what will be committed)
	batch_publish.sh
	progress.log

nothing added to commit but untracked files present (use "git add" to track)
Everything up-to-date
[2026-09-10 18:27:19] batch start=1919 n=2
done: ok=2 fail=0
On branch main
Your branch is up to date with 'origin/main'.

Untracked files:
  (use "git add <file>..." to include in what will be committed)
	batch_publish.sh
	progress.log

nothing added to commit but untracked files present (use "git add" to track)
